{"text": "あ", "text_ids": [1], "strokes": [[[0.0, 0.0, 0.0, 1.0], [-0.002265547064905097, -0.010914017187772415, 9.782181364481193, 1.0], [-0.002265547064905143, -0.010914017187772638, 5.01272759679866, 1.0], [-0.0022655470649050984, -0.010914017187772417, 1.3974544806406843, 1.0], [0.0012951665443036858, -0.010096568113774622, 1.7112757722806649, 1.0], [0.006170844908162998, -0.008977236653546584, 2.140990669263733, 1.0], [0.006170844908162994, -0.008977236653546578, 2.140990669263733, 1.0], [0.006170844908162957, -0.0089772366535468, 2.140990669263733, 1.0], [0.006170844908162996, -0.008977236653546578, 2.1409906692637364, 1.0], [0.006170844908162953, -0.0089772366535468, 2.1409906692637293, 1.0], [0.006520091402602554, -0.008708344698679898, 2.040893380901732, 1.0], [0.007168377211658257, -0.008209216314330761, 1.8550886481322628, 1.0], [0.007168377211658257, -0.008209216314330747, 1.8550886481322593, 1.0], [0.007168377211658271, -0.008209216314330747, 1.8550886481322664, 1.0], [0.007168377211658167, -0.008209216314330622, 1.8550886481322522, 1.0], [0.007168377211658257, -0.008209216314330747, 1.8550886481322664, 1.0], [0.00716837721165825, -0.008209216314330775, 1.8550886481322664, 1.0], [0.007168377211658278, -0.008209216314330775, 1.8550886481322522, 1.0], [0.00716837721165825, -0.008209216314330747, 1.8550886481322664, 1.0], [0.007440997725502496, -0.007929818062379052, 1.7699101565800817, 1.0], [0.008633071638865411, -0.006708107476868841, 1.3974544806401923, 1.0], [0.008633071638865175, -0.006708107476868869, 1.397454480640178, 1.0], [0.008633071638865411, -0.006708107476868841, 1.3974544806401923, 1.0], [0.008633071638865411, -0.006708107476868869, 1.3974544806401852, 1.0], [0.008633071638865397, -0.006708107476868869, 1.397454480640178, 1.0], [0.008633071638865397, -0.006708107476868869, 1.3974544806401923, 1.0], [0.008633071638865175, -0.006708107476868841, 1.3974544806401852, 1.0], [0.008633071638865397, -0.006708107476868952, 1.3974544806401923, 1.0], [0.008633071638865397, -0.006708107476868896, 1.397454480640178, 1.0], [0.008633071638865397, -0.006708107476868841, 1.3974544806401923, 1.0], [0.008633071638865425, -0.006708107476868869, 1.3974544806401852, 1.0], [0.008632465807842937, -0.006708847220250808, 1.3999272944146028, 1.0], [0.00860442994519342, -0.006743080105479693, 1.5143609645052294, 1.0], [0.008604429945193726, -0.006743080105479582, 1.5143609645052436, 1.0], [0.00860442994519342, -0.006743080105479526, 1.5143609645052294, 1.0], [0.008604429945193476, -0.006743080105479693, 1.5143609645052436, 1.0], [0.008604429945193476, -0.006743080105479526, 1.5143609645052294, 1.0], [0.008604429945193476, -0.006743080105479582, 1.5143609645052294, 1.0], [0.008604429945193448, -0.006743080105479582, 1.5143609645052436, 1.0], [0.008604429945193726, -0.006743080105479637, 1.5143609645052294, 1.0], [0.008604429945193448, -0.006743080105479693, 1.5143609645052436, 1.0], [0.008604429945193448, -0.006743080105479526, 1.5143609645052294, 1.0], [0.008490093601567827, -0.006877576970831689, 1.6035230295578486, 1.0], [0.008353493894793118, -0.007038262819150876, 1.7100465684028165, 1.0], [0.008353493894793396, -0.00703826281915082, 1.7100465684028165, 1.0], [0.008353493894793118, -0.00703826281915082, 1.7100465684028165, 1.0], [0.008353493894793285, -0.007038262819150931, 1.7100465684028165, 1.0], [0.008353493894793174, -0.00703826281915082, 1.7100465684028308, 1.0], [0.008353493894793063, -0.007038262819150765, 1.7100465684027881, 1.0], [0.008353493894793396, -0.00703826281915082, 1.7100465684028308, 1.0], [0.008353493894793174, -0.007038262819150876, 1.7100465684028165, 1.0], [0.00835349389479334, -0.00703826281915082, 1.7100465684028165, 1.0], [0.00823381534558737, -0.007170483597082111, 2.1257563968704716, 1.0], [0.008120832616231088, -0.007295306837899862, 2.518207937702769, 1.0], [0.00812083261623131, -0.007295306837899862, 2.5182079377027833, 1.0], [0.0081208326162312, -0.0072953068378998065, 2.518207937702755, 1.0], [0.00812083261623131, -0.007295306837899973, 2.5182079377027833, 1.0], [0.008120832616231144, -0.0072953068378998065, 2.5182079377027833, 1.0], [0.008120832616231421, -0.007295306837899973, 2.5182079377027833, 1.0], [0.006631905606154065, -0.008579556334042171, 3.613446812342147, 1.0], [0.0061708449081631644, -0.00897723665354666, 3.9525981586410097, 1.0], [0.006170844908162831, -0.00897723665354655, 3.9525981586409813, 1.0], [0.006170844908162887, -0.008977236653546716, 3.9525981586410097, 1.0], [0.00013387405155035337, -0.010363171266127735, 18.12417103389393, 0.0]], [[0.0, 0.0, 0.0, 1.0], [-0.020907367669416393, -0.021094537867069607, 13.049280580016175, 1.0], [-0.02449950326052025, -0.016875633553132596, 11.563760175467534, 1.0], [0.00029314749962316977, 0.021865911774491265, 24.72295782827409, 1.0], [0.0023117747263015354, 0.028879239131258005, 7.700600826741223, 1.0], [0.0024947905000977932, 0.0288664992231632, 7.291884579235287, 1.0], [0.004223509622474114, 0.028746161384057167, 3.4312578254131694, 1.0], [0.004223509622474253, 0.028746161384056945, 3.4312578254131836, 1.0], [0.0042235096224743085, 0.028746161384057167, 3.4312578254131694, 1.0], [0.004223509622474142, 0.028746161384057167, 3.4312578254131694, 1.0], [0.004065725043174012, 0.028761330173848798, 2.9035133263925843, 1.0], [0.0038588750757362345, 0.028781215917363046, 2.211659072181803, 1.0], [0.003858875075736401, 0.02878121591736299, 2.211659072181803, 1.0], [0.003858875075736401, 0.02878121591736299, 2.211659072181803, 1.0], [0.003858875075736179, 0.0287812159173631, 2.211659072181817, 1.0], [0.0038588750757364565, 0.028781215917363046, 2.211659072181803, 1.0], [0.003858875075736401, 0.02878121591736299, 2.211659072181803, 1.0], [0.003858875075736179, 0.02878121591736299, 2.211659072181803, 1.0], [0.004746029170193317, 0.028683233044595247, 1.964536869097742, 1.0], [0.005047798895880806, 0.028649903699871387, 1.8804770649420135, 1.0], [0.0050477988958806674, 0.028649903699871554, 1.8804770649420135, 1.0], [0.005047798895880862, 0.028649903699871387, 1.8804770649420135, 1.0], [0.005047798895880751, 0.028649903699871526, 1.8804770649420277, 1.0], [0.005047798895880806, 0.02864990369987129, 1.8804770649419993, 1.0], [0.00504779889588064, 0.02864990369987154, 1.8804770649420277, 1.0], [0.005047798895880806, 0.028649903699871276, 1.8804770649420135, 1.0], [0.005047798895880695, 0.02864990369987154, 1.8804770649420135, 1.0], [0.005663949414265845, 0.028559583636968647, 1.6384956000001125, 1.0], [0.005920628164652997, 0.028521957699492215, 1.537689874475518, 1.0], [0.005920628164652941, 0.028521957699492204, 1.5376898744755039, 1.0], [0.005920628164653052, 0.028521957699492444, 1.537689874475518, 1.0], [0.005920628164652941, 0.028521957699492215, 1.5376898744755039, 1.0], [0.005920628164652997, 0.02852195769949241, 1.5376898744755039, 1.0], [0.005920628164652997, 0.02852195769949223, 1.537689874475518, 1.0], [0.005920628164652941, 0.02852195769949223, 1.5376898744755039, 1.0], [0.005920628164652997, 0.0285219576994922, 1.537689874475518, 1.0], [0.005920628164652997, 0.02852195769949245, 1.537689874475518, 1.0], [0.00638428741227498, 0.028433882259102483, 1.5791318063465383, 1.0], [0.007462539433554516, 0.02822906045922985, 1.6755061308852532, 1.0], [0.007462539433554516, 0.02822906045923007, 1.6755061308852248, 1.0], [0.007462539433554793, 0.028229060459230237, 1.6755061308852532, 1.0], [0.007462539433554516, 0.02822906045923007, 1.6755061308852248, 1.0], [0.007462539433554516, 0.02822906045923007, 1.6755061308852248, 1.0], [0.007462539433554682, 0.02822906045923007, 1.6755061308852248, 1.0], [0.007462539433554571, 0.028229060459230293, 1.6755061308852532, 1.0], [0.007462539433554516, 0.02822906045923007, 1.6755061308852248, 1.0], [0.00746253943355446, 0.028229060459230126, 1.6755061308852532, 1.0], [0.007815637315343626, 0.028136696843637732, 1.848661313219651, 1.0], [0.009747720738947863, 0.027631300975145212, 2.7961330335380126, 1.0], [0.009747720738947585, 