{"text": "あ", "text_ids": [1], "strokes": [[[0.0, 0.0, 0.0, 1.0], [0.005978784833385854, -0.011659903267279833, 23.356586877231877, 1.0], [0.013142692224755236, -0.003139575743176245, 9.403337374480685, 1.0], [0.014039834438406066, -0.0006406942478624153, 3.925256002695214, 1.0], [0.014039834438406062, -0.0006406942478624188, 3.925256002695214, 1.0], [0.01403983443840607, -0.0006406942478624188, 3.925256002695214, 1.0], [0.014039834438406062, -0.0006406942478624153, 3.194781871475108, 1.0], [0.014039834438406493, -0.0006406942478623841, 1.9626280013408888, 1.0], [0.014039834438406062, -0.0006406942478624153, 1.9626280013408888, 1.0], [0.014039834438406076, -0.0006406942478625229, 1.9626280013408888, 1.0], [0.01403983443840609, -0.0006406942478624188, 1.9626280013408888, 1.0], [0.014039834438406451, -0.0006406942478623841, 1.9626280013408888, 1.0], [0.014039834438406062, -0.0006406942478624222, 1.9626280013408888, 1.0], [0.014039834438406062, -0.0006406942478624118, 1.9626280013408817, 1.0], [0.01403983443840609, -0.0006406942478624153, 1.9626280013408888, 1.0], [0.014032245875749833, -0.0009594810277243765, 1.6684164017928893, 1.0], [0.014029151383913113, -0.0010894770668552906, 1.5484417195798983, 1.0], [0.014029151383912697, -0.0010894770668553218, 1.5484417195798983, 1.0], [0.014029151383913113, -0.0010894770668552975, 1.5484417195799125, 1.0], [0.014029151383912725, -0.0010894770668553218, 1.5484417195799125, 1.0], [0.014029151383913141, -0.001089477066855398, 1.5484417195798983, 1.0], [0.014029151383912641, -0.0010894770668553287, 1.5484417195798983, 1.0], [0.014029151383913196, -0.001089477066855287, 1.5484417195799125, 1.0], [0.014029151383912641, -0.0010894770668553252, 1.5484417195798983, 1.0], [0.014029151383913141, -0.0010894770668552975, 1.5484417195799125, 1.0], [0.01403254616927585, -0.000790292567244763, 1.5582633914404198, 1.0], [0.0140381473478991, -0.0002966572871666226, 1.5744685215391172, 1.0], [0.014038147347899155, -0.00029665728716661566, 1.5744685215391314, 1.0], [0.0140381473478991, -0.0002966572871667336, 1.5744685215391172, 1.0], [0.014038147347899155, -0.00029665728716661566, 1.5744685215391172, 1.0], [0.014038147347899488, -0.0002966572871666018, 1.5744685215391314, 1.0], [0.014038147347899155, -0.0002966572871666087, 1.5744685215391172, 1.0], [0.0140381473478991, -0.00029665728716662954, 1.5744685215391172, 1.0], [0.0140381473478991, -0.0002966572871667336, 1.5744685215391172, 1.0], [0.014038147347899155, -0.0002966572871666087, 1.5744685215391172, 1.0], [0.014038147347899044, -0.00029665728716662954, 1.5744685215391314, 1.0], [0.014020270906506205, -0.000988070268377668, 1.722504138095772, 1.0], [0.014007329791833667, -0.001488598000898414, 1.8296700917312734, 1.0], [0.014007329791833611, -0.0014885980008984279, 1.8296700917312734, 1.0], [0.014007329791833834, -0.001488598000898421, 1.8296700917312734, 1.0], [0.014007329791834056, -0.0014885980008983862, 1.8296700917312592, 1.0], [0.014007329791833723, -0.001488598000898421, 1.8296700917312876, 1.0], [0.014007329791833723, -0.001488598000898421, 1.8296700917312592, 1.0], [0.014007329791833723, -0.001488598000898525, 1.8296700917312734, 1.0], [0.014007329791833611, -0.0014885980008984279, 1.8296700917312734, 1.0], [0.01398279685401671, -0.0017863286381801236, 2.147605854765203, 1.0], [0.013977960544115264, -0.0018450218790685355, 2.210282240699769, 1.0], [0.013977960544115264, -0.0018450218790685424, 2.2102822406997262, 1.0], [0.013977960544115375, -0.0018450218790685285, 2.2102822406997547, 1.0], [0.013977960544115264, -0.0018450218790685424, 2.210282240699769, 1.0], [0.013977960544115264, -0.0018450218790685355, 2.2102822406997404, 1.0], [0.013977960544115264, -0.0018450218790685355, 2.2102822406997404, 1.0], [0.013917075567104531, -0.0021768056972216038, 2.3151177928786524, 1.0], [0.013555154043170647, -0.00414904435080804, 2.938296853956075, 1.0], [0.013555154043170203, -0.004149044350808123, 2.938296853956075, 1.0], [0.013555154043170314, -0.0041490443508080815, 2.938296853956075, 1.0], [0.013555154043170314, -0.004149044350808109, 2.938296853956075, 1.0], [0.013555154043170092, -0.004149044350808095, 2.938296853956075, 1.0], [0.013623758658794616, -0.0038663424486715114, 3.5729499724656364, 1.0], [0.0137466066009021, -0.0033601178077896365, 4.709401636122749, 1.0], [0.0137466066009021, -0.003360117807789595, 4.709401636122749, 1.0], [0.013746606600901545, -0.003360117807789692, 4.709401636122692, 1.0], [0.006546158715408423, -0.00845990827328455, 20.031528471761504, 1.0], [-0.011740067983492697, -0.007193792387332115, 14.152711786991915, 0.0]], [[0.0, 0.0, 0.0, 1.0], [-0.0081664932397848, -0.018488547108295894, 11.736563083018876, 1.0], [-0.012476641619945439, -0.010162413903693879, 4.207369144071844, 1.0], [-0.0103636153851841, 0.01828626806633188, 5.7919724024370005, 1.0], [-0.0103636153851836, 0.018286268066332045, 5.791972402437004, 1.0], [-0.009478323323839799, 0.018690318246146448, 4.469154679068531, 1.0], [-0.00815330504721029, 0.019295060902617345, 2.4892909294125936, 1.0], [-0.008153305047209791, 0.019295060902617345, 2.489290929412597, 1.0], [-0.008153305047209791, 0.019295060902617317, 2.489290929412597, 1.0], [-0.00815330504721018, 0.019295060902617428, 2.489290929412597, 1.0], [-0.008153305047209847, 0.019295060902617317, 2.489290929412597, 1.0], [-0.008153305047210235, 0.01929506090261729, 2.48929092941259, 1.0], [-0.00549866240389929, 0.020106182316420085, 1.737936271223397, 1.0], [-0.005424984760168783, 0.020128694391519694, 1.7170829782345791, 1.0], [-0.005424984760168838, 0.02012869439151959, 1.7170829782345791, 1.0], [-0.005424984760168838, 0.020128694391519576, 1.7170829782345791, 1.0], [-0.005424984760168339, 0.020128694391519625, 1.7170829782345862, 1.0], [-0.005424984760168838, 0.020128694391519583, 1.7170829782345791, 1.0], [-0.005424984760168894, 0.020128694391519583, 1.7170829782345791, 1.0], [-0.005424984760168783, 0.020128694391519587, 1.7170829782345862, 1.0], [-0.005424984760168394, 0.02012869439151961, 1.7170829782345791, 1.0], [-0.0052075173118142914, 0.020161985195385673, 1.7058595083277552, 1.0], [-0.002424755246461241, 0.020587981760962354, 1.5622414793553219, 1.0], [-0.002424755246461241, 0.020587981760962257, 1.562241479355336, 1.0], [-0.0024247552464611855, 0.020587981760962243, 1.5622414793553219, 1.0], [-0.002424755246461241, 0.020587981760962326, 1.5622414793553219, 1.0], [-0.002424755246461241, 0.020587981760962243, 1.5622414793553219, 1.0], [-0.002424755246461241, 0.02058798176096238, 1.562241479355336, 1.0], [-0.0024247552464611855, 0.020587981760962243, 1.5622414793553219, 1.0], [-0.002424755246461241, 0.020587981760962354, 1.562241479355336, 1.0], [-0.0024247552464611855, 0.020587981760962104, 1.5622414793553219, 1.0], [-0.002424755246461241, 0.02058798176096238, 1.562241479355336, 1.0], [-0.0017710874345975292, 0.020585265586178736, 1.6316483244361564, 1.0], [0.00100327562667335, 0.020573737322355512, 1.926231878493283, 1.0], [0.0010032756266734055, 0.020573737322355568, 1.9262318784932972, 1.0], [0.00100327562667335, 0.020573737322355734, 1.9262318784932972, 1.0], [0.001003275626673461, 0.020573737322355512, 1.9262318784932972, 1.0], [0.0010032756266734055, 0.020573737322355568, 1.926231878493283, 1.0], [0.00100327562667335, 0.02057373732235579, 1.9262318784932972, 1.0], [0.001003275626673461, 0.020573737322355456, 1.9262318784932972, 1.0], [0.001003275626672906, 0.020573737322355734, 1.9262318784932972, 1.0], [0.002544916418332044, 0.020281801369946895, 2.056855973480509, 1.0], [0.005225073850046169, 0.01977426789219594, 2.2839472264074487, 1.0], [0.005225073850046225, 0.019774267892196162, 2.283947226407463, 1.0], [0.005225073850046225, 0.01977426789219594, 2.2839472264074345, 1.0], [0.005225073850046669, 0.019774267892196273, 2.283947226407463, 1.0], [0.005225073850046225, 0.01977426789219594, 2.2839472264074345, 1.0], [0.005225073850046169, 0.019774267892196162, 2.283947226407463, 1.0], [0.006273922446910718, 