{"text": "あ", "text_ids": [1], "strokes": [[[0.0, 0.0, 0.0, 1.0], [0.0009177972585878241, -0.011746556482833908, 9.782181364481193, 1.0], [0.0009177972585878426, -0.011746556482834144, 5.01272759679866, 1.0], [0.0009177972585878245, -0.011746556482833913, 1.3974544806406843, 1.0], [0.004314901818097955, -0.010116047687827597, 1.7112757722806649, 1.0], [0.008966550621791365, -0.00788339510006085, 2.140990669263733, 1.0], [0.008966550621791365, -0.00788339510006085, 2.140990669263733, 1.0], [0.008966550621791382, -0.007883395100061072, 2.140990669263733, 1.0], [0.008966550621791358, -0.00788339510006085, 2.1409906692637364, 1.0], [0.008966550621791393, -0.007883395100061086, 2.1409906692637293, 1.0], [0.009243842383554864, -0.007529032372758926, 2.040893380901732, 1.0], [0.009758562837393146, -0.006871249600345811, 1.8550886481322628, 1.0], [0.00975856283739314, -0.006871249600345811, 1.8550886481322593, 1.0], [0.00975856283739314, -0.0068712496003458245, 1.8550886481322664, 1.0], [0.009758562837393028, -0.0068712496003457, 1.8550886481322522, 1.0], [0.00975856283739314, -0.006871249600345797, 1.8550886481322664, 1.0], [0.009758562837393153, -0.006871249600345852, 1.8550886481322664, 1.0], [0.009758562837393153, -0.0068712496003458245, 1.8550886481322522, 1.0], [0.009758562837393125, -0.006871249600345797, 1.8550886481322664, 1.0], [0.009954425384854415, -0.006523025360062273, 1.7699101565800817, 1.0], [0.010810863626207035, -0.0050003628612316775, 1.3974544806401923, 1.0], [0.010810863626206813, -0.005000362861231705, 1.397454480640178, 1.0], [0.010810863626207035, -0.0050003628612316775, 1.3974544806401923, 1.0], [0.010810863626207035, -0.0050003628612316775, 1.3974544806401852, 1.0], [0.010810863626207035, -0.0050003628612316775, 1.397454480640178, 1.0], [0.010810863626207035, -0.0050003628612316775, 1.3974544806401923, 1.0], [0.010810863626206813, -0.005000362861231705, 1.3974544806401852, 1.0], [0.010810863626207035, -0.0050003628612317885, 1.3974544806401923, 1.0], [0.010810863626207035, -0.005000362861231705, 1.397454480640178, 1.0], [0.010810863626207007, -0.00500036286123165, 1.3974544806401923, 1.0], [0.010810863626207035, -0.0050003628612316775, 1.3974544806401852, 1.0], [0.010810463580659069, -0.0050012591576164556, 1.3999272944146028, 1.0], [0.010791950791417204, -0.005042736799752312, 1.5143609645052294, 1.0], [0.010791950791417482, -0.005042736799752173, 1.5143609645052436, 1.0], [0.01079195079141726, -0.005042736799752201, 1.5143609645052294, 1.0], [0.01079195079141726, -0.005042736799752284, 1.5143609645052436, 1.0], [0.010791950791417204, -0.005042736799752173, 1.5143609645052294, 1.0], [0.010791950791417315, -0.005042736799752229, 1.5143609645052294, 1.0], [0.010791950791417204, -0.0050427367997522565, 1.5143609645052436, 1.0], [0.010791950791417537, -0.005042736799752173, 1.5143609645052294, 1.0], [0.01079195079141726, -0.0050427367997523675, 1.5143609645052436, 1.0], [0.01079195079141726, -0.005042736799752201, 1.5143609645052294, 1.0], [0.010714937072260677, -0.005206624316651698, 1.6035230295578486, 1.0], [0.01062292738294579, -0.00540242371028804, 1.7100465684028165, 1.0], [0.010622927382946012, -0.005402423710287929, 1.7100465684028165, 1.0], [0.01062292738294568, -0.005402423710287985, 1.7100465684028165, 1.0], [0.010622927382946012, -0.00540242371028804, 1.7100465684028165, 1.0], [0.01062292738294579, -0.00540242371028804, 1.7100465684028308, 1.0], [0.01062292738294568, -0.005402423710287929, 1.7100465684027881, 1.0], [0.010622927382946012, -0.005402423710287929, 1.7100465684028308, 1.0], [0.010622927382945735, -0.00540242371028804, 1.7100465684028165, 1.0], [0.010622927382945957, -0.005402423710287929, 1.7100465684028165, 1.0], [0.01053977928450861, -0.005565148766146666, 2.1257563968704716, 1.0], [0.010461283186715353, -0.005718769620238984, 2.518207937702769, 1.0], [0.010461283186715464, -0.005718769620238873, 2.5182079377027833, 1.0], [0.010461283186715353, -0.005718769620238817, 2.518207937702755, 1.0], [0.010461283186715575, -0.005718769620238984, 2.5182079377027833, 1.0], [0.010461283186715242, -0.005718769620238873, 2.5182079377027833, 1.0], [0.010461283186715575, -0.005718769620238928, 2.5182079377027833, 1.0], [0.009319969485327095, -0.007371584830443922, 3.613446812342147, 1.0], [0.008966550621791525, -0.00788339510006092, 3.9525981586410097, 1.0], [0.008966550621791192, -0.007883395100060864, 3.9525981586409813, 1.0], [0.008966550621791192, -0.00788339510006103, 3.9525981586410097, 1.0], [0.003206968843130653, -0.010647822447277966, 18.12417103389393, 0.0]], [[0.0, 0.0, 0.0, 1.0], [-0.015119310390681928, -0.02636274086214274, 13.049280580016175, 1.0], [-0.0200405749427513, -0.02281111289762139, 11.563760175467534, 1.0], [-0.0061782694193963095, 0.022593945046305075, 24.72295782827409, 1.0], [-0.0061928358655519156, 0.0302668509176357, 7.700600826741223, 1.0], [-0.0060020077339559275, 0.03029424056157637, 7.291884579235287, 1.0], [-0.004199495123516306, 0.030552955973111362, 3.4312578254131694, 1.0], [-0.004199495123516084, 0.03055295597311114, 3.4312578254131836, 1.0], [-0.004199495123516084, 0.030552955973111362, 3.4312578254131694, 1.0], [-0.004199495123516361, 0.030552955973111418, 3.4312578254131694, 1.0], [-0.004365254922748474, 0.030533654539014576, 2.9035133263925843, 1.0], [-0.0045825601196553545, 0.03050835104590932, 2.211659072181803, 1.0], [-0.004582560119655188, 0.030508351045909265, 2.211659072181803, 1.0], [-0.0045825601196551324, 0.03050835104590932, 2.211659072181803, 1.0], [-0.0045825601196554655, 0.030508351045909377, 2.211659072181817, 1.0], [-0.004582560119655077, 0.03050835104590932, 2.211659072181803, 1.0], [-0.0045825601196552435, 0.03050835104590932, 2.211659072181803, 1.0], [-0.0045825601196553545, 0.030508351045909265, 2.211659072181803, 1.0], [-0.003646803766528428, 0.030603794239104365, 1.964536869097742, 1.0], [-0.003328501749147339, 0.030636259699624746, 1.8804770649420135, 1.0], [-0.0033285017491475055, 0.030636259699624885, 1.8804770649420135, 1.0], [-0.0033285017491472835, 0.030636259699624746, 1.8804770649420135, 1.0], [-0.0033285017491475055, 0.030636259699624857, 1.8804770649420277, 1.0], [-0.0033285017491472835, 0.03063625969962465, 1.8804770649419993, 1.0], [-0.003328501749147561, 0.030636259699624857, 1.8804770649420277, 1.0], [-0.0033285017491472835, 0.03063625969962464, 1.8804770649420135, 1.0], [-0.0033285017491475055, 0.030636259699624867, 1.8804770649420135, 1.0], [-0.0026719985948372438, 0.030679603489379495, 1.6384956000001125, 1.0], [-0.0023985095621326114, 0.030697659839993938, 1.537689874475518, 1.0], [-0.0023985095621326114, 0.030697659839993924, 1.5376898744755039, 1.0], [-0.0023985095621326114, 0.030697659839994174, 1.537689874475518, 1.0], [-0.0023985095621326114, 0.030697659839993924, 1.5376898744755039, 1.0], [-0.002398509562132667, 0.030697659839994146, 1.5376898744755039, 1.0], [-0.0023985095621326114, 0.03069765983999395, 1.537689874475518, 1.0], [-0.0023985095621326114, 0.030697659839993924, 1.5376898744755039, 1.0], [-0.0023985095621326114, 0.03069765983999395, 1.537689874475518, 1.0], [-0.0023985095621326114, 0.030697659839994174, 1.537689874475518, 1.0], [-0.0018985272571379608, 0.030709557901279105, 1.5791318063465383, 1.0], [-0.0007358049913158693, 0.030737227162046854, 1.6755061308852532, 1.0], [-0.0007358049913158138, 0.030737227162047076, 1.6755061308852248, 1.0], [-0.0007358049913156472, 0.030737227162047298, 1.6755061308852532, 1.0], [-0.0007358049913158138, 0.030737227162047076, 1.6755061308852248, 1.0], [-0.0007358049913159248, 0.03073722716204713, 1.6755061308852248, 1.0], [-0.0007358049913155917, 0.030737227162047076, 1.6755061308852248, 1.0], [-0.0007358049913159248, 0.030737227162047298, 1.6755061308852532, 1.0], [-0.0007358049913158693, 0.030737227162047076, 1.6755061308852248, 1.0], [-0.0007358049913158693, 0.030737227162047187, 1.6755061308852532, 1.0], [-0.0003475531070990523, 0.030720230991110986, 1.848661313219651, 1.0], 