{"text": "あ", "text_ids": [1], "strokes": [[[0.0, 0.0, 0.0, 1.0], [0.0023724431324701908, -0.014909083681330221, 8.423489611266213, 1.0], [0.005550530631037125, -0.013046902849848267, 6.852712816073597, 1.0], [0.011775598173818451, -0.009399362793737657, 3.7759593757998093, 1.0], [0.011775598173818885, -0.009399362793737827, 3.7759593757998147, 1.0], [0.011775598173818451, -0.009399362793737646, 3.7759593757998076, 1.0], [0.01193130605455988, -0.009167158956847596, 3.540517595683159, 1.0], [0.01332266358701397, -0.007092257185760176, 1.4366825639514325, 1.0], [0.013322663587014422, -0.007092257185760231, 1.436682563951436, 1.0], [0.013322663587014422, -0.007092257185760231, 1.436682563951436, 1.0], [0.013322663587014408, -0.007092257185760245, 1.436682563951436, 1.0], [0.013322663587014422, -0.007092257185760245, 1.436682563951429, 1.0], [0.01332266358701395, -0.007092257185760162, 1.436682563951436, 1.0], [0.01332266358701445, -0.00709225718576012, 1.436682563951429, 1.0], [0.013322663587014422, -0.007092257185760245, 1.436682563951436, 1.0], [0.013322663587014422, -0.007092257185760231, 1.436682563951436, 1.0], [0.01332266358701395, -0.007092257185760176, 1.436682563951436, 1.0], [0.013322663587014394, -0.007092257185760231, 1.436682563951436, 1.0], [0.014223116003067943, -0.005111960961734469, 1.5102967787445465, 1.0], [0.014256859599956734, -0.005037751246360439, 1.5130554013490922, 1.0], [0.01425685959995629, -0.005037751246360356, 1.5130554013490922, 1.0], [0.014256859599956762, -0.005037751246360439, 1.5130554013490922, 1.0], [0.014256859599956262, -0.005037751246360356, 1.5130554013490851, 1.0], [0.014256859599956706, -0.0050377512463603, 1.5130554013490922, 1.0], [0.014256859599956317, -0.0050377512463603835, 1.5130554013490851, 1.0], [0.014256859599956317, -0.005037751246360356, 1.5130554013490922, 1.0], [0.014256859599956706, -0.005037751246360411, 1.5130554013490922, 1.0], [0.014256859599956262, -0.005037751246360356, 1.5130554013490922, 1.0], [0.014256859599956317, -0.0050377512463602725, 1.5130554013490851, 1.0], [0.014554712865494979, -0.004104538194929369, 1.583113951977701, 1.0], [0.014665810018230419, -0.0037564563542872853, 1.609245293816656, 1.0], [0.014665810018230252, -0.0037564563542872853, 1.609245293816656, 1.0], [0.014665810018230419, -0.0037564563542871465, 1.609245293816656, 1.0], [0.014665810018230252, -0.0037564563542872853, 1.6092452938166701, 1.0], [0.014665810018230363, -0.0037564563542872853, 1.609245293816656, 1.0], [0.014665810018230363, -0.0037564563542872575, 1.609245293816656, 1.0], [0.014665810018230307, -0.0037564563542872853, 1.609245293816656, 1.0], [0.014665810018230307, -0.0037564563542872853, 1.609245293816656, 1.0], [0.014665810018230863, -0.00375645635428723, 1.609245293816656, 1.0], [0.01464302809461504, -0.003835319638180734, 1.6754021823068825, 1.0], [0.014527215038814045, -0.004236225112737663, 2.011714056045193, 1.0], [0.014527215038814156, -0.004236225112737663, 2.011714056045193, 1.0], [0.01452721503881349, -0.004236225112737552, 2.011714056045207, 1.0], [0.014527215038814045, -0.00423622511273769, 2.011714056045193, 1.0], [0.014527215038813934, -0.004236225112737579, 2.011714056045207, 1.0], [0.014527215038814045, -0.00423622511273769, 2.011714056045193, 1.0], [0.014527215038813712, -0.004236225112737579, 2.011714056045207, 1.0], [0.01429579257099245, -0.004796499175301228, 2.1267757569585513, 1.0], [0.013430223754574255, -0.006892042282104438, 2.5571307748273853, 1.0], [0.013430223754574255, -0.006892042282104438, 2.5571307748274137, 1.0], [0.013430223754574255, -0.006892042282104438, 2.5571307748273995, 1.0], [0.0134302237545747, -0.006892042282104549, 2.5571307748274137, 1.0], [0.013430223754574255, -0.006892042282104438, 2.5571307748274137, 1.0], [0.013430223754574255, -0.006892042282104438, 2.5571307748274137, 1.0], [0.013430223754574366, -0.006892042282104438, 3.0369209407690363, 1.0], [0.013430223754574477, -0.0068920422821044935, 3.4095076997698754, 1.0], [0.013430223754574366, -0.0068920422821044935, 3.4095076997698897, 1.0], [0.013430223754574255, -0.0068920422821043825, 3.4095076997698754, 1.0], [0.013430223754574144, -0.0068920422821044935, 3.4095076997698612, 1.0], [0.012772594821337857, -0.007950693690424282, 5.369395777924694, 1.0], [0.012290145518877527, -0.008727340835462227, 6.80720757180714, 1.0], [0.012900992778154041, -0.007267719256778382, 12.588500618042445, 1.0], [-0.0055466062633778845, 0.0020453044650584062, 26.67770456937967, 1.0], [-0.012290145518877638, 0.008727340835462116, 0.0, 0.0]], [[0.0, 0.0, 0.0, 1.0], [-0.015898233664864203, -0.02198757140560903, 9.084151504493473, 1.0], [-0.015404041246715516, -0.02112012857078771, 6.0299423979808875, 1.0], [0.01077579210486046, 0.024832638051339284, 6.1582160773868875, 1.0], [0.010775792104860793, 0.024832638051339173, 6.158216077386882, 1.0], [0.007702729116470963, 0.02576209068333557, 3.9099751385806627, 1.0], [0.005502472041186479, 0.026427561823178125, 2.300275613630511, 1.0], [0.005502472041186368, 0.026427561823178125, 2.300275613630504, 1.0], [0.005502472041186868, 0.02642756182317796, 2.300275613630511, 1.0], [0.005502472041186424, 0.026427561823178125, 2.300275613630504, 1.0], [0.005502472041186424, 0.02642756182317818, 2.300275613630511, 1.0], [0.005502472041186812, 0.026427561823178014, 2.300275613630511, 1.0], [0.005426068657410021, 0.026441736360261092, 2.134498865454418, 1.0], [0.00510523712185279, 0.026501257788153154, 1.4383725154384592, 1.0], [0.005105237121852291, 0.02650125778815321, 1.4383725154384521, 1.0], [0.005105237121852346, 0.0265012577881531, 1.4383725154384521, 1.0], [0.00510523712185279, 0.026501257788153154, 1.4383725154384592, 1.0], [0.005105237121852346, 0.026501257788153126, 1.4383725154384592, 1.0], [0.005105237121852846, 0.026501257788153126, 1.4383725154384521, 1.0], [0.005105237121852346, 0.026501257788153224, 1.4383725154384592, 1.0], [0.005105237121852735, 0.02650125778815314, 1.4383725154384521, 1.0], [0.005105237121852457, 0.026501257788153217, 1.4383725154384592, 1.0], [0.005105237121852735, 0.02650125778815305, 1.4383725154384521, 1.0], [0.005105237121852346, 0.026501257788153203, 1.4383725154384592, 1.0], [0.0053919801088477826, 0.026445975976023644, 1.4812578074244058, 1.0], [0.005873110623173972, 0.026353217764283465, 1.5532157053540487, 1.0], [0.005873110623173972, 0.026353217764283246, 1.5532157053540345, 1.0], [0.005873110623173972, 0.026353217764283426, 1.5532157053540487, 1.0], [0.005873110623173916, 0.026353217764283246, 1.5532157053540487, 1.0], [0.005873110623173972, 0.026353217764283426, 1.5532157053540345, 1.0], [0.005873110623173916, 0.026353217764283232, 1.5532157053540487, 1.0], [0.005873110623174027, 0.026353217764283454, 1.5532157053540487, 1.0], [0.005873110623173972, 0.02635321776428326, 1.5532157053540345, 1.0], [0.005873110623173916, 0.0263532177642834, 1.5532157053540487, 1.0], [0.005873110623174027, 0.02635321776428351, 1.5532157053540345, 1.0], [0.007973370037540173, 0.025701816715829495, 1.8258311667019598, 1.0], [0.01077579210486046, 0.024832638051339173, 2.1895879386264454, 1.0], [0.010775792104860793, 0.024832638051339173, 2.1895879386264596, 1.0], [0.01077579210486046, 0.024832638051339395, 2.1895879386264596, 1.0], [0.01077579210486046, 0.02483263805133923, 2.189587938626431, 1.0], [0.01077579210486046, 0.02483263805133945, 2.1895879386264596, 1.0], [0.010775792104860349, 0.024832638051339173, 2.1895879386264454, 1.0], [0.011396011955996155, 0.024488160366076317, 2.3140226799364854, 1.0], [0.015898233664864647, 0.021987571405608752, 3.2173036578634537, 1.0], [0.015898233664864314, 0.021987571405609363, 3.217303657863482, 1.0], [0.015898233664864647, 0.021987571405608697, 3.217303657863468, 1.0], [0.015898233664864203, 0.02198757140560903, 3.217303657863482, 1.0], [0.015898233664864203, 0.02198757140560914, 3.2173036578634537, 1.0], [0.01433195422974387, 0.023003572266054872, 3.5062296798828783, 1.0], [0.014027270106786616, 0.023201212178925346, 