{"text": "あ", "text_ids": [1], "strokes": [[[0.0, 0.0, 0.0, 1.0], [-0.008298857257636787, -0.008036832362821699, 7.441389176770875, 1.0], [-0.008643403483094458, -0.007101590170879841, 8.877136903608541, 1.0], [-0.0012529719026299173, -0.0012495133158583228, 13.326997422769598, 1.0], [0.010739407017854238, -0.002570830018077973, 5.834000984303039, 1.0], [0.010739407017854674, -0.002570830018077754, 5.834000984303039, 1.0], [0.010960621636631676, -0.0016238135114484478, 3.9401215008875567, 1.0], [0.011050572315374643, -0.0012387359879891327, 3.1700288825450187, 1.0], [0.011050572315374645, -0.0012387359879891362, 3.1700288825450187, 1.0], [0.011050572315374638, -0.0012387359879891327, 3.1700288825450116, 1.0], [0.011050572315374645, -0.0012387359879891327, 3.1700288825450187, 1.0], [0.010942225802591195, -0.001702565804520273, 2.7856831009695995, 1.0], [0.010739407017854238, -0.0025708300180778652, 2.066208681947735, 1.0], [0.010739407017854669, -0.002570830018077966, 2.066208681947728, 1.0], [0.010739407017854252, -0.0025708300180778687, 2.0662086819477423, 1.0], [0.010739407017854238, -0.0025708300180778618, 2.066208681947728, 1.0], [0.010739407017854238, -0.0025708300180778687, 2.0662086819477423, 1.0], [0.010739407017854696, -0.002570830018077966, 2.066208681947728, 1.0], [0.010739407017854224, -0.0025708300180778687, 2.066208681947728, 1.0], [0.01077498229747853, -0.00242123307196241, 2.020717149874528, 1.0], [0.011034475295969598, -0.001330043894456484, 1.6888930802297182, 1.0], [0.011034475295969987, -0.0013300438944564702, 1.688893080229704, 1.0], [0.011034475295969626, -0.0013300438944564771, 1.6888930802297324, 1.0], [0.011034475295969598, -0.001330043894456373, 1.6888930802297182, 1.0], [0.011034475295969598, -0.0013300438944564771, 1.688893080229704, 1.0], [0.011034475295970014, -0.0013300438944564702, 1.6888930802297324, 1.0], [0.011034475295969626, -0.001330043894456484, 1.688893080229704, 1.0], [0.011034475295969598, -0.001330043894456373, 1.6888930802297182, 1.0], [0.01103447529597007, -0.0013300438944564633, 1.6888930802297324, 1.0], [0.011040080546207864, -0.0012925601021044411, 1.696127451241054, 1.0], [0.011136757581151124, -0.0006460551738955989, 1.820902886645527, 1.0], [0.011136757581151124, -0.0006460551738955989, 1.8209028866455412, 1.0], [0.011136757581150736, -0.0006460551738955017, 1.820902886645527, 1.0], [0.011136757581151069, -0.0006460551738955989, 1.8209028866455412, 1.0], [0.01113675758115068, -0.0006460551738956127, 1.820902886645527, 1.0], [0.011136757581151124, -0.0006460551738954878, 1.8209028866455412, 1.0], [0.011136757581151069, -0.0006460551738955989, 1.820902886645527, 1.0], [0.011136757581150791, -0.0006460551738954878, 1.8209028866455412, 1.0], [0.011136757581151124, -0.0006460551738956127, 1.820902886645527, 1.0], [0.011184524145758712, -7.157229027980605e-05, 1.9528798257251765, 1.0], [0.01120321319541212, 0.00015319872319552452, 2.0045168565199134, 1.0], [0.011203213195412454, 0.00015319872319552452, 2.004516856519899, 1.0], [0.01120321319541212, 0.00015319872319551064, 2.004516856519899, 1.0], [0.01120321319541251, 0.0001531987231955384, 2.004516856519899, 1.0], [0.01120321319541212, 0.00015319872319551064, 2.0045168565199134, 1.0], [0.01120321319541251, 0.00015319872319552452, 2.0045168565199134, 1.0], [0.01120321319541212, 0.00015319872319552452, 2.004516856519899, 1.0], [0.011109346520644992, -0.0007598162082881055, 2.607106925753257, 1.0], [0.011075815543810763, -0.001085962655817882, 2.8223636577301647, 1.0], [0.011075815543810708, -0.0010859626558179653, 2.8223636577301363, 1.0], [0.011075815543810597, -0.001085962655817993, 2.822363657730193, 1.0], [0.011075815543810763, -0.001085962655817882, 2.8223636577301363, 1.0], [0.011075815543810652, -0.001085962655817993, 2.8223636577301363, 1.0], [0.011032579938990317, -0.0013343104036995235, 3.387458298685715, 1.0], [0.011015217382959963, -0.0014340419028992663, 3.614389028732319, 1.0], [0.011015217382960407, -0.0014340419028992524, 3.6143890287322904, 1.0], [0.011015217382959963, -0.0014340419028992524, 3.6143890287323472, 1.0], [0.011007057645560092, -0.0014600707187147205, 3.6229617788609687, 1.0], [0.010203917867692813, -0.004022013135230054, 4.466753226636769, 1.0], [0.01020391786769237, -0.004022013135230151, 4.46675322663674, 1.0], [0.010203917867692924, -0.004022013135230151, 4.466753226636769, 1.0], [0.009065749484703067, -0.0056477694679158, 10.290285264207995, 1.0], [0.008635160724806301, -0.006386006598838159, 9.264530175892048, 1.0], [0.009782029580668317, -0.004877401432414941, 0.0, 0.0]], [[0.0, 0.0, 0.0, 1.0], [-0.022097034633742463, -0.000302166658194325, 6.918933510612198, 1.0], [-0.022097034633742407, -0.0003021666581943805, 6.918933510612198, 1.0], [-0.02017222761465215, 0.007739977509159113, 7.152639840263737, 1.0], [-0.018888890280508497, 0.009470058631293243, 7.627430970394219, 1.0], [-0.012416970288963158, 0.01751113701144874, 10.08187454403491, 1.0], [-0.009061566890015138, 0.019211397202324537, 7.590200333896924, 1.0], [-0.005342321388035365, 0.02109602456757448, 4.828342221289326, 1.0], [-0.005342321388035698, 0.021096024567574506, 4.828342221289326, 1.0], [-0.005342321388035309, 0.02109602456757445, 4.828342221289326, 1.0], [-0.0033974839643368115, 0.021602086994045866, 3.1819744754905273, 1.0], [-0.0033024425614256447, 0.0216268175357284, 3.101518855724187, 1.0], [-0.0033024425614257003, 0.021626817535728426, 3.101518855724194, 1.0], [-0.0033024425614252007, 0.021626817535728315, 3.10151885572418, 1.0], [-0.0033024425614257003, 0.02162681753572833, 3.101518855724194, 1.0], [-0.0022227085133942337, 0.021821590063777832, 2.4410135429209845, 1.0], [-0.001943680707412243, 0.02187192370961066, 2.270323965606295, 1.0], [-0.001943680707412243, 0.02187192370961066, 2.2703239656062806, 1.0], [-0.001943680707412354, 0.02187192370961044, 2.2703239656062806, 1.0], [-0.001943680707412243, 0.021871923709610656, 2.2703239656062806, 1.0], [-0.001943680707412354, 0.021871923709610663, 2.270323965606295, 1.0], [-0.001943680707412243, 0.02187192370961044, 2.2703239656062806, 1.0], [-0.0012436489818520302, 0.021940134592684762, 2.0724662155355844, 1.0], [0.000338579431122088, 0.02209430645852037, 1.6252634067791263, 1.0], [0.000338579431122088, 0.022094306458520382, 1.625263406779112, 1.0], [0.0003385794311221435, 0.022094306458520396, 1.625263406779112, 1.0], [0.0003385794311216994, 0.02209430645852037, 1.6252634067791263, 1.0], [0.000338579431122088, 0.02209430645852037, 1.625263406779112, 1.0], [0.000338579431122088, 0.02209430645852059, 1.625263406779112, 1.0], [0.0003385794311221435, 0.022094306458520424, 1.625263406779112, 1.0], [0.0003385794311220325, 0.02209430645852034, 1.6252634067791263, 1.0], [0.0003385794311221435, 0.022094306458520396, 1.625263406779112, 1.0], [0.0003385794311220325, 0.02209430645852034, 1.6252634067791263, 1.0], [0.0009423942219989878, 0.02211229411428467, 1.6259793549673134, 1.0], [0.0010515631141028159, 0.022115546257956864, 1.6261087974249762, 1.0], [0.0010515631141028159, 0.022115546257956642, 1.6261087974249904, 1.0], [0.0010515631141028159, 0.022115546257956697, 1.6261087974249904, 1.0], [0.0010515631141028159, 0.02211554625795692, 1.6261087974249762, 1.0], [0.0010515631141028159, 0.022115546257956864, 1.6261087974249904, 1.0], [0.0010515631141028159, 0.022115546257956697, 1.6261087974249904, 1.0], [0.0010515631141028159, 0.022115546257956642, 1.6261087974249904, 1.0], [0.0010515631141028159, 0.022115546257956975, 1.6261087974249762, 1.0], [0.0010515631141028159, 0.022115546257956753, 1.6261087974249904, 1.0], [0.0021698074939160983, 0.02205797757202932, 1.79069592697671, 1.0], [0.003900742846178251, 0.021968866752021365, 2.04546106258681, 1.0], [0.00390074284617814, 0.021968866752021143, 2.045461062586753, 1.0], [0.003900742846177807, 0.021968866752021254, 2.04546106258681, 1.0], [0.003900742846178251, 0.021968866752021143, 2.0454610625867815, 1.0], [0.0039007428461781957, 0.021968866752021254, 