{"text": "あ", "text_ids": [1], "strokes": [[[0.0, 0.0, 0.0, 1.0], [0.0025006723851844982, -0.012095338921543346, 3.537234092047195, 1.0], [0.0025006723851844982, -0.012095338921543346, 3.537234092047195, 1.0], [0.0025006723851845212, -0.012095338921543158, 3.5372340920471954, 1.0], [0.006732972510741505, -0.00952297004422304, 1.7024213698101534, 1.0], [0.00946720546412182, -0.00786111820386165, 0.5170599210492064, 1.0], [0.009467205464121813, -0.007861118203861643, 0.5170599210492064, 1.0], [0.00946720546412181, -0.007861118203861747, 0.5170599210492082, 1.0], [0.009467205464121824, -0.007861118203861636, 0.5170599210492064, 1.0], [0.00946720546412181, -0.00786111820386165, 0.5170599210492082, 1.0], [0.01117217466956285, -0.005008958470946762, 1.2470574314747331, 1.0], [0.011583908614456725, -0.0043201888588311615, 1.4233449290852676, 1.0], [0.011583908614456712, -0.004320188858831148, 1.423344929085271, 1.0], [0.01158390861445674, -0.0043201888588310505, 1.423344929085271, 1.0], [0.011583908614456712, -0.0043201888588311615, 1.423344929085271, 1.0], [0.011583908614456725, -0.004320188858831148, 1.4233449290852747, 1.0], [0.01158390861445674, -0.004320188858831148, 1.4233449290852676, 1.0], [0.011583908614456684, -0.004320188858831148, 1.423344929085271, 1.0], [0.01158390861445674, -0.0043201888588311615, 1.423344929085271, 1.0], [0.01158390861445674, -0.0043201888588311615, 1.4233449290852747, 1.0], [0.01162356588609234, -0.0042145051832825076, 1.418384487666355, 1.0], [0.011732478036237781, -0.00392426241406138, 1.4047614541513909, 1.0], [0.011732478036238114, -0.003924262414061547, 1.4047614541513944, 1.0], [0.011732478036237781, -0.0039242624140614635, 1.4047614541513909, 1.0], [0.011732478036237726, -0.003924262414061491, 1.4047614541513909, 1.0], [0.011732478036238198, -0.003924262414061519, 1.4047614541513909, 1.0], [0.011732478036237726, -0.003924262414061491, 1.4047614541513909, 1.0], [0.011732478036237726, -0.003924262414061491, 1.404761454151398, 1.0], [0.01173247803623817, -0.003924262414061519, 1.4047614541513909, 1.0], [0.011732478036237726, -0.00392426241406138, 1.4047614541513909, 1.0], [0.01173247803623817, -0.003924262414061547, 1.4047614541513909, 1.0], [0.011732478036237726, -0.0039242624140614635, 1.4047614541513909, 1.0], [0.011778698238632146, -0.0037775897257269764, 1.4315863027953029, 1.0], [0.012012212657699473, -0.0030365677086199028, 1.5671112166454293, 1.0], [0.012012212657699195, -0.003036567708619764, 1.5671112166454364, 1.0], [0.012012212657699084, -0.0030365677086198473, 1.5671112166454364, 1.0], [0.01201221265769914, -0.003036567708619875, 1.5671112166454293, 1.0], [0.012012212657699528, -0.0030365677086199028, 1.5671112166454293, 1.0], [0.01201221265769914, -0.0030365677086197362, 1.5671112166454364, 1.0], [0.012012212657699195, -0.003036567708619875, 1.5671112166454293, 1.0], [0.01201221265769914, -0.003036567708619875, 1.5671112166454293, 1.0], [0.012012212657699084, -0.0030365677086198195, 1.5671112166454293, 1.0], [0.012012212657699528, -0.0030365677086198195, 1.5671112166454293, 1.0], [0.0119132359176789, -0.00334656760921781, 1.6456659491554575, 1.0], [0.011700222447783237, -0.004013736021515529, 1.8147280555177474, 1.0], [0.011700222447782904, -0.004013736021515474, 1.8147280555177616, 1.0], [0.011700222447783293, -0.004013736021515557, 1.8147280555177616, 1.0], [0.011700222447783182, -0.004013736021515418, 1.8147280555177474, 1.0], [0.011700222447783015, -0.004013736021515502, 1.8147280555177616, 1.0], [0.011700222447783348, -0.004013736021515529, 1.8147280555177474, 1.0], [0.011700222447782793, -0.004013736021515502, 1.8147280555177616, 1.0], [0.011700222447783348, -0.004013736021515529, 1.8147280555177474, 1.0], [0.011700222447783348, -0.004013736021515557, 1.8147280555177616, 1.0], [0.01114618275230117, -0.0052956260665104615, 2.5113375807794966, 1.0], [0.011116683897529844, -0.005363878014122636, 2.548427311688826, 1.0], [0.011116683897529622, -0.005363878014122581, 2.548427311688812, 1.0], [0.011116683897529511, -0.005363878014122525, 2.548427311688812, 1.0], [0.011116683897529622, -0.0053638780141224696, 2.548427311688812, 1.0], [0.0111166838975294, -0.005363878014122581, 2.5484273116887977, 1.0], [0.010634837002742703, -0.0062003931964794146, 5.593936123506722, 1.0], [0.010398652257953112, -0.0066104241150041765, 7.086739603733122, 1.0], [0.010398652257952556, -0.0066104241150040655, 8.78893247082108, 1.0], [0.010542137513305794, -0.006217949714381166, 14.675792231336231, 1.0], [0.00493682915395699, -0.007186056488506121, 31.692862985542803, 0.0]], [[0.0, 0.0, 0.0, 1.0], [-0.011931628333790467, -0.015551279694104803, 6.990949920219304, 1.0], [-0.0119316283337908, -0.015551279694104803, 6.990949920219304, 1.0], [-0.009739018375016062, 0.016481722712576474, 9.31143765084822, 1.0], [-0.006871282962038872, 0.017351388505254584, 7.36415730714306, 1.0], [0.00048078220947750383, 0.019371799505062404, 2.3464782326839426, 1.0], [0.00048078220947755934, 0.019371799505062404, 2.3464782326839355, 1.0], [0.00048078220947750383, 0.01937179950506246, 2.3464782326839426, 1.0], [0.0004807822094774483, 0.019371799505062404, 2.3464782326839426, 1.0], [0.00048078220947750383, 0.019371799505062404, 2.3464782326839426, 1.0], [0.00048078220947750383, 0.019371799505062404, 2.3464782326839426, 1.0], [0.0005268474939205681, 0.019370096411610138, 2.3093061085377187, 1.0], [0.0017855627531929708, 0.019323560072103063, 1.2935928561755716, 1.0], [0.0017855627531924712, 0.019323560072103174, 1.2935928561755716, 1.0], [0.0017855627531929152, 0.019323560072103063, 1.2935928561755716, 1.0], [0.0017855627531928597, 0.01932356007210298, 1.2935928561755716, 1.0], [0.0017855627531925822, 0.01932356007210312, 1.2935928561755787, 1.0], [0.0017855627531929152, 0.019323560072103202, 1.2935928561755716, 1.0], [0.0017855627531929152, 0.01932356007210298, 1.2935928561755716, 1.0], [0.0017855627531925267, 0.019323560072103035, 1.2935928561755716, 1.0], [0.0017855627531929152, 0.019323560072103174, 1.2935928561755716, 1.0], [0.0017855627531929152, 0.01932356007210309, 1.2935928561755716, 1.0], [0.0017855627531924712, 0.019323560072103035, 1.2935928561755716, 1.0], [0.0017855627531930263, 0.019323560072103077, 1.2935928561755716, 1.0], [0.0033034627418478957, 0.019125576607605346, 1.4270682028337376, 1.0], [0.004062459743188862, 0.01902657874411494, 1.4938100096876923, 1.0], [0.0040624597431889176, 0.019026578744114946, 1.4938100096877065, 1.0], [0.004062459743188862, 0.01902657874411475, 1.4938100096876923, 1.0], [0.0040624597431889176, 0.019026578744114946, 1.4938100096876923, 1.0], [0.0040624597431888065, 0.019026578744114946, 1.4938100096877065, 1.0], [0.004062459743188862, 0.019026578744114758, 1.4938100096876923, 1.0], [0.004062459743188862, 0.019026578744114953, 1.4938100096876923, 1.0], [0.004062459743188529, 0.019026578744114966, 1.4938100096877065, 1.0], [0.004062459743188862, 0.019026578744114953, 1.4938100096876923, 1.0], [0.004062459743188862, 0.01902657874411494, 1.4938100096877065, 1.0], [0.005490202484432716, 0.01854286295657291, 1.6967990454060669, 1.0], [0.009048344365387095, 0.017337373093159553, 2.2026771483021435, 1.0], [0.009048344365387095, 0.017337373093159775, 2.2026771483021577, 1.0], [0.009048344365387151, 0.01733737309315958, 2.2026771483021435, 1.0], [0.009048344365387095, 0.01733737309315958, 2.2026771483021435, 1.0], [0.009048344365387151, 0.01733737309315958, 2.2026771483021577, 1.0], [0.009048344365387095, 0.017337373093159747, 2.2026771483021435, 1.0], [0.009048344365387484, 0.017337373093159553, 2.2026771483021435, 1.0], [0.009383493912827723, 0.017161820079232726, 2.2351593692883824, 1.0], [0.009637902312692181, 0.017028559683371858, 2.2598162722389077, 1.0], [0.009637902312692515, 0.017028559683372246, 2.259816272238922, 1.0], [0.009637902312692515, 0.017028559683371858, 2.2598162722389077, 1.0], [0.009637902312692515, 0.017028559683372024, 2.259816272238922, 1.0], [0.009637902312692515, 0.01702855968337208, 