{"text": "い", "text_ids": [2], "strokes": [[[0.0, 0.0, 0.0, 1.0], [-0.013923449253429906, -0.015073613782512195, 2.3015873015873014, 1.0], [-0.013923449253429906, -0.015073613782512195, 2.3015873015873014, 1.0], [-0.013923449253429913, -0.01507361378251219, 2.3015873015873023, 1.0], [-0.0139234492534299, -0.0150736137825122, 2.3015873015873005, 1.0], [-0.013923449253430031, -0.015073613782512159, 2.3015873015873023, 1.0], [-0.013923449253429906, -0.015073613782512235, 2.3015873015873023, 1.0], [-0.013923449253429906, -0.015073613782512152, 2.3015873015873005, 1.0], [-0.013923449253429893, -0.015073613782512249, 2.3015873015873005, 1.0], [-0.01392344925342992, -0.015073613782512124, 2.301587301587304, 1.0], [-0.01392344925342992, -0.015073613782512207, 2.3015873015873005, 1.0], [-0.013923449253429893, -0.01507361378251218, 2.301587301587304, 1.0], [-0.01392344925342992, -0.015073613782512207, 2.3015873015873005, 1.0], [-0.013923449253429893, -0.015073613782512207, 2.3015873015873005, 1.0], [-0.013923449253430004, -0.015073613782512207, 2.3015873015873005, 1.0], [-0.013923449253429837, -0.015073613782512152, 2.301587301587297, 1.0], [-0.013923449253429976, -0.015073613782512235, 2.301587301587304, 1.0], [-0.013923449253429948, -0.015073613782512207, 2.301587301587304, 1.0], [-0.013923449253429893, -0.015073613782512152, 2.301587301587304, 1.0], [-0.013923449253429976, -0.015073613782512207, 2.301587301587304, 1.0], [-0.013923449253429865, -0.015073613782512152, 2.301587301587297, 1.0], [-0.013923449253429865, -0.015073613782512207, 2.301587301587304, 1.0], [-0.01392344925342992, -0.015073613782512207, 2.301587301587304, 1.0], [-0.01392344925342992, -0.015073613782512152, 2.301587301587297, 1.0], [-0.01392344925342992, -0.015073613782512207, 2.301587301587304, 1.0], [-0.013923449253430031, -0.015073613782512263, 2.301587301587304, 1.0], [-0.013923449253429754, -0.015073613782512152, 2.301587301587297, 1.0], [-0.013923449253430031, -0.015073613782512152, 2.301587301587297, 1.0], [-0.013923449253429865, -0.015073613782512263, 2.301587301587304, 1.0], [-0.013923449253429976, -0.015073613782512152, 2.301587301587304, 1.0], [-0.013923449253429865, -0.015073613782512152, 2.30158730158729, 1.0], [-0.013923449253430031, -0.015073613782512263, 2.3015873015873183, 1.0], [-0.013923449253429754, -0.015073613782512207, 2.30158730158729, 1.0], [-0.013923449253429976, -0.015073613782512152, 2.301587301587304, 1.0], [-0.013923449253430031, -0.015073613782512263, 2.301587301587304, 1.0], [-0.013923449253429754, -0.015073613782512152, 2.301587301587304, 1.0], [-0.01392344925342992, -0.015073613782512152, 2.301587301587304, 1.0], [-0.01392344925342992, -0.015073613782512263, 2.301587301587304, 1.0], [-0.013923449253430142, -0.015073613782512152, 2.301587301587304, 1.0], [-0.01392344925342981, -0.015073613782512152, 2.30158730158729, 1.0], [-0.01392344925342992, -0.015073613782512152, 2.301587301587304, 1.0], [-0.01392344925342981, -0.015073613782512263, 2.301587301587304, 1.0], [-0.01392344925342992, -0.015073613782512152, 2.301587301587304, 1.0], [-0.013923449253430031, -0.015073613782512263, 2.30158730158729, 1.0], [-0.01392344925342992, -0.015073613782512263, 2.3015873015873183, 1.0], [-0.01392344925342981, -0.015073613782512041, 2.30158730158729, 1.0], [-0.01392344925342992, -0.015073613782512152, 2.301587301587304, 1.0], [-0.01392344925342992, -0.015073613782512263, 2.301587301587304, 1.0], [-0.013923449253430031, -0.015073613782512152, 2.301587301587304, 1.0], [-0.01392344925342981, -0.015073613782512263, 2.30158730158729, 1.0], [-0.013923449253430031, -0.015073613782512263, 2.3015873015873183, 1.0], [-0.01392344925342981, -0.015073613782512152, 2.30158730158729, 1.0], [-0.01392344925342992, -0.015073613782512152, 2.301587301587304, 1.0], [-0.01392344925342992, -0.015073613782512152, 2.30158730158729, 1.0], [-0.01392344925342992, -0.015073613782512152, 2.301587301587304, 1.0], [-0.013923449253430031, -0.015073613782512374, 2.3015873015873183, 1.0], [-0.01392344925342981, -0.015073613782512152, 2.30158730158729, 1.0], [-0.013923449253430031, -0.015073613782512152, 2.3015873015873183, 1.0], [-0.01392344925342992, -0.015073613782512152, 2.30158730158729, 1.0], [-0.013923449253429698, -0.015073613782512152, 2.30158730158729, 1.0], [-0.013923449253430031, -0.015073613782512152, 2.30158730158729, 1.0], [-0.013923449253430031, -0.015073613782512374, 2.3015873015873467, 1.0], [-0.013923449253430031, -0.015073613782512152, 2.30158730158729, 1.0], [-0.013923449253429698, -0.015073613782512041, 2.30158730158729, 0.0]], [[0.0, 0.0, 0.0, 1.0], [0.0009527328572789262, -0.00676361521311436, 9.361335910636546, 1.0], [-0.0016012180454288982, -0.006101103184067258, 9.143175700731577, 1.0], [-0.0025010128565873258, 0.002478733369246644, 31.50151067754426, 1.0], [-0.0022609141775177255, 0.006447062122165004, 11.146590469612015, 1.0], [-0.002166285127738088, 0.006479197526742586, 6.088476439023168, 1.0], [-0.002147486044102087, 0.006485581572231114, 5.0836274109079795, 1.0], [-0.002147486044101976, 0.006485581572231114, 5.0836274109079795, 1.0], [-0.0019460777630686543, 0.006545073843033156, 4.123573266083, 1.0], [-0.0017366126906189772, 0.006606945940594522, 3.1251147619438058, 1.0], [-0.001736612690618644, 0.006606945940594577, 3.12511476194382, 1.0], [-0.0017366126906188661, 0.006606945940594522, 3.1251147619438058, 1.0], [-0.0017366126906187551, 0.006606945940594577, 3.12511476194382, 1.0], [-0.0016620059078552574, 0.00662525427247973, 2.879459810559595, 1.0], [-0.00153518154429777, 0.006656376677884879, 2.4618699921811924, 1.0], [-0.0015351815442978811, 0.006656376677884879, 2.4618699921811924, 1.0], [-0.001535181544297659, 0.006656376677884879, 2.461869992181178, 1.0], [-0.00153518154429777, 0.006656376677884879, 2.4618699921811924, 1.0], [-0.0015351815442978811, 0.006656376677884879, 2.4618699921811924, 1.0], [-0.001535181544297548, 0.006656376677884879, 2.4618699921811924, 1.0], [-0.0014873268912940496, 0.0066669642383510586, 2.2031791297753074, 1.0], [-0.0014322823830830167, 0.0066791425119866465, 1.9056216216535375, 1.0], [-0.0014322823830831277, 0.006679142511986702, 1.9056216216535233, 1.0], [-0.0014322823830830167, 0.006679142511986591, 1.9056216216535375, 1.0], [-0.0014322823830829057, 0.006679142511986702, 1.9056216216535375, 1.0], [-0.0014322823830832387, 0.0066791425119866465, 1.9056216216535233, 1.0], [-0.0014322823830829057, 0.006679142511986674, 1.9056216216535375, 1.0], [-0.0014322823830831277, 0.0066791425119866465, 1.9056216216535233, 1.0], [-0.0013992638502771104, 0.006684958730131613, 1.9249283849518548, 1.0], [-0.0009527328572788152, 0.006763615213114305, 2.1860262428684223, 1.0], [-0.0009527328572789262, 0.00676361521311436, 2.1860262428684223, 1.0], [-0.0009527328572788152, 0.006763615213114221, 2.1860262428684223, 1.0], [-0.0009527328572789262, 0.00676361521311436, 2.1860262428684223, 1.0], [-0.0009527328572788152, 0.00676361521311436, 2.1860262428684223, 1.0], [-0.0009527328572789262, 0.006763615213114221, 2.1860262428684223, 1.0], [-0.0009527328572788152, 0.00676361521311436, 2.1860262428684223, 1.0], [-0.0006564477052740658, 0.006782683107919352, 2.3684570996355774, 1.0], [6.129855350711644e-05, 0.00682887479206748, 2.8103930658656964, 1.0], [6.129855350711644e-05, 0.006828874792067452, 2.8103930658656964, 1.0], [6.129855350722746e-05, 0.006828874792067452, 2.8103930658656964, 1.0], [6.129855350722746e-05, 0.00682887479206748, 2.8103930658656964, 1.0], [6.129855350722746e-05, 0.006828874792067535, 2.8103930658656964, 1.0], [0.0005254627225091957, 0.006757848751152207, 3.0355428603470216, 1.0], [0.0019697941516865214, 0.006536838276767112, 3.736137490779555, 1.0], [0.0019697941516866324, 0.006536838276767126, 3.7361374907795835, 1.0], [0.0019697941516864104, 0.0065368382767670985, 3.736137490779612, 1.0], [0.0019697941516865214, 0.006536838276767126, 3.736137490779555, 1.0], [0.002636235503469808, 0.006295501397870135, 4.8290123188869245, 1.0], 