{"text": "い", "text_ids": [2], "strokes": [[[0.0, 0.0, 0.0, 1.0], [-0.008658866714680451, -0.02659881536329509, 14.052957904051226, 1.0], [0.006918322870748863, 0.013339674585792313, 31.96381291913314, 1.0], [0.007049359424175613, 0.027135900674227498, 8.229787946170859, 1.0], [0.0071356065176189625, 0.02711586550245267, 8.118408388537013, 1.0], [0.008539440633670627, 0.026789755293567058, 6.305496015549338, 1.0], [0.00853944063367102, 0.02678975529356714, 6.305496015549338, 1.0], [0.007757859905147459, 0.026961011343546296, 5.2930836124571385, 1.0], [0.006379304348844407, 0.027263073524244272, 3.5073861245085283, 1.0], [0.006379304348844407, 0.02726307352424434, 3.5073861245085283, 1.0], [0.006379304348844407, 0.027263073524244286, 3.5073861245085425, 1.0], [0.006379304348844407, 0.027263073524244258, 3.5073861245085283, 1.0], [0.0054590103027060966, 0.027394797642569163, 2.9523800997110783, 1.0], [0.004591998663713195, 0.02751889530918239, 2.429507344824316, 1.0], [0.0045919986637131815, 0.027518895309182334, 2.429507344824316, 1.0], [0.004591998663713168, 0.02751889530918228, 2.429507344824316, 1.0], [0.0045919986637131815, 0.02751889530918239, 2.42950734482433, 1.0], [0.0045919986637131815, 0.027518895309182334, 2.429507344824316, 1.0], [0.004591998663713168, 0.02751889530918228, 2.429507344824316, 1.0], [0.004532368747442644, 0.027525317363425283, 2.21221607549937, 1.0], [0.00447679456652042, 0.027531302620938447, 2.009703895882623, 1.0], [0.004476794566520434, 0.027531302620938558, 2.009703895882609, 1.0], [0.004476794566520059, 0.027531302620938614, 2.009703895882609, 1.0], [0.00447679456652042, 0.02753130262093839, 2.009703895882609, 1.0], [0.004476794566520434, 0.027531302620938503, 2.009703895882609, 1.0], [0.004476794566520059, 0.027531302620938725, 2.009703895882623, 1.0], [0.00447679456652042, 0.027531302620938503, 2.009703895882609, 1.0], [0.0051442746889570345, 0.027445996585530152, 2.340207164426772, 1.0], [0.005676800783478264, 0.02737793809457567, 2.6038878478033496, 1.0], [0.005676800783478264, 0.027377938094575782, 2.603887847803378, 1.0], [0.005676800783478264, 0.02737793809457567, 2.6038878478033496, 1.0], [0.005676800783478236, 0.02737793809457567, 2.6038878478033496, 1.0], [0.005676800783478292, 0.02737793809457567, 2.6038878478033496, 1.0], [0.005843797307315435, 0.027332573163729057, 2.641172761377703, 1.0], [0.011742442908859396, 0.025730194601257472, 3.958149225350894, 1.0], [0.011742442908859008, 0.025730194601257583, 3.9581492253509225, 1.0], [0.011742442908859424, 0.025730194601257694, 3.9581492253509225, 1.0], [0.011742442908859424, 0.025730194601257694, 3.9581492253509225, 1.0], [0.013988219942088514, 0.024699209632701447, 5.40126930695385, 1.0], [0.014021868196283677, 0.024683762487334726, 5.422891431777856, 1.0], [0.014021868196283371, 0.02468376248733506, 5.422891431777856, 1.0], [0.020956594350887425, 0.019043460489042596, 11.40908472723018, 1.0], [0.02404248603224074, 0.005036810341279896, 14.716596478191036, 1.0], [0.020849609852460094, -0.015321546859983437, 11.75669983614091, 1.0], [0.015517892945853595, -0.022145278708401994, 6.241746143913105, 1.0], [0.015517892945852818, -0.02214527870840155, 6.241746143913019, 1.0], [0.008932812602290674, -0.025628350239230158, 4.400439326427971, 1.0], [0.00842667830713606, -0.025896061772309964, 4.258915080768276, 1.0], [0.008426678307135615, -0.02589606177230963, 4.258915080768276, 1.0], [0.00842667830713606, -0.025896061772309853, 4.258915080768304, 1.0], [0.012103617101637043, -0.024235180091023545, 3.7169159101621574, 1.0], [0.012350846517475422, -0.02412350599722124, 3.6804730576092766, 1.0], [0.012350846517475422, -0.02412350599722146, 3.6804730576092766, 1.0], [0.012350846517475311, -0.02412350599722146, 3.6804730576092766, 1.0], [0.013334853541034142, -0.023549060825655554, 4.044832925169828, 1.0], [0.014019415760664788, -0.023149426013821195, 4.298313839136938, 1.0], [0.014019415760665066, -0.023149426013821195, 4.298313839136881, 1.0], [0.014019415760664788, -0.023149426013821417, 4.298313839136938, 1.0], [0.015930708637213464, -0.021779510539150282, 4.8788582900315305, 1.0], [0.01703078764208754, -0.020991031038896768, 5.213001094445019, 1.0], [0.01703078764208754, -0.0209910310388971, 5.213001094445076, 1.0], [0.018126527409595417, -0.020018202502236626, 7.369197199095311, 1.0], [0.018968632582075262, -0.01927055788172416, 9.026291288815628, 1.0], [0.01764691497309212, -0.020444015892060796, 3.8698605579244827, 0.0]], [[0.0, 0.0, 0.0, 1.0], [-0.001087000262466109, -0.008247035685059703, 9.358216282166188, 1.0], [-0.00108700026246622, -0.008247035685059592, 1.8582162822098418, 1.0], [0.0038867110641126468, -0.00532653887445253, 3.955349606331879, 1.0], [0.007513233571518008, -0.003197093331468198, 5.48444944779583, 1.0], [0.007534295302703886, -0.0030892182259427275, 5.449710795147613, 1.0], [0.008334324873900734, 0.001008416182854882, 4.130163549162113, 1.0], [0.008334324873900512, 0.0010084161828549931, 4.130163549162109, 1.0], [0.008334324873900734, 0.001008416182854882, 4.13016354916212, 1.0], [0.008334324873900512, 0.0010084161828550209, 4.130163549162106, 1.0], [0.006335702389311582, 0.005492304422352712, 2.826051404269805, 1.0], [0.006137049193809085, 0.005937980748882327, 2.6964291034732497, 1.0], [0.0061370491938093075, 0.005937980748882438, 2.696429103473257, 1.0], [0.006137049193809085, 0.0059379807488823405, 2.696429103473257, 1.0], [0.0061370491938095295, 0.005937980748882271, 2.6964291034732497, 1.0], [0.0061370491938093075, 0.005937980748882438, 2.6964291034732497, 1.0], [0.004895711026368987, 0.006838494052191696, 2.1785270127314647, 1.0], [0.004085103438998594, 0.00742653922419792, 1.8403312049478018, 1.0], [0.004085103438999038, 0.007426539224197837, 1.8403312049478018, 1.0], [0.004085103438998594, 0.007426539224197892, 1.8403312049478018, 1.0], [0.004085103438999038, 0.0074265392241978645, 1.8403312049478018, 1.0], [0.004085103438998594, 0.00742653922419792, 1.840331204947816, 1.0], [0.004085103438999038, 0.007426539224197837, 1.8403312049478018, 1.0], [0.004085103438998816, 0.007426539224197948, 1.8403312049478018, 1.0], [0.004085103438998816, 0.007426539224197809, 1.8403312049478018, 1.0], [0.0026877282036057437, 0.007951545704859286, 1.8797838620005223, 1.0], [0.0025509919318182916, 0.008002918755569993, 1.8836443921579473, 1.0], [0.0025509919318187357, 0.008002918755569965, 1.8836443921579473, 1.0], [0.0025509919318180696, 0.008002918755569965, 1.8836443921579473, 1.0], [0.0025509919318187357, 0.008002918755569993, 1.8836443921579473, 1.0], [0.0025509919318185137, 0.00800291875556991, 1.8836443921579615, 1.0], [0.0025509919318182916, 0.008002918755569965, 1.8836443921579473, 1.0], [0.0025509919318182916, 0.008002918755569965, 1.8836443921579473, 1.0], [0.0025509919318187357, 0.008002918755569965, 1.8836443921579615, 1.0], [0.001860089483713745, 0.00814824207662418, 1.764303918988574, 1.0], [0.0017710262532495413, 0.008166975494736162, 1.7489199120353902, 1.0], [0.0017710262532495413, 0.008166975494735995, 1.7489199120353902, 1.0], [0.0017710262532499854, 0.008166975494736162, 1.7489199120353902, 1.0], [0.0017710262532490972, 0.008166975494736217, 1.7489199120353902, 1.0], [0.0017710262532495413, 0.00816697549473594, 1.7489199120353902, 1.0], [0.0017710262532497634, 0.008166975494736217, 1.748919912035376, 1.0], [0.0017710262532497634, 0.008166975494736106, 1.7489199120353902, 1.0], [0.0017710262532490972, 0.00816697549473605, 1.7489199120353902, 1.0], [0.0012562927361061682, 0.008152194150235437, 1.7736801772180968, 1.0], [-0.001338651150204706, 0.008077676446868243, 1.8985049586232066, 1.0], [-0.001338651150204706, 0.008077676446868243, 1.8985049586231924, 1.0], [-0.001338651150204484, 0.008077676446868354, 1.8985049586231924, 1.0], [-0.001338651150204928, 0.008077676446868298, 1.8985049586231924, 1.0], [-0.001338651150204928, 0.008077676446868298, 1.8985049586232066, 1.0], [-0.001338651150204706, 0.008077676446868243, 