{"text": "い", "text_ids": [2], "strokes": [[[0.0, 0.0, 0.0, 1.0], [-0.016326057846357607, 0.0038993951585321995, 14.422583700110623, 1.0], [-0.01470032683640312, 0.00815244168102741, 2.931202408304637, 1.0], [-0.005367082445461829, 0.015387633005907626, 15.534005710388737, 1.0], [-0.0014146205675555426, 0.016871037909954856, 11.001119925096638, 1.0], [0.002689401741259423, 0.016739760327320226, 7.594546729032217, 1.0], [0.0027312665121926316, 0.01673842117623585, 7.559796575210086, 1.0], [0.005927909874062977, 0.015792809026034887, 4.731823366268188, 1.0], [0.007044268633842384, 0.015462574374330379, 3.744214707172418, 1.0], [0.007044268633842388, 0.015462574374330393, 3.7442147071724037, 1.0], [0.007044268633842022, 0.015462574374330448, 3.744214707172418, 1.0], [0.006539124399646715, 0.01566819405827022, 3.0328503242916014, 1.0], [0.0059646817488848616, 0.015902021761914437, 2.223897130141623, 1.0], [0.005964681748885188, 0.015902021761914242, 2.2238971301416086, 1.0], [0.005964681748885219, 0.01590202176191441, 2.223897130141637, 1.0], [0.005964681748885189, 0.015902021761914242, 2.2238971301416086, 1.0], [0.005964681748884856, 0.015902021761914464, 2.223897130141637, 1.0], [0.005964681748885217, 0.01590202176191441, 2.2238971301416086, 1.0], [0.005964681748885189, 0.015902021761914242, 2.223897130141623, 1.0], [0.006242092642726196, 0.0157967463136498, 1.7429194618834316, 1.0], [0.006301481707344521, 0.015774208588785532, 1.6399501320762226, 1.0], [0.006301481707344188, 0.01577420858878581, 1.6399501320762369, 1.0], [0.006301481707344542, 0.0157742085887857, 1.6399501320762226, 1.0], [0.006301481707344195, 0.01577420858878581, 1.6399501320762369, 1.0], [0.006301481707344542, 0.015774208588785643, 1.6399501320762369, 1.0], [0.006301481707344153, 0.015774208588785588, 1.6399501320762226, 1.0], [0.006301481707344556, 0.015774208588785754, 1.6399501320762369, 1.0], [0.006301481707344542, 0.0157742085887857, 1.6399501320762369, 1.0], [0.006301481707344167, 0.015774208588785643, 1.6399501320762226, 1.0], [0.0070283880469823035, 0.015445141399461237, 1.8271356497581337, 1.0], [0.007890355714122388, 0.015054932562301171, 2.049100785017501, 1.0], [0.007890355714122055, 0.015054932562301393, 2.049100785017515, 1.0], [0.007890355714122416, 0.015054932562301282, 2.049100785017501, 1.0], [0.007890355714122388, 0.015054932562301226, 2.049100785017515, 1.0], [0.007890355714122027, 0.015054932562301282, 2.049100785017515, 1.0], [0.007890355714122443, 0.015054932562301393, 2.049100785017501, 1.0], [0.007890355714122, 0.015054932562301171, 2.049100785017501, 1.0], [0.008669662112323812, 0.014450329282263863, 2.2029592300695384, 1.0], [0.012725490081700208, 0.011303727510210915, 3.003701256834802, 1.0], [0.012725490081700208, 0.011303727510210804, 3.003701256834802, 1.0], [0.012725490081700236, 0.011303727510210915, 3.0037012568347734, 1.0], [0.012725490081700208, 0.011303727510210804, 3.0037012568348302, 1.0], [0.012725490081700569, 0.011303727510210915, 3.0037012568347734, 1.0], [0.01444962433459468, 0.00889782267531436, 3.452803364436818, 1.0], [0.014791770842104812, 0.008420381933516352, 3.541925610789491, 1.0], [0.014791770842105145, 0.008420381933516685, 3.541925610789491, 1.0], [0.014791770842104812, 0.008420381933516241, 3.5419256107894626, 1.0], [0.0148410758662188, 0.008306809117728409, 3.5515360841161225, 1.0], [0.016209998539788217, 0.005153532034352426, 3.818364770990655, 1.0], [0.016209998539787773, 0.005153532034352204, 3.8183647709906268, 1.0], [0.016209998539788217, 0.005153532034352537, 3.818364770990655, 1.0], [0.01620999853978783, 0.005153532034352315, 3.818364770990655, 1.0], [0.016209998539788162, 0.005153532034352426, 4.876426873371429, 1.0], [0.016209998539788217, 0.005153532034352426, 5.071265711471995, 1.0], [0.016209998539787773, 0.005153532034352315, 5.071265711471966, 1.0], [0.016479613330512843, 0.0013330684663049874, 7.040585025294348, 1.0], [0.016757696068972927, -0.0026073866116005373, 9.071755890283185, 1.0], [0.010738492169854397, -0.010500963513829786, 7.3518177506159645, 1.0], [0.007022946192357105, -0.015373526131527648, 6.290130965537713, 1.0], [0.00702294619235716, -0.015373526131527648, 6.290130965537799, 1.0], [0.0030719879951788265, -0.016591797319546298, 6.71120233940178, 1.0], [0.0027081418688388315, -0.016703988648958612, 6.749979056503719, 1.0], [0.0020027883036046745, -0.016795080146019048, 3.4221095632448453, 1.0], [0.0014146205675555912, -0.01687103790995481, 0.6471247014762582, 0.0]], [[0.0, 0.0, 0.0, 1.0], [-0.0011626993485623904, -0.007125540957168747, 13.271672827331624, 1.0], [7.299370020752427e-06, -0.003937419868712405, 3.1408817439245063, 1.0], [0.003728946097035002, 0.006203668515165545, 5.905746754585515, 1.0], [0.003728946097034891, 0.006203668515165628, 5.905746754585518, 1.0], [0.003728946097035002, 0.006203668515165572, 5.905746754585518, 1.0], [0.003728946097034891, 0.006203668515165545, 5.905746754585515, 1.0], [0.0036301648761819516, 0.006260218586187638, 3.786071230747389, 1.0], [0.003530605504001194, 0.006317214131688037, 1.6496979144791837, 1.0], [0.003530605504001305, 0.006317214131687954, 1.6496979144791766, 1.0], [0.003530605504001416, 0.006317214131687954, 1.6496979144791766, 1.0], [0.003530605504001305, 0.006317214131687926, 1.6496979144791837, 1.0], [0.003530605504001416, 0.006317214131687968, 1.6496979144791766, 1.0], [0.003530605504001194, 0.006317214131687926, 1.6496979144791837, 1.0], [0.003530605504001416, 0.00631721413168794, 1.6496979144791766, 1.0], [0.003530605504001194, 0.006317214131687954, 1.6496979144791766, 1.0], [0.003530605504001416, 0.006317214131687968, 1.6496979144791837, 1.0], [0.003352312005931668, 0.006399641874329856, 1.5231604226755096, 1.0], [0.0026073856989942135, 0.006744032413413689, 0.9944753753861875, 1.0], [0.0026073856989942135, 0.006744032413413675, 0.9944753753861875, 1.0], [0.0026073856989946576, 0.006744032413413627, 0.9944753753861946, 1.0], [0.0026073856989943245, 0.006744032413413717, 0.9944753753861946, 1.0], [0.0026073856989941024, 0.006744032413413592, 0.9944753753861875, 1.0], [0.0026073856989945465, 0.006744032413413627, 0.9944753753861875, 1.0], [0.0026073856989943245, 0.0067440324134137065, 0.9944753753861875, 1.0], [0.0026073856989942135, 0.006744032413413693, 0.9944753753861875, 1.0], [0.0026073856989942135, 0.006744032413413578, 0.9944753753861875, 1.0], [0.0026073856989945465, 0.00674403241341375, 0.9944753753862017, 1.0], [0.0026073856989943245, 0.0067440324134135235, 0.9944753753861875, 1.0], [0.0026073856989942135, 0.006744032413413693, 0.9944753753861875, 1.0], [0.0026073856989944355, 0.006744032413413637, 0.9944753753861875, 1.0], [0.0026073856989943245, 0.006744032413413667, 0.9944753753861875, 1.0], [0.0026073856989943245, 0.00674403241341372, 0.9944753753862017, 1.0], [0.0026073856989945465, 0.006744032413413637, 0.9944753753861875, 1.0], [0.002614801894711638, 0.0067411749590838115, 0.9996772527383655, 1.0], [0.0026825389039846215, 0.006715075943117772, 1.0471894312004082, 1.0], [0.0026825389039843994, 0.006715075943118029, 1.0471894312004082, 1.0], [0.0026825389039848435, 0.006715075943117772, 1.0471894312004082, 1.0], [0.0026825389039843994, 0.0067150759431178625, 1.047189431200394, 1.0], [0.0026825389039848435, 0.006715075943117779, 1.0471894312004082, 1.0], [0.0026825389039843994, 0.006715075943117821, 1.0471894312004082, 1.0], [0.0026825389039848435, 0.0067150759431179735, 1.0471894312004082, 1.0], [0.0026825389039843994, 0.0067150759431178625, 1.0471894312004082, 1.0], [0.0026825389039846215, 0.006715075943117779, 1.0471894312004082, 1.0], [0.0026825389039843994, 0.006715075943117821, 1.0471894312004082, 1.0], [0.0026825389039848435, 0.006715075943117779, 1.0471894312004082, 1.0], [0.0026825389039843994, 0.0067150759431178625, 1.0471894312004082, 1.0], [0.0026825389039843994, 0.006715075943118029, 1.047189431200394, 1.0], [0.0026825389039850656, 0.006715075943117779, 1.0471894312004224, 1.0], [0.0026825389039841774, 