{"text": "い", "text_ids": [2], "strokes": [[[0.0, 0.0, 0.0, 1.0], [-0.0004629401394515565, -0.021340765838680217, 9.361335910636546, 1.0], [-0.008008217733238733, -0.01811798950243051, 9.143175700731577, 1.0], [-0.006468450430879867, 0.008811273764154706, 31.50151067754426, 1.0], [-0.003731798240812047, 0.020964522531462925, 11.146590469612015, 1.0], [-0.003423720137114037, 0.02102028501551287, 6.088476439023168, 1.0], [-0.0033625170916286064, 0.021031362835736787, 5.0836274109079795, 1.0], [-0.0033625170916286133, 0.021031362835736783, 5.0836274109079795, 1.0], [-0.0027112831316329494, 0.021122528587235213, 4.123573266083, 1.0], [-0.002033998325305278, 0.021217341177088025, 3.1251147619438058, 1.0], [-0.0020339983253050836, 0.021217341177088053, 3.12511476194382, 1.0], [-0.002033998325305278, 0.021217341177088025, 3.1251147619438058, 1.0], [-0.0020339983253050975, 0.021217341177088067, 3.12511476194382, 1.0], [-0.0017946402720298224, 0.021239586788294545, 2.879459810559595, 1.0], [-0.0013877545755214757, 0.02127740219030891, 2.4618699921811924, 1.0], [-0.0013877545755216422, 0.021277402190309047, 2.4618699921811924, 1.0], [-0.0013877545755214687, 0.02127740219030891, 2.461869992181178, 1.0], [-0.0013877545755214618, 0.021277402190309047, 2.4618699921811924, 1.0], [-0.0013877545755214687, 0.02127740219030888, 2.4618699921811924, 1.0], [-0.0013877545755214687, 0.021277402190309103, 2.4618699921811924, 1.0], [-0.001234805718936277, 0.02128809900287104, 2.2031791297753074, 1.0], [-0.0010588772759590262, 0.021300402943030372, 1.9056216216535375, 1.0], [-0.0010588772759590262, 0.021300402943030372, 1.9056216216535233, 1.0], [-0.0010588772759588458, 0.021300402943030372, 1.9056216216535375, 1.0], [-0.0010588772759590193, 0.021300402943030594, 1.9056216216535375, 1.0], [-0.0010588772759590262, 0.021300402943030317, 1.9056216216535233, 1.0], [-0.001058877275958825, 0.021300402943030372, 1.9056216216535375, 1.0], [-0.0010588772759590262, 0.021300402943030428, 1.9056216216535233, 1.0], [-0.0009540952345814466, 0.021303182058684644, 1.9249283849518548, 1.0], [0.0004629401394515495, 0.021340765838680165, 2.1860262428684223, 1.0], [0.00046294013945156337, 0.021340765838680276, 2.1860262428684223, 1.0], [0.0004629401394515495, 0.021340765838680054, 2.1860262428684223, 1.0], [0.00046294013945155643, 0.021340765838680165, 2.1860262428684223, 1.0], [0.00046294013945155643, 0.021340765838680387, 2.1860262428684223, 1.0], [0.00046294013945155643, 0.021340765838679943, 2.1860262428684223, 1.0], [0.00046294013945155643, 0.021340765838680276, 2.1860262428684223, 1.0], [0.0013865206027098356, 0.021263340901796934, 2.3684570996355774, 1.0], [0.0036238801791229694, 0.02107578017386902, 2.8103930658656964, 1.0], [0.0036238801791229694, 0.02107578017386902, 2.8103930658656964, 1.0], [0.0036238801791229625, 0.02107578017386902, 2.8103930658656964, 1.0], [0.003623880179123143, 0.02107578017386902, 2.8103930658656964, 1.0], [0.0036238801791229763, 0.02107578017386913, 2.8103930658656964, 1.0], [0.0050200236748620675, 0.02064266939471837, 3.0355428603470216, 1.0], [0.00936437867941118, 0.019294966249111645, 3.736137490779555, 1.0], [0.009364378679411168, 0.019294966249111534, 3.7361374907795835, 1.0], [0.009364378679411166, 0.019294966249111645, 3.736137490779612, 1.0], [0.00936437867941117, 0.019294966249111423, 3.736137490779555, 1.0], [0.011298850282329513, 0.01824243662385372, 4.8290123188869245, 1.0], [0.011377960260615081, 0.018199393554277354, 4.873705300572311, 1.0], [0.011377960260614887, 0.01819939355427702, 4.873705300572254, 1.0], [0.013287911353902629, 0.016664911468239674, 7.318824624204069, 1.0], [0.015419278578272098, 0.014952540488659904, 10.04740087119609, 1.0], [0.019633846548958958, 0.007173201775134808, 12.965006005656619, 1.0], [0.017504500265678943, -0.00607848897513652, 11.41549994272134, 1.0], [0.014764582354492808, -0.015227859991829962, 9.456377290537489, 1.0], [0.01193257201945111, -0.017483348424890743, 5.8620757141770525, 1.0], [0.011453894820073168, -0.017864579691248772, 5.254553138781375, 1.0], [0.011453894820072974, -0.01786457969124855, 5.2545531387813185, 1.0], [0.009636817772379208, -0.01885278096921772, 4.4577499226804775, 1.0], [0.008523716991257396, -0.01945813098220117, 3.9696460839533643, 1.0], [0.00852371699125698, -0.01945813098220117, 3.9696460839532506, 1.0], [0.00852371699125723, -0.01945813098220095, 3.9696460839533074, 1.0], [0.008728721618709218, -0.01936247905298194, 6.667908002897832, 1.0], [0.009130908664000431, -0.01917482491430611, 11.96147626079619, 0.0]], [[0.0, 0.0, 0.0, 1.0], [0.005746962229949859, -0.005927288298092526, 11.962593042278284, 1.0], [0.007970193140972803, -4.396465240846803e-05, 19.470530020058604, 1.0], [0.00751115266921365, 0.0036470803510113003, 9.893749115204326, 1.0], [0.0072983520912625055, 0.00402998450227543, 8.136674372328223, 1.0], [0.007012317217325759, 0.0045446632766077966, 5.774910802807462, 1.0], [0.007012317217325537, 0.004544663276607908, 5.774910802807462, 1.0], [0.004955225303693078, 0.006414995561998038, 4.150029275896799, 1.0], [0.0038764546144932632, 0.007395826625098412, 3.2979163717347717, 1.0], [0.00387645461449293, 0.007395826625098356, 3.2979163717347717, 1.0], [0.003876454614493152, 0.007395826625098467, 3.297916371734786, 1.0], [0.003876454614493152, 0.007395826625098412, 3.2979163717347717, 1.0], [0.0035638075753181564, 0.007540470370563601, 2.6744805191616052, 1.0], [0.00325268165177528, 0.007684410383593299, 2.0540778570616425, 1.0], [0.003252681651775058, 0.00768441038359341, 2.0540778570616567, 1.0], [0.003252681651774836, 0.007684410383593354, 2.0540778570616425, 1.0], [0.003252681651775391, 0.007684410383593299, 2.0540778570616425, 1.0], [0.003252681651774947, 0.00768441038359341, 2.0540778570616567, 1.0], [0.003252681651775391, 0.007684410383593521, 2.0540778570616425, 1.0], [0.003252681651774947, 0.007684410383593354, 2.0540778570616567, 1.0], [0.0030517672734700074, 0.007754076954943123, 2.002802581981584, 1.0], [0.0023597264946773056, 0.007994040409522452, 1.8261871421183002, 1.0], [0.0023597264946770835, 0.007994040409522452, 1.8261871421183145, 1.0], [0.0023597264946770835, 0.007994040409522452, 1.8261871421183002, 1.0], [0.0023597264946773056, 0.007994040409522618, 1.8261871421183145, 1.0], [0.0023597264946770835, 0.007994040409522452, 1.8261871421183002, 1.0], [0.0023597264946769725, 0.007994040409522452, 1.8261871421183145, 1.0], [0.0023597264946771945, 0.007994040409522452, 1.8261871421183002, 1.0], [0.0023597264946773056, 0.007994040409522618, 1.8261871421183145, 1.0], [0.0016235244526069392, 0.008126680956305254, 1.7103017266667706, 1.0], [0.0007716306614182766, 0.008280165532287165, 1.5762052962427617, 1.0], [0.0007716306614177215, 0.008280165532287387, 1.5762052962427617, 1.0], [0.0007716306614181656, 0.008280165532287165, 1.5762052962427475, 1.0], [0.0007716306614181656, 0.00828016553228722, 1.5762052962427617, 1.0], [0.0007716306614181656, 0.00828016553228722, 1.5762052962427617, 1.0], [0.0007716306614181656, 0.008280165532287276, 1.5762052962427475, 1.0], [0.0007716306614182766, 0.008280165532287165, 1.5762052962427617, 1.0], [0.0007716306614180546, 0.008280165532287165, 1.5762052962427617, 1.0], [0.0007716306614182766, 0.008280165532287387, 1.5762052962427475, 1.0], [0.0007716306614181656, 0.008280165532287165, 1.5762052962427475, 1.0], [-0.0008994679155698293, 0.008165433992263105, 1.631809688597201, 1.0], [-0.0016924686958135204, 0.008110989447811745, 1.6581961191340895, 1.0], [-0.0016924686958135204, 0.008110989447811412, 1.658196119134118, 1.0], [-0.0016924686958135204, 0.008110989447811634, 1.658196119134118, 1.0], [-0.0016924686958136315, 0.008110989447811634, 1.6581961191340895, 1.0], [-0.0016924686958134094, 0.008110989447811523, 1.658196119134118, 1.0], [-0.0016924686958135204, 0.008110989447811634, 1.6581961191340895, 1.0], [-0.0016924686958135204, 0.008110989447811634, 1.658196119134118, 1.0], [-0.0016924686958135204, 0.008110989447811634, 