{"text": "い", "text_ids": [2], "strokes": [[[0.0, 0.0, 0.0, 1.0], [-0.0005961895706978467, -0.024138385353358358, 14.052957904051226, 1.0], [0.0025165874634021077, 0.012493414568021987, 31.96381291913314, 1.0], [-0.0009279864781402045, 0.0243572280443574, 8.229787946170859, 1.0], [-0.0008485668888738987, 0.024353008817666888, 8.118408388537013, 1.0], [0.00044413671937137446, 0.024284332945412747, 6.305496015549338, 1.0], [0.000444136719371692, 0.024284332945412872, 6.305496015549338, 1.0], [-0.0002729152670982054, 0.024313721266504537, 5.2930836124571385, 1.0], [-0.0015376547418976356, 0.024365556517621775, 3.5073861245085283, 1.0], [-0.001537654741897643, 0.024365556517621817, 3.5073861245085283, 1.0], [-0.0015376547418976343, 0.02436555651762179, 3.5073861245085425, 1.0], [-0.0015376547418976334, 0.02436555651762176, 3.5073861245085283, 1.0], [-0.002363937015309938, 0.02434012890357007, 2.9523800997110783, 1.0], [-0.0031423798957655224, 0.024316173476033542, 2.429507344824316, 1.0], [-0.003142379895765518, 0.024316173476033487, 2.429507344824316, 1.0], [-0.003142379895765504, 0.02431617347603343, 2.429507344824316, 1.0], [-0.0031423798957655215, 0.024316173476033542, 2.42950734482433, 1.0], [-0.003142379895765504, 0.02431617347603343, 2.429507344824316, 1.0], [-0.0031423798957655076, 0.02431617347603343, 2.429507344824316, 1.0], [-0.0031953735493665952, 0.024312711950666532, 2.21221607549937, 1.0], [-0.00324476283375846, 0.02430948586132986, 2.009703895882623, 1.0], [-0.003244762833758477, 0.024309485861329916, 2.009703895882609, 1.0], [-0.003244762833758831, 0.024309485861330027, 2.009703895882609, 1.0], [-0.0032447628337584702, 0.02430948586132986, 2.009703895882609, 1.0], [-0.0032447628337584633, 0.02430948586132997, 2.009703895882609, 1.0], [-0.003244762833758838, 0.02430948586132997, 2.009703895882623, 1.0], [-0.0032447628337584702, 0.02430948586132986, 2.009703895882609, 1.0], [-0.0026481069007716906, 0.024336712587786802, 2.340207164426772, 1.0], [-0.002172085453711177, 0.024358434496528525, 2.6038878478033496, 1.0], [-0.002172085453711184, 0.024358434496528747, 2.603887847803378, 1.0], [-0.002172085453711191, 0.024358434496528636, 2.6038878478033496, 1.0], [-0.00217208545371117, 0.024358434496528636, 2.6038878478033496, 1.0], [-0.002172085453711184, 0.024358434496528636, 2.6038878478033496, 1.0], [-0.0020166142055219466, 0.024344623177073643, 2.641172761377703, 1.0], [0.0034749359969978716, 0.023856780215534834, 3.958149225350894, 1.0], [0.0034749359969975455, 0.023856780215534945, 3.9581492253509225, 1.0], [0.003474935996997837, 0.023856780215535167, 3.9581492253509225, 1.0], [0.0034749359969978508, 0.023856780215535056, 3.9581492253509225, 1.0], [0.005674254548608794, 0.023309688243541626, 5.40126930695385, 1.0], [0.005707206719989019, 0.023301491218872927, 5.422891431777856, 1.0], [0.005707206719988686, 0.02330149121887304, 5.422891431777856, 1.0], [0.0131319467138385, 0.01950302192328679, 11.40908472723018, 1.0], [0.01940035751285956, 0.007942737422355517, 14.716596478191036, 1.0], [0.021900935224270304, -0.010015516602364882, 11.75669983614091, 1.0], [0.019070167778917266, -0.016676180239710625, 6.241746143913105, 1.0], [0.019070167778916534, -0.016676180239710514, 6.241746143913019, 1.0], [0.014298934150807331, -0.020657522657740235, 4.400439326427971, 1.0], [0.01393221349693681, -0.020963531671052804, 4.258915080768276, 1.0], [0.013932213496936421, -0.020963531671052582, 4.258915080768276, 1.0], [0.013932213496936754, -0.020963531671052804, 4.258915080768304, 1.0], [0.016669570863527827, -0.01898424650144348, 3.7169159101621574, 1.0], [0.016853624855314414, -0.01885116364540218, 3.6804730576092766, 1.0], [0.016853624855314414, -0.01885116364540229, 3.6804730576092766, 1.0], [0.016853624855314386, -0.01885116364540229, 3.6804730576092766, 1.0], [0.01755267274295, -0.0182098986896867, 4.044832925169828, 1.0], [0.018038992212354887, -0.01776377813267216, 4.298313839136938, 1.0], [0.018038992212355193, -0.017763778132672048, 4.298313839136881, 1.0], [0.018038992212355, -0.01776377813267238, 4.298313839136938, 1.0], [0.01933126269267882, -0.016300034726537405, 4.8788582900315305, 1.0], [0.02007505221937328, -0.015457550872089665, 5.213001094445019, 1.0], [0.020075052219373335, -0.015457550872089887, 5.213001094445076, 1.0], [0.020767571107961125, -0.014457456050785189, 7.369197199095311, 1.0], [0.021299790303989596, -0.013688856564880614, 9.026291288815628, 1.0], [0.020464451077704726, -0.014895204071075918, 3.8698605579244827, 0.0]], [[0.0, 0.0, 0.0, 1.0], [0.0011906762159265005, -0.007243702689097908, 9.358216282166188, 1.0], [0.0011906762159265005, -0.007243702689097742, 1.8582162822098418, 1.0], [0.004719680812798721, -0.003987858405232331, 3.955349606331879, 1.0], [0.007292812576779828, -0.001613898237309147, 5.48444944779583, 1.0], [0.0072831295973472265, -0.0015181172236237717, 5.449710795147613, 1.0], [0.006915321755965542, 0.0021201232719471885, 4.130163549162113, 1.0], [0.006915321755964987, 0.0021201232719471885, 4.130163549162109, 1.0], [0.006915321755965431, 0.0021201232719471608, 4.13016354916212, 1.0], [0.006915321755964987, 0.002120123271947244, 4.130163549162106, 1.0], [0.0040384491665222955, 0.00566873961790007, 2.826051404269805, 1.0], [0.003752502251908374, 0.006021454541388971, 2.6964291034732497, 1.0], [0.003752502251908374, 0.006021454541389026, 2.696429103473257, 1.0], [0.003752502251908374, 0.006021454541388971, 2.696429103473257, 1.0], [0.003752502251908707, 0.006021454541388971, 2.6964291034732497, 1.0], [0.003752502251908374, 0.006021454541389026, 2.6964291034732497, 1.0], [0.0024515865710876827, 0.006607713962365702, 2.1785270127314647, 1.0], [0.0016020742068809657, 0.006990547864742791, 1.8403312049478018, 1.0], [0.0016020742068810767, 0.0069905478647428465, 1.8403312049478018, 1.0], [0.0016020742068809657, 0.006990547864742791, 1.8403312049478018, 1.0], [0.0016020742068811877, 0.0069905478647428465, 1.8403312049478018, 1.0], [0.0016020742068807436, 0.006990547864742791, 1.840331204947816, 1.0], [0.0016020742068812988, 0.0069905478647428465, 1.8403312049478018, 1.0], [0.0016020742068808547, 0.0069905478647428465, 1.8403312049478018, 1.0], [0.0016020742068811877, 0.0069905478647427355, 1.8403312049478018, 1.0], [0.0002636454421114376, 0.007230948758402467, 1.8797838620005223, 1.0], [0.00013267721345489036, 0.00725447252002398, 1.8836443921579473, 1.0], [0.00013267721345533445, 0.007254472520024036, 1.8836443921579473, 1.0], [0.00013267721345500139, 0.00725447252002398, 1.8836443921579473, 1.0], [0.00013267721345500139, 0.00725447252002398, 1.8836443921579473, 1.0], [0.00013267721345533445, 0.007254472520023925, 1.8836443921579615, 1.0], [0.0001326772134551124, 0.00725447252002398, 1.8836443921579473, 1.0], [0.00013267721345489036, 0.007254472520024036, 1.8836443921579473, 1.0], [0.00013267721345533445, 0.00725447252002398, 1.8836443921579615, 1.0], [-0.0004996195040976037, 0.0072752454843807435, 1.764303918988574, 1.0], [-0.0005811279550109738, 0.007277923297025701, 1.7489199120353902, 1.0], [-0.0005811279550109738, 0.00727792329702559, 1.7489199120353902, 1.0], [-0.0005811279550108628, 0.007277923297025701, 1.7489199120353902, 1.0], [-0.0005811279550113069, 0.007277923297025701, 1.7489199120353902, 1.0], [-0.0005811279550108628, 0.007277923297025535, 1.7489199120353902, 1.0], [-0.0005811279550110848, 0.007277923297025757, 1.748919912035376, 1.0], [-0.0005811279550108628, 0.007277923297025701, 1.7489199120353902, 1.0], [-0.0005811279550111959, 0.007277923297025535, 1.7489199120353902, 1.0], [-0.0010204706400041008, 0.00718776115594405, 1.7736801772180968, 1.0], [-0.0032353441161767638, 0.006733223635102259, 1.8985049586232066, 1.0], [-0.0032353441161764307, 0.006733223635102259, 1.8985049586231924, 1.0], [-0.0032353441161767638, 0.006733223635102259, 1.8985049586231924, 1.0], [-0.0032353441161767638, 0.0067332236351023145, 1.8985049586231924, 1.0], [-0.0032353441161767638, 0.0067332236351022035, 