{"text": "い", "text_ids": [2], "strokes": [[[0.0, 0.0, 0.0, 1.0], [-0.0024494294718950577, -0.02662990449979384, 8.460809757584428, 1.0], [-0.004879585076570011, -0.026018985976941807, 5.905921281907814, 1.0], [0.0149340212384311, -0.01670001961705573, 33.907179742802725, 1.0], [0.016577956593938327, 0.014940661143350659, 23.292610624907603, 1.0], [0.004875248725192391, 0.025687406125180532, 11.109070331532848, 1.0], [0.000976407949977158, 0.026843337393447835, 8.051439634479124, 1.0], [-0.0004293967910618639, 0.026931464214185716, 6.285645697841474, 1.0], [-0.0020191825910894842, 0.027031124404623543, 4.2887580474513385, 1.0], [-0.002019182591089491, 0.02703112440462363, 4.288758047451353, 1.0], [-0.0020191825910894946, 0.027031124404623644, 4.288758047451353, 1.0], [-0.0024735018046306775, 0.027026964712282914, 3.276518642898992, 1.0], [-0.002918041685511269, 0.027022894558341587, 2.286067940155249, 1.0], [-0.0029180416855112603, 0.027022894558341642, 2.286067940155263, 1.0], [-0.002918041685510901, 0.027022894558341615, 2.286067940155263, 1.0], [-0.0029180416855112672, 0.02702289455834167, 2.286067940155263, 1.0], [-0.002918041685511263, 0.027022894558341615, 2.286067940155249, 1.0], [-0.0029180416855109, 0.027022894558341504, 2.286067940155263, 1.0], [-0.002462749098197916, 0.027027063162776088, 2.2472137272451675, 1.0], [-0.002019182591089493, 0.02703112440462363, 2.209360206262801, 1.0], [-0.002019182591089493, 0.02703112440462363, 2.2093602062628293, 1.0], [-0.0020191825910894795, 0.027031124404623463, 2.209360206262801, 1.0], [-0.002019182591089493, 0.027031124404623685, 2.209360206262801, 1.0], [-0.002019182591089492, 0.02703112440462363, 2.2093602062628293, 1.0], [-0.0020191825910894808, 0.027031124404623463, 2.209360206262801, 1.0], [-0.0020191825910894877, 0.027031124404623574, 2.2093602062628293, 1.0], [-0.0012061955069529364, 0.02700997412154338, 2.6065185266187427, 1.0], [-0.0010179515594833637, 0.027005076857054555, 2.698478966646462, 1.0], [-0.0010179515594833533, 0.027005076857054333, 2.6984789666464906, 1.0], [-0.001017951559483709, 0.027005076857054333, 2.6984789666464906, 1.0], [-0.0010179515594833655, 0.027005076857054555, 2.6984789666464906, 1.0], [-0.0010179515594833446, 0.027005076857054222, 2.698478966646462, 1.0], [0.0004362634164578709, 0.02686455089763551, 2.9731433586779303, 1.0], [0.001821523363069611, 0.026730688307672112, 3.2347838914300837, 1.0], [0.001821523363069611, 0.026730688307672, 3.2347838914300837, 1.0], [0.001821523363069618, 0.026730688307672223, 3.2347838914300837, 1.0], [0.0018215233630696024, 0.026730688307672112, 3.2347838914300837, 1.0], [0.0028766107193485563, 0.026537034898634904, 4.285897103884508, 1.0], [0.0036859396110540633, 0.026388488621420736, 5.0921775376615415, 1.0], [0.003685939611053725, 0.026388488621420514, 5.0921775376615415, 1.0], [0.00484586928633419, 0.02601931468095442, 5.983360911949262, 1.0], [0.008785569240136832, 0.024765415770358845, 9.010264329748225, 1.0], [0.014464231226027323, 0.020275302022783492, 14.611588899967842, 1.0], [0.022725989582519424, -0.003497999993862577, 19.957213746841717, 1.0], [0.01776808515892945, -0.021223172814800573, 10.324681201015636, 1.0], [0.016029863257707486, -0.02303012884492639, 7.728326544856486, 1.0], [0.015645295186514793, -0.023270498278363028, 6.13694341278665, 1.0], [0.015355897404848648, -0.023451382719968272, 4.939384949929035, 1.0], [0.015355897404848662, -0.023451382719968383, 4.939384949929149, 1.0], [0.01567094190988627, -0.023251450678601904, 4.754263289265737, 1.0], [0.016306731216973874, -0.022847969100563192, 4.380670446102727, 1.0], [0.01630673121697357, -0.022847969100563525, 4.380670446102783, 1.0], [0.01630673121697357, -0.022847969100563748, 4.380670446102783, 1.0], [0.018209876428779942, -0.021230007909621373, 4.729819272184159, 1.0], [0.020529838436253667, -0.019257689418491375, 5.155436826976086, 1.0], [0.020529838436253972, -0.019257689418491153, 5.155436826976086, 1.0], [0.020655038595950415, -0.019116151693978956, 5.072799346039062, 1.0], [0.021347281399785922, -0.018333577043098903, 4.6158893736852065, 1.0], [0.02134728139978631, -0.018333577043098792, 4.615889373685263, 1.0], [0.021347281399785978, -0.018333577043098903, 4.6158893736852065, 1.0], [0.022680981027283775, -0.01650261697982136, 5.548003275005669, 1.0], [0.023288978535361382, -0.015667931918124656, 5.972928736153563, 1.0], [0.023288978535361105, -0.015667931918124767, 5.972928736153563, 1.0], [0.023548246832574338, -0.01524375325638283, 16.951498153075647, 0.0]], [[0.0, 0.0, 0.0, 1.0], [0.000916209107285848, -0.012265439722481647, 12.64922488726033, 1.0], [0.000916209107285848, -0.012265439722481508, 3.188878906859822, 1.0], [0.011628818967439836, -0.000767422609207466, 6.901610117653739, 1.0], [0.011364036455128845, 0.0024557930303435033, 6.546422710019851, 1.0], [0.01003963222105142, 0.006231390978737414, 5.673617063438076, 1.0], [0.010039632221051309, 0.006231390978737497, 5.673617063438073, 1.0], [0.008959129301171709, 0.00742624620626442, 4.63208084450401, 1.0], [0.007382331748483573, 0.009169920160233547, 3.112148106853688, 1.0], [0.0073823317484831286, 0.009169920160233547, 3.1121481068537022, 1.0], [0.007382331748483573, 0.009169920160233547, 3.112148106853688, 1.0], [0.007382331748483462, 0.009169920160233547, 3.112148106853695, 1.0], [0.007382331748483462, 0.009169920160233547, 3.112148106853695, 1.0], [0.005194759362920021, 0.010636819250709917, 2.6666310700791485, 1.0], [0.00506536069833996, 0.010723588851859922, 2.6402779720117024, 1.0], [0.005065360698339738, 0.010723588851859839, 2.6402779720116882, 1.0], [0.005065360698340071, 0.010723588851859839, 2.6402779720117024, 1.0], [0.005065360698339738, 0.010723588851859839, 2.6402779720116882, 1.0], [0.00506536069833996, 0.010723588851859839, 2.6402779720117024, 1.0], [0.0031258042806087127, 0.011400457557088739, 2.217437525897907, 1.0], [0.0012279665369960835, 0.012062767229811033, 1.8036921195644595, 1.0], [0.0012279665369958614, 0.012062767229810867, 1.8036921195644453, 1.0], [0.0012279665369958614, 0.012062767229810867, 1.8036921195644453, 1.0], [0.0012279665369958614, 0.012062767229811033, 1.8036921195644595, 1.0], [0.0012279665369958614, 0.012062767229810867, 1.8036921195644453, 1.0], [0.0012279665369958614, 0.012062767229811033, 1.8036921195644453, 1.0], [0.0012279665369958614, 0.012062767229810867, 1.8036921195644595, 1.0], [0.0012279665369958614, 0.012062767229810867, 1.8036921195644453, 1.0], [-0.00013303241345186123, 0.012191412031156923, 1.9712448128847058, 1.0], [-0.000916209107285848, 0.01226543972248162, 2.0676617604175505, 1.0], [-0.000916209107285848, 0.01226543972248162, 2.0676617604175505, 1.0], [-0.000916209107285848, 0.012265439722481453, 2.0676617604175647, 1.0], [-0.000916209107285626, 0.012265439722481675, 2.0676617604175505, 1.0], [-0.000916209107285848, 0.01226543972248162, 2.0676617604175505, 1.0], [-0.000916209107285848, 0.01226543972248162, 2.0676617604175647, 1.0], [-0.000916209107285848, 0.01226543972248162, 2.0676617604175505, 1.0], [-0.001504974870578435, 0.012235203758240165, 2.011939019311342, 1.0], [-0.0023421558777707574, 0.012192210471987597, 1.9327054370766916, 1.0], [-0.0023421558777707574, 0.012192210471987708, 1.9327054370767058, 1.0], [-0.0023421558777702023, 0.012192210471987541, 1.9327054370766916, 1.0], [-0.0023421558777706464, 0.012192210471987597, 1.93270543707672, 1.0], [-0.0023421558777708684, 0.012192210471987597, 1.9327054370766916, 1.0], [-0.0023421558777706464, 0.012192210471987708, 1.9327054370767058, 1.0], [-0.0023421558777702023, 0.012192210471987597, 1.9327054370766916, 1.0], [-0.0023421558777706464, 0.012192210471987708, 1.9327054370767058, 1.0], [-0.004139467925622919, 0.011753452109696028, 2.11949396825041, 1.0], [-0.0052554507228500524, 0.011481019292567174, 2.2354742665844185, 1.0], [-0.0052554507228500524, 0.01148101929256673, 2.2354742665843617, 1.0], [-0.00525545072284983, 0.011481019292567063, 2.2354742665844185, 1.0], 