{"text": "う", "text_ids": [3], "strokes": [[[0.0, 0.0, 0.0, 1.0], [0.0007428994616481069, -0.004007437329846332, 9.84381482032667, 1.0], [-0.0021415343866207815, -0.0028735476304535953, 2.511545985521437, 1.0], [-0.0029505449407321066, -0.002555520321712583, 0.45503050103666887, 1.0], [-0.002950544940731826, -0.0025555203217125563, 0.45503050103666887, 1.0], [-0.0029505449407318217, -0.002555520321712591, 0.4550305010366671, 1.0], [-0.003371226193677754, -0.0017241377196183637, 4.075821307434037, 1.0], [-0.002979441420412402, 0.00018608702352219259, 9.846659728686333, 1.0], [0.002332377955730179, 0.0031163367016706894, 9.860889967279974, 1.0], [0.0021102360811194477, 0.0032621608019002893, 6.73070403082847, 1.0], [0.0018305084302146293, 0.0034457868430235157, 2.7890808657592174, 1.0], [0.0018305084302149156, 0.003445786843023509, 2.7890808657592245, 1.0], [0.0018305084302146293, 0.0034457868430235157, 2.7890808657592245, 1.0], [0.0018305084302146293, 0.003445786843023515, 2.7890808657592245, 1.0], [0.0018305084302149164, 0.0034457868430235097, 2.7890808657592245, 1.0], [0.0018006202885228412, 0.0034623024516009992, 2.383295425145434, 1.0], [0.001744482253195707, 0.003493323243302827, 1.6211203245503825, 1.0], [0.0017444822531959858, 0.0034933232433028566, 1.6211203245503825, 1.0], [0.0017444822531956995, 0.0034933232433028635, 1.6211203245503896, 1.0], [0.001744482253195707, 0.003493323243302829, 1.6211203245503754, 1.0], [0.001744482253195706, 0.0034933232433028254, 1.6211203245503896, 1.0], [0.0017444822531957017, 0.003493323243302867, 1.6211203245503896, 1.0], [0.001744482253195699, 0.0034933232433028566, 1.6211203245503754, 1.0], [0.0017444822531959905, 0.0034933232433028566, 1.6211203245503896, 1.0], [0.001744482253195706, 0.003493323243302829, 1.6211203245503896, 1.0], [0.001744482253195706, 0.003493323243302829, 1.6211203245503754, 1.0], [0.0018185383777881356, 0.003452401262299558, 1.4260677339420766, 1.0], [0.0018305084302146224, 0.003445786843023553, 1.394540432879623, 1.0], [0.0018305084302146363, 0.0034457868430234836, 1.3945404328796087, 1.0], [0.0018305084302149173, 0.0034457868430235114, 1.3945404328796087, 1.0], [0.0018305084302146224, 0.003445786843023546, 1.3945404328796087, 1.0], [0.0018305084302146397, 0.0034457868430234906, 1.3945404328796087, 1.0], [0.0018305084302149104, 0.0034457868430235045, 1.3945404328796087, 1.0], [0.0018305084302146259, 0.003445786843023546, 1.394540432879623, 1.0], [0.0018305084302146328, 0.0034457868430234906, 1.3945404328796087, 1.0], [0.0018305084302146363, 0.0034457868430234767, 1.3945404328796087, 1.0], [0.0018305084302149, 0.003445786843023574, 1.3945404328796087, 1.0], [0.0018305084302146432, 0.0034457868430234767, 1.3945404328796087, 1.0], [0.001988425502224639, 0.0033499286181399024, 1.4140340984979218, 1.0], [0.002066043919201177, 0.003302812979691358, 1.423615503770364, 1.0], [0.002066043919201177, 0.003302812979691344, 1.4236155037703497, 1.0], [0.00206604391920117, 0.0033028129796914274, 1.423615503770364, 1.0], [0.0020660439192014546, 0.003302812979691455, 1.4236155037703497, 1.0], [0.00206604391920117, 0.003302812979691344, 1.423615503770364, 1.0], [0.00206604391920117, 0.003302812979691372, 1.4236155037703497, 1.0], [0.00206604391920117, 0.0033028129796914135, 1.423615503770364, 1.0], [0.002066043919201156, 0.0033028129796914274, 1.4236155037703497, 1.0], [0.002066043919201177, 0.003302812979691344, 1.423615503770364, 1.0], [0.0020660439192014476, 0.0033028129796914413, 1.423615503770364, 1.0], [0.0019272996853024887, 0.00338501245608705, 1.5088329222232488, 1.0], [0.0017444822531959836, 0.0034933232433028427, 1.6211203245503611, 1.0], [0.00174448225319572, 0.0034933232433028427, 1.6211203245503896, 1.0], [0.0017444822531956783, 0.0034933232433028982, 1.6211203245503896, 1.0], [0.001744482253195706, 0.0034933232433028427, 1.6211203245503896, 1.0], [0.001744482253195706, 0.003493323243302815, 1.6211203245503754, 1.0], [0.001744482253195706, 0.0034933232433028427, 1.6211203245503896, 1.0], [0.0017444822531959975, 0.0034933232433028427, 1.6211203245503754, 1.0], [0.0017444822531956922, 0.0034933232433028982, 1.6211203245503896, 1.0], [0.0017444822531956922, 0.003493323243302815, 1.6211203245503896, 1.0], [0.001744482253195706, 0.0034933232433028427, 1.6211203245503754, 1.0], [-0.0006058322579786668, 0.0039791070660235295, 12.491160216511261, 1.0], [0.0006259114285374762, 0.0038301017938245085, 3.864457004771026, 1.0], [0.0011428906015562568, 0.0037631248436724996, 0.36685731826952406, 1.0], [0.0011428906015564927, 0.003763124843672583, 0.36685731826949564, 0.0]], [[-0.23513643989429558, 0.42944963048188456, 0.0, 1.0], [-0.020714940282411193, 0.0005726334957924517, 14.05392184876744, 1.0], [-0.009636020792726796, -0.002899605110463943, 26.639426934536615, 1.0], [0.01720830652231728, -0.012976366318308119, 18.257581766105623, 1.0], [0.017208306522317557, -0.012976366318308064, 8.88444186945543, 1.0], [0.01720830652231725, -0.012976366318308008, 8.35990714416208, 1.0], [0.016623270916483024, -0.013713114671279392, 5.569822005226598, 1.0], [0.016560957418932543, -0.013791587444953735, 5.272643574141767, 1.0], [0.016560957418932515, -0.013791587444953901, 5.272643574141767, 1.0], [0.018115179185993008, -0.011449639656202493, 5.23369641428458, 1.0], [0.018848086517434137, -0.010345272994632448, 5.21533052879569, 1.0], [0.018848086517434165, -0.010345272994632615, 5.215330528795704, 1.0], [0.01958840500243543, -0.008123906970122219, 5.420532056942079, 1.0], [0.02061104101374045, -0.005055431797643506, 5.7039863762772285, 1.0], [0.020611041013740186, -0.005055431797643617, 5.7039863762772285, 1.0], [0.020578002995918145, -0.0006967493119663382, 6.558434856225404, 1.0], [0.02055730971943269, 0.0020333001200233403, 7.093616438047945, 1.0], [0.02027142097857909, 0.0029882999633642493, 7.224735954187253, 1.0], [0.01924801890127167, 0.006406933451996832, 7.6941073075047655, 1.0], [0.01923625201884678, 0.006430480399972405, 7.6951714778487315, 1.0], [0.017921544754667285, 0.009061367871673054, 7.814070641706394, 1.0], [0.017921544754667312, 0.009061367871672998, 7.814070641706422, 1.0], [0.012098648357589004, 0.015588974651225274, 7.1907405473537835, 1.0], [0.011864119688808128, 0.015851886924419856, 7.165634694996072, 1.0], [0.009741193953929389, 0.017169164120772573, 6.8078602039175, 1.0], [0.008258899933499403, 0.018088928801807402, 6.558050716908639, 1.0], [0.008258899933499375, 0.01808892880180768, 6.558050716908639, 1.0], [0.0073393833134905995, 0.018524341064173333, 5.7277393964519945, 1.0], [0.007336259358716901, 0.018525820328589016, 5.724918506696611, 1.0], [0.005648062724569469, 0.018919105406949965, 5.51557130974183, 1.0], [-0.001028831241909084, 0.02047456566181599, 4.6875936867720895, 1.0], [-0.001028831241909084, 0.020474565661816158, 4.687593686772146, 1.0], [-0.0010288312419093615, 0.020474565661815936, 4.6875936867720895, 1.0], [-0.0037220571916399825, 0.02025913939628865, 3.8117041564620706, 1.0], [-0.005710908424236383, 0.020100054788563804, 3.1648910020925314, 1.0], [-0.0057109084242360775, 0.02010005478856358, 3.164891002092503, 1.0], [-0.0057109084242364105, 0.020100054788563804, 3.1648910020925314, 1.0], [-0.005710908424236355, 0.02010005478856358, 3.1648910020925314, 1.0], [-0.007984766108818236, 0.019370080845839577, 2.977315486107557, 1.0], [-0.010085781641148109, 0.01869559422239886, 2.8039980989898936, 1.0], [-0.010085781641148081, 0.01869559422239886, 2.8039980989898936, 1.0], [-0.010085781641148095, 0.018695594222398748, 2.8039980989898368, 1.0], [-0.010085781641148109, 0.01869559422239886, 2.8039980989898936, 1.0], [-0.010085781641148081, 0.018695594222398748, 2.8039980989898936, 1.0], [-0.010806205408320557, 0.018324447362025542, 2.815153952397793, 1.0], [-0.01166226205956046, 0.017883425351249538, 2.8284100982181712, 1.0], [-0.011662262059560516, 0.01788342535124976, 2.8284100982181144, 1.0], [-0.011662262059560793, 0.017883425351249538, 2.8284100982181712, 1.0], 