{"text": "う", "text_ids": [3], "strokes": [[[0.0, 0.0, 0.0, 1.0], [-0.0002484457424141948, -0.003318574115147003, 4.537553071511145, 1.0], [-0.0002484457424141973, -0.0033185741151470377, 4.537553071511145, 1.0], [7.831683297898401e-05, -0.003209604882573964, 4.12483946550987, 1.0], [0.0021716639898118903, -0.0025115125967159774, 1.4808620985504835, 1.0], [0.002158176967935351, -0.0019499984007771889, 1.6151154957775855, 1.0], [0.0020481256491737976, 0.002631841706874846, 2.710595546776517, 1.0], [0.0020481256491739295, 0.002631841706874803, 2.710595546776517, 1.0], [0.002048125649173801, 0.002631841706874846, 2.710595546776517, 1.0], [0.0020481256491739312, 0.002631841706874837, 2.7105955467765206, 1.0], [0.0020481256491737976, 0.002631841706874813, 2.7105955467765206, 1.0], [0.0027084273401899953, 0.0019322654097586123, 1.7982228232044655, 1.0], [0.0027474080411294018, 0.001890966144902492, 1.7443611887928476, 1.0], [0.002747408041129395, 0.0018909661449024928, 1.744361188792844, 1.0], [0.0027474080411293983, 0.001890966144902492, 1.7443611887928512, 1.0], [0.0027474080411293983, 0.0018909661449024928, 1.7443611887928512, 1.0], [0.002747408041129395, 0.001890966144902492, 1.7443611887928512, 1.0], [0.0027474080411293983, 0.0018909661449024937, 1.744361188792844, 1.0], [0.0027474080411293983, 0.0018909661449024902, 1.7443611887928512, 1.0], [0.0027474080411293983, 0.0018909661449024937, 1.744361188792844, 1.0], [0.002377200595861294, 0.0023191081901501424, 1.8285095924855312, 1.0], [0.002267767704096091, 0.0024456664825255707, 1.8533837630924026, 1.0], [0.002267767704095945, 0.002445666482525581, 1.8533837630924026, 1.0], [0.002267767704095952, 0.0024456664825255776, 1.8533837630923955, 1.0], [0.002267767704095952, 0.002445666482525581, 1.8533837630924026, 1.0], [0.002267767704095952, 0.002445666482525581, 1.8533837630924026, 1.0], [0.002267767704096077, 0.002445666482525609, 1.8533837630924026, 1.0], [0.002267767704095959, 0.002445666482525581, 1.8533837630924026, 1.0], [0.002267767704095945, 0.002445666482525581, 1.8533837630924026, 1.0], [0.002555279262207187, 0.002113161590753483, 1.8533837630924026, 1.0], [0.0027474080411293983, 0.0018909661449024867, 1.8533837630923955, 1.0], [0.0027474080411293983, 0.0018909661449024937, 1.8533837630924097, 1.0], [0.0027474080411293983, 0.001890966144902459, 1.8533837630923955, 1.0], [0.0027474080411293983, 0.0018909661449024937, 1.8533837630924097, 1.0], [0.0027474080411293983, 0.0018909661449024867, 1.8533837630923955, 1.0], [0.0027474080411293983, 0.0018909661449025006, 1.8533837630924097, 1.0], [0.002747408041129537, 0.0018909661449024798, 1.8533837630923955, 1.0], [0.0027474080411293844, 0.0018909661449024937, 1.8533837630924097, 1.0], [0.0029297764417412497, 0.0015173082417743594, 1.9476331441751427, 1.0], [0.0031744810318148214, 0.001015928596474508, 2.0740983436568143, 1.0], [0.00317448103181478, 0.001015928596474508, 2.0740983436568285, 1.0], [0.0031744810318147937, 0.0010159285964745149, 2.0740983436568143, 1.0], [0.0031744810318148214, 0.001015928596474508, 2.0740983436568143, 1.0], [0.0031744810318149186, 0.001015928596474494, 2.0740983436568285, 1.0], [0.0031744810318148076, 0.0010159285964745218, 2.0740983436568143, 1.0], [0.0031744810318147937, 0.001015928596474508, 2.0740983436568143, 1.0], [0.0027101036040322185, 0.0018468896686400643, 2.5895310061908248, 1.0], [0.0025230193282477498, 0.0021816599246652774, 2.7971839639287026, 1.0], [0.0025230193282479024, 0.002181659924665194, 2.797183963928674, 1.0], [0.0025230193282477636, 0.002181659924665222, 2.7971839639287026, 1.0], [0.0025230193282478885, 0.002181659924665208, 2.797183963928674, 1.0], [0.0025230193282479024, 0.002181659924665194, 2.7971839639287026, 1.0], [0.0028770417984980007, 0.0016059883969744837, 2.7059940216399525, 1.0], [0.0030802867494048036, 0.0012754943147734316, 2.6536417081538985, 1.0], [0.003080286749404637, 0.0012754943147733483, 2.653641708153856, 1.0], [0.003080286749404859, 0.0012754943147734038, 2.6536417081538985, 1.0], [0.0030802867494048036, 0.0012754943147734038, 2.653641708153856, 1.0], [0.0030802867494048036, 0.0012754943147734038, 2.6536417081538985, 1.0], [0.0027657702171229037, 0.0016392302501698902, 3.189815368315763, 1.0], [0.0017068058453299784, 0.0028639143503387254, 4.995090274172043, 1.0], [0.0017068058453298118, 0.002863914350338656, 4.995090274171986, 1.0], [0.0017279024933071208, 0.002846280138517343, 4.8787409109436055, 1.0], [0.0025230193282477498, 0.0021816599246652774, 0.49362069951681065, 1.0], [0.0025230193282478885, 0.002181659924665194, 0.49362069951683907, 0.0]], [[0.0, 0.0, 0.0, 1.0], [-0.01750521315256027, 0.005610138202388759, 15.749756291229204, 1.0], [-0.009896705696377267, -0.010169199053391975, 19.017023836693653, 1.0], [0.004950781056993231, -0.017647079179237246, 14.000994636675252, 1.0], [0.0091290063110493, -0.01614272418842122, 9.190613951984382, 1.0], [0.010047535699110419, -0.015538853945398778, 7.856143111520225, 1.0], [0.01116367576864652, -0.014805068196354632, 6.234576729399848, 1.0], [0.011163675768646644, -0.014805068196354465, 6.234576729399862, 1.0], [0.011862376766058273, -0.01424024568721094, 5.267915863724184, 1.0], [0.012127786518237104, -0.014025691245851568, 4.900718419108543, 1.0], [0.0121277865182371, -0.014025691245851513, 4.900718419108557, 1.0], [0.013729514022032097, -0.012182604350962689, 5.079410176250391, 1.0], [0.015610689751498309, -0.01001796003677824, 5.289277707272078, 1.0], [0.015610689751498326, -0.010017960036778073, 5.289277707272078, 1.0], [0.015988769288088303, -0.009299714355765154, 5.27702988687912, 1.0], [0.017148639797070472, -0.007096283852424612, 5.239456084812929, 1.0], [0.01714863979707061, -0.007096283852424556, 5.239456084812929, 1.0], [0.017150091758989225, -0.007091248442122, 5.240385593369254, 1.0], [0.018336990673728418, -0.002975077800207948, 6.000207653749072, 1.0], [0.018336990673728543, -0.0029750778002078926, 6.000207653749129, 1.0], [0.018370881877250056, -0.0026941153808149876, 6.040085738351991, 1.0], [0.01853874017844706, -0.0013025485575974827, 6.237596208352841, 1.0], [0.01853874017844695, -0.0013025485575974827, 6.237596208352841, 1.0], [0.018120808489404894, 0.0026706712654305798, 7.153541266703968, 1.0], [0.017845533075697556, 0.005287677248012601, 7.756838794700883, 1.0], [0.015210184243653224, 0.009157834870491655, 8.124175112436035, 1.0], [0.011437879318456967, 0.01469767630743668, 8.649989601867645, 1.0], [0.006825926693551254, 0.016726911332804573, 7.495723019503288, 1.0], [0.0032252478964248654, 0.018311191164902263, 6.594555217625356, 1.0], [0.0032252478964249764, 0.018311191164902263, 6.594555217625384, 1.0], [-0.0011752685087816905, 0.018527136821911316, 4.446279334803222, 1.0], [-0.0012482584517296558, 0.018530718642709887, 4.410646577261872, 1.0], [-0.0012482584517294892, 0.018530718642709776, 4.410646577261872, 1.0], [-0.002301268915773147, 0.01836939238912222, 4.247894248576841, 1.0], [-0.0042053398064873515, 0.018077679596274265, 3.953602803214295, 1.0], [-0.0042053398064874625, 0.018077679596274265, 3.953602803214352, 1.0], [-0.0042053398064874625, 0.018077679596274154, 3.953602803214295, 1.0], [-0.004320937400838831, 0.0180432039669427, 3.920486323078734, 1.0], [-0.006261418524839191, 0.01746447818695429, 3.3645759258328667, 1.0], [-0.006261418524839246, 0.017464478186953847, 3.3645759258328667, 1.0], [-0.006261418524839357, 0.01746447818695418, 3.364575925832895, 1.0], [-0.0062614185248392185, 0.01746447818695418, 3.3645759258328667, 1.0], [-0.00626305201307914, 0.01746386263417221, 3.362731636010267, 1.0], [-0.0067177440829164214, 0.01729251951607913, 2.849361575330022, 1.0], [-0.006717744082916255, 0.01729251951607902, 2.8493615753300787, 1.0], [-0.006717744082916255, 0.01729251951607902, 2.849361575330022, 1.0], [-0.0067177440829164214, 0.01729251951607924, 2.849361575330022, 1.0], [-0.00671774408291631, 0.017292519516078797, 2.8493615753300787, 1.0], [-0.006778616639265683, 