{"text": "う", "text_ids": [3], "strokes": [[[0.0, 0.0, 0.0, 1.0], [-0.004587011315472294, -0.00048653354057906815, 14.809728372761862, 1.0], [0.0011162287744911738, 0.003933849406196364, 6.519727069669733, 1.0], [0.0016146631092263525, 0.004320168515789567, 5.7952228897155, 1.0], [0.0016146631092263525, 0.004320168515789566, 4.6481188382694825, 1.0], [0.0016146631092263525, 0.0043201685157895665, 3.51852818304155, 1.0], [0.001614663109226211, 0.004320168515789549, 3.5185281830415605, 1.0], [0.0016146631092263533, 0.00432016851578957, 3.5185281830415533, 1.0], [0.0016146631092263516, 0.0043201685157895665, 3.5185281830415533, 1.0], [0.0019666007950852153, 0.004162978370919616, 2.620072523105314, 1.0], [0.002138161345724067, 0.004086352226881924, 2.1820985466410434, 1.0], [0.0021381613457239247, 0.004086352226881952, 2.1820985466410505, 1.0], [0.0021381613457240652, 0.004086352226881924, 2.1820985466410434, 1.0], [0.0021381613457239265, 0.004086352226881945, 2.1820985466410434, 1.0], [0.00213816134572406, 0.004086352226881959, 2.1820985466410434, 1.0], [0.0021381613457240704, 0.004086352226881931, 2.1820985466410434, 1.0], [0.0021381613457239247, 0.004086352226881945, 2.1820985466410505, 1.0], [0.002808272783739206, 0.0036464761138003884, 1.5772312561074742, 1.0], [0.002898256673026088, 0.003587408679320128, 1.4960084799886033, 1.0], [0.0028982566730259424, 0.0035874086793201004, 1.4960084799886175, 1.0], [0.002898256673026088, 0.0035874086793201004, 1.4960084799886033, 1.0], [0.002898256673026081, 0.003587408679320128, 1.4960084799886033, 1.0], [0.0028982566730259424, 0.0035874086793201143, 1.4960084799886033, 1.0], [0.002898256673026081, 0.0035874086793200866, 1.4960084799886175, 1.0], [0.002898256673026081, 0.003587408679320128, 1.4960084799886033, 1.0], [0.002898256673026081, 0.003587408679320128, 1.4960084799886033, 1.0], [0.0028982566730259424, 0.0035874086793201143, 1.4960084799886175, 1.0], [0.0029479946794722725, 0.0035439687156906957, 1.554029638661092, 1.0], [0.0031649649086274365, 0.0033544722011218248, 1.8071331502911505, 1.0], [0.0031649649086274573, 0.0033544722011218248, 1.8071331502911647, 1.0], [0.0031649649086274434, 0.003354472201121783, 1.8071331502911647, 1.0], [0.0031649649086274434, 0.0033544722011218525, 1.8071331502911505, 1.0], [0.0031649649086274434, 0.0033544722011218525, 1.8071331502911647, 1.0], [0.0031649649086274573, 0.003354472201121797, 1.8071331502911505, 1.0], [0.0031649649086275544, 0.0033544722011218803, 1.8071331502911647, 1.0], [0.0031649649086274573, 0.0033544722011217554, 1.8071331502911647, 1.0], [0.0031649649086274295, 0.0033544722011218664, 1.8071331502911505, 1.0], [0.0031649649086274573, 0.003354472201121783, 1.7617619314309962, 1.0], [0.0031649649086274434, 0.0033544722011218664, 1.6063405780351303, 1.0], [0.0031649649086274434, 0.003354472201121783, 1.6063405780351303, 1.0], [0.0031649649086274434, 0.0033544722011218386, 1.606340578035116, 1.0], [0.0031649649086274434, 0.003354472201121894, 1.6063405780351303, 1.0], [0.0031649649086274295, 0.003354472201121783, 1.6063405780351303, 1.0], [0.003164964908627471, 0.0033544722011217554, 1.606340578035116, 1.0], [0.0031649649086274295, 0.0033544722011218664, 1.6063405780351303, 1.0], [0.0031649649086274434, 0.0033544722011218664, 1.606340578035116, 1.0], [0.0031649649086274573, 0.0033544722011217554, 1.6063405780351303, 1.0], [0.0030047704697191563, 0.0034820652906839555, 1.7147334728322647, 1.0], [0.002561443344331518, 0.003835170417181427, 2.0147033768460005, 1.0], [0.0025614433443315043, 0.0038351704171813716, 2.0147033768459863, 1.0], [0.0025614433443314905, 0.0038351704171813716, 2.0147033768460147, 1.0], [0.002561443344331532, 0.0038351704171813994, 2.0147033768459863, 1.0], [0.002561443344331532, 0.0038351704171813716, 2.0147033768460005, 1.0], [0.002561443344331338, 0.0038351704171813716, 2.0147033768459863, 1.0], [0.002561443344331532, 0.0038351704171813716, 2.0147033768459863, 1.0], [0.0025614433443314766, 0.0038351704171813994, 2.0147033768460005, 1.0], [0.002048312746386116, 0.004123395065425112, 2.449242323857362, 1.0], [0.0019413205672682843, 0.004183492403831007, 2.539847462273542, 1.0], [0.0019413205672680622, 0.004183492403830952, 2.5398474622735137, 1.0], [0.0019413205672680345, 0.004183492403831007, 2.539847462273542, 1.0], [0.001941320567268312, 0.0041834924038309795, 2.5398474622735137, 1.0], [0.0019413205672680622, 0.004183492403830952, 2.539847462273542, 1.0], [0.0024464634247694794, 0.003868834576523955, 7.072561854060524, 1.0], [0.0028982566730259285, 0.00358740867932017, 11.126563069905217, 0.0]], [[-0.10737345881336709, 0.5849709295270966, 0.0, 1.0], [-0.014098177227215417, -0.017450463866162558, 18.18374469219705, 1.0], [-0.00460016456915921, -0.02112917307474016, 6.8709864229141395, 1.0], [0.003947089629674591, -0.021023475362997868, 9.425418282660885, 1.0], [0.012102950398406434, -0.018898055039604844, 11.41026934458963, 1.0], [0.01591381815597634, -0.015740458832675108, 8.60443272806387, 1.0], [0.016324321551812015, -0.015400325286175853, 8.302190421975972, 1.0], [0.017905883331292942, -0.013490437093227836, 5.781768131512884, 1.0], [0.0181738774581323, -0.013166808370486671, 5.354684991440536, 1.0], [0.018173877458132284, -0.013166808370486505, 5.35468499144055, 1.0], [0.019655711619072917, -0.010774115526252181, 4.393216546957802, 1.0], [0.019882898750891675, -0.010407280262946073, 4.245809189242664, 1.0], [0.019882898750891533, -0.010407280262946017, 4.245809189242678, 1.0], [0.01988289875089165, -0.010407280262945962, 4.245809189242664, 1.0], [0.021187236971086973, -0.007272042933550937, 4.364053447106485, 1.0], [0.021394092568013737, -0.006774824206661256, 4.38280585822568, 1.0], [0.021394092568013612, -0.006774824206661256, 4.38280585822568, 1.0], [0.02139409256801389, -0.006774824206661256, 4.38280585822568, 1.0], [0.0221592780275722, -0.0035141336834735304, 4.6364595049585375, 1.0], [0.022171464102343386, -0.0034622050718866038, 4.640499103811948, 1.0], [0.02217146410234372, -0.0034622050718866038, 4.640499103811948, 1.0], [0.022307684422198104, -0.0011914347215752352, 5.076565960328836, 1.0], [0.022425407970803196, 0.0007709974911136452, 5.453421174242237, 1.0], [0.0224254079708035, 0.0007709974911137008, 5.453421174242237, 1.0], [0.021786829722554024, 0.0038652699920900258, 5.981412617638341, 1.0], [0.020901754203823064, 0.008153961074827853, 6.713213774239875, 1.0], [0.020901754203823175, 0.008153961074827965, 6.713213774239847, 1.0], [0.015870478044558267, 0.015531796117465968, 6.769730466410721, 1.0], [0.015228175840106828, 0.016473664455032344, 6.776945493934619, 1.0], [0.010844516541823779, 0.019037948983307906, 7.300034589668627, 1.0], [0.006891765978456754, 0.02135016725212857, 7.771704620837227, 1.0], [0.004259739075521574, 0.02171222885505214, 6.86467125535512, 1.0], [-0.0008855700038957748, 0.022420017537133408, 5.091525621643996, 1.0], [-0.0008855700038957748, 0.022420017537133297, 5.091525621643967, 1.0], [-0.0008855700038957193, 0.02242001753713352, 5.091525621643967, 1.0], [-0.007419458648171506, 0.02117739803089702, 4.38313093340463, 1.0], [-0.0074224569837820775, 0.02117682780533625, 4.38280585822568, 1.0], [-0.0074224569837818, 0.02117682780533625, 4.38280585822568, 1.0], [-0.007650269227568562, 0.02108527590573883, 4.312051557707093, 1.0], [-0.009309138889510793, 0.020418618722564452, 3.7968370958702735, 1.0], [-0.00930913888951046, 0.02041861872256434, 3.796837095870245, 1.0], [-0.009309138889510793, 0.020418618722564452, 3.796837095870245, 1.0], [-0.00930913888951046, 0.02041861872256434, 3.7968370958702735, 1.0], [-0.010083122514010667, 0.02004609679699232, 3.442543792957565, 1.0], [-0.010162752993517432, 0.020007770276092907, 3.406092704453897, 1.0], [-0.010162752993517377, 0.020007770276092796, 3.406092704453897, 1.0], [-0.010162752993517488, 0.020007770276093018, 3.406092704453897, 1.0], [-0.010162752993517044, 0.020007770276093018, 3.406092704453897, 1.0], [-0.010904210113544643, 