{"text": "う", "text_ids": [3], "strokes": [[[0.0, 0.0, 0.0, 1.0], [0.0035116823776501094, -0.0025485277230659466, 8.776458826795709, 1.0], [0.003468303288571269, -0.0011345873404534092, 7.8381480660446154, 1.0], [0.0033625530907304317, 0.0023123378571792827, 5.550719936672731, 1.0], [0.003362553090730582, 0.0023123378571792644, 5.550719936672728, 1.0], [0.002474368334972818, 0.003078586885133162, 3.939688047705104, 1.0], [0.001853395786378706, 0.0036143083199608054, 2.8133384098917418, 1.0], [0.0018533957863787094, 0.003614308319960769, 2.8133384098917347, 1.0], [0.0018533957863787164, 0.00361430831996077, 2.8133384098917418, 1.0], [0.0018533957863785602, 0.0036143083199607854, 2.8133384098917347, 1.0], [0.0018533957863787164, 0.00361430831996077, 2.8133384098917418, 1.0], [0.0023412915661036038, 0.0032709876182332974, 2.4768043371503197, 1.0], [0.0027471625364416455, 0.002985385831667818, 2.1968482146925083, 1.0], [0.002747162536441642, 0.002985385831667818, 2.1968482146925083, 1.0], [0.0027471625364414998, 0.002985385831667832, 2.1968482146925155, 1.0], [0.0027471625364416524, 0.0029853858316677834, 2.1968482146925083, 1.0], [0.002747162536441486, 0.002985385831667832, 2.1968482146925083, 1.0], [0.0027471625364416524, 0.002985385831667818, 2.1968482146925083, 1.0], [0.0027471625364414998, 0.0029853858316677973, 2.1968482146925083, 1.0], [0.0029646438127850505, 0.0027737360860229446, 1.9054144981622443, 1.0], [0.0030164797840987814, 0.002723290041525217, 1.8359521976646107, 1.0], [0.00301647978409892, 0.002723290041525231, 1.835952197664625, 1.0], [0.003016479784098927, 0.002723290041525196, 1.8359521976645965, 1.0], [0.0030164797840987745, 0.002723290041525217, 1.835952197664625, 1.0], [0.00301647978409892, 0.002723290041525224, 1.8359521976646107, 1.0], [0.003016479784098927, 0.002723290041525203, 1.8359521976646107, 1.0], [0.003016479784098927, 0.002723290041525231, 1.8359521976646107, 1.0], [0.0030591045539430373, 0.0026704189834736575, 1.7981569974603673, 1.0], [0.0034762722631388326, 0.002152971071127399, 1.428256182853346, 1.0], [0.0034762722631389575, 0.002152971071127441, 1.428256182853346, 1.0], [0.0034762722631388188, 0.002152971071127413, 1.428256182853346, 1.0], [0.0034762722631389714, 0.002152971071127413, 1.428256182853346, 1.0], [0.003476272263138805, 0.002152971071127413, 1.428256182853346, 1.0], [0.0034762722631389714, 0.002152971071127441, 1.428256182853346, 1.0], [0.0034762722631389714, 0.002152971071127413, 1.428256182853346, 1.0], [0.0034762722631388188, 0.002152971071127413, 1.428256182853346, 1.0], [0.0034762722631389714, 0.002152971071127399, 1.428256182853346, 1.0], [0.003476272263138805, 0.002152971071127441, 1.428256182853346, 1.0], [0.0034762722631389853, 0.0021529710711273853, 1.428256182853346, 1.0], [0.0035024981081653445, 0.00211205666237628, 1.4697170130039723, 1.0], [0.0036142465378438543, 0.00193772020440737, 1.6463817747233236, 1.0], [0.003614246537844021, 0.0019377202044073838, 1.6463817747233378, 1.0], [0.0036142465378438543, 0.001937720204407356, 1.646381774723352, 1.0], [0.003614246537843868, 0.0019377202044073422, 1.6463817747233236, 1.0], [0.0036142465378438404, 0.001937720204407356, 1.6463817747233378, 1.0], [0.0036142465378440347, 0.0019377202044073977, 1.6463817747233378, 1.0], [0.0036142465378438404, 0.00193772020440737, 1.6463817747233236, 1.0], [0.003614246537843868, 0.001937720204407356, 1.6463817747233378, 1.0], [0.0036142465378438404, 0.0019377202044073838, 1.6463817747233378, 1.0], [0.003614246537843868, 0.001937720204407356, 1.6463817747233236, 1.0], [0.0029507321055710634, 0.002763879846958847, 2.512053804253256, 1.0], [0.0028466495554226867, 0.0028934758259520493, 2.647847915192216, 1.0], [0.0028466495554224924, 0.0028934758259520355, 2.64784791519223, 1.0], [0.00284664955542252, 0.0028934758259520493, 2.64784791519223, 1.0], [0.002846649555422659, 0.0028934758259520077, 2.647847915192216, 1.0], [0.00284664955542252, 0.002893475825952063, 2.64784791519223, 1.0], [0.0014454808281194886, 0.0037404592992676955, 3.056723640236612, 1.0], [0.0011415701442404336, 0.003924168314173498, 3.1454079641145256, 1.0], [0.0011415701442404336, 0.003924168314173554, 3.145407964114554, 1.0], [0.0011415701442406279, 0.003924168314173498, 3.145407964114554, 1.0], [0.001141570144240378, 0.003924168314173471, 3.1454079641145256, 1.0], [0.00032992796330263974, 0.00400846456961812, 7.355113616942248, 1.0], [-0.0008045468005378476, 0.0041262898585621155, 10.651026678452723, 1.0], [-0.0008045468005378476, 0.004126289858562143, 0.827452473449398, 0.0]], [[0.0, 0.0, 0.0, 1.0], [-0.0200866702609398, -0.0026859402336568694, 16.22728610535661, 1.0], [0.008978135868469878, -0.01797105235606483, 20.14712765087136, 1.0], [0.01407133063082952, -0.015618269379884975, 12.059105118685764, 1.0], [0.017950549283939382, -0.011154744389459847, 6.560740819111032, 1.0], [0.01795054928393941, -0.011154744389459958, 6.560740819111032, 1.0], [0.01831383479815385, -0.010517215689683168, 6.13317676966836, 1.0], [0.018416448935100777, -0.010337138437090443, 6.012406427316648, 1.0], [0.018416448935100777, -0.010337138437090387, 6.012406427316662, 1.0], [0.020323125289495536, -0.0046520614147685935, 4.678188575010992, 1.0], [0.020418705554065317, -0.004367072740817435, 4.611305228488575, 1.0], [0.020418705554065303, -0.004367072740817324, 4.611305228488561, 1.0], [0.02046111385653795, -0.004024528805614935, 4.563461162575948, 1.0], [0.020578332132438495, -0.0030777234122464914, 4.431218215054599, 1.0], [0.02057833213243835, -0.003077723412246547, 4.431218215054599, 1.0], [0.0205783321324385, -0.003077723412246547, 4.4312182150546136, 1.0], [0.020533157051118876, -0.00033811842020475824, 4.727839874947847, 1.0], [0.020509354825152967, 0.0011053476494281012, 4.8841263844329035, 1.0], [0.02050935482515294, 0.0011053476494280456, 4.8841263844329035, 1.0], [0.02029042232002605, 0.0019758461684918904, 5.101493570542857, 1.0], [0.01925302317668115, 0.006100653571744941, 6.1314755393286475, 1.0], [0.01925302317668115, 0.006100653571744885, 6.1314755393286475, 1.0], [0.016613356272770385, 0.009738336524042268, 6.106574929785523, 1.0], [0.012681527777522739, 0.015156726801743625, 6.069485050753542, 1.0], [0.012681527777522794, 0.015156726801743625, 6.069485050753542, 1.0], [0.0034112835109305073, 0.019003810391516107, 7.115237653456518, 1.0], [0.0005722102721751332, 0.020182005027264693, 7.435506261630309, 1.0], [-0.002771968995751356, 0.019921299320583064, 5.90962775704827, 1.0], [-0.006406181159461899, 0.01963798321386062, 4.251413356019725, 1.0], [-0.00640618115946201, 0.01963798321386051, 4.251413356019754, 1.0], [-0.006406181159461788, 0.019637983213860732, 4.251413356019754, 1.0], [-0.008616241866495095, 0.01876402448127379, 3.9141033569099477, 1.0], [-0.011005214243224842, 0.017819315920143408, 3.5494870060089454, 1.0], [-0.011005214243224926, 0.01781931592014374, 3.549487006008917, 1.0], [-0.011005214243224926, 0.01781931592014363, 3.5494870060089454, 1.0], [-0.01100521424322487, 0.017819315920143408, 3.5494870060089454, 1.0], [-0.012528693204042804, 0.016833877159804223, 3.049917404155451, 1.0], [-0.013209562321021773, 0.01639346752117765, 2.8266511022035274, 1.0], [-0.013209562321021606, 0.01639346752117743, 2.8266511022035274, 1.0], [-0.013209562321021759, 0.01639346752117765, 2.826651102203499, 1.0], [-0.01320956232102162, 0.01639346752117754, 2.8266511022035274, 1.0], [-0.013254262886405695, 0.01635622799649794, 2.8189067628879627, 1.0], [-0.01466484963933614, 0.015181084466499573, 2.574523669412031, 1.0], [-0.014664849639336001, 0.015181084466499684, 2.574523669412031, 1.0], [-0.014664849639336114, 0.015181084466499573, 2.574523669412031, 1.0], [-0.014664849639336114, 0.015181084466499684, 2.574523669412031, 1.0], [-0.014664849639336003, 0.015181084466499573, 2.574523669412031, 1.0], [-0.014664849639336121, 0.015181084466499684, 2.574523669412031, 1.0], [-0.015262703613622496, 0.014566010294858933, 2.5843291826512598, 1.0], 