{"text": "う", "text_ids": [3], "strokes": [[[0.0, 0.0, 0.0, 1.0], [0.0038256377173271922, -0.0038954306685719626, 4.26877896800675, 1.0], [0.0038256377173275583, -0.0038954306685719618, 4.26877896800675, 1.0], [0.0038256377173271905, -0.0038954306685719626, 4.268778968006751, 1.0], [0.0048232032113880875, -0.002332843804697669, 1.7830489355461001, 1.0], [0.005210426706579122, -0.0017262968154812663, 0.8181668531154926, 1.0], [0.0052104267065787545, -0.0017262968154813582, 0.8181668531154926, 1.0], [0.00519191169266946, -0.0014852615149231335, 0.843135101790903, 1.0], [0.004865254375269426, 0.0027672842873096085, 1.2836457690992553, 1.0], [0.004865254375269433, 0.0027672842873096137, 1.2836457690992589, 1.0], [0.004865254375269426, 0.002767284287309612, 1.2836457690992624, 1.0], [0.004865254375269426, 0.002767284287309612, 1.2836457690992553, 1.0], [0.004865254375269426, 0.002767284287309612, 1.2836457690992589, 1.0], [0.004865254375269433, 0.0027672842873097034, 1.2836457690992589, 1.0], [0.004865254375269426, 0.0027672842873096124, 1.2836457690992589, 1.0], [0.004865254375269426, 0.002767284287309612, 1.2836457690992553, 1.0], [0.004865254375269412, 0.002767284287309611, 1.2836457690992624, 1.0], [0.004901422682679832, 0.002699985534639242, 1.2035595526327612, 1.0], [0.004916537554343348, 0.002671861132848641, 1.1700912216396233, 1.0], [0.004916537554343001, 0.0026718611328486377, 1.1700912216396269, 1.0], [0.004916537554342987, 0.0026718611328485457, 1.1700912216396233, 1.0], [0.004916537554343348, 0.0026718611328486394, 1.1700912216396233, 1.0], [0.004916537554343001, 0.0026718611328486394, 1.1700912216396233, 1.0], [0.004916537554343001, 0.0026718611328485457, 1.1700912216396304, 1.0], [0.0049165375543433615, 0.0026718611328486394, 1.1700912216396233, 1.0], [0.004916537554342987, 0.0026718611328486394, 1.1700912216396233, 1.0], [0.004916537554343348, 0.0026718611328485457, 1.1700912216396233, 1.0], [0.004916537554343001, 0.0026718611328486394, 1.1700912216396304, 1.0], [0.004916537554342987, 0.0026718611328486394, 1.1700912216396233, 1.0], [0.004916537554343348, 0.0026718611328486394, 1.1700912216396233, 1.0], [0.004916537554342987, 0.002671861132848549, 1.1700912216396233, 1.0], [0.004861304097198732, 0.0027640042508747034, 1.175562453188796, 1.0], [0.004603573031452424, 0.0031939636493587414, 1.2010923839773895, 1.0], [0.0046035730314524514, 0.0031939636493587345, 1.2010923839773824, 1.0], [0.004603573031452424, 0.0031939636493588316, 1.2010923839773895, 1.0], [0.004603573031452424, 0.0031939636493587414, 1.2010923839773824, 1.0], [0.004603573031452424, 0.0031939636493587414, 1.2010923839773824, 1.0], [0.004603573031452424, 0.0031939636493587345, 1.2010923839773895, 1.0], [0.004603573031452424, 0.0031939636493587414, 1.2010923839773824, 1.0], [0.004603573031452396, 0.0031939636493587276, 1.2010923839773824, 1.0], [0.0046035730314524514, 0.0031939636493588386, 1.2010923839773895, 1.0], [0.004603573031452424, 0.0031939636493587414, 1.2010923839773824, 1.0], [0.004603573031452396, 0.0031939636493587414, 1.2010923839773824, 1.0], [0.004603573031452424, 0.0031939636493587414, 1.2010923839773895, 1.0], [0.0046035730314524514, 0.0031939636493587414, 1.2010923839773824, 1.0], [0.004589861155527231, 0.003210690432250113, 1.2181272122589704, 1.0], [0.003999592873036695, 0.003930744308386372, 1.9514418139459409, 1.0], [0.003999592873036306, 0.003930744308386372, 1.9514418139459337, 1.0], [0.003999592873036306, 0.003930744308386358, 1.951441813945948, 1.0], [0.003999592873036306, 0.003930744308386372, 1.951441813945948, 1.0], [0.003999592873036667, 0.003930744308386455, 1.951441813945948, 1.0], [0.003999592873036306, 0.003930744308386358, 1.9514418139459337, 1.0], [0.003999592873036306, 0.003930744308386358, 1.9514418139459337, 1.0], [0.003999592873036306, 0.003930744308386372, 1.9514418139459622, 1.0], [0.0028341315505984177, 0.004779197539282368, 5.744491661514601, 1.0], [0.0025845740887114887, 0.004960874812269284, 6.556688406739582, 1.0], [0.0020162854960992793, 0.005093175460344046, 5.889169940818618, 1.0], [0.00012300487022431916, 0.005533941396959674, 3.6653002461384148, 1.0], [0.00012300487022426365, 0.005533941396959813, 3.6653002461384574, 1.0], [0.00012300487022426365, 0.005533941396959646, 3.6653002461384148, 1.0], [0.00012300487022426365, 0.005533941396959646, 3.6653002461384148, 1.0], [-0.0013515405926636248, 0.005181004248375254, 5.150610127386855, 1.0], [-0.0023645362876030807, 0.004938540505412398, 6.1710008533597005, 1.0], [-0.0023645362876034692, 0.00493854050541237, 6.171000853359757, 0.0]], [[0.0, 0.0, 0.0, 1.0], [-0.0005563235592706828, -0.0250287811298735, 6.686655932459696, 1.0], [-0.0005563235592706897, -0.025028781129873612, 5.4982129724333, 1.0], [-0.0005563235592706758, -0.02502878112987339, 0.9001267601388054, 1.0], [-0.0005563235592706897, -0.025028781129873612, 0.9001267601388037, 1.0], [-0.0005563235592706828, -0.025028781129873556, 0.9001267601388072, 1.0], [0.016521373066275734, -0.01694314925681145, 3.9460316839165905, 1.0], [0.01901658521553741, -0.015761762368023513, 4.391067050099224, 1.0], [0.019016585215537042, -0.015761762368023513, 4.391067050099224, 1.0], [0.01983476434230379, -0.014482142845252788, 4.037531556772205, 1.0], [0.022593234010432527, -0.010167938871047277, 2.8455958265077967, 1.0], [0.022593234010432166, -0.010167938871047166, 2.8455958265077896, 1.0], [0.02259323401043252, -0.010167938871047166, 2.8455958265077967, 1.0], [0.022593234010432173, -0.010167938871047333, 2.8455958265077967, 1.0], [0.022593234010432534, -0.01016793887104711, 2.8455958265077896, 1.0], [0.024011404531696395, -0.00494652968553827, 3.951419824865475, 1.0], [0.02493332669765988, -0.0015522038315520792, 4.670292231571487, 1.0], [0.02493332669765988, -0.0015522038315521902, 4.6702922315715085, 1.0], [0.024933326697659908, -0.0015522038315520792, 4.67029223157148, 1.0], [0.02298596895052915, 0.008545665576235428, 3.9190202719202034, 1.0], [0.022343353057538873, 0.011877899407617187, 3.6711052178210224, 1.0], [0.02234335305753843, 0.011877899407617298, 3.6711052178210224, 1.0], [0.022343353057538484, 0.011877899407617187, 3.671105217820994, 1.0], [0.020669272898215907, 0.014199675330027306, 3.5622904293802975, 1.0], [0.018089265398225474, 0.01777787871518638, 3.3945905921153496, 1.0], [0.018089265398225418, 0.01777787871518638, 3.3945905921153496, 1.0], [0.018089265398225474, 0.01777787871518627, 3.3945905921153354, 1.0], [0.018089265398224974, 0.017777878715186324, 3.3945905921153354, 1.0], [0.011735152819464467, 0.02178991479272424, 2.937812785356755, 1.0], [0.008746924430249436, 0.023676705427426836, 2.7229981447912763, 1.0], [0.008746924430249825, 0.023676705427426614, 2.7229981447912763, 1.0], [0.008746924430249325, 0.02367670542742667, 2.722998144791262, 1.0], [0.008746924430249492, 0.023676705427426836, 2.7229981447912905, 1.0], [0.008746924430249825, 0.023676705427426836, 2.7229981447912763, 1.0], [0.00473012631968972, 0.02425688079456212, 2.6912073590613232, 1.0], [-0.0004443515375884832, 0.025004268267855734, 2.650254163929901, 1.0], [-0.0004443515375888163, 0.025004268267855623, 2.6502541639299153, 1.0], [-0.0004443515375888163, 0.025004268267855845, 2.6502541639299295, 1.0], [-0.0004443515375888163, 0.02500426826785551, 2.650254163929901, 1.0], [-0.0004443515375888163, 0.025004268267855734, 2.6502541639299153, 1.0], [-0.0005922655684094114, 0.02497786352345266, 2.6611192110405, 1.0], [-0.00700554111123769, 0.02383300322483739, 3.132207318903113, 1.0], [-0.007005541111237468, 0.02383300322483728, 3.1322073189031414, 1.0], [-0.007005541111237801, 0.023833003224837168, 3.132207318903113, 1.0], [-0.007005541111237357, 0.02383300322483728, 3.132207318903113, 1.0], [-0.007005541111237801, 0.023833003224837612, 3.1322073189031414, 1.0], [-0.015615705025169402, 0.018905546179611488, 4.346651788929364, 1.0], [-0.016422502411386986, 0.018443829131652323, 4.460448765841534, 1.0], [-0.01642250241138693, 0.018443829131652212, 