{"text": "う", "text_ids": [3], "strokes": [[[0.0, 0.0, 0.0, 1.0], [-0.0014856482673043941, -0.0020901518992482585, 1.4807633252249737, 1.0], [-0.0014856482673043941, -0.0020901518992482585, 1.4807633252249737, 1.0], [-0.001485648267304717, -0.0020901518992481483, 1.4807633252249737, 1.0], [-0.001485648267304394, -0.0020901518992482576, 1.4807633252249737, 1.0], [-0.001485648267304394, -0.0020901518992482576, 1.4807633252249728, 1.0], [-0.0014856482673043948, -0.002090151899248261, 1.4807633252249746, 1.0], [-0.0014856482673047313, -0.00209015189924823, 1.480763325224972, 1.0], [-0.0014856482673043792, -0.0020901518992481743, 1.4807633252249754, 1.0], [-0.0014856482673043948, -0.0020901518992482576, 1.4807633252249737, 1.0], [-0.001485648267304393, -0.0020901518992482576, 1.480763325224972, 1.0], [-0.0014275999870124213, -0.002120950486821538, 1.268839438601523, 1.0], [-0.001187601163896667, -0.0022482862964958786, 0.392646670724595, 1.0], [-0.0011876011638966878, -0.0022482862964959653, 0.392646670724595, 1.0], [-0.001187601163896334, -0.0022482862964959063, 0.392646670724595, 1.0], [-0.0011876011638966844, -0.0022482862964959584, 0.392646670724595, 1.0], [-0.0011876011638966705, -0.0022482862964958786, 0.392646670724595, 1.0], [-0.0011876011638966844, -0.002248286296495962, 0.392646670724595, 1.0], [-0.0011876011638966705, -0.0022482862964958786, 0.392646670724595, 1.0], [0.00029419466048592746, 0.0001565321719055393, 1.3035932994749615, 1.0], [0.0014856482673047296, 0.002090151899248237, 2.0360495721843392, 1.0], [0.0014856482673043965, 0.0020901518992482646, 2.0360495721843392, 1.0], [0.0014856482673043792, 0.0020901518992481743, 2.0360495721843392, 1.0], [0.001485648267304393, 0.002090151899248254, 2.036049572184343, 1.0], [0.001521573077440528, 0.0020638710756705238, 2.0232173159935094, 1.0], [0.0017224847033866716, 0.0019168940150759116, 1.9514521641082077, 1.0], [0.0017224847033863316, 0.0019168940150759359, 1.951452164108204, 1.0], [0.0017224847033866664, 0.0019168940150759116, 1.951452164108197, 1.0], [0.0017224847033863316, 0.0019168940150759393, 1.951452164108204, 1.0], [0.00172248470338667, 0.0019168940150759081, 1.951452164108204, 1.0], [0.0017224847033863316, 0.0019168940150759393, 1.951452164108204, 1.0], [0.001722484703386669, 0.0019168940150759081, 1.951452164108204, 1.0], [0.0017224847033863312, 0.0019168940150759376, 1.951452164108204, 1.0], [0.0016838895509272444, 0.001947686952960286, 1.6235825075778578, 1.0], [0.0016348132530534746, 0.0019868422171768034, 1.2066744789178117, 1.0], [0.001634813253053138, 0.001986842217176832, 1.2066744789178188, 1.0], [0.0016348132530534596, 0.001986842217176722, 1.2066744789178188, 1.0], [0.001634813253053475, 0.001986842217176805, 1.2066744789178117, 1.0], [0.0016348132530534746, 0.0019868422171768047, 1.2066744789178117, 1.0], [0.0016348132530534763, 0.0019868422171768047, 1.2066744789178188, 1.0], [0.0016348132530534572, 0.001986842217176722, 1.2066744789178117, 1.0], [0.001634813253053138, 0.001986842217176832, 1.2066744789178188, 1.0], [0.0016348132530534763, 0.001986842217176805, 1.2066744789178117, 1.0], [0.0016348132530534746, 0.0019868422171768043, 1.2066744789178117, 1.0], [0.0016348132530534572, 0.001986842217176722, 1.2066744789178188, 1.0], [0.0016348132530534763, 0.001986842217176805, 1.2066744789178117, 1.0], [0.0016348132530531363, 0.001986842217176831, 1.2066744789178188, 1.0], [0.0016656664396614146, 0.001962226165724319, 1.4283782070139637, 1.0], [0.0017224847033866647, 0.0019168940150759081, 1.8366608603371475, 1.0], [0.0017224847033863351, 0.0019168940150759393, 1.8366608603371333, 1.0], [0.0017224847033866716, 0.0019168940150759081, 1.8366608603371333, 1.0], [0.0017224847033863282, 0.0019168940150759393, 1.8366608603371333, 1.0], [0.0017224847033866682, 0.0019168940150759116, 1.8366608603371475, 1.0], [0.0017224847033863351, 0.0019168940150759359, 1.836660860337119, 1.0], [0.0017224847033866647, 0.0019168940150759081, 1.8366608603371333, 1.0], [0.0017224847033863316, 0.0019168940150759463, 1.8366608603371475, 1.0], [0.0013799148015999699, 0.0021291365181957123, 0.660358573784606, 1.0], [0.0011876011638966844, 0.002248286296495955, 0.0, 1.0], [0.0011876011638966705, 0.0022482862964958855, 0.0, 1.0], [0.0011876011638963443, 0.0022482862964959827, 0.0, 1.0], [0.0011876011638966705, 0.0022482862964958786, 0.0, 1.0], [0.0011876011638966844, 0.002248286296495969, 0.0, 1.0], [0.0011876011638966705, 0.0022482862964958786, 0.0, 1.0], [0.0011876011638966844, 0.002248286296495962, 0.0, 0.0]], [[0.0, 0.0, 0.0, 1.0], [-0.02051192674424253, -0.019484295528170104, 10.623063324360741, 1.0], [-0.011244129451712673, -0.023720931527710487, 12.375881662461596, 1.0], [0.002879325418624984, -0.02509882695792387, 12.189940920939847, 1.0], [0.010968210799318881, -0.023412045139096338, 10.69049190970734, 1.0], [0.012576168733723317, -0.022507088858779722, 7.1731392323250915, 1.0], [0.01276445900111918, -0.022401119382615797, 6.761260748455662, 1.0], [0.01426627965302698, -0.021319324024498765, 6.161186612005601, 1.0], [0.01670777901003958, -0.019560656857479652, 5.185650274533458, 1.0], [0.01670777901003924, -0.019560656857479652, 5.185650274533458, 1.0], [0.01719915793402412, -0.01903914255791886, 5.091519867487065, 1.0], [0.021498240139695673, -0.014476405460722375, 4.2679714037793985, 1.0], [0.021498240139695667, -0.014476405460722375, 4.267971403779413, 1.0], [0.021498240139695327, -0.014476405460722458, 4.267971403779413, 1.0], [0.022319036487352215, -0.013199715475756185, 4.045177377195401, 1.0], [0.023818703760651344, -0.010867090343993718, 3.638113053251402, 1.0], [0.02381870376065101, -0.010867090343993663, 3.638113053251388, 1.0], [0.023818703760650983, -0.010867090343993802, 3.638113053251402, 1.0], [0.023818703760651344, -0.01086709034399369, 3.638113053251388, 1.0], [0.024856304719975325, -0.008658539996216796, 3.864355399858667, 1.0], [0.02534241655769426, -0.0076238431230058745, 3.9703490209042798, 1.0], [0.02534241655769462, -0.00762384312300593, 3.9703490209042798, 1.0], [0.02534241655769459, -0.007623843123005791, 3.9703490209042798, 1.0], [0.026111413914484405, -0.004196414186814934, 4.077497946940412, 1.0], [0.027268620715977687, 0.0009612681401454659, 4.238738378896272, 1.0], [0.027268620715977854, 0.000961268140145341, 4.238738378896301, 1.0], [0.027268620715977687, 0.0009612681401454659, 4.238738378896244, 1.0], [0.025973224977704323, 0.008233386100368209, 4.484278209929926, 1.0], [0.02519439896480652, 0.012605574821500015, 4.631903218999639, 1.0], [0.025194398964806908, 0.012605574821500015, 4.631903218999639, 1.0], [0.025194398964806464, 0.012605574821499904, 4.631903218999639, 1.0], [0.016023330934393787, 0.02283343613623437, 5.047600615884846, 1.0], [0.015584381391682944, 0.023322966366750714, 5.067496900773733, 1.0], [0.015584381391683055, 0.02332296636675074, 5.067496900773733, 1.0], [0.006949780757409929, 0.026006096008817176, 4.100812703616043, 1.0], [0.004749774765311132, 0.026689729397337103, 3.854511674038264, 1.0], [0.004749774765311243, 0.026689729397337103, 3.8545116740382923, 1.0], [0.004749774765311132, 0.02668972939733716, 3.854511674038264, 1.0], [0.001086188263654364, 0.026355532446359242, 3.6375212078454524, 1.0], [-0.004728358648207753, 0.02582512219171268, 3.29313156547326, 1.0], [-0.004728358648207531, 0.025825122191712846, 3.2931315654732316, 1.0], [-0.004728358648207753, 0.025825122191712846, 3.29313156547326, 1.0], [-0.004728358648207975, 0.02582512219171279, 3.29313156547326, 1.0], [-0.005735955789911151, 0.025472052928154354, 3.2273461553023424, 1.0], [-0.009221128923155963, 0.02425082327138156, 2.9998013017119547, 1.0], [-0.00922112892315552, 0.024250823271381616, 2.9998013017119547, 1.0], [-0.009221128923155852, 0.024250823271381727, 2.9998013017119547, 1.0], [-0.00922112892315563, 0.024250823271381616, 2.9998013017119547, 1.0], [-0.009221128923155852, 0.024250823271381616, 2.9998013017119547, 1.0], [-0.01104473427157121, 0.023362855153644446, 