{"text": "え", "text_ids": [4], "strokes": [[[0.0, 0.0, 0.0, 1.0], [0.004301446576458276, -0.0014183957190332048, 2.3038780737204103, 1.0], [0.004301446576458276, -0.0014183957190332048, 2.3038780737204103, 1.0], [0.004301446576457904, -0.0014183957190330825, 2.3038780737204103, 1.0], [0.004301446576458272, -0.0014183957190332039, 2.3038780737204103, 1.0], [0.004301446576458277, -0.0014183957190332048, 2.3038780737204085, 1.0], [0.004301446576458274, -0.0014183957190332048, 2.303878073720412, 1.0], [0.0044875800327611355, 0.0011851910316418423, 2.038024855293692, 1.0], [0.0045030447200190005, 0.0014015070859748546, 2.0159367419527747, 1.0], [0.004503044720019014, 0.0014015070859749517, 2.015936741952771, 1.0], [0.004503044720019007, 0.0014015070859748555, 2.015936741952771, 1.0], [0.004503044720018626, 0.0014015070859749775, 2.015936741952771, 1.0], [0.004503044720019014, 0.0014015070859749515, 2.0159367419527783, 1.0], [0.004503044720019007, 0.0014015070859748552, 2.0159367419527676, 1.0], [0.004503044720018633, 0.0014015070859749775, 2.0159367419527747, 1.0], [0.004238482492968085, 0.0021421695596627625, 1.233354879039421, 1.0], [0.004234870877654437, 0.0021522805568438986, 1.2226716281782295, 1.0], [0.0042348708776548255, 0.0021522805568438717, 1.222671628178226, 1.0], [0.004234870877654437, 0.002152280556843897, 1.2226716281782188, 1.0], [0.004234870877654437, 0.002152280556843897, 1.222671628178226, 1.0], [0.0042348708776548255, 0.0021522805568438743, 1.222671628178226, 1.0], [0.004234870877654437, 0.0021522805568438986, 1.222671628178226, 1.0], [0.004234870877654812, 0.002152280556843869, 1.222671628178226, 1.0], [0.004234870877654451, 0.002152280556843897, 1.222671628178226, 1.0], [0.004234870877654437, 0.0021522805568439003, 1.222671628178226, 1.0], [0.0042348708776548255, 0.002152280556843869, 1.222671628178226, 1.0], [0.004234870877654437, 0.002152280556843897, 1.2226716281782188, 1.0], [0.0042348708776548255, 0.002152280556843876, 1.222671628178233, 1.0], [0.004207599776171855, 0.002200205942712294, 1.2250193033187742, 1.0], [0.003904528634057866, 0.002732813745172598, 1.2511096534504063, 1.0], [0.003904528634058241, 0.002732813745172577, 1.2511096534503992, 1.0], [0.003904528634058241, 0.002732813745172577, 1.2511096534504134, 1.0], [0.0039045286340582686, 0.00273281374517257, 1.2511096534503992, 1.0], [0.0039045286340578522, 0.0027328137451726048, 1.2511096534504063, 1.0], [0.003904528634058241, 0.00273281374517257, 1.2511096534504063, 1.0], [0.0039045286340582686, 0.002732813745172584, 1.2511096534504063, 1.0], [0.003904528634058241, 0.002732813745172577, 1.2511096534503992, 1.0], [0.00390452863405788, 0.002732813745172591, 1.2511096534504063, 1.0], [0.0039045286340582686, 0.002732813745172674, 1.2511096534504063, 1.0], [0.0039045286340582686, 0.002732813745172577, 1.2511096534504063, 1.0], [0.0039045286340581853, 0.002732813745172577, 1.2511096534503992, 1.0], [0.00390452863405788, 0.002732813745172591, 1.2511096534504063, 1.0], [0.0038038647917083557, 0.0028683849461681454, 1.2651073381789217, 1.0], [0.003701009621899509, 0.003006907364686076, 1.2794097352072242, 1.0], [0.003701009621899509, 0.003006907364686076, 1.2794097352072384, 1.0], [0.003701009621899898, 0.0030069073646860484, 1.2794097352072384, 1.0], [0.003701009621899509, 0.003006907364686076, 1.2794097352072384, 1.0], [0.003701009621899509, 0.003006907364686076, 1.2794097352072384, 1.0], [0.003701009621899509, 0.003006907364686076, 1.2794097352072384, 1.0], [0.003701009621899509, 0.0030069073646860622, 1.2794097352072242, 1.0], [0.003701009621899509, 0.003006907364686076, 1.2794097352072527, 1.0], [0.003701009621899537, 0.0030069073646861733, 1.2794097352072384, 1.0], [0.0037010096218994815, 0.003006907364685993, 1.2794097352072242, 1.0], [0.003701009621899509, 0.0030069073646861594, 1.2794097352072384, 1.0], [0.003701009621899509, 0.003006907364686076, 1.2794097352072384, 1.0], [0.0015528739074131825, 0.004404438822558782, 2.251175234959433, 1.0], [0.0015286508954276412, 0.00442019779952936, 2.2621331493915022, 1.0], [0.0015286508954276135, 0.004420197799529374, 2.262133149391488, 1.0], [0.0015286508954272526, 0.004420197799529402, 2.262133149391474, 1.0], [0.0015286508954276412, 0.004420197799529471, 2.262133149391488, 1.0], [0.0015286508954276135, 0.004420197799529374, 2.262133149391474, 1.0], [0.001528650895427669, 0.004420197799529374, 2.262133149391488, 1.0], [0.0011076628183702697, 0.004491919090573809, 1.1902920013881726, 1.0], [0.0006401506858731421, 0.004571566414450334, 0.0, 0.0]], [[0.0062176071605283805, 0.4349733045908446, 0.0, 1.0], [-0.006366378538579891, -0.029855947573583175, 17.62819453411756, 1.0], [0.0281235873163859, -0.017349260966202706, 16.431882422163092, 1.0], [0.03095240079625982, -0.013022686825664154, 9.055962070045183, 1.0], [0.03176025263477944, -0.01112904768580425, 8.892850594661276, 1.0], [0.032366916275187535, -0.009707002256889086, 8.77036055783703, 1.0], [0.03374780511799884, -0.00423314401034558, 11.386243260447102, 1.0], [0.03412629401060557, 0.0015611287142910935, 17.659973218059676, 1.0], [0.017349238358407376, 0.02647623395578924, 18.84451083191422, 1.0], [-0.00325825398900223, 0.03250267155075326, 9.134145666965537, 1.0], [-0.00875880655498018, 0.03234497832515226, 6.608646125960377, 1.0], [-0.009110959871754892, 0.03221720322910959, 6.247039733804812, 1.0], [-0.011037269004882055, 0.03151826239065014, 4.26902145987296, 1.0], [-0.011037269004882083, 0.03151826239065003, 4.269021459872931, 1.0], [-0.011037269004881667, 0.03151826239065014, 4.269021459872931, 1.0], [-0.011396633779509835, 0.03136158794582444, 4.034782233186206, 1.0], [-0.013121990651472543, 0.03060937362453864, 2.910169338486156, 1.0], [-0.013121990651472931, 0.03060937362453875, 2.910169338486156, 1.0], [-0.013121990651472543, 0.030609373624538527, 2.9101693384861846, 1.0], [-0.013121990651472556, 0.03060937362453864, 2.910169338486156, 1.0], [-0.01312199065147257, 0.030609373624538416, 2.9101693384861846, 1.0], [-0.012381317532162414, 0.030944962521600505, 2.9096241543460906, 1.0], [-0.012023750815477935, 0.03110697112829819, 2.909360961720523, 1.0], [-0.012023750815477914, 0.03110697112829819, 2.909360961720523, 1.0], [-0.012023750815478285, 0.03110697112829841, 2.909360961720523, 1.0], [-0.012023750815477914, 0.03110697112829819, 2.9093609617205516, 1.0], [-0.01202375081547794, 0.031106971128298078, 2.909360961720523, 1.0], [-0.013033493168395674, 0.030647375537207755, 4.111766074125853, 1.0], [-0.013238535748100192, 0.03055404810041551, 4.355931573756266, 1.0], [-0.01323853574810055, 0.030554048100415843, 4.355931573756266, 1.0], [-0.01323853574810021, 0.0305540481004154, 4.355931573756237, 1.0], [-0.009473760101638487, 0.029320529001455098, 17.985066993003443, 1.0], [0.026880472053674755, -0.019464589194758686, 22.48781957997062, 1.0], [0.024160131123290504, -0.022271142702181335, 10.874155894508021, 1.0], [0.01626886624713221, -0.02893556528040464, 5.944851993579334, 1.0], [0.01626886624713186, -0.028935565280404085, 5.944851993579334, 1.0], [0.01648436774145817, -0.028805529154451115, 5.8399142924953935, 1.0], [0.01671523700643967, -0.028666219935674198, 5.727493309087265, 1.0], [0.016715237006439683, -0.028666219935673976, 5.727493309087208, 1.0], [0.01882923860293831, -0.027169423949685356, 6.253679069747079, 1.0], [0.02082291629013261, -0.02575782200743093, 6.749915596760275, 1.0], [0.02082291629013261, -0.02575782200743082, 6.749915596760275, 1.0], [0.03091285735762428, -0.013072402192351507, 12.761328330088702, 1.0], [0.025602397466504306, 0.016276981216357234, 10.70161292757274, 1.0], [0.023791967365817485, 0.026304137643082037, 9.92789348043533, 1.0], [0.024343983958115878, 0.025813645693234633, 8.59123996363087, 1.0], [0.024468228408587922, 0.02568989866888005, 8.47178541469924, 1.0], [0.026295507567124732, 0.023869935220421135, 6.7149519559374085, 1.0], [0.026295507567124732, 0.023869935220421246, 6.7149519559374085, 1.0], [0.03068101194467926, 