{"text": "え", "text_ids": [4], "strokes": [[[0.0, 0.0, 0.0, 1.0], [0.0021687602092915928, -0.007602820816793316, 3.4694811079992056, 1.0], [0.002168760209291211, -0.007602820816793378, 3.4694811079992056, 1.0], [0.002168760209291593, -0.0076028208167933185, 3.469481107999205, 1.0], [0.0021687602092912107, -0.007602820816793376, 3.469481107999206, 1.0], [0.0034748449522335623, -0.006918673863500719, 2.192657211781194, 1.0], [0.004099162205825051, -0.006591647038295907, 1.5823268388745717, 1.0], [0.004099162205825048, -0.006591647038295907, 1.5823268388745646, 1.0], [0.0040991622058254296, -0.006591647038295852, 1.5823268388745717, 1.0], [0.006930239018012745, 0.002554183366378457, 2.822093851056188, 1.0], [0.007299193654858524, 0.0037460961117629227, 2.983664100857812, 1.0], [0.007081040615242305, 0.004104305188430524, 2.9755853059104744, 1.0], [0.006226850456026639, 0.0055068924215492115, 2.943952342397832, 1.0], [0.0062268504560262505, 0.005506892421549156, 2.9439523423978216, 1.0], [0.0062268504560262575, 0.005506892421549153, 2.9439523423978216, 1.0], [0.006226850456026237, 0.005506892421549156, 2.9439523423978216, 1.0], [0.006226850456026639, 0.0055068924215492185, 2.9439523423978287, 1.0], [0.006130174102468994, 0.005601527033790686, 2.8135898392171583, 1.0], [0.005143112930101126, 0.006567742120195281, 1.4825946114541964, 1.0], [0.005143112930101501, 0.0065677421201952935, 1.4825946114541892, 1.0], [0.00514311293010114, 0.006567742120195281, 1.4825946114541892, 1.0], [0.005143112930101126, 0.006567742120195281, 1.4825946114541964, 1.0], [0.005143112930101515, 0.006567742120195293, 1.4825946114541964, 1.0], [0.005143112930101126, 0.006567742120195282, 1.4825946114541892, 1.0], [0.005143112930101126, 0.006567742120195286, 1.4825946114541964, 1.0], [0.005143112930101515, 0.006567742120195293, 1.4825946114541892, 1.0], [0.005143112930101126, 0.006567742120195279, 1.4825946114541892, 1.0], [0.0051431129301011125, 0.006567742120195286, 1.4825946114541964, 1.0], [0.005056032417012829, 0.006632832353729828, 1.442783298712115, 1.0], [0.0048502232421406, 0.006786668921531715, 1.3486918293878603, 1.0], [0.0048502232421405445, 0.00678666892153168, 1.3486918293878603, 1.0], [0.004850223242140572, 0.006786668921531666, 1.3486918293878745, 1.0], [0.0048502232421405445, 0.00678666892153168, 1.3486918293878603, 1.0], [0.0048502232421405445, 0.006786668921531708, 1.3486918293878603, 1.0], [0.004850223242140572, 0.00678666892153168, 1.3486918293878603, 1.0], [0.004850223242140572, 0.006786668921531666, 1.3486918293878603, 1.0], [0.004850223242140572, 0.00678666892153168, 1.3486918293878745, 1.0], [0.004850223242140517, 0.006786668921531722, 1.3486918293878603, 1.0], [0.0048502232421405445, 0.006786668921531611, 1.348691829387846, 1.0], [0.004850223242140572, 0.00678666892153168, 1.3486918293878745, 1.0], [0.0048502232421405445, 0.00678666892153168, 1.3486918293878603, 1.0], [0.005323177621572639, 0.006405765489402193, 1.644033595578037, 1.0], [0.005533181758072853, 0.006236634385361262, 1.7751730781126156, 1.0], [0.005533181758072853, 0.006236634385361373, 1.7751730781126156, 1.0], [0.00553318175807288, 0.0062366343853614, 1.7751730781126156, 1.0], [0.005533181758072853, 0.006236634385361262, 1.7751730781126156, 1.0], [0.00553318175807288, 0.006236634385361373, 1.7751730781126156, 1.0], [0.005533181758072492, 0.006236634385361234, 1.7751730781126156, 1.0], [0.005533181758072853, 0.006236634385361345, 1.7751730781126156, 1.0], [0.005533181758072853, 0.006236634385361289, 1.7751730781126156, 1.0], [0.006223822845211918, 0.0054537522597040144, 2.258627131820589, 1.0], [0.006549873167421616, 0.005084155121514333, 2.4868648560458126, 1.0], [0.006549873167421227, 0.005084155121514167, 2.486864856045827, 1.0], [0.006549873167421616, 0.005084155121514389, 2.4868648560458126, 1.0], [0.006549873167421616, 0.005084155121514333, 2.4868648560458126, 1.0], [0.006549873167421616, 0.00508415512151425, 2.486864856045827, 1.0], [0.006549873167421172, 0.0050841551215143055, 2.4868648560457984, 1.0], [0.007549941697076401, 0.0028193790670383023, 2.7808670656820738, 1.0], [0.007735650743878608, 0.002398818485611659, 2.8354621944061336, 1.0], [0.007735650743879052, 0.0023988184856117145, 2.835462194406162, 1.0], [0.007735650743878664, 0.0023988184856116312, 2.8354621944061194, 1.0], [0.007735650743878664, 0.002398818485611659, 2.835462194406162, 1.0], [0.007735650743878664, 0.0023988184856116868, 2.8354621944061194, 1.0], [0.007878654136852514, 0.001449336970594961, 0.43129913837191225, 0.0]], [[0.0, 0.0, 0.0, 1.0], [0.011194853011923814, -0.02569842780109649, 22.58317522397224, 1.0], [0.042843058267201785, -0.0037371406631833137, 11.812420008262833, 1.0], [0.041965791947155336, -0.011055314430568675, 7.352006960163031, 1.0], [0.041490893108499634, -0.012318865014262825, 6.714139326416138, 1.0], [0.040302882656198406, -0.01547977251340138, 5.118444929225319, 1.0], [0.0403028826561984, -0.015479772513401324, 5.118444929225312, 1.0], [0.04086259221607602, -0.013503237944951285, 5.64124423662598, 1.0], [0.043809094421046024, -0.003098085198567413, 8.393438271599948, 1.0], [0.043750074171053616, -0.0009857987388467437, 9.13126911752805, 1.0], [0.043369438883696265, 0.012636826778330001, 13.889711450406125, 1.0], [0.028376382871130035, 0.03494083406005932, 17.822976779207437, 1.0], [-0.0035234333762360626, 0.04473314879967871, 11.198243376266774, 1.0], [-0.014464120123802993, 0.0400741411454672, 9.270424824845378, 1.0], [-0.02403254559788648, 0.03599950044410355, 7.5844074328445, 1.0], [-0.024529674125044587, 0.03561507681782483, 6.689201798483879, 1.0], [-0.025734958049425077, 0.03468304497576835, 4.518783282614635, 1.0], [-0.025734958049425077, 0.03468304497576824, 4.518783282614635, 1.0], [-0.02573495804942505, 0.03468304497576824, 4.518783282614635, 1.0], [-0.02723981982213594, 0.03339925822163825, 3.9067244334036957, 1.0], [-0.027738133790409625, 0.032974150159576165, 3.7040496897838295, 1.0], [-0.027738133790410055, 0.032974150159576165, 3.7040496897838295, 1.0], [-0.02773813379040964, 0.032974150159576054, 3.704049689783801, 1.0], [-0.028056901153104087, 0.03267133735755512, 3.6571331970842493, 1.0], [-0.029709889557014098, 0.031101082341275732, 3.4138447445618283, 1.0], [-0.029709889557014493, 0.031101082341276065, 3.4138447445618283, 1.0], [-0.029709889557014486, 0.031101082341275732, 3.4138447445618, 1.0], [-0.02970988955701414, 0.031101082341276287, 3.4138447445618567, 1.0], [-0.030437386665085234, 0.030278475738852673, 3.9226748843791768, 1.0], [-0.03370835434727594, 0.026579877377660543, 6.210473591210359, 1.0], [-0.03370835434727598, 0.026579877377660655, 6.210473591210331, 1.0], [-0.031042774732561285, 0.029559999251217217, 16.013549450767556, 1.0], [0.02219788224684524, -0.0049686443778669265, 39.3076872142577, 1.0], [0.02988509859394789, -0.030924509628385444, 9.243773322641516, 1.0], [0.03020981885859811, -0.030589110345961457, 7.445981056151652, 1.0], [0.030573597275516354, -0.030213368412741026, 5.431945913143693, 1.0], [0.03057359727551672, -0.030213368412740693, 5.431945913143636, 1.0], [0.0313002789532764, -0.029397652400352747, 5.330953951479501, 1.0], [0.032698386592850424, -0.027828246120346622, 5.1366492958655385, 1.0], [0.03269838659285003, -0.0278282461203464, 5.136649295865482, 1.0], [0.034230773622186184, -0.02545074120148616, 5.63623786812019, 1.0], [0.03944510442814066, -0.017360685032649537, 7.33621315683007, 1.0], [0.0394451044281411, -0.01736068503264987, 7.336213156830183, 1.0], [0.03804918431921947, 0.022450484250219005, 15.84989272355034, 1.0], [0.01890518866839705, 0.041381103831992005, 12.316310262417687, 1.0], [0.015774731641155698, 0.04345836710662909, 10.440946290141312, 1.0], [0.015060699578060527, 0.04367957107667453, 9.267732160200808, 1.0], [0.022400290509629106, 0.04036367995688095, 7.799957995927912, 1.0], [0.025555686509370346, 0.03893813053968165, 7.168940713132088, 1.0], [0.03054524817755594, 0.033029068925702676, 7.550500149393031, 