{"text": "え", "text_ids": [4], "strokes": [[[0.0, 0.0, 0.0, 1.0], [0.004188967496565314, -0.0004121621721234644, 2.3038780737204103, 1.0], [0.004188967496565314, -0.0004121621721234644, 2.3038780737204103, 1.0], [0.004188967496564952, -0.00041216217212342867, 2.3038780737204103, 1.0], [0.0041889674965653115, -0.00041216217212346434, 2.3038780737204103, 1.0], [0.0041889674965653115, -0.0004121621721234641, 2.3038780737204085, 1.0], [0.004188967496565315, -0.00041216217212346456, 2.303878073720412, 1.0], [0.003552070465212054, 0.0018721926034451898, 2.038024855293692, 1.0], [0.0034991545972072498, 0.0020619856309369283, 2.0159367419527747, 1.0], [0.0034991545972072394, 0.002061985630937014, 2.015936741952771, 1.0], [0.0034991545972072463, 0.0020619856309369283, 2.015936741952771, 1.0], [0.0034991545972068855, 0.0020619856309369647, 2.015936741952771, 1.0], [0.0034991545972072324, 0.002061985630937015, 2.0159367419527783, 1.0], [0.0034991545972072532, 0.0020619856309369283, 2.0159367419527676, 1.0], [0.0034991545972068855, 0.002061985630936963, 2.0159367419527747, 1.0], [0.003040904701574358, 0.0026518106118473706, 1.233354879039421, 1.0], [0.0030346489999993065, 0.002659862482883312, 1.2226716281782295, 1.0], [0.0030346489999996465, 0.002659862482883364, 1.222671628178226, 1.0], [0.0030346489999992926, 0.002659862482883312, 1.2226716281782188, 1.0], [0.0030346489999992926, 0.0026598624828833087, 1.222671628178226, 1.0], [0.0030346489999996396, 0.0026598624828833677, 1.222671628178226, 1.0], [0.0030346489999993065, 0.0026598624828833087, 1.222671628178226, 1.0], [0.0030346489999996396, 0.002659862482883364, 1.222671628178226, 1.0], [0.0030346489999993204, 0.0026598624828833087, 1.222671628178226, 1.0], [0.0030346489999992926, 0.0026598624828833156, 1.222671628178226, 1.0], [0.0030346489999996396, 0.002659862482883364, 1.222671628178226, 1.0], [0.0030346489999992926, 0.0026598624828833087, 1.2226716281782188, 1.0], [0.0030346489999996534, 0.002659862482883364, 1.222671628178233, 1.0], [0.002996138368393658, 0.002696108555194879, 1.2250193033187742, 1.0], [0.0025681592817519, 0.0030989209806321083, 1.2511096534504063, 1.0], [0.002568159281752247, 0.003098920980632157, 1.2511096534503992, 1.0], [0.002568159281752233, 0.003098920980632157, 1.2511096534504134, 1.0], [0.002568159281752261, 0.003098920980632157, 1.2511096534503992, 1.0], [0.002568159281751886, 0.0030989209806321083, 1.2511096534504063, 1.0], [0.0025681592817522747, 0.00309892098063215, 1.2511096534504063, 1.0], [0.002568159281752247, 0.003098920980632164, 1.2511096534504063, 1.0], [0.002568159281752233, 0.003098920980632164, 1.2511096534503992, 1.0], [0.002568159281751914, 0.0030989209806320944, 1.2511096534504063, 1.0], [0.002568159281752233, 0.003098920980632247, 1.2511096534504063, 1.0], [0.002568159281752247, 0.003098920980632164, 1.2511096534504063, 1.0], [0.002568159281752233, 0.00309892098063215, 1.2511096534503992, 1.0], [0.002568159281751914, 0.0030989209806321083, 1.2511096534504063, 1.0], [0.0024386970931334906, 0.0031970076269921127, 1.2651073381789217, 1.0], [0.0023064166726431967, 0.003297229498439136, 1.2794097352072242, 1.0], [0.0023064166726432245, 0.00329722949843915, 1.2794097352072384, 1.0], [0.0023064166726435575, 0.0032972294984391914, 1.2794097352072384, 1.0], [0.0023064166726431967, 0.00329722949843915, 1.2794097352072384, 1.0], [0.0023064166726431967, 0.00329722949843915, 1.2794097352072384, 1.0], [0.0023064166726432245, 0.00329722949843915, 1.2794097352072384, 1.0], [0.0023064166726431967, 0.003297229498439136, 1.2794097352072242, 1.0], [0.0023064166726432245, 0.00329722949843915, 1.2794097352072527, 1.0], [0.002306416672643169, 0.003297229498439233, 1.2794097352072384, 1.0], [0.0023064166726432245, 0.0032972294984390665, 1.2794097352072242, 1.0], [0.0023064166726431967, 0.003297229498439219, 1.2794097352072384, 1.0], [0.0023064166726431967, 0.0032972294984391637, 1.2794097352072384, 1.0], [2.8674778679849133e-06, 0.004098432435965221, 2.251175234959433, 1.0], [-2.3108022366047365e-05, 0.00410746703663209, 2.2621331493915022, 1.0], [-2.310802236601961e-05, 0.00410746703663209, 2.262133149391488, 1.0], [-2.3108022366408187e-05, 0.004107467036632034, 2.262133149391474, 1.0], [-2.310802236601961e-05, 0.004107467036632173, 2.262133149391488, 1.0], [-2.3108022366047365e-05, 0.00410746703663209, 2.262133149391474, 1.0], [-2.310802236601961e-05, 0.0041074670366321175, 2.262133149391488, 1.0], [-0.0004124877757655798, 0.004089840948718643, 1.1902920013881726, 1.0], [-0.0008448984989751496, 0.0040702669740691755, 0.0, 0.0]], [[0.0, 0.0, 0.0, 1.0], [0.0036105905701608737, -0.02699525081200127, 17.62819453411756, 1.0], [0.02986743214274329, -0.009671033699918008, 16.431882422163092, 1.0], [0.03100760952022205, -0.005398661083268141, 9.055962070045183, 1.0], [0.031131192760228736, -0.0036100802645240293, 8.892850594661276, 1.0], [0.031223998711395484, -0.0022669293314859784, 8.77036055783703, 1.0], [0.030748469810551023, 0.0027228331956796747, 11.386243260447102, 1.0], [0.029299861428159952, 0.007799898025422525, 17.659973218059676, 1.0], [0.007010821699155623, 0.02615182290579582, 18.84451083191422, 1.0], [-0.012821759274493742, 0.02746223003070264, 9.134145666965537, 1.0], [-0.017573214729770074, 0.026286171149194182, 6.608646125960377, 1.0], [-0.017841281355171112, 0.02610921817030548, 6.247039733804812, 1.0], [-0.019307629006035523, 0.025141270054726494, 4.26902145987296, 1.0], [-0.019307629006035523, 0.025141270054726494, 4.269021459872931, 1.0], [-0.019307629006035203, 0.025141270054726605, 4.269021459872931, 1.0], [-0.01957311615308955, 0.02493798844977857, 4.034782233186206, 1.0], [-0.0208477543645336, 0.023962007110473915, 2.910169338486156, 1.0], [-0.020847754364533982, 0.023962007110473804, 2.910169338486156, 1.0], [-0.020847754364533608, 0.023962007110473915, 2.9101693384861846, 1.0], [-0.020847754364533608, 0.023962007110473804, 2.910169338486156, 1.0], [-0.020847754364533594, 0.023962007110473804, 2.9101693384861846, 1.0], [-0.02030445961059385, 0.02439193110101945, 2.9096241543460906, 1.0], [-0.020042179103453017, 0.024599480836139054, 2.909360961720523, 1.0], [-0.02004217910345299, 0.024599480836139165, 2.909360961720523, 1.0], [-0.020042179103453406, 0.024599480836139276, 2.909360961720523, 1.0], [-0.02004217910345299, 0.024599480836139054, 2.9093609617205516, 1.0], [-0.020042179103453017, 0.024599480836139054, 2.909360961720523, 1.0], [-0.02078219693578437, 0.02401156561565676, 4.111766074125853, 1.0], [-0.020932468106375557, 0.023892181048784655, 4.355931573756266, 1.0], [-0.020932468106375945, 0.023892181048784877, 4.355931573756266, 1.0], [-0.020932468106375612, 0.023892181048784544, 4.355931573756237, 1.0], [-0.017268566540799113, 0.023538275758048344, 17.985066993003443, 1.0], [0.029432091370882485, -0.011733408492579755, 22.48781957997062, 1.0], [0.027919911489087124, -0.014672170785320238, 10.874155894508021, 1.0], [0.02307989605893135, -0.021921159889453756, 5.944851993579334, 1.0], [0.02307989605893096, -0.021921159889453645, 5.944851993579334, 1.0], [0.023228024008772108, -0.02176808651588269, 5.8399142924953935, 1.0], [0.02338671520954505, -0.021604097224972696, 5.727493309087265, 1.0], [0.023386715209544995, -0.021604097224972474, 5.727493309087208, 1.0], [0.024771898933641984, -0.019911422085610808, 6.253679069747079, 1.0], [0.026078241316718265, -0.01831508996239839, 6.749915596760275, 1.0], [0.026078241316718292, -0.0183150899623985, 6.749915596760275, 1.0], [0.030988366273544593, -0.005449084183521968, 12.761328330088702, 1.0], [0.01734390226542594, 0.01890115408525206, 10.70161292757274, 1.0], [0.01268568286934918, 0.027221095890378022, 9.92789348043533, 1.0], [0.013317965787304077, 0.026901727194453384, 8.59123996363087, 1.0], [0.013464374676384061, 0.026818312843466918, 8.47178541469924, 1.0], [0.015617629092365824, 0.02559152722446567, 6.7149519559374085, 1.0], [0.015617629092365776, 0.025591527224465782, 6.7149519559374085, 1.0], 