{"text": "え", "text_ids": [4], "strokes": [[[0.0, 0.0, 0.0, 1.0], [0.0036247178013391825, -0.005029142092500986, 2.5877380975006243, 1.0], [0.0036247178013391825, -0.005029142092500986, 2.5877380975006243, 1.0], [0.0036247178013388273, -0.005029142092500938, 2.5877380975006234, 1.0], [0.0036247178013391803, -0.005029142092500986, 2.5877380975006252, 1.0], [0.0036247178013391872, -0.005029142092500986, 1.177781379316535, 1.0], [0.003624717801339182, -0.005029142092500986, 0.7057467538638065, 1.0], [0.0036247178013388247, -0.005029142092500931, 0.7057467538638065, 1.0], [0.0036247178013391786, -0.005029142092500993, 0.7057467538638065, 1.0], [0.004985611506585771, -0.00208592043414034, 1.4472145314925076, 1.0], [0.006355424533521593, 0.0008765911516199695, 2.193541902199792, 1.0], [0.0063554245335216, 0.0008765911516199695, 2.19354190219979, 1.0], [0.006355424533521607, 0.0008765911516199626, 2.19354190219979, 1.0], [0.006355424533521607, 0.0008765911516199695, 2.1935419021997937, 1.0], [0.006355424533521947, 0.000876591151619914, 2.19354190219979, 1.0], [0.0063554245335216, 0.0008765911516199695, 2.19354190219979, 1.0], [0.0063358209065217524, 0.0010056831402510402, 2.048369447690149, 1.0], [0.0062594354335126084, 0.0015086896815063866, 1.4827054200241747, 1.0], [0.006259435433512622, 0.0015086896815063866, 1.4827054200241676, 1.0], [0.0062594354335129415, 0.001508689681506338, 1.4827054200241747, 1.0], [0.0062594354335126084, 0.0015086896815063866, 1.4827054200241747, 1.0], [0.006259435433512969, 0.001508689681506338, 1.4827054200241747, 1.0], [0.0062594354335126084, 0.0015086896815063866, 1.4827054200241747, 1.0], [0.0062594354335126084, 0.0015086896815063866, 1.4827054200241747, 1.0], [0.0062594354335129415, 0.0015086896815063346, 1.4827054200241676, 1.0], [0.006259435433512622, 0.00150868968150639, 1.4827054200241747, 1.0], [0.006259435433512595, 0.00150868968150639, 1.4827054200241747, 1.0], [0.0062746632769235255, 0.0014281730895783877, 1.4690341458322962, 1.0], [0.006296293982271578, 0.001313801630095715, 1.4496145014475346, 1.0], [0.006296293982271578, 0.0013138016300957532, 1.4496145014475417, 1.0], [0.006296293982271606, 0.0013138016300957133, 1.4496145014475346, 1.0], [0.006296293982271578, 0.0013138016300957098, 1.4496145014475417, 1.0], [0.006296293982271578, 0.001313801630095755, 1.4496145014475346, 1.0], [0.006296293982271578, 0.0013138016300957133, 1.4496145014475417, 1.0], [0.006296293982271578, 0.0013138016300957116, 1.4496145014475346, 1.0], [0.006296293982271578, 0.0013138016300957567, 1.4496145014475346, 1.0], [0.006296293982271606, 0.0013138016300957098, 1.4496145014475417, 1.0], [0.006296293982271578, 0.001313801630095715, 1.4496145014475417, 1.0], [0.006296293982271578, 0.001313801630095709, 1.4496145014475417, 1.0], [0.006288796282159642, 0.0013560250991509655, 1.8174269599685147, 1.0], [0.006285362590114779, 0.0013753620141552518, 1.9858725758093527, 1.0], [0.006285362590115168, 0.0013753620141552876, 1.985872575809367, 1.0], [0.006285362590114751, 0.0013753620141552484, 1.9858725758093385, 1.0], [0.00628536259011514, 0.0013753620141551928, 1.9858725758093527, 1.0], [0.006285362590114807, 0.0013753620141553394, 1.9858725758093527, 1.0], [0.00628536259011514, 0.0013753620141551933, 1.985872575809367, 1.0], [0.00628536259011514, 0.0013753620141552063, 1.9858725758093527, 1.0], [0.006156338440833131, 0.001679048749023547, 2.2383847330650894, 1.0], [0.0052566123754888006, 0.0037967520827162067, 3.9992316052556163, 1.0], [0.005256612375488745, 0.0037967520827162007, 3.9992316052556163, 1.0], [0.0052566123754888006, 0.0037967520827162024, 3.9992316052556447, 1.0], [0.005256612375488301, 0.0037967520827162475, 3.9992316052556305, 1.0], [0.0003061236693701619, 0.005956244004482754, 2.195209350500562, 1.0], [-0.0004036651172361072, 0.00626586659769093, 1.9365531160908773, 1.0], [-0.0004036651172356076, 0.006265866597690878, 1.9365531160909057, 1.0], [-0.0004036651172360517, 0.006265866597690933, 1.9365531160908773, 1.0], [-0.0004036651172359962, 0.006265866597690836, 1.9365531160908915, 1.0], [-0.00040366511723571863, 0.006265866597690892, 1.9365531160908773, 1.0], [-0.0004036651172360517, 0.006265866597690926, 1.9365531160909057, 1.0], [-0.0004036651172356631, 0.006265866597690795, 1.9365531160908915, 1.0], [-0.001702014865216206, 0.005904625019954035, 3.6327661799357145, 1.0], [-0.0025234217278255477, 0.00567608389575032, 4.705883075639022, 1.0], [-0.002523421727825881, 0.005676083895750486, 4.705883075639051, 1.0], [-0.0025234217278254922, 0.005676083895750431, 4.705883075639022, 0.0]], [[0.0688574312320891, 0.407310064305197, 0.0, 1.0], [-0.01659928199516416, -0.03072779554643401, 14.075204281642009, 1.0], [0.00952909499674251, -0.030175455198452994, 10.859913625535299, 1.0], [0.024948223319075306, -0.02411845339003249, 9.606944548774969, 1.0], [0.027280009575405398, -0.021952384706185102, 6.879410234255673, 1.0], [0.027785498410617268, -0.021272888716352356, 6.765041332332643, 1.0], [0.029953167167732497, -0.018359031623686628, 6.274597472419849, 1.0], [0.02995316716773247, -0.0183590316236866, 6.274597472419863, 1.0], [0.0325537105423436, -0.011906000415865203, 8.658599461778138, 1.0], [0.034715362939800876, -0.003062728355758243, 11.535804373267808, 1.0], [0.02343524671241276, 0.027765285135719076, 16.303522467165962, 1.0], [0.006499712616289344, 0.03515286871432177, 11.946477669980581, 1.0], [-0.00228342321713787, 0.03456832524645942, 7.8923944768187795, 1.0], [-0.00822367221877951, 0.03417298424101006, 5.150519126434304, 1.0], [-0.008223672218779565, 0.03417298424101012, 5.15051912643429, 1.0], [-0.008823491921446824, 0.03399764306820985, 4.315401978833179, 1.0], [-0.00944764351154015, 0.03381518912192272, 3.4464080240291253, 1.0], [-0.009447643511540205, 0.03381518912192283, 3.4464080240291537, 1.0], [-0.009447643511540482, 0.033815189121922995, 3.446408024029182, 1.0], [-0.009447643511540177, 0.03381518912192283, 3.4464080240291253, 1.0], [-0.010298882904653334, 0.0335305124710471, 3.3011046179917685, 1.0], [-0.010974836096156626, 0.033304456096937884, 3.185721916201828, 1.0], [-0.010974836096157042, 0.03330445609693777, 3.1857219162018566, 1.0], [-0.010974836096156654, 0.03330445609693777, 3.1857219162018566, 1.0], [-0.010974836096156654, 0.03330445609693777, 3.185721916201828, 1.0], [-0.010974836096156959, 0.033304456096938106, 3.185721916201885, 1.0], [-0.013169315989932318, 0.03243176706815454, 3.6999358952393777, 1.0], [-0.013393854894789642, 0.032342473637233304, 3.752550204462551, 1.0], [-0.013393854894789281, 0.03234247363723308, 3.752550204462551, 1.0], [-0.013393854894789295, 0.03234247363723308, 3.752550204462551, 1.0], [-0.01766315286340689, 0.030105943657489198, 9.770301839628758, 1.0], [-0.01790606526225688, 0.028468482393706696, 24.82627374474589, 1.0], [0.023561854262411835, -0.025792730166105282, 14.047821997567041, 1.0], [0.01964813084317127, -0.028815475712710925, 6.856804216566076, 1.0], [0.019111567329191934, -0.029229887974032365, 5.870930316868112, 1.0], [0.019111567329191503, -0.029229887974032698, 5.870930316868169, 1.0], [0.01783475315901112, -0.030037285800202818, 3.8803370753043964, 1.0], [0.01781373983888454, -0.03005057364536201, 3.8475766517414627, 1.0], [0.017813739838884568, -0.030050573645362122, 3.847576651741491, 1.0], [0.017813739838884513, -0.030050573645362122, 3.8475766517414627, 1.0], [0.02135416815102037, -0.02737778879728514, 4.773076524133103, 1.0], [0.02407507162021455, -0.025323689992172826, 5.484345215804694, 1.0], [0.02407507162021494, -0.025323689992172715, 5.484345215804694, 1.0], [0.02900507469604957, 0.0028344130617193874, 11.602873553097766, 1.0], [0.026566548811851776, 0.023787709178433203, 11.679085944167582, 1.0], [0.02163310410670055, 0.029246526457568978, 8.548203571880265, 1.0], [0.022445115508318958, 0.02864259906270461, 7.002867211794637, 1.0], [0.02319358405662747, 0.028085931188809643, 5.57845905720967, 1.0], [0.02319358405662697, 0.02808593118880931, 