{"text": "お", "text_ids": [5], "strokes": [[[0.0, 0.0, 0.0, 1.0], [-0.007796422374059669, -0.005139199031456617, 6.616340366934907, 1.0], [-0.007633014835258984, -0.005267608347993447, 6.419456669045065, 1.0], [-0.0031498842733432633, -0.008790553100880278, 1.0178985179899858, 1.0], [-0.002342051644761943, -0.008469179028544212, 1.19050861815842, 1.0], [0.008335586700798717, -0.004221373237295604, 3.4720062442533752, 1.0], [0.008335586700798276, -0.004221373237295899, 3.472006244253379, 1.0], [0.008335586700798741, -0.004221373237295836, 3.4720062442533752, 1.0], [0.008749311650595996, -0.0032597233424727506, 2.2911328149390116, 1.0], [0.008794191592308744, -0.003155405748745968, 2.1630343507213112, 1.0], [0.008794191592309233, -0.0031554057487461554, 2.1630343507213112, 1.0], [0.008794191592308744, -0.003155405748745975, 2.1630343507213183, 1.0], [0.008794191592308744, -0.003155405748745975, 2.1630343507213112, 1.0], [0.00879419159230875, -0.003155405748745968, 2.1630343507213112, 1.0], [0.008794191592308744, -0.003155405748745982, 2.1630343507213183, 1.0], [0.00880947741667315, -0.003100829866324775, 2.1359135590120886, 1.0], [0.00915126641989239, -0.0018805203816641136, 1.5294962573397157, 1.0], [0.009151266419891904, -0.0018805203816639193, 1.5294962573397157, 1.0], [0.00915126641989239, -0.0018805203816641136, 1.5294962573397228, 1.0], [0.009151266419891904, -0.0018805203816641552, 1.5294962573397157, 1.0], [0.009151266419892376, -0.0018805203816638777, 1.5294962573397157, 1.0], [0.009151266419891932, -0.0018805203816641552, 1.5294962573397157, 1.0], [0.009151266419892362, -0.0018805203816640997, 1.5294962573397228, 1.0], [0.009151266419891918, -0.0018805203816639332, 1.5294962573397228, 1.0], [0.009151266419892362, -0.0018805203816640997, 1.5294962573397157, 1.0], [0.009151266419891974, -0.0018805203816641552, 1.5294962573397157, 1.0], [0.009151266419892362, -0.0018805203816638777, 1.5294962573397157, 1.0], [0.00927794478914068, -0.0010677200623304822, 1.4558149363674389, 1.0], [0.009287767710780881, -0.0010046937233171849, 1.4501015233629317, 1.0], [0.009287767710780909, -0.0010046937233171988, 1.4501015233629388, 1.0], [0.009287767710781353, -0.0010046937233171294, 1.450101523362946, 1.0], [0.009287767710780909, -0.0010046937233171849, 1.4501015233629317, 1.0], [0.009287767710780936, -0.0010046937233171988, 1.4501015233629317, 1.0], [0.009287767710780881, -0.0010046937233171988, 1.4501015233629317, 1.0], [0.009287767710780909, -0.0010046937233171988, 1.450101523362946, 1.0], [0.009287767710780909, -0.0010046937233171849, 1.450101523362946, 1.0], [0.009287767710781325, -0.0010046937233171432, 1.4501015233629317, 1.0], [0.009287767710780881, -0.0010046937233171849, 1.4501015233629317, 1.0], [0.009297916843544418, -0.0007447972755916243, 1.4907260537817564, 1.0], [0.009337343200996662, 0.00026482300306136797, 1.6485402527849686, 1.0], [0.009337343200996995, 0.0002648230030614096, 1.6485402527849686, 1.0], [0.009337343200996662, 0.0002648230030616039, 1.6485402527849828, 1.0], [0.009337343200996995, 0.0002648230030614235, 1.6485402527849686, 1.0], [0.009337343200996662, 0.00026482300306136797, 1.6485402527849828, 1.0], [0.00933734320099705, 0.0002648230030614096, 1.6485402527849686, 1.0], [0.00933734320099655, 0.00026482300306159, 1.6485402527849828, 1.0], [0.00933734320099705, 0.0002648230030614096, 1.6485402527849828, 1.0], [0.00933734320099655, 0.00026482300306136797, 1.6485402527849686, 1.0], [0.009339259652167087, 0.00010775226804701776, 2.023478223947322, 1.0], [0.009341182517929147, -4.984420160733527e-05, 2.3996711575904754, 1.0], [0.009341182517929258, -4.984420160733527e-05, 2.3996711575904754, 1.0], [0.009341182517929147, -4.9844201607557315e-05, 2.3996711575904897, 1.0], [0.009341182517929258, -4.984420160733527e-05, 2.3996711575904754, 1.0], [0.009341182517929147, -4.9844201607307514e-05, 2.3996711575904754, 1.0], [0.009341182517929203, -4.984420160734915e-05, 2.3996711575904897, 1.0], [0.009313491665957019, 0.0004309038898630685, 3.0093844607234814, 1.0], [0.009274435154314642, 0.0011089741583621415, 3.8693534767172224, 1.0], [0.009274435154314142, 0.0011089741583621, 3.869353476717208, 1.0], [0.009274435154314531, 0.0011089741583621415, 3.8693534767172224, 1.0], [0.009271804051795896, 0.0010451132552734138, 3.909700526769427, 1.0], [0.009151266419892445, -0.0018805203816641136, 5.75810355702275, 1.0], [0.00915126641989189, -0.0018805203816641414, 5.758103557022679, 1.0], [0.00871338342089023, -0.0028251772606193437, 7.680559175099603, 1.0], [0.007346821816508697, -0.005773297701551577, 13.680230410972484, 0.0]], [[0.36028562325669583, -0.2462281821058175, 0.0, 1.0], [-0.04643147419343785, -0.005551961295586522, 17.533763503278397, 1.0], [-0.03048568592220724, 0.028848320549358403, 25.173034184525836, 1.0], [-0.00585796008579581, 0.04632757502311097, 7.642917290180911, 1.0], [-0.005584831978135585, 0.04642754373978683, 7.450579639712814, 1.0], [-0.00558483197813564, 0.04642754373978698, 5.792408821595394, 1.0], [-0.005584831978135585, 0.04642754373978674, 5.097765016663068, 1.0], [-0.005584831978135585, 0.04642754373978697, 5.097765016663061, 1.0], [-0.005584831978135613, 0.04642754373978674, 4.918146112921576, 1.0], [-0.005584831978135613, 0.04642754373978697, 4.612263586488879, 1.0], [-0.005584831978135585, 0.04642754373978675, 4.6122635864888935, 1.0], [-0.005584831978135613, 0.04642754373978697, 4.612263586488879, 1.0], [-0.005584831978135613, 0.04642754373978697, 4.29165799986184, 1.0], [-0.005584831978135585, 0.04642754373978669, 4.143637874477619, 1.0], [-0.005584831978135613, 0.04642754373978697, 4.143637874477619, 1.0], [-0.005584831978135613, 0.046427543739787025, 4.143637874477605, 1.0], [-0.009024766063500334, 0.04585708152807361, 4.341847394384047, 1.0], [-0.00976560438224544, 0.04573422444554065, 4.384534609848885, 1.0], [-0.009765604382245913, 0.045734224445540816, 4.384534609848899, 1.0], [-0.009765604382245885, 0.04573422444554076, 4.384534609848885, 1.0], [-0.015210593373514297, 0.04420562973593967, 5.205544640107846, 1.0], [-0.015524241664335081, 0.04411757792926152, 5.252837369836101, 1.0], [-0.015524241664335026, 0.04411757792926141, 5.252837369836101, 1.0], [-0.01868503397735781, 0.04282102108005481, 5.616388031694754, 1.0], [-0.019981158177134778, 0.0422893509979303, 5.765466732227765, 1.0], [-0.01998115817713518, 0.042289350997930186, 5.765466732227736, 1.0], [-0.029715067076712613, 0.035994851762461866, 12.926089417547416, 1.0], [-0.04124538150556303, 0.014236062514767722, 17.150345163813967, 1.0], [-0.04361869658719232, -0.01304593261789233, 21.155792427943965, 1.0], [-0.027659917043487164, -0.03729049382280858, 16.904955068054136, 1.0], [-0.007385757269831469, -0.04616643620511307, 13.30440567372247, 1.0], [-0.0009013225930830926, -0.04662077006307763, 10.00588981025362, 1.0], [0.0012070686677032594, -0.0466906254179944, 9.073903479247662, 1.0], [0.018691284800414584, -0.042874177413189773, 9.277269324765655, 1.0], [0.019983272085336616, -0.04217396010231833, 8.90113008539197, 1.0], [0.025760012096821387, -0.03904314495912731, 7.219334436675297, 1.0], [0.025760012096820904, -0.03904314495912742, 7.219334436675297, 1.0], [0.031536407423016395, -0.03438269329299237, 5.843874249232329, 1.0], [0.032736441258842654, -0.03341449437761812, 5.558125322513547, 1.0], [0.03273644125884313, -0.03341449437761801, 5.558125322513604, 1.0], [0.03773415043308455, -0.027590507311686108, 5.93005497684203, 1.0], [0.038000961951074275, -0.027279583491264525, 5.949911097355823, 1.0], [0.03846934042015934, -0.026444346107377836, 5.9551570107373095, 1.0], [0.04308466165571498, -0.01821405994133979, 6.006849342959015, 1.0], [0.04308466165571506, -0.018214059941339733, 6.006849342959015, 1.0], [0.043979119582701454, -0.014759402271292354, 6.223256375755909, 1.0], [0.04649822222080674, -0.005029892377306722, 6.83273336821776, 1.0], [0.046498222220806684, -0.005029892377306555, 6.832733368217703, 1.0], [0.045795931492994935, 