{"text": "お", "text_ids": [5], "strokes": [[[0.0, 0.0, 0.0, 1.0], [-0.005096068649194641, -0.009405594405801698, 6.636089855578434, 1.0], [-0.005096068649194641, -0.009405594405801698, 6.636089855578434, 1.0], [-0.0005499389610177825, -0.010397058658081687, 2.4357009927096733, 1.0], [0.0010504000187682872, -0.010746076173819445, 0.9570704897149778, 1.0], [0.0010504000187682681, -0.010746076173819251, 0.9570704897149795, 1.0], [0.006325945578387551, -0.007154976522441972, 1.3711132000988258, 1.0], [0.009769338397786228, -0.004811035670533516, 1.641362348693594, 1.0], [0.009769338397786213, -0.004811035670533342, 1.6413623486935904, 1.0], [0.00976933839778621, -0.004811035670533315, 1.6413623486935904, 1.0], [0.00976933839778621, -0.0048110356705333285, 1.641362348693594, 1.0], [0.009769338397786202, -0.0048110356705333285, 1.6413623486935904, 1.0], [0.009769338397786216, -0.0048110356705333285, 1.6413623486935904, 1.0], [0.009958198081600506, -0.004312207082722341, 1.571580878940793, 1.0], [0.010411570821175303, -0.0031147292575636337, 1.4040648931336683, 1.0], [0.010411570821174915, -0.0031147292575636754, 1.4040648931336719, 1.0], [0.01041157082117529, -0.0031147292575636476, 1.4040648931336719, 1.0], [0.010411570821175303, -0.0031147292575636337, 1.4040648931336648, 1.0], [0.010411570821174929, -0.0031147292575638696, 1.4040648931336719, 1.0], [0.010411570821175303, -0.0031147292575635366, 1.4040648931336719, 1.0], [0.010411570821174915, -0.0031147292575637725, 1.4040648931336719, 1.0], [0.010411570821175276, -0.00311472925756362, 1.4040648931336719, 1.0], [0.010411570821175331, -0.0031147292575636476, 1.4040648931336719, 1.0], [0.010411570821174915, -0.0031147292575637864, 1.4040648931336719, 1.0], [0.010411570821175303, -0.00311472925756362, 1.4040648931336648, 1.0], [0.010486353054707326, -0.002600368127386843, 1.405023772821174, 1.0], [0.010812838378410322, -0.00035476309321647026, 1.409210063205684, 1.0], [0.010812838378410683, -0.00035476309321641475, 1.4092100632056699, 1.0], [0.01081283837841071, -0.0003547630932164425, 1.409210063205677, 1.0], [0.010812838378410322, -0.00035476309321635924, 1.409210063205677, 1.0], [0.010812838378410683, -0.0003547630932164425, 1.409210063205684, 1.0], [0.010812838378410683, -0.00035476309321641475, 1.4092100632056699, 1.0], [0.01081283837841035, -0.00035476309321647026, 1.409210063205677, 1.0], [0.010812838378410683, -0.0003547630932163315, 1.409210063205677, 1.0], [0.010812838378410738, -0.0003547630932164425, 1.409210063205677, 1.0], [0.010812838378410294, -0.0003547630932164425, 1.409210063205677, 1.0], [0.010812838378410683, -0.0003547630932164425, 1.409210063205677, 1.0], [0.010593422701060673, 0.0017416441933550408, 1.6360748548433435, 1.0], [0.01054927169702835, 0.002163485001085347, 1.6817247758119436, 1.0], [0.01054927169702835, 0.00216348500108543, 1.6817247758119436, 1.0], [0.01054927169702835, 0.002163485001085416, 1.6817247758119578, 1.0], [0.010549271697028684, 0.002163485001085347, 1.6817247758119436, 1.0], [0.01054927169702835, 0.002163485001085416, 1.6817247758119436, 1.0], [0.010549271697028295, 0.00216348500108543, 1.6817247758119578, 1.0], [0.010549271697028795, 0.0021634850010853746, 1.6817247758119578, 1.0], [0.01054927169702835, 0.002163485001085416, 1.6817247758119436, 1.0], [0.01054927169702835, 0.002163485001085416, 1.6817247758119578, 1.0], [0.01028673676392372, 0.0030717962081692335, 2.051272744497979, 1.0], [0.010186562640742525, 0.003418375909654825, 2.192279289031376, 1.0], [0.010186562640742969, 0.00341837590965495, 2.19227928903139, 1.0], [0.01018656264074258, 0.003418375909654811, 2.192279289031376, 1.0], [0.010186562640742913, 0.003418375909654936, 2.192279289031376, 1.0], [0.01018656264074258, 0.003418375909654811, 2.19227928903139, 1.0], [0.010186562640742525, 0.003418375909654839, 2.192279289031376, 1.0], [0.010186562640742913, 0.00341837590965495, 2.1922792890313474, 1.0], [0.010496153729069313, 0.002381190452646287, 3.56587824702504, 1.0], [0.010505949174534512, 0.002348373960298508, 3.6093388445386267, 1.0], [0.010505949174533957, 0.0023483739602984666, 3.6093388445386267, 1.0], [0.010505949174534401, 0.0023483739602984943, 3.6093388445386125, 1.0], [0.010643649689903834, 0.0015377280928472736, 6.521730395149689, 1.0], [0.010762668437130363, 0.000837062192438634, 9.038999069530362, 1.0], [0.010483602777300316, 0.0005042402386124939, 20.891773203073086, 1.0], [-0.0009282051814915038, -0.010440633378111921, 16.220838799685794, 1.0], [-0.003873705310729725, -0.009985928319157927, 0.0, 0.0]], [[0.0, 0.0, 0.0, 1.0], [-0.01184957489209254, -0.01787802616676215, 30.617877142812276, 1.0], [-0.003934041870978178, 0.04024706098739378, 7.352813702646337, 1.0], [-0.003934041870978178, 0.04024706098739381, 7.352813702646337, 1.0], [-0.005454646226011883, 0.04009687465923928, 4.5155246497101444, 1.0], [-0.0056087254492717675, 0.04008165663575432, 4.228028897121206, 1.0], [-0.0056087254492718785, 0.04008165663575436, 4.228028897121206, 1.0], [-0.0056087254492714345, 0.04008165663575421, 4.228028897121213, 1.0], [-0.008161089082248496, 0.039681650733005766, 3.034679753296267, 1.0], [-0.008485571801777003, 0.03963079786804777, 2.88296893492668, 1.0], [-0.008485571801776948, 0.039630797868047775, 2.8829689349267085, 1.0], [-0.008485571801777503, 0.03963079786804774, 2.88296893492668, 1.0], [-0.008485571801777003, 0.03963079786804777, 2.8829689349266943, 1.0], [-0.008485571801777059, 0.03963079786804774, 2.8829689349266943, 1.0], [-0.008208573153572818, 0.03968353116284737, 3.3895255801166684, 1.0], [-0.008205919220731439, 0.03968403640221857, 3.3943789154142507, 1.0], [-0.008205919220731495, 0.03968403640221868, 3.3943789154142507, 1.0], [-0.008205919220731439, 0.039684036402218514, 3.3943789154142365, 1.0], [-0.00982734360190976, 0.03925218184040935, 3.885740028254361, 1.0], [-0.0140629339512936, 0.0381240632333556, 5.169305522746171, 1.0], [-0.014062933951294015, 0.038124063233355654, 5.169305522746157, 1.0], [-0.014062933951293988, 0.03812406323335571, 5.169305522746157, 1.0], [-0.025496222795041323, 0.03182385977951574, 7.019857245248446, 1.0], [-0.02563284387346887, 0.031748576053028055, 7.041970250129921, 1.0], [-0.029559578596153435, 0.02773266449034817, 6.921263634023802, 1.0], [-0.032472718047625124, 0.02475336712674614, 6.831714624410097, 1.0], [-0.03316040990105729, 0.022745866298143458, 7.150867228416445, 1.0], [-0.04049710411721839, 0.0013286870126180128, 10.555771695731437, 1.0], [-0.03207565503367226, -0.016911992339208592, 9.655841692261191, 1.0], [-0.025721123563821786, -0.03067577216174322, 8.976785929888052, 1.0], [-0.009550530498649352, -0.03717384756813902, 7.762822435896453, 1.0], [-0.0018060794914356929, -0.04028591812876625, 7.1814287439104305, 1.0], [0.0049204600399039705, -0.03880883880270902, 6.4619568067644195, 1.0], [0.01996609103449354, -0.035504972024546, 4.852673277421161, 1.0], [0.019966091034493143, -0.03550497202454583, 4.8526732774211325, 1.0], [0.020068694819435743, -0.0354291007869012, 4.8498291415365316, 1.0], [0.028661658988554585, -0.029074960665105787, 4.611635611321759, 1.0], [0.028661658988554974, -0.02907496066510601, 4.611635611321759, 1.0], [0.02866165898855494, -0.029074960665105787, 4.611635611321788, 1.0], [0.030959438180001644, -0.026029060686628247, 4.638653429047395, 1.0], [0.035721498562965553, -0.019716548295546754, 4.6946468334199665, 1.0], [0.03572149856296514, -0.019716548295546393, 4.694646833419938, 1.0], [0.035721498562965553, -0.019716548295546754, 4.694646833419938, 1.0], [0.03906272670000069, -0.005197392930954864, 5.122554963029842, 1.0], [0.04046536309798954, 0.0008976999352597048, 5.302189364803667, 1.0], [0.04046536309798954, 0.0008976999352599269, 5.302189364803667, 1.0], [0.03825975737888193, 0.010656781449964736, 5.161413519203904, 1.0], [0.037253494440077084, 0.015109164738575931, 5.097187390808017, 1.0], [0.03725349444007736, 0.015109164738575986, 5.097187390808017, 1.0], [0.0348353029630204, 