{"text": "お", "text_ids": [5], "strokes": [[[0.0, 0.0, 0.0, 1.0], [-0.008828867330398815, 0.0015934589068097515, 4.8332702343560845, 1.0], [-0.00882886733039845, 0.0015934589068096869, 4.8332702343560845, 1.0], [-0.008597746684987691, 0.0020449724378786838, 4.819188225641128, 1.0], [-0.006593884107445196, 0.0059596857537496835, 4.697094371886335, 1.0], [-0.006593884107445193, 0.005959685753749682, 4.697094371886337, 1.0], [-0.004840914000615017, 0.004674358391537268, 6.5449681213461695, 1.0], [0.0076759555734826415, -0.00450336511335676, 19.739485598435657, 1.0], [0.007675955573482638, -0.0045033651133567585, 19.739485598435664, 1.0], [0.007415836425520954, -0.004895612528066496, 10.325278045548401, 1.0], [0.007234963801651747, -0.0051683599196383455, 3.779153182836282, 1.0], [0.007234963801652107, -0.005168359919638321, 3.779153182836282, 1.0], [0.007234963801651747, -0.005168359919638347, 3.7791531828362963, 1.0], [0.007308187239089005, -0.005047972044172559, 3.648435169870126, 1.0], [0.008035324064698401, -0.0038524742545061833, 2.350355151712037, 1.0], [0.008035324064698037, -0.0038524742545061226, 2.350355151712037, 1.0], [0.008035324064698039, -0.0038524742545062093, 2.350355151712037, 1.0], [0.008035324064698403, -0.003852474254506185, 2.350355151712037, 1.0], [0.008035324064698042, -0.003852474254506213, 2.350355151712037, 1.0], [0.008035324064698403, -0.0038524742545061816, 2.350355151712037, 1.0], [0.008035324064698042, -0.0038524742545062163, 2.350355151712037, 1.0], [0.007490081866672618, -0.004780213002101852, 1.7175011343619957, 1.0], [0.007400242348368197, -0.004933076449755637, 1.6132258228000609, 1.0], [0.007400242348368197, -0.004933076449755651, 1.6132258228000609, 1.0], [0.007400242348368197, -0.004933076449755554, 1.6132258228000467, 1.0], [0.007400242348368197, -0.004933076449755644, 1.6132258228000609, 1.0], [0.007400242348367822, -0.004933076449755672, 1.613225822800075, 1.0], [0.007400242348368183, -0.004933076449755561, 1.6132258228000467, 1.0], [0.007400242348368197, -0.00493307644975563, 1.6132258228000609, 1.0], [0.007400242348368211, -0.004933076449755561, 1.6132258228000609, 1.0], [0.007400242348368169, -0.004933076449755658, 1.6132258228000609, 1.0], [0.0075137277113191125, -0.004753029067474726, 1.534727902650971, 1.0], [0.0077541692491967795, -0.004371562520945907, 1.3684142904805299, 1.0], [0.007754169249196807, -0.00437156252094581, 1.3684142904805014, 1.0], [0.0077541692491967795, -0.004371562520945893, 1.3684142904805014, 1.0], [0.007754169249196807, -0.004371562520945893, 1.3684142904805299, 1.0], [0.007754169249196807, -0.004371562520945824, 1.3684142904805014, 1.0], [0.007754169249196419, -0.004371562520945921, 1.3684142904805014, 1.0], [0.0077541692491967795, -0.004371562520945893, 1.3684142904805299, 1.0], [0.007754169249196807, -0.0043715625209458375, 1.3684142904805014, 1.0], [0.007754169249196807, -0.004371562520945893, 1.3684142904805299, 1.0], [0.007754169249196807, -0.004371562520945893, 1.3684142904805014, 1.0], [0.007754169249196752, -0.00437156252094581, 1.3684142904805299, 1.0], [0.007930813439084666, -0.004045429297362624, 1.9853489413792431, 1.0], [0.008035324064698035, -0.0038524742545061885, 2.350355151712023, 1.0], [0.008035324064698007, -0.003852474254506133, 2.350355151712023, 1.0], [0.008035324064698424, -0.0038524742545062163, 2.3503551517120513, 1.0], [0.008035324064698035, -0.0038524742545061885, 2.3503551517120513, 1.0], [0.00803532406469809, -0.0038524742545062163, 2.350355151712023, 1.0], [0.008035324064698368, -0.0038524742545061608, 2.3503551517120513, 1.0], [0.008103101229284093, -0.003710055155121128, 3.4344642274799355, 1.0], [0.008206767978238494, -0.003492221831574327, 5.0926342628293355, 1.0], [0.008206767978238494, -0.0034922218315742715, 5.092634262829279, 1.0], [0.008206767978238438, -0.0034922218315742992, 6.706610622047435, 1.0], [0.008206767978238494, -0.003492221831574327, 11.458427091370652, 1.0], [-0.002814988573129673, -0.0042486292452171, 17.54221391417053, 1.0], [-0.008022164543757149, -0.004398581132131041, 18.750038309546284, 1.0], [-0.008683622643888389, -0.002795316086848021, 5.868970998861016, 1.0], [-0.008683622643888389, -0.002795316086848021, 5.868970998860931, 1.0], [-0.008757229570481084, -0.002327157621907938, 6.341704784611466, 1.0], [-0.009025730741444415, -0.0006194230125255995, 8.06612911399688, 1.0], [-0.009025730741444304, -0.0006194230125255995, 8.499999999999972, 1.0], [-0.00902573074144436, -0.0006194230125256273, 12.099193670995191, 1.0], [-0.00902573074144436, -0.0006194230125255995, 3.599193670995362, 0.0]], [[0.0, 0.0, 0.0, 1.0], [-0.013217155921903562, 0.019250305467683027, 112.3486867765722, 1.0], [0.005371402874423281, 0.06245178536526008, 19.706082996655127, 1.0], [0.0037851929819888996, 0.06251123308082887, 14.85012934891526, 1.0], [0.002079869924401595, 0.06253654597270752, 11.09976046798181, 1.0], [-0.0005729272276566166, 0.06244313492678534, 9.92883220597983, 1.0], [-0.002064791105937075, 0.06239060299265863, 9.270332713554154, 1.0], [0.0001164601802513543, 0.06249271410781048, 7.296240981597691, 1.0], [0.0006406544113194967, 0.06251725326009874, 6.821830947300299, 1.0], [-0.0028903181911608677, 0.062210352276983516, 6.744204366325135, 1.0], [-0.007021491575633754, 0.06185128373812682, 6.653382685911339, 1.0], [-0.007021491575633448, 0.06185128373812693, 6.653382685911367, 1.0], [-0.006691231038049472, 0.06189957644324878, 5.881150648344942, 1.0], [-0.0066568618046605466, 0.061904602121658325, 5.800786753453593, 1.0], [-0.006396079991367348, 0.061938185956972425, 6.062769484053064, 1.0], [-0.004888796374770604, 0.06213229598371206, 7.5769942402857, 1.0], [-0.004888796374770243, 0.06213229598371173, 7.576994240285643, 1.0], [0.0009703776688079757, 0.062495168019158887, 9.585116711452514, 1.0], [0.0009755389237029177, 0.06250957887594188, 9.617319995836965, 1.0], [-0.002064791105937075, 0.06239060299265853, 8.725019024525295, 1.0], [-0.003450735932177665, 0.062249072017205975, 9.520871751379048, 1.0], [-0.0062003057635582615, 0.06196828933888998, 11.099760467977092, 1.0], [-0.015978069030392367, 0.05963796800396415, 13.940657782230062, 1.0], [-0.017553004474115036, 0.059340193152537024, 17.46626169839527, 1.0], [-0.03988758749340559, 0.01685524039000974, 53.16922537371852, 1.0], [-0.032412721367625984, -0.054260693768838575, 22.123066894657995, 1.0], [-0.02600188694276748, -0.05744066978729223, 14.441902707956842, 1.0], [-0.01511306822477215, -0.06116349864435555, 10.786261803041612, 1.0], [-0.006010486405282463, -0.06212245556040241, 11.005213988231162, 1.0], [-0.0009171447025106139, -0.06246909667351974, 10.511985280026181, 1.0], [0.004888796374770611, -0.06213229598371217, 7.576994240285671, 1.0], [0.004888796374770597, -0.062132295983711616, 7.576994240285671, 1.0], [0.01799382446698146, -0.059071207682203086, 7.220491300243566, 1.0], [0.019083760415240687, -0.058816619126029646, 7.190841202030981, 1.0], [0.02976156852908763, -0.05328732335594366, 9.802612513006807, 1.0], [0.03487546428014584, -0.05052343140940574, 10.755378796848504, 1.0], [0.0378559709831517, -0.0482866297269785, 9.698888594890605, 1.0], [0.04255284289431391, -0.04335074752412171, 9.303846859094563, 1.0], [0.049890489475659994, -0.03563970922954257, 8.686696403008568, 1.0], [0.05038429309767095, -0.03493675151400266, 8.325273406556448, 1.0], [0.051030208736399574, -0.034017253637532496, 7.852517122076392, 1.0], [0.05446017360434857, -0.026760109418098976, 8.225307494540061, 1.0], [0.059698203056915256, -0.015677449208329253, 8.794609812720182, 1.0], [0.060747559681006424, -0.010279752489458671, 9.527330915858442, 1.0], [0.06196608990528002, -0.0040118580078291055, 10.378178749320227, 1.0], [0.06190289882039135, 0.008012615174517818, 12.606882957081666, 1.0], [0.06019265344907221, 0.016733997404387607, 14.68561130596322, 1.0], [0.05208570600200901, 0.03356652194282683, 17.10246358820791, 1.0], [0.028215665387306688, 0.05395519506048735, 16.296553874465303, 1.0],