{"text": "お", "text_ids": [5], "strokes": [[[0.0, 0.0, 0.0, 1.0], [-0.005279357307759224, -0.009116829260909723, 6.636089855578434, 1.0], [-0.005279357307759224, -0.009116829260909723, 6.636089855578434, 1.0], [-0.0007722858125232754, -0.010305413371043137, 2.4357009927096733, 1.0], [0.0008143038127721124, -0.010723821470387238, 0.9570704897149778, 1.0], [0.0008143038127720985, -0.010723821470387043, 0.9570704897149795, 1.0], [0.006146900831306504, -0.007392037069002093, 1.3711132000988258, 1.0], [0.00962753161628512, -0.005217353454983642, 1.641362348693594, 1.0], [0.009627531616285108, -0.0052173534549834755, 1.6413623486935904, 1.0], [0.009627531616285108, -0.005217353454983462, 1.6413623486935904, 1.0], [0.009627531616285108, -0.005217353454983462, 1.641362348693594, 1.0], [0.009627531616285108, -0.005217353454983462, 1.6413623486935904, 1.0], [0.009627531616285108, -0.005217353454983462, 1.6413623486935904, 1.0], [0.009826428173731111, -0.00473019514004952, 1.571580878940793, 1.0], [0.010303895229272456, -0.0035607327360701185, 1.4040648931336683, 1.0], [0.010303895229272067, -0.0035607327360701463, 1.4040648931336719, 1.0], [0.01030389522927247, -0.0035607327360701463, 1.4040648931336719, 1.0], [0.01030389522927247, -0.0035607327360701185, 1.4040648931336648, 1.0], [0.010303895229272095, -0.0035607327360703406, 1.4040648931336719, 1.0], [0.010303895229272456, -0.0035607327360700214, 1.4040648931336719, 1.0], [0.010303895229272081, -0.0035607327360702573, 1.4040648931336719, 1.0], [0.01030389522927247, -0.0035607327360701185, 1.4040648931336719, 1.0], [0.010303895229272442, -0.0035607327360701324, 1.4040648931336719, 1.0], [0.010303895229272109, -0.003560732736070271, 1.4040648931336719, 1.0], [0.010303895229272442, -0.0035607327360701047, 1.4040648931336648, 1.0], [0.010389492634540226, -0.003053035234042656, 1.405023772821174, 1.0], [0.010763194986650432, -0.0008365223610798111, 1.409210063205684, 1.0], [0.010763194986650793, -0.0008365223610797556, 1.4092100632056699, 1.0], [0.01076319498665082, -0.0008365223610797834, 1.409210063205677, 1.0], [0.010763194986650432, -0.0008365223610796724, 1.409210063205677, 1.0], [0.01076319498665082, -0.0008365223610797834, 1.409210063205684, 1.0], [0.010763194986650793, -0.0008365223610797834, 1.4092100632056699, 1.0], [0.010763194986650404, -0.0008365223610797834, 1.409210063205677, 1.0], [0.010763194986650848, -0.0008365223610796724, 1.409210063205677, 1.0], [0.010763194986650793, -0.0008365223610797834, 1.409210063205677, 1.0], [0.010763194986650404, -0.0008365223610797834, 1.409210063205677, 1.0], [0.010763194986650848, -0.0008365223610797834, 1.409210063205677, 1.0], [0.010589894626178875, 0.0012561923418494547, 1.6360748548433435, 1.0], [0.010555022984341689, 0.0016772901248458538, 1.6817247758119436, 1.0], [0.010555022984341633, 0.001677290124845937, 1.6817247758119436, 1.0], [0.010555022984341633, 0.0016772901248459093, 1.6817247758119578, 1.0], [0.010555022984342133, 0.001677290124845826, 1.6817247758119436, 1.0], [0.010555022984341633, 0.001677290124845937, 1.6817247758119436, 1.0], [0.010555022984341633, 0.001677290124845937, 1.6817247758119578, 1.0], [0.010555022984342133, 0.0016772901248458538, 1.6817247758119578, 1.0], [0.010555022984341633, 0.001677290124845937, 1.6817247758119436, 1.0], [0.010555022984341633, 0.0016772901248459093, 1.6817247758119578, 1.0], [0.010313118694213474, 0.002591498326244751, 2.051272744497979, 1.0], [0.010220816500860153, 0.0029403281139490645, 2.192279289031376, 1.0], [0.010220816500860652, 0.0029403281139491755, 2.19227928903139, 1.0], [0.010220816500860319, 0.0029403281139490367, 2.192279289031376, 1.0], [0.010220816500860597, 0.0029403281139491755, 2.192279289031376, 1.0], [0.010220816500860264, 0.0029403281139490367, 2.19227928903139, 1.0], [0.010220816500860264, 0.0029403281139490783, 2.192279289031376, 1.0], [0.010220816500860597, 0.0029403281139491616, 2.1922792890313474, 1.0], [0.010506811723600518, 0.0018959699664127388, 3.56587824702504, 1.0], [0.010515860597141491, 0.0018629265305205173, 3.6093388445386267, 1.0], [0.010515860597140936, 0.0018629265305205034, 3.6093388445386267, 1.0], [0.01051586059714138, 0.0018629265305205173, 3.6093388445386125, 1.0], [0.0106355238576753, 0.001051342372693151, 6.521730395149689, 1.0], [0.010738952456468942, 0.00034986547934953705, 9.038999069530362, 1.0], [0.010453784408899547, 3.168175313189581e-05, 20.891773203073086, 1.0], [-0.001150024132158034, -0.010331773754074014, 16.220838799685794, 1.0], [-0.004074270068082253, -0.00974814211350418, 0.0, 0.0]], [[0.0, 0.0, 0.0, 1.0], [-0.012189568919208749, -0.017232315035085877, 30.617877142812276, 1.0], [-0.003049795542558298, 0.040163710898318966, 7.352813702646337, 1.0], [-0.0030497955425583534, 0.04016371089831902, 7.352813702646337, 1.0], [-0.004567738407868616, 0.04008256398284474, 4.5155246497101444, 1.0], [-0.004721547948704108, 0.040074341558869186, 4.228028897121206, 1.0], [-0.004721547948704108, 0.040074341558869256, 4.228028897121206, 1.0], [-0.004721547948703719, 0.04007434155886909, 4.228028897121213, 1.0], [-0.007272637847736074, 0.039791173203334286, 3.034679753296267, 1.0], [-0.007596958637103524, 0.03975517392920993, 2.88296893492668, 1.0], [-0.007596958637103468, 0.039755173929209936, 2.8829689349267085, 1.0], [-0.007596958637103912, 0.03975517392920991, 2.88296893492668, 1.0], [-0.007596958637103524, 0.039755173929209936, 2.8829689349266943, 1.0], [-0.007596958637103524, 0.039755173929209936, 2.8829689349266943, 1.0], [-0.007319896949270821, 0.03979516717725756, 3.3895255801166684, 1.0], [-0.007317242412444691, 0.03979555035383639, 3.3943789154142507, 1.0], [-0.007317242412444747, 0.039795550353836584, 3.3943789154142507, 1.0], [-0.007317242412444636, 0.03979555035383636, 3.3943789154142365, 1.0], [-0.008941695321585397, 0.03943906433509092, 3.885740028254361, 1.0], [-0.013185196988918346, 0.03850782834393557, 5.169305522746171, 1.0], [-0.01318519698891879, 0.038507828343935624, 5.169305522746157, 1.0], [-0.013185196988918763, 0.03850782834393568, 5.169305522746157, 1.0], [-0.024710120274514552, 0.03276006178743096, 7.019857245248446, 1.0], [-0.024847836330637224, 0.032691379357010164, 7.041970250129921, 1.0], [-0.02884603171293032, 0.028877140965793302, 6.921263634023802, 1.0], [-0.03181218591620866, 0.02604745953338672, 6.831714624410097, 1.0], [-0.032540551426842215, 0.02408368560954599, 7.150867228416445, 1.0], [-0.04031117572964107, 0.00313301022057888, 10.555771695731437, 1.0], [-0.032316258346458626, -0.015367070487702028, 9.655841692261191, 1.0], [-0.026283572806680342, -0.02932658551762879, 8.976785929888052, 1.0], [-0.010316065852847493, -0.036506660714333616, 7.762822435896453, 1.0], [-0.002668877230085423, -0.03994535590410653, 7.1814287439104305, 1.0], [0.004063436230393742, -0.038778918395378725, 6.4619568067644195, 1.0], [0.019121982098495464, -0.036169881720160724, 4.852673277421161, 1.0], [0.019121982098495076, -0.03616988172016056, 4.8526732774211325, 1.0], [0.01922582562725424, -0.036099092751714745, 4.8498291415365316, 1.0], [0.027922617098656937, -0.03017058758235358, 4.611635611321759, 1.0], [0.027922617098657322, -0.030170587582353803, 4.611635611321759, 1.0], [0.027922617098657315, -0.030170587582353636, 4.611635611321788, 1.0], [0.030277238354378552, -0.027247185753533576, 4.638653429047395, 1.0], [0.03515710176357559, -0.021188546139976505, 4.6946468334199665, 1.0], [0.03515710176357517, -0.021188546139976117, 4.694646833419938, 1.0], [0.03515710176357556, -0.021188546139976505, 4.694646833419938, 1.0], [0.038798838717469725, -0.0069125645491303345, 5.122554963029842, 1.0], [0.040327627711796044, -0.0009195552198976442, 5.302189364803667, 1.0], [0.040327627711796155, -0.0009195552198974777, 5.302189364803667, 1.0], [0.038341293462999526, 0.008875348265789007, 5.161413519203904, 1.0], [0.03743506869157853, 0.013344074603151651, 5.097187390808017, 1.0], [0.03743506869157892, 0.013344074603151623, 5.097187390808017, 1.0], 