{"text": "か", "text_ids": [6], "strokes": [[[0.0, 0.0, 0.0, 1.0], [0.001197185150493637, -0.032750397495115956, 9.254079339653464, 1.0], [0.013918090197155553, -0.026364860934921755, 8.938423072818834, 1.0], [0.0273099005505347, -0.01964254877984991, 8.6061189759956, 1.0], [0.02943794506816303, -0.015570932885348804, 5.888339125829663, 1.0], [0.030698445248322576, -0.013159201116560298, 4.278522243527341, 1.0], [0.030698445248322964, -0.013159201116560298, 4.278522243527334, 1.0], [0.030698445248322992, -0.01315920111656041, 4.278522243527341, 1.0], [0.03116187247041738, -0.011787507267026848, 3.803855093336942, 1.0], [0.031406316953651786, -0.011063978354137693, 3.55348187246242, 1.0], [0.03140631695365212, -0.011063978354137721, 3.55348187246242, 1.0], [0.0314063169536522, -0.011063978354137693, 3.5534818724624273, 1.0], [0.031406316953651814, -0.011063978354137693, 3.553481872462413, 1.0], [0.03253795847531282, -0.002080470085321917, 4.040552846847433, 1.0], [0.03270610311340255, -0.0007456580289200709, 4.112924150961376, 1.0], [0.03270610311340222, -0.0007456580289200432, 4.112924150961362, 1.0], [0.03270610311340255, -0.0007456580289200709, 4.112924150961376, 1.0], [0.03174834855590586, 0.0059986474606527895, 5.466847624430571, 1.0], [0.031729261465724745, 0.006133054721971204, 5.493829964774591, 1.0], [0.031729261465724634, 0.006133054721971315, 5.493829964774591, 1.0], [0.02955825894297126, 0.012105529718938413, 6.054855461830741, 1.0], [0.029279141142728893, 0.012873388837333355, 6.126984444168087, 1.0], [0.02571923186357139, 0.016857280144905035, 6.734283654748822, 1.0], [0.01631898900453932, 0.027377083566418256, 8.337908809181968, 1.0], [0.012188664710893082, 0.02864411418969573, 7.402269284240234, 1.0], [-0.001197185150493607, 0.03275039749511595, 4.369981910458193, 1.0], [-0.001197185150493718, 0.03275039749511595, 4.369981910458165, 1.0], [-0.001197185150493607, 0.03275039749511595, 4.369981910458193, 1.0], [-0.002849307423223313, 0.03266595604540647, 3.797062600820567, 1.0], [-0.005977295316669795, 0.03250608178140291, 2.7123458737062833, 1.0], [-0.005977295316670239, 0.03250608178140313, 2.7123458737063117, 1.0], [-0.005977295316669906, 0.032506081781402935, 2.7123458737062833, 1.0], [-0.005977295316669906, 0.0325060817814031, 2.7123458737063117, 1.0], [-0.005977295316670239, 0.03250608178140316, 2.7123458737063117, 1.0], [-0.006236566334127058, 0.03247092726727377, 2.944859366258868, 1.0], [-0.006557746388696883, 0.032427378517100425, 3.232892702799262, 1.0], [-0.0065577463886969944, 0.0324273785171002, 3.2328927027992336, 1.0], [-0.006557746388696883, 0.032427378517100425, 3.2328927027992336, 1.0], [-0.0065577463886969944, 0.032427378517100425, 3.232892702799262, 1.0], [-0.006360393994827684, 0.03245265276488851, 3.6027669696564715, 1.0], [-0.0055092435806002316, 0.03256165669462352, 5.197977594042669, 1.0], [-0.0055092435805998985, 0.0325616566946233, 5.197977594042669, 1.0], [-0.0055092435805997875, 0.03256165669462335, 5.197977594042641, 1.0], [-0.016526032906114763, 0.028985448558625504, 5.31820635018056, 1.0], [-0.017513760990111815, 0.0286648178280402, 5.328985653971614, 1.0], [-0.017513760990112148, 0.028664817828040312, 5.328985653971586, 1.0], [-0.024733836811926813, 0.022681345593570934, 7.224235476331785, 1.0], [-0.02540220291589862, 0.022127452514845825, 7.3996797197283115, 1.0], [-0.029594354224850183, 0.013294919928399707, 8.099214135821313, 1.0], [-0.032186980571135726, 0.007832460441512534, 8.531839588395997, 1.0], [-0.028385141787527268, -0.008428068875938055, 6.9892204159578455, 1.0], [-0.026107343063247412, -0.018170252867297454, 6.064989752054203, 1.0], [-0.026107343063247523, -0.018170252867297565, 6.0649897520542595, 1.0], [-0.00883581708323039, -0.030873106719250587, 4.709945664704321, 1.0], [-0.008612723425506397, -0.031037187538319078, 4.692442767613954, 1.0], [-0.008612723425506896, -0.031037187538318634, 4.692442767613898, 1.0], [-0.0055146731707717, -0.03164108748597405, 4.12814182653301, 1.0], [-0.00011097023333778155, -0.03269442608694456, 3.1438728824592204, 1.0], [-0.00011097023333783707, -0.032694426086944284, 3.1438728824592204, 1.0], [-0.00011097023333789258, -0.03269442608694462, 3.1438728824592204, 1.0], [-0.00011097023333778155, -0.032694426086944395, 3.1438728824592204, 1.0], [-0.00011097023333822564, -0.03269442608694467, 3.1438728824592204, 1.0], [0.0045906902310782205, -0.03263509369706036, 7.959467265626415, 1.0], [0.0048016477272428415, -0.032632431528554995, 8.17553683111413, 0.0]], [[0.0, 0.0, 0.0, 1.0], [-0.01792377382424243, -0.002166697462462841, 5.46228130791225, 1.0], [-0.01792377382424243, -0.002166697462462952, 5.46228130791225, 1.0], [-0.0148803396733313, 0.002840979593496662, 4.483332655783769, 1.0], [-0.005936777170576613, 0.01755674820316805, 1.6065533258690134, 1.0], [-0.005936777170576613, 0.01755674820316805, 1.6065533258690152, 1.0], [-0.0059367771705761685, 0.01755674820316816, 1.6065533258690117, 1.0], [-0.005936777170576613, 0.017556748203168104, 1.6065533258690117, 1.0], [-0.005936777170576613, 0.01755674820316816, 1.6065533258690152, 1.0], [-0.005936777170576613, 0.017556748203168104, 1.6065533258690152, 1.0], [-0.0059367771705761685, 0.017556748203168104, 1.6065533258690081, 1.0], [-0.005936777170576613, 0.01755674820316805, 1.6065533258690152, 1.0], [-0.005936777170576557, 0.017556748203168104, 1.6065533258690152, 1.0], [-0.00404236336471081, 0.017974472063674585, 1.1463379749601401, 1.0], [-0.003871202398837037, 0.018012213564085472, 1.1047573531722747, 1.0], [-0.0038712023988374533, 0.018012213564085527, 1.1047573531722819, 1.0], [-0.003871202398837037, 0.0180122135640855, 1.1047573531722747, 1.0], [-0.0038712023988374256, 0.018012213564085583, 1.1047573531722819, 1.0], [-0.003871202398837037, 0.0180122135640855, 1.1047573531722819, 1.0], [-0.0038712023988374533, 0.018012213564085527, 1.1047573531722747, 1.0], [-0.0038712023988370647, 0.018012213564085583, 1.1047573531722819, 1.0], [-0.0038712023988374256, 0.018012213564085514, 1.1047573531722747, 1.0], [-0.0038712023988370647, 0.0180122135640855, 1.1047573531722819, 1.0], [-0.0038712023988374533, 0.0180122135640855, 1.1047573531722747, 1.0], [-0.0038712023988370092, 0.0180122135640855, 1.1047573531722819, 1.0], [-0.0038712023988374533, 0.01801221356408561, 1.1047573531722819, 1.0], [-0.003871202398837037, 0.018012213564085597, 1.1047573531722747, 1.0], [-0.0038712023988374533, 0.018012213564085507, 1.1047573531722819, 1.0], [-0.0035337861948423754, 0.01805923617364002, 1.2138612200382397, 1.0], [-0.0032335357117122265, 0.01810107933668232, 1.3109475139091131, 1.0], [-0.003233535711712615, 0.018101079336682133, 1.3109475139091131, 1.0], [-0.0032335357117126706, 0.018101079336682334, 1.3109475139091202, 1.0], [-0.0032335357117121988, 0.01810107933668212, 1.3109475139091131, 1.0], [-0.0032335357117126706, 0.018101079336682327, 1.3109475139091131, 1.0], [-0.0032335357117122265, 0.018101079336682133, 1.3109475139091131, 1.0], [-0.003233535711712615, 0.018101079336682327, 1.3109475139091202, 1.0], [-0.003233535711712643, 0.01810107933668212, 1.3109475139091131, 1.0], [-0.0032335357117122265, 0.01810107933668212, 1.310947513909106, 1.0], [-0.003233535711712643, 0.01810107933668237, 1.3109475139091202, 1.0], [-0.0032335357117122265, 0.01810107933668212, 1.3109475139091131, 1.0], [-0.003233535711712615, 0.018101079336682313, 1.3109475139091202, 1.0], [-0.003233535711712643, 0.018101079336682147, 1.3109475139091131, 1.0], [-0.003893625589840216, 0.01800544217793132, 1.7069125274726957, 1.0], [-0.004060078862659688, 0.017981325586229224, 1.806762070108661, 1.0], [-0.004060078862659328, 0.01798132558622939, 1.8067620701086469, 1.0], [-0.004060078862659688, 0.017981325586229224, 1.806762070108661, 1.0], [-0.004060078862659688, 0.017981325586229502, 1.8067620701086469, 1.0], [-0.004060078862659744, 0.01798132558622939, 1.806762070108661, 1.0], [-0.004060078862659688, 0.017981325586229224, 1.806762070108661, 1.0], 