{"text": "か", "text_ids": [6], "strokes": [[[0.0, 0.0, 0.0, 1.0], [-0.005142542992878943, -0.03397990036269228, 9.254079339653464, 1.0], [0.009452549507368084, -0.027964900401233818, 8.938423072818834, 1.0], [0.024817392664076014, -0.02163266708418908, 8.6061189759956, 1.0], [0.02784576168889632, -0.017515456812693078, 5.888339125829663, 1.0], [0.02963954921061139, -0.015076718221471927, 4.278522243527341, 1.0], [0.029639549210611807, -0.01507671822147194, 4.278522243527334, 1.0], [0.029639549210611807, -0.015076718221472052, 4.278522243527341, 1.0], [0.030393801970432066, -0.013677722285754867, 3.803855093336942, 1.0], [0.03079164853039279, -0.01293979231045464, 3.55348187246242, 1.0], [0.03079164853039318, -0.012939792310454667, 3.55348187246242, 1.0], [0.030791648530393262, -0.01293979231045464, 3.5534818724624273, 1.0], [0.03079164853039279, -0.01293979231045464, 3.553481872462413, 1.0], [0.03373420891124784, -0.003687808658524805, 4.040552846847433, 1.0], [0.034171428420099126, -0.002313105262625653, 4.112924150961376, 1.0], [0.03417142842009879, -0.002313105262625653, 4.112924150961362, 1.0], [0.03417142842009918, -0.002313105262625681, 4.112924150961376, 1.0], [0.03448418463031938, 0.004717896810927935, 5.466847624430571, 1.0], [0.03449041754870352, 0.004858017648350144, 5.493829964774591, 1.0], [0.034490417548703745, 0.004858017648350282, 5.493829964774591, 1.0], [0.033379366140710354, 0.011146696981625792, 6.054855461830741, 1.0], [0.033236522352319775, 0.011955209327206118, 6.126984444168087, 1.0], [0.030279625609462513, 0.01624950418265439, 6.734283654748822, 1.0], [0.022471688577281546, 0.02758895454051749, 8.337908809181968, 1.0], [0.01838546573193356, 0.029095943370102823, 7.402269284240234, 1.0], [0.005142542992878973, 0.03397990036269227, 4.369981910458193, 1.0], [0.005142542992878973, 0.03397990036269228, 4.369981910458165, 1.0], [0.005142542992878973, 0.03397990036269227, 4.369981910458193, 1.0], [0.0033925438645101558, 0.03397026339118832, 3.797062600820567, 1.0], [7.924425137961766e-05, 0.033952017568411354, 2.7123458737062833, 1.0], [7.924425137928459e-05, 0.03395201756841158, 2.7123458737063117, 1.0], [7.924425137972868e-05, 0.03395201756841139, 2.7123458737062833, 1.0], [7.924425137961766e-05, 0.03395201756841154, 2.7123458737063117, 1.0], [7.924425137928459e-05, 0.033952017568411624, 2.7123458737063117, 1.0], [-0.00019966613313382453, 0.03392781772421524, 2.944859366258868, 1.0], [-0.0005451750658204135, 0.03389783941288771, 3.232892702799262, 1.0], [-0.0005451750658204135, 0.03389783941288749, 3.2328927027992336, 1.0], [-0.0005451750658205246, 0.033897839412887654, 3.2328927027992336, 1.0], [-0.0005451750658204135, 0.03389783941288771, 3.232892702799262, 1.0], [-0.00033316362537405553, 0.033914721982293616, 3.6027669696564715, 1.0], [0.0005812089941769072, 0.033987533898387434, 5.197977594042669, 1.0], [0.0005812089941774623, 0.03398753389838716, 5.197977594042669, 1.0], [0.0005812089941774623, 0.0339875338983871, 5.197977594042641, 1.0], [-0.011676947665258508, 0.030802212826707087, 5.31820635018056, 1.0], [-0.012775972547446224, 0.030516627708748856, 5.328985653971614, 1.0], [-0.012775972547446557, 0.030516627708748967, 5.328985653971586, 1.0], [-0.02152072609737521, 0.024658957589510533, 7.224235476331785, 1.0], [-0.022330232396837957, 0.02411671007680194, 7.3996797197283115, 1.0], [-0.02845455734888125, 0.015165286262285305, 8.099214135821313, 1.0], [-0.032242132045905425, 0.009629298768529693, 8.531839588395997, 1.0], [-0.03142997061977493, -0.007392774954042114, 6.9892204159578455, 1.0], [-0.030943379692162265, -0.017591223656558297, 6.064989752054203, 1.0], [-0.030943379692162376, -0.017591223656558408, 6.0649897520542595, 1.0], [-0.015302961784724733, -0.03156272534645477, 4.709945664704321, 1.0], [-0.015100936900337647, -0.03174319309548279, 4.692442767613954, 1.0], [-0.015100936900338036, -0.03174319309548235, 4.692442767613898, 1.0], [-0.011968274036118776, -0.03251466922899582, 4.12814182653301, 1.0], [-0.006504198850282861, -0.033860298739831485, 3.1438728824592204, 1.0], [-0.006504198850282805, -0.033860298739831096, 3.1438728824592204, 1.0], [-0.006504198850282916, -0.033860298739831485, 3.1438728824592204, 1.0], [-0.00650419885028275, -0.03386029873983132, 3.1438728824592204, 1.0], [-0.006504198850283305, -0.033860298739831485, 3.1438728824592204, 1.0], [-0.0015593556419805643, -0.034020329638533464, 7.959467265626415, 1.0], [-0.00133748684689311, -0.03402751002043364, 8.17553683111413, 0.0]], [[0.0, 0.0, 0.0, 1.0], [-0.019229972722217215, -0.0013999440975114852, 5.46228130791225, 1.0], [-0.019229972722217215, -0.0013999440975116517, 5.46228130791225, 1.0], [-0.015058239057222977, 0.003643733938286764, 4.483332655783769, 1.0], [-0.0027990085538950604, 0.018465296528502095, 1.6065533258690134, 1.0], [-0.002799008553894977, 0.018465296528502095, 1.6065533258690152, 1.0], [-0.002799008553894533, 0.018465296528502206, 1.6065533258690117, 1.0], [-0.002799008553894977, 0.01846529652850215, 1.6065533258690117, 1.0], [-0.0027990085538949216, 0.018465296528502206, 1.6065533258690152, 1.0], [-0.002799008553895005, 0.018465296528502095, 1.6065533258690152, 1.0], [-0.002799008553894533, 0.01846529652850215, 1.6065533258690081, 1.0], [-0.0027990085538950604, 0.018465296528502095, 1.6065533258690152, 1.0], [-0.0027990085538949216, 0.01846529652850215, 1.6065533258690152, 1.0], [-0.0007296673370479068, 0.018808739933508567, 1.1463379749601401, 1.0], [-0.0005427016169390619, 0.018839770168160352, 1.1047573531722747, 1.0], [-0.0005427016169394505, 0.018839770168160408, 1.1047573531722819, 1.0], [-0.0005427016169390619, 0.018839770168160352, 1.1047573531722747, 1.0], [-0.0005427016169394505, 0.01883977016816049, 1.1047573531722819, 1.0], [-0.0005427016169390342, 0.01883977016816038, 1.1047573531722819, 1.0], [-0.0005427016169394505, 0.01883977016816038, 1.1047573531722747, 1.0], [-0.0005427016169390619, 0.018839770168160463, 1.1047573531722819, 1.0], [-0.0005427016169394783, 0.01883977016816038, 1.1047573531722747, 1.0], [-0.0005427016169390342, 0.01883977016816038, 1.1047573531722819, 1.0], [-0.0005427016169394783, 0.01883977016816038, 1.1047573531722747, 1.0], [-0.0005427016169390342, 0.018839770168160366, 1.1047573531722819, 1.0], [-0.0005427016169394505, 0.01883977016816049, 1.1047573531722819, 1.0], [-0.0005427016169390342, 0.018839770168160463, 1.1047573531722747, 1.0], [-0.0005427016169394783, 0.01883977016816039, 1.1047573531722819, 1.0], [-0.00017947807322191145, 0.01887258190907222, 1.2138612200382397, 1.0], [0.00014373712271173456, 0.01890177950226595, 1.3109475139091131, 1.0], [0.00014373712271123495, 0.01890177950226577, 1.3109475139091131, 1.0], [0.00014373712271131822, 0.018901779502265986, 1.3109475139091202, 1.0], [0.00014373712271167904, 0.018901779502265743, 1.3109475139091131, 1.0], [0.00014373712271131822, 0.018901779502265972, 1.3109475139091131, 1.0], [0.00014373712271167904, 0.01890177950226575, 1.3109475139091131, 1.0], [0.00014373712271131822, 0.018901779502265972, 1.3109475139091202, 1.0], [0.0001437371227112627, 0.018901779502265764, 1.3109475139091131, 1.0], [0.0001437371227117068, 0.018901779502265764, 1.310947513909106, 1.0], [0.00014373712271129047, 0.018901779502265986, 1.3109475139091202, 1.0], [0.0001437371227117068, 0.018901779502265736, 1.3109475139091131, 1.0], [0.0001437371227112627, 0.01890177950226596, 1.3109475139091202, 1.0], [0.00014373712271129047, 0.01890177950226582, 1.3109475139091131, 1.0], [-0.0005675522890172535, 0.018833812558554736, 1.7069125274726957, 1.0], [-0.0007469164247618787, 0.018816673498255054, 1.806762070108661, 1.0], [-0.0007469164247614346, 0.01881667349825511, 1.8067620701086469, 1.0], [-0.0007469164247618509, 0.018816673498255054, 1.806762070108661, 1.0], [-0.0007469164247618232, 0.01881667349825522, 1.8067620701086469, 1.0], [-0.0007469164247618787, 0.01881667349825522, 1.806762070108661, 1.0], [-0.0007469164247618509, 0.018816673498255, 1.806762070108661, 