{"text": "か", "text_ids": [6], "strokes": [[[0.0, 0.0, 0.0, 1.0], [-0.018625016268788933, -0.003043671569446548, 12.150212243708458, 1.0], [-0.01352951562376432, -0.0034058177164614264, 8.097244810582888, 1.0], [0.01814078917825527, -0.0044690526681143575, 28.622867384749703, 1.0], [0.018507884055456874, -0.003022506487728319, 8.669449381950479, 1.0], [0.018052095736586962, -0.004669905929892557, 7.045931438257611, 1.0], [0.017569128002661628, -0.0064155425390632105, 5.325600421007763, 1.0], [0.017569128002661624, -0.0064155425390632105, 5.325600421007763, 1.0], [0.017544977096098265, -0.0064783763162586175, 4.702079988865563, 1.0], [0.017486812776240465, -0.006629703302891879, 3.2004120594143757, 1.0], [0.01748681277624045, -0.006629703302891879, 3.2004120594143615, 1.0], [0.017486812776240465, -0.006629703302891872, 3.2004120594143615, 1.0], [0.01748681277624045, -0.006629703302891865, 3.2004120594143615, 1.0], [0.01754991324853708, -0.006460542369456743, 3.0975234556868116, 1.0], [0.01770141166874925, -0.006054402553949317, 2.8504973977949533, 1.0], [0.017701411668749223, -0.006054402553949179, 2.850497397794939, 1.0], [0.017701411668748918, -0.006054402553949387, 2.8504973977949533, 1.0], [0.01770141166874925, -0.006054402553949165, 2.8504973977949533, 1.0], [0.017701411668749195, -0.006054402553949165, 2.850497397794939, 1.0], [0.017922267678894543, -0.0052811074655764595, 2.9687666955615413, 1.0], [0.018370332371858422, -0.003712274332557483, 3.2087071733234183, 1.0], [0.0183703323718587, -0.0037122743325574414, 3.2087071733234325, 1.0], [0.018370332371858422, -0.003712274332557497, 3.2087071733234183, 1.0], [0.0183703323718587, -0.0037122743325574276, 3.2087071733234183, 1.0], [0.01838129848846698, -0.0036438616402374585, 3.239614000401204, 1.0], [0.018712129050244608, -0.0015799578681505444, 4.17202456378925, 1.0], [0.018712129050244664, -0.0015799578681505166, 4.1720245637891935, 1.0], [0.01871212905024494, -0.0015799578681504889, 4.172024563789222, 1.0], [0.01872874543501135, -0.0010383832026245599, 4.424953785092299, 1.0], [0.018796469656806758, 0.0011689394660348296, 5.4558299306857805, 1.0], [0.018796469656806758, 0.0011689394660347185, 5.455829930685752, 1.0], [0.018782567815760376, 0.001320947122506383, 5.6485696221882336, 1.0], [0.01862501626878893, 0.0030436715694465433, 7.832916030482949, 1.0], [0.018625016268788874, 0.0030436715694465433, 7.832916030482949, 1.0], [0.009061799540438509, 0.015971694362401062, 13.734384693750286, 1.0], [0.002036531460939295, 0.018583688309101107, 10.111598344211927, 1.0], [0.00044599791297528224, 0.018935111753734538, 9.014064241353339, 1.0], [-0.006388626223550964, 0.01753636706599157, 4.859192457372274, 1.0], [-0.007090066770039982, 0.017392813270117553, 4.4327760990573495, 1.0], [-0.007090066770040204, 0.017392813270117553, 4.432776099057321, 1.0], [-0.007228943831289469, 0.017323658176087775, 4.331260059820522, 1.0], [-0.009022843029786065, 0.016430369776718225, 3.0199596925500316, 1.0], [-0.00902284302978612, 0.01643036977671822, 3.0199596925500316, 1.0], [-0.009022843029785843, 0.016430369776718266, 3.0199596925500316, 1.0], [-0.00902284302978612, 0.016430369776718218, 3.0199596925500316, 1.0], [-0.009022843029785843, 0.016430369776718287, 3.0199596925500316, 1.0], [-0.009769483239325027, 0.015975176477116368, 2.8370658712947545, 1.0], [-0.009987781564877896, 0.01584208970542049, 2.783592438677573, 1.0], [-0.00998778156487834, 0.01584208970542028, 2.783592438677573, 1.0], [-0.009987781564877951, 0.015842089705420476, 2.7835924386776014, 1.0], [-0.009987781564878284, 0.01584208970542028, 2.783592438677573, 1.0], [-0.009987781564878007, 0.01584208970542031, 2.7835924386775446, 1.0], [-0.010137829347517724, 0.015742976775125872, 3.480760839899972, 1.0], [-0.010212891346804642, 0.01569339513804907, 3.8295221019096743, 1.0], [-0.010212891346804531, 0.015693395138048738, 3.8295221019096743, 1.0], [-0.010212891346804587, 0.01569339513804907, 3.829522101909731, 1.0], [-0.010842834795422418, 0.015180791822469841, 4.322762638031463, 1.0], [-0.012983607830570454, 0.013438782506986713, 5.998970306971444, 1.0], [-0.012983607830570454, 0.01343878250698688, 5.998970306971387, 1.0], [-0.01570697560843326, 0.009067203454784845, 9.50686081446787, 1.0], [-0.017980243891350278, 0.0041283805410742835, 13.305260075831939, 1.0], [-0.01862501626878893, -0.003043671569446571, 26.392926951937454, 1.0], [0.0012365353252202227, -0.017648191102151822, 20.605093847755654, 1.0], [-0.003316716305021006, -0.018264810955841315, 15.828006207656642, 0.0]], [[0.2843936793610445, -0.42190347211855134, 0.0, 1.0], [0.0006672795979618673, -0.012487674641770252, 12.124650459789573, 1.0], [-0.009674579488369084, -0.008897499525079067, 1.234050852330526, 1.0], [-0.010649360956911158, -0.0020281269694978343, 4.790563838913505, 1.0], [-0.011703977226976414, 0.005403848602511141, 8.63835596606227, 1.0], [-0.006322285622262891, 0.010854284059368058, 4.326481485800937, 1.0], [-0.005443660603253214, 0.011744132328023793, 3.6225168078788776, 1.0], [-0.005443660603253547, 0.011744132328023793, 3.622516807878874, 1.0], [-0.005443660603253214, 0.011744132328023682, 3.622516807878874, 1.0], [-0.00510425156529376, 0.011875386417257272, 3.40953505324147, 1.0], [-0.0034086120546426013, 0.012531113268188454, 2.3455083544169852, 1.0], [-0.0034086120546422682, 0.01253111326818851, 2.3455083544169923, 1.0], [-0.0034086120546425736, 0.012531113268188565, 2.3455083544169852, 1.0], [-0.003408612054642296, 0.012531113268188565, 2.3455083544169852, 1.0], [-0.003408612054642296, 0.012531113268188565, 2.3455083544169852, 1.0], [-0.0034086120546425736, 0.012531113268188454, 2.3455083544169852, 1.0], [-0.003408612054642296, 0.01253111326818862, 2.3455083544169852, 1.0], [-0.002468564123882605, 0.012766887945997063, 1.6998030252297625, 1.0], [-0.0023855821291842716, 0.012787700770985955, 1.6428038931109015, 1.0], [-0.002385582129184216, 0.012787700770985844, 1.6428038931108944, 1.0], [-0.0023855821291839108, 0.012787700770985982, 1.6428038931109086, 1.0], [-0.002385582129184216, 0.012787700770985871, 1.6428038931108944, 1.0], [-0.0023855821291842716, 0.012787700770986038, 1.6428038931109086, 1.0], [-0.0023855821291838553, 0.012787700770985788, 1.6428038931109086, 1.0], [-0.0023855821291842716, 0.012787700770986066, 1.6428038931108944, 1.0], [-0.002385582129184244, 0.012787700770985871, 1.6428038931109086, 1.0], [-0.002385582129184216, 0.0127877007709859, 1.6428038931108944, 1.0], [-0.0023602970609299945, 0.0127929228543123, 1.5171743932725974, 1.0], [-0.002341278676434716, 0.01279685068980696, 1.4226810698660586, 1.0], [-0.002341278676434716, 0.012796850689806988, 1.4226810698660728, 1.0], [-0.002341278676434966, 0.012796850689806752, 1.4226810698660586, 1.0], [-0.0023412786764347437, 0.012796850689806988, 1.422681069866087, 1.0], [-0.002341278676434716, 0.012796850689806988, 1.4226810698660586, 1.0], [-0.0023412786764346882, 0.012796850689806821, 1.4226810698660728, 1.0], [-0.0023412786764349935, 0.012796850689806918, 1.4226810698660728, 1.0], [-0.002341278676434716, 0.012796850689806988, 1.4226810698660586, 1.0], [-0.0023412786764346882, 0.012796850689806814, 1.4226810698660728, 1.0], [-0.0023412786764347437, 0.012796850689806977, 1.4226810698660728, 1.0], [-0.0023556486315284286, 0.012793882886748566, 1.4940785544631154, 1.0], [-0.0023855821291841606, 0.01278770077098573, 1.6428038931221494, 1.0], [-0.002385582129184244, 0.012787700770985887, 1.6428038931221494, 1.0], [-0.0023855821291839108, 0.012787700770986113, 1.6428038931221636, 1.0], [-0.002385582129184244, 0.012787700770985889, 1.6428038931221494, 1.0], [-0.002385582129184244, 0.012787700770985885, 1.6428038931221494, 1.0], [-0.002385582129183883, 0.01278770077098594, 1.6428038931221636, 1.0], [-0.0023855821291842716, 0.012787700770985885, 1.6428038931221352, 1.0], [-0.002385582129184216, 0.0127877007709859, 1.6428038931221636, 1.0], [-0.002385582129184216, 0.0127877007709859, 1.6428038931221494, 1.0], 