{"text": "か", "text_ids": [6], "strokes": [[[0.0, 0.0, 0.0, 1.0], [-0.019742281316865864, -0.01764520900091145, 20.803139702266712, 1.0], [0.006560163709595628, -0.03046119446994491, 8.922489252766248, 1.0], [0.016592582902108775, -0.02675086628814527, 7.635721416811151, 1.0], [0.016910872415648783, -0.026633152052984804, 7.594897294464779, 1.0], [0.02054107932962615, -0.024018233874914544, 5.324591620766341, 1.0], [0.021119457149218875, -0.02360161556359444, 4.96287823183912, 1.0], [0.02111945714921866, -0.02360161556359444, 4.96287823183912, 1.0], [0.021876158590093023, -0.022894229462056437, 4.699580684628323, 1.0], [0.02285048372019799, -0.02198340252531991, 4.360560031190516, 1.0], [0.02285048372019799, -0.021983402525319884, 4.360560031190531, 1.0], [0.02285048372019799, -0.021983402525319884, 4.360560031190531, 1.0], [0.025383868955910882, -0.018621042623653827, 3.9074381411168275, 1.0], [0.027554495176231653, -0.015740143792386863, 3.519199415426584, 1.0], [0.027554495176231875, -0.015740143792386863, 3.519199415426584, 1.0], [0.027554495176231875, -0.015740143792386807, 3.519199415426584, 1.0], [0.027554495176231875, -0.01574014379238664, 3.519199415426584, 1.0], [0.02954129484036422, -0.011418448306900308, 4.508924534322134, 1.0], [0.029557176339209734, -0.0113839027998201, 4.516835909896145, 1.0], [0.029557176339209734, -0.011383902799820267, 4.516835909896159, 1.0], [0.02996195585746686, -0.008716152832718538, 4.7795866959276765, 1.0], [0.03132962332798861, 0.00029763043675168355, 5.66736803540023, 1.0], [0.0313296233279885, 0.00029763043675162804, 5.667368035400216, 1.0], [0.030969754979120023, 0.002221818157510713, 6.010170423484112, 1.0], [0.02975639080141923, 0.008709580859849353, 7.165993487777456, 1.0], [0.029756390801419008, 0.008709580859849408, 7.165993487777399, 1.0], [0.027694529767339104, 0.013520553651022948, 9.46125928918238, 1.0], [0.024632238648379268, 0.016428135289396628, 9.178037948561325, 1.0], [0.012487429851429255, 0.02791354220526665, 8.014868738622766, 1.0], [0.011628988321668032, 0.02814434834712648, 7.829269257395396, 1.0], [0.0017403854123455575, 0.030803062082144506, 5.691302364595941, 1.0], [0.0017403854123455575, 0.03080306208214431, 5.691302364595941, 1.0], [0.00026405258996131664, 0.030808430860140873, 5.839236220422151, 1.0], [-0.0037566345619013397, 0.030823052344120944, 6.242123526338304, 1.0], [-0.0037566345619014507, 0.03082305234412086, 6.242123526338332, 1.0], [-0.007331002793831587, 0.030133880577357997, 5.033136641922624, 1.0], [-0.010313454138081934, 0.029558835946018866, 4.024358495788817, 1.0], [-0.010313454138082156, 0.02955883594601906, 4.024358495788846, 1.0], [-0.010313454138082045, 0.029558835946018817, 4.024358495788817, 1.0], [-0.014394242097448995, 0.027694851732612786, 4.1628942104054545, 1.0], [-0.017480922801596743, 0.026284946547231094, 4.267681697871268, 1.0], [-0.017480922801596965, 0.026284946547230813, 4.2676816978712395, 1.0], [-0.017480922801596965, 0.026284946547231056, 4.2676816978712395, 1.0], [-0.01784987734699295, 0.026047398843267247, 4.419363987188888, 1.0], [-0.018110622733770065, 0.02587952052676204, 4.526560002765677, 1.0], [-0.01811062273377001, 0.025879520526762012, 4.526560002765706, 1.0], [-0.018110622733770232, 0.025879520526761984, 4.526560002765734, 1.0], [-0.023233976813754664, 0.021351583602449792, 4.975394462167628, 1.0], [-0.02428103472956261, 0.020426210863250666, 5.067122589146038, 1.0], [-0.024281034729562667, 0.02042621086325072, 5.067122589146038, 1.0], [-0.027780826570689754, 0.014477628529162345, 6.5747712688040565, 1.0], [-0.029483644447888535, 0.01158335572600877, 7.3083152167863545, 1.0], [-0.03012342708457605, 0.007465622454191134, 8.703799302853326, 1.0], [-0.03132962332798833, -0.0002976304367515725, 11.334736070800375, 1.0], [-0.02160897419184271, -0.019715115644859116, 10.318199509002739, 1.0], [-0.016262152860765267, -0.02504875297899334, 9.404853300252682, 1.0], [-0.006460870014883102, -0.030020248304114455, 7.412248837834511, 1.0], [-0.006460870014883102, -0.030020248304114483, 7.412248837834511, 1.0], [-0.0028144028691513, -0.03064700137408788, 4.930937139615196, 1.0], [-0.002117507288584397, -0.030766783461000202, 4.456720565767625, 1.0], [-0.002117507288584425, -0.030766783460999966, 4.456720565767569, 1.0], [4.72728567172398e-05, -0.030690549529038644, 6.582527858015169, 1.0], [0.006433241803695922, -0.03046776176629625, 12.778748229820962, 1.0], [-0.001073889786818799, -0.03085620186696139, 0.9836461398803067, 0.0]], [[0.0, 0.0, 0.0, 1.0], [-0.0032391464926011526, -0.021398049152855814, 12.948259173696364, 1.0], [-0.005644943250081358, 0.026211497414464602, 31.408758115211782, 1.0], [-0.007887214916500906, 0.02571238225872652, 6.733286445167721, 1.0], [-0.008010981676529416, 0.025684832579250805, 5.371273435545, 1.0], [-0.00801098167652936, 0.025684832579251138, 5.371273435545007, 1.0], [-0.008850213060613343, 0.025438320962579142, 4.2357311276421115, 1.0], [-0.00908320057301143, 0.025369884379492502, 3.920481742837268, 1.0], [-0.009083200573011707, 0.025369884379492613, 3.920481742837268, 1.0], [-0.009083200573011485, 0.025369884379492613, 3.920481742837268, 1.0], [-0.009708259740863368, 0.02515229602406155, 3.3362319548349717, 1.0], [-0.010483098242720923, 0.024882568222254875, 2.611981749846649, 1.0], [-0.010483098242720978, 0.024882568222254986, 2.611981749846649, 1.0], [-0.010483098242721034, 0.024882568222254986, 2.611981749846649, 1.0], [-0.010483098242720978, 0.024882568222254764, 2.6119817498466347, 1.0], [-0.010483098242720978, 0.02488256822225482, 2.611981749846649, 1.0], [-0.010856815546742504, 0.02473016545782164, 2.5143028248104144, 1.0], [-0.011647738771005223, 0.024407625172597924, 2.307578304696321, 1.0], [-0.011647738771005334, 0.02440762517259787, 2.307578304696321, 1.0], [-0.011647738771005223, 0.024407625172597758, 2.307578304696321, 1.0], [-0.0116477387710055, 0.024407625172597702, 2.307578304696321, 1.0], [-0.011647738771005223, 0.024407625172597813, 2.307578304696321, 1.0], [-0.011647738771005334, 0.02440762517259798, 2.3075783046963068, 1.0], [-0.011647738771005223, 0.024407625172597758, 2.307578304696335, 1.0], [-0.01222603364205993, 0.02414657318418767, 1.9291234050671306, 1.0], [-0.01225400952688488, 0.02413394440131808, 1.9108150796549381, 1.0], [-0.012254009526884962, 0.024133944401318247, 1.910815079654924, 1.0], [-0.012254009526884907, 0.024133944401318053, 1.910815079654924, 1.0], [-0.012254009526884907, 0.02413394440131808, 1.910815079654924, 1.0], [-0.012254009526884935, 0.024133944401318025, 1.9108150796549381, 1.0], [-0.012254009526884907, 0.024133944401318275, 1.910815079654924, 1.0], [-0.012254009526884962, 0.024133944401318053, 1.9108150796549381, 1.0], [-0.012336643217937565, 0.024092177087370464, 1.908832141660298, 1.0], [-0.013700453715497274, 0.023402837176601084, 1.8761051556258224, 1.0], [-0.013700453715497524, 0.023402837176601243, 1.8761051556258224, 1.0], [-0.013700453715497274, 0.02340283717660108, 1.876105155625794, 1.0], [-0.013700453715497302, 0.023402837176601292, 1.8761051556258224, 1.0], [-0.013700453715497288, 0.023402837176601073, 1.8761051556258224, 1.0], [-0.013700453715497302, 0.0234028371766013, 1.8761051556258224, 1.0], [-0.01370045371549726, 0.023402837176601063, 1.876105155625794, 1.0], [-0.013700453715497544, 0.023402837176601257, 1.8761051556258224, 1.0], [-0.013700453715497267, 0.023402837176601077, 1.876105155625794, 1.0], [-0.016116873278133804, 0.021905888377653587, 2.1140045412023483, 1.0], [-0.016127057551601792, 0.021899579317682882, 2.115007195061821, 1.0], [-0.016127057551601733, 0.021899579317682716, 2.115007195061793, 1.0], [-0.016127057551601785, 0.021899579317682882, 2.115007195061821, 1.0], [-0.01612705755160169, 0.021899579317682494, 2.115007195061821, 1.0], [-0.01612705755160177, 0.021899579317682827, 2.115007195061793, 1.0], [-0.01612705755160175, 0.021899579317682716, 2.115007195061821, 1.0], [-0.01643888915178862, 0.02167335404750098, 