{"text": "か", "text_ids": [6], "strokes": [[[0.0, 0.0, 0.0, 1.0], [-0.0002164255112785381, -0.026256761090462395, 30.348532757152142, 1.0], [0.026631218975555076, 0.001146507420772977, 11.52766389391644, 1.0], [0.02615091554044897, -0.004951952222243386, 7.485685781088044, 1.0], [0.02576661917234168, -0.009831400755313014, 4.251652053255505, 1.0], [0.025766619172342076, -0.009831400755313156, 4.251652053255498, 1.0], [0.025766619172342062, -0.009831400755313156, 4.251652053255505, 1.0], [0.02585346097957067, -0.009524860348655718, 3.512713679124694, 1.0], [0.025922507965386032, -0.009281133372149128, 2.925191734740906, 1.0], [0.02592250796538606, -0.009281133372149142, 2.925191734740892, 1.0], [0.025922507965386032, -0.009281133372149128, 2.925191734740892, 1.0], [0.025922507965386005, -0.009281133372149211, 2.925191734740906, 1.0], [0.025964602356547184, -0.00909555487541519, 2.9584102381313357, 1.0], [0.026404421431840908, -0.007156556339575931, 3.3054904794870907, 1.0], [0.02640442143184124, -0.007156556339575973, 3.3054904794870765, 1.0], [0.026404421431840963, -0.007156556339575931, 3.3054904794870765, 1.0], [0.026404421431841296, -0.007156556339575876, 3.3054904794870765, 1.0], [0.026404421431840852, -0.0071565563395759035, 3.3054904794870907, 1.0], [0.02681441945652302, -0.00205857805994511, 3.8436879358032314, 1.0], [0.0268385619905126, -0.0017583860919668237, 3.875379430884337, 1.0], [0.026838561990513043, -0.0017583860919667682, 3.875379430884337, 1.0], [0.02683856199051271, -0.0017583860919667682, 3.8753794308843226, 1.0], [0.02611097811796037, 0.0035633181743015274, 4.919512925840749, 1.0], [0.02594665501310367, 0.004765212555354337, 5.1553280177487295, 1.0], [0.02594665501310356, 0.004765212555354309, 5.155328017748701, 1.0], [0.02470082619787195, 0.00803270144032961, 5.599643318536181, 1.0], [0.0235425209878819, 0.01107063839665981, 6.0127439961641755, 1.0], [0.0235425209878819, 0.011070638396659824, 6.0127439961641755, 1.0], [0.017716349951570787, 0.018076632581328606, 6.691699237643462, 1.0], [0.015109484513682325, 0.021211398791286445, 6.995491375199151, 1.0], [0.010154578440578543, 0.023478675122735486, 6.054425636359468, 1.0], [0.0028353622270108625, 0.026827817455798517, 4.664315811445192, 1.0], [0.0028353622270107515, 0.026827817455798413, 4.664315811445221, 1.0], [0.0028353622270105294, 0.026827817455798608, 4.664315811445192, 1.0], [-0.0005468065692323387, 0.027194187320254127, 3.771956414008315, 1.0], [-0.0016207582108964669, 0.027310521998116934, 3.4886024782446725, 1.0], [-0.001620758210896689, 0.027310521998116788, 3.488602478244701, 1.0], [-0.0016207582108968, 0.02731052199811715, 3.488602478244701, 1.0], [-0.0016207582108963559, 0.02731052199811687, 3.488602478244701, 1.0], [-0.004781223426220338, 0.027169388096187047, 3.1063650903242603, 1.0], [-0.0051879450610600175, 0.027151225513335125, 3.05717479563026, 1.0], [-0.0051879450610602396, 0.027151225513334987, 3.05717479563026, 1.0], [-0.0051879450610602396, 0.02715122551333496, 3.0571747956302318, 1.0], [-0.0051879450610600175, 0.02715122551333532, 3.0571747956302886, 1.0], [-0.006935525461434278, 0.0268553970818734, 3.2215741322908684, 1.0], [-0.007866671170343675, 0.02669777379056726, 3.3091693793229524, 1.0], [-0.007866671170344341, 0.026697773790567536, 3.309169379322981, 1.0], [-0.007866671170344008, 0.026697773790567203, 3.3091693793229524, 1.0], [-0.007866671170344341, 0.026697773790567314, 3.309169379322924, 1.0], [-0.011233236293560434, 0.025411519937985017, 3.889029845415905, 1.0], [-0.014401768025257167, 0.02420092813364938, 4.434780846666882, 1.0], [-0.01440176802525761, 0.024200928133649657, 4.434780846666911, 1.0], [-0.014401768025257167, 0.024200928133649602, 4.434780846666882, 1.0], [-0.01524340575851768, 0.023696245049348863, 5.357546629113557, 1.0], [-0.01563617277022067, 0.023460724635940622, 5.788173660851811, 1.0], [-0.015636172770220114, 0.023460724635940622, 5.788173660851783, 1.0], [-0.019903716858253317, 0.019878759558528136, 10.52529260300986, 1.0], [-0.022474730683549993, 0.011203005146491973, 13.162313962901123, 1.0], [-0.02324463975530211, -0.008934268057119277, 13.878544624306414, 1.0], [-0.017980946046964263, -0.01867875056714352, 8.4498366097921, 1.0], [-0.01246398820970418, -0.022099932167537695, 7.706848227188175, 1.0], [-0.006293420079338752, -0.02592643125894023, 6.87583581597039, 1.0], [-0.006293420079338863, -0.02592643125894012, 6.875835815970447, 1.0], [-0.007527053765045089, -0.02548781821696333, 0.0026717254378922917, 0.0]], [[0.0, 0.0, 0.0, 1.0], [-0.007415718037039887, -0.012178679368782058, 13.046812778601932, 1.0], [-0.014370394209783977, 0.005483106011822836, 1.6737912122418521, 1.0], [-0.012713796631033836, 0.007456547226368376, 1.812053609974086, 1.0], [-0.0073398866178076005, 0.013858280296244918, 2.260569105322489, 1.0], [-0.007339886617807656, 0.013858280296244946, 2.2605691053224852, 1.0], [-0.007339886617807212, 0.013858280296245001, 2.260569105322489, 1.0], [-0.007339886617807656, 0.013858280296244974, 2.2605691053224852, 1.0], [-0.0073398866178072675, 0.01385828029624489, 2.260569105322489, 1.0], [-0.0073398866178076005, 0.013858280296245001, 2.260569105322489, 1.0], [-0.005439482325596767, 0.014505193913168735, 1.6800483854697, 1.0], [-0.004173246246455875, 0.014936231332518868, 1.2932484381219744, 1.0], [-0.004173246246456264, 0.014936231332518896, 1.2932484381219709, 1.0], [-0.0041732462464559306, 0.014936231332518854, 1.2932484381219709, 1.0], [-0.004173246246455903, 0.014936231332518868, 1.2932484381219709, 1.0], [-0.004173246246456291, 0.014936231332518923, 1.293248438121978, 1.0], [-0.004173246246455903, 0.014936231332518861, 1.2932484381219709, 1.0], [-0.004173246246455903, 0.014936231332518861, 1.293248438121978, 1.0], [-0.004173246246456264, 0.014936231332519003, 1.2932484381219709, 1.0], [-0.004173246246455903, 0.014936231332518774, 1.2932484381219709, 1.0], [-0.004173246246455903, 0.014936231332518863, 1.2932484381219709, 1.0], [-0.004173246246456236, 0.014936231332519, 1.293248438121978, 1.0], [-0.003918816261661934, 0.01497879531458766, 1.2686849955573294, 1.0], [-0.0030582374730250828, 0.015122762858971194, 1.1856021086713113, 1.0], [-0.0030582374730246664, 0.01512276285897124, 1.1856021086713184, 1.0], [-0.0030582374730250828, 0.01512276285897119, 1.1856021086713042, 1.0], [-0.0030582374730246664, 0.015122762858971336, 1.1856021086713184, 1.0], [-0.003058237473025055, 0.015122762858971198, 1.1856021086713113, 1.0], [-0.003058237473024694, 0.015122762858971128, 1.1856021086713113, 1.0], [-0.003058237473024694, 0.01512276285897135, 1.1856021086713113, 1.0], [-0.003058237473025055, 0.015122762858971184, 1.1856021086713184, 1.0], [-0.003058237473024694, 0.01512276285897135, 1.1856021086713113, 1.0], [-0.003058237473025055, 0.015122762858971184, 1.1856021086713113, 1.0], [-0.003058237473024694, 0.015122762858971323, 1.1856021086713113, 1.0], [-0.003058237473024694, 0.015122762858971156, 1.1856021086713113, 1.0], [-0.003058237473025055, 0.015122762858971378, 1.1856021086713184, 1.0], [-0.003058237473024694, 0.015122762858971128, 1.1856021086713113, 1.0], [-0.0022470579134956925, 0.015198839356400928, 1.3978208404911854, 1.0], [-0.002146267533939872, 0.015208291984935507, 1.4241893630674696, 1.0], [-0.0021462675339402326, 0.015208291984935451, 1.4241893630674838, 1.0], [-0.0021462675339402604, 0.015208291984935507, 1.4241893630674838, 1.0], [-0.002146267533939872, 0.015208291984935673, 1.4241893630674838, 1.0], [-0.0021462675339402604, 0.015208291984935451, 1.4241893630674838, 1.0], [-0.0021462675339398996, 0.015208291984935673, 1.4241893630674838, 1.0], [-0.0021462675339402326, 0.015208291984935451, 1.4241893630674838, 1.0], [-0.0021462675339402326, 0.015208291984935673, 1.4241893630674838, 1.0], [-0.0021462675339398996, 0.015208291984935451, 1.4241893630674838, 1.0], [-0.0021462675339402604, 0.015208291984935507, 1.4241893630674838, 1.0], [-0.0021462675339402326, 0.015208291984935729, 