{"text": "か", "text_ids": [6], "strokes": [[[0.0, 0.0, 0.0, 1.0], [-0.004326194654537858, -0.029239845764030787, 7.346462217921269, 1.0], [-0.008964095701728772, -0.027588904693504623, 4.927507139721762, 1.0], [-0.0056278649221390455, -0.02395188998151164, 18.639302669135894, 1.0], [0.028430239413023164, 0.008695682442724867, 11.110527548404797, 1.0], [0.029106185559803967, -0.001870615970211209, 7.523023025808229, 1.0], [0.02948291307866161, -0.00775956940764759, 5.5235861119029295, 1.0], [0.02948291307866123, -0.007759569407647646, 5.523586111902922, 1.0], [0.029706065167852402, -0.006563716829271288, 4.542047427679563, 1.0], [0.029878283657877813, -0.005640812965419559, 3.7845411425655016, 1.0], [0.029878283657877813, -0.005640812965419517, 3.7845411425655016, 1.0], [0.029878283657877786, -0.005640812965419448, 3.7845411425655016, 1.0], [0.029900679533513524, -0.005305396101657298, 3.7786700170075704, 1.0], [0.030187386516515063, -0.00101146454827733, 3.7035091828015965, 1.0], [0.03018738651651548, -0.0010114645482772744, 3.7035091828015965, 1.0], [0.03018738651651548, -0.0010114645482771634, 3.7035091828015965, 1.0], [0.03018738651651537, -0.0010114645482772605, 3.7035091828015965, 1.0], [0.029830608780641255, 0.002679393000149466, 4.293559877072653, 1.0], [0.029713091551602788, 0.00389510605691612, 4.487913715921124, 1.0], [0.029713091551602677, 0.003895106056916106, 4.487913715921124, 1.0], [0.029713091551602788, 0.003895106056916106, 4.487913715921124, 1.0], [0.029713091551603066, 0.0038951060569161616, 6.454998792805213, 1.0], [0.029713091551602733, 0.003895106056916106, 6.527874495885271, 1.0], [0.028772834928544655, 0.006761451126931994, 7.728860312238098, 1.0], [0.027101696993666824, 0.011855866697626005, 9.86339774355173, 1.0], [0.019345547788798045, 0.020332988786327916, 9.093010918564886, 1.0], [0.014916364637274637, 0.02517388667740019, 8.6530781303656, 1.0], [0.0032154024607791154, 0.028772443467618036, 6.896644599919256, 1.0], [5.7286810799528354e-05, 0.029743701928683676, 6.422579293410109, 1.0], [-0.001184695343912745, 0.02962031378170206, 6.074807237147212, 1.0], [-0.008779264739418036, 0.028865810312165105, 3.9482235297359694, 1.0], [-0.008779264739418147, 0.028865810312164925, 3.948223529735941, 1.0], [-0.008779264739418147, 0.028865810312165105, 3.9482235297359694, 1.0], [-0.009140961184789687, 0.028745082146893197, 3.835339134009047, 1.0], [-0.012885015206927752, 0.027495380142472076, 2.6668308965996914, 1.0], [-0.012885015206927863, 0.027495380142472464, 2.6668308965996914, 1.0], [-0.012885015206927863, 0.027495380142472048, 2.666830896599663, 1.0], [-0.012885015206927863, 0.027495380142472436, 2.66683089659972, 1.0], [-0.012885015206928085, 0.02749538014247227, 2.666830896599663, 1.0], [-0.012885015206927863, 0.02749538014247227, 2.6668308965996914, 1.0], [-0.012948417908797749, 0.027468697266436914, 3.01080164595146, 1.0], [-0.012973878272226624, 0.027457982333143005, 3.1489285716053246, 1.0], [-0.012973878272227013, 0.02745798233314295, 3.148928571605296, 1.0], [-0.012973878272226624, 0.027457982333143005, 3.148928571605296, 1.0], [-0.012973878272226458, 0.02745798233314306, 3.148928571605296, 1.0], [-0.01292532714209571, 0.027478344924963705, 3.5281225958036657, 1.0], [-0.012819662514133079, 0.02752266120932695, 4.353384446231729, 1.0], [-0.012819662514133301, 0.027522661209327226, 4.3533844462317575, 1.0], [-0.012819662514133134, 0.027522661209327226, 4.3533844462317575, 1.0], [-0.018318153200588827, 0.0239604687884708, 5.552672076919009, 1.0], [-0.021417440914370034, 0.021952597931968243, 6.228664386633142, 1.0], [-0.021417440914369645, 0.021952597931968354, 6.228664386633056, 1.0], [-0.027624809789655425, 0.010532709556740905, 7.489061162180576, 1.0], [-0.02969769241895487, 0.0067191633156270525, 7.909956816128158, 1.0], [-0.030023930263159748, 0.0016873983905030254, 8.253519260851135, 1.0], [-0.030146504153230558, -0.00020313335420119039, 8.382602339592154, 1.0], [-0.026708746273721884, -0.011502352005198557, 8.400378695274867, 1.0], [-0.0259447767321368, -0.014013366217260015, 8.404329117258499, 1.0], [-0.014229415404659052, -0.024422585050775325, 7.77369394516171, 1.0], [-0.011216073260215287, -0.027099970487295955, 7.611486439244516, 1.0], [-0.0034341736122971422, -0.02859168685820135, 6.772596501690941, 1.0], [0.0026321100315828128, -0.029754535909403357, 6.118650224118483, 1.0], [0.0026321100315832013, -0.029754535909403246, 6.118650224118483, 1.0], [0.005200383128665997, -0.029535402044056747, 1.3243624773974148, 0.0]], [[0.0, 0.0, 0.0, 1.0], [-0.016646685804500516, 0.0024192453810453762, 4.501553472890873, 1.0], [-0.016646685804500405, 0.0024192453810453207, 4.501553472890873, 1.0], [-0.016646685804500516, 0.0024192453810453207, 4.501553472890871, 1.0], [-0.010917476097718815, 0.012308482917871344, 1.5912956551861352, 1.0], [-0.010209100456075815, 0.013531216129612, 1.2314631731384438, 1.0], [-0.01020910045607576, 0.013531216129612, 1.2314631731384402, 1.0], [-0.010209100456075704, 0.013531216129612, 1.2314631731384438, 1.0], [-0.010209100456075815, 0.013531216129612, 1.2314631731384438, 1.0], [-0.01020910045607576, 0.013531216129611945, 1.2314631731384402, 1.0], [-0.010209100456075731, 0.013531216129612028, 1.2314631731384438, 1.0], [-0.01020910045607576, 0.013531216129612, 1.2314631731384438, 1.0], [-0.010209100456075787, 0.013531216129612, 1.2314631731384402, 1.0], [-0.010209100456076148, 0.013531216129611945, 1.2314631731384438, 1.0], [-0.01020910045607576, 0.013531216129611973, 1.2314631731384438, 1.0], [-0.01020910045607576, 0.013531216129612, 1.2314631731384402, 1.0], [-0.010209100456075731, 0.01353121612961189, 1.2314631731384438, 1.0], [-0.007933754354696565, 0.014851847198686818, 1.001562410849175, 1.0], [-0.00767329735236183, 0.015003018754184527, 0.9752458591193225, 1.0], [-0.007673297352362218, 0.015003018754184444, 0.9752458591193296, 1.0], [-0.007673297352362191, 0.01500301875418436, 0.9752458591193189, 1.0], [-0.007673297352362191, 0.015003018754184444, 0.975245859119326, 1.0], [-0.00767329735236183, 0.015003018754184402, 0.975245859119326, 1.0], [-0.007673297352362191, 0.015003018754184354, 0.9752458591193189, 1.0], [-0.007673297352362246, 0.015003018754184541, 0.975245859119326, 1.0], [-0.007673297352362177, 0.015003018754184354, 0.975245859119326, 1.0], [-0.007673297352361788, 0.015003018754184404, 0.975245859119326, 1.0], [-0.007673297352362246, 0.015003018754184552, 0.9752458591193189, 1.0], [-0.007673297352362191, 0.015003018754184354, 0.975245859119326, 1.0], [-0.007673297352362232, 0.015003018754184552, 0.975245859119326, 1.0], [-0.007673297352361802, 0.015003018754184402, 0.975245859119326, 1.0], [-0.0076732973523622044, 0.015003018754184347, 0.975245859119326, 1.0], [-0.007673297352362191, 0.01500301875418436, 0.9752458591193189, 1.0], [-0.00767329735236183, 0.015003018754184597, 0.975245859119326, 1.0], [-0.007408358010103186, 0.01511932419594049, 1.1179829605345049, 1.0], [-0.007104497157961083, 0.015252715750170745, 1.2816891768269159, 1.0], [-0.007104497157961118, 0.015252715750170953, 1.2816891768269159, 1.0], [-0.00710449715796152, 0.015252715750170898, 1.2816891768269159, 1.0], [-0.007104497157961125, 0.015252715750170925, 1.281689176826923, 1.0], [-0.007104497157961123, 0.015252715750170953, 1.281689176826923, 1.0], [-0.007104497157961123, 0.015252715750170953, 1.2816891768269159, 1.0], [-0.007104497157961525, 0.01525271575017087, 1.2816891768269159, 1.0], [-0.007104497157961123, 0.015252715750170953, 1.2816891768269159, 1.0], [-0.007104497157961118, 0.015252715750170925, 1.2816891768269159, 1.0], [-0.007104497157961093, 0.015252715750170787, 1.2816891768269159, 1.0], [-0.00710449715796152, 0.015252715750170898, 1.2816891768269159, 1.0], [-0.007104497157961121, 0.015252715750170953, 1.281689176826923, 1.0], [-0.007013567393733627, 0.015288941094689812, 1.4560278206885755, 1.0], [-0.006654439081093685, 0.015432013574447845, 2.1445806122826525, 1.0], [-0.00665443908109372, 