{"text": "か", "text_ids": [6], "strokes": [[[0.0, 0.0, 0.0, 1.0], [-0.011801683857634044, -0.0019000001602896047, 20.896950036879556, 1.0], [0.014289012379576142, -0.01090320565617169, 23.786807184394096, 1.0], [0.013172246702193496, -0.01223275991178166, 6.931895975543625, 1.0], [0.013172246702193358, -0.012232759911781656, 6.931895975543625, 1.0], [0.012919631761940657, -0.012494825934086816, 5.207423314282323, 1.0], [0.012852670460360018, -0.012564292458656035, 4.750312844794777, 1.0], [0.012852670460359858, -0.012564292458656173, 4.750312844794777, 1.0], [0.013035682753019126, -0.012366615882200976, 4.459787572081012, 1.0], [0.013716927463615317, -0.011630784861443297, 3.3783366899854457, 1.0], [0.013716927463615344, -0.011630784861443158, 3.3783366899854457, 1.0], [0.013716927463615317, -0.011630784861443186, 3.37833668998546, 1.0], [0.01371692746361533, -0.01163078486144331, 3.3783366899854457, 1.0], [0.014315557809785273, -0.010866663006537408, 3.3825368500634028, 1.0], [0.014975351720901697, -0.010024468903876899, 3.3871661510383433, 1.0], [0.01497535172090167, -0.010024468903877065, 3.387166151038329, 1.0], [0.014975351720901725, -0.01002446890387687, 3.3871661510383433, 1.0], [0.014975351720901725, -0.010024468903876926, 3.387166151038329, 1.0], [0.015418216059007811, -0.009331411644381227, 3.4718716698918968, 1.0], [0.01594494320531295, -0.008507113905526997, 3.5726174116078226, 1.0], [0.015944943205312728, -0.008507113905526859, 3.5726174116077942, 1.0], [0.015944943205312978, -0.008507113905526942, 3.5726174116078226, 1.0], [0.0159449432053127, -0.008507113905526859, 3.5726174116078084, 1.0], [0.01676820876115831, -0.006826904176670118, 3.734335416316739, 1.0], [0.017123836738691944, -0.006101099989354625, 3.804193126914498, 1.0], [0.01712383673869189, -0.006101099989354625, 3.804193126914498, 1.0], [0.017123836738691667, -0.006101099989354791, 3.804193126914498, 1.0], [0.01741823399005532, -0.0052729990921012715, 4.289742695383325, 1.0], [0.017721655699897365, -0.004419513575499745, 4.790176308793093, 1.0], [0.017721655699897254, -0.004419513575499523, 4.790176308793065, 1.0], [0.017721655699897365, -0.004419513575499634, 4.790176308793093, 1.0], [0.017945146038477744, -0.003620288141171102, 5.663888824794782, 1.0], [0.01795852381269608, -0.0035724477849487513, 5.716187858592093, 1.0], [0.017958523812696026, -0.0035724477849487513, 5.716187858592065, 1.0], [0.01716721643778879, 0.007669031045965391, 8.86747234579775, 1.0], [0.01503997795003953, 0.009844108516263217, 8.741392301501264, 1.0], [0.005784774823652916, 0.017863222945216667, 7.750095307136377, 1.0], [0.005784774823653249, 0.017863222945216833, 7.750095307136434, 1.0], [0.0013761364011217747, 0.01847551428416158, 7.106453787831555, 1.0], [0.001338722036912987, 0.018480710557695817, 7.100991457761552, 1.0], [0.00033478612605919444, 0.018450013375696267, 6.111859212682305, 1.0], [-0.0003413566164811588, 0.018429339071090872, 5.44568661969879, 1.0], [-0.0003413566164811588, 0.018429339071090678, 5.445686619698762, 1.0], [-0.00410959453601123, 0.017548199415781784, 4.621469077661004, 1.0], [-0.006055589302962128, 0.01709316096152247, 4.195826361387162, 1.0], [-0.00605558930296235, 0.017093160961522344, 4.195826361387134, 1.0], [-0.00605558930296235, 0.01709316096152233, 4.195826361387162, 1.0], [-0.006391777449888947, 0.016952334112463947, 3.9922446671047283, 1.0], [-0.00660871001384622, 0.01686146258793326, 3.860879241764337, 1.0], [-0.0066087100138458865, 0.016861462587933397, 3.860879241764337, 1.0], [-0.006608710013846164, 0.01686146258793354, 3.860879241764394, 1.0], [-0.007202537432621725, 0.01654093763604792, 4.079203955023331, 1.0], [-0.009510236104279812, 0.015295331619362907, 4.927645160073553, 1.0], [-0.009510236104279923, 0.015295331619363188, 4.9276451600736095, 1.0], [-0.009510236104279812, 0.015295331619362917, 4.927645160073553, 1.0], [-0.013017245987242076, 0.012362388374499649, 6.847062712221941, 1.0], [-0.013172246702193469, 0.01223275991178166, 6.931895975543682, 1.0], [-0.015548081345842957, 0.008017644682005332, 9.762096552738797, 1.0], [-0.01793330290531253, 0.0026826241568866233, 12.83950553952451, 1.0], [-0.017950827134774083, -0.004761655522431699, 14.494246140698749, 1.0], [-0.012168787311940155, -0.014622036117938053, 12.781784624014676, 1.0], [-0.0062274846854056265, -0.017246620990122544, 10.078437223934998, 1.0], [-0.0039410460301784744, -0.01825666082194099, 9.038086583244763, 1.0], [0.0032258515747437544, -0.017719436932396363, 17.43545545977156, 0.0]], [[0.20932592993872207, -0.509944100560885, 0.0, 1.0], [-0.01016907747905893, 0.0001489306345853203, 4.478166265816542, 1.0], [-0.010169077479059235, 0.00014893063458543132, 4.478166265816542, 1.0], [-0.01016907747905893, 0.0001489306345853203, 5.347163860715794, 1.0], [-0.009179207749984541, 0.0013827452913470761, 13.1339251023751, 1.0], [-0.002517500672091555, 0.009686173096379314, 11.111099418253481, 1.0], [-0.0005674532297176849, 0.009970456378933179, 5.855450326932861, 1.0], [0.0007360137814150791, 0.010160479386873034, 2.342425431350186, 1.0], [0.0007360137814151069, 0.010160479386872978, 2.3424254313501933, 1.0], [0.0007360137814151069, 0.01016047938687309, 2.3424254313501933, 1.0], [0.0007360137814150791, 0.010160479386873034, 2.3424254313501933, 1.0], [0.0007360137814151069, 0.010160479386873034, 2.342425431350186, 1.0], [0.0007360137814151069, 0.01016047938687309, 2.3424254313501933, 1.0], [0.0006021909257920843, 0.010159869739711613, 2.0032208822172706, 1.0], [0.0003446405993523527, 0.010158696436207648, 1.3504008392407272, 1.0], [0.0003446405993526025, 0.010158696436207648, 1.35040083924072, 1.0], [0.0003446405993523527, 0.010158696436207593, 1.35040083924072, 1.0], [0.00034464059935232494, 0.010158696436207648, 1.3504008392407343, 1.0], [0.0003446405993523527, 0.010158696436207648, 1.35040083924072, 1.0], [0.0003446405993523527, 0.010158696436207648, 1.35040083924072, 1.0], [0.00034464059935263025, 0.010158696436207704, 1.35040083924072, 1.0], [0.00034464059935232494, 0.010158696436207648, 1.3504008392407343, 1.0], [0.00034464059935232494, 0.010158696436207537, 1.35040083924072, 1.0], [0.0003446405993523527, 0.010158696436207648, 1.35040083924072, 1.0], [0.000344640599352658, 0.010158696436207704, 1.3504008392407343, 1.0], [0.00034464059935232494, 0.010158696436207537, 1.35040083924072, 1.0], [0.0006393746854032878, 0.01016003913509178, 1.2154584102475923, 1.0], [0.0007360137814151069, 0.01016047938687309, 1.1712127156750967, 1.0], [0.0007360137814151069, 0.010160479386872978, 1.1712127156750967, 1.0], [0.0007360137814150791, 0.01016047938687309, 1.1712127156750967, 1.0], [0.0007360137814151069, 0.010160479386873061, 1.1712127156750967, 1.0], [0.0007360137814151069, 0.010160479386872923, 1.1712127156750967, 1.0], [0.0007360137814151069, 0.010160479386873172, 1.1712127156750967, 1.0], [0.0007360137814150791, 0.010160479386872923, 1.1712127156750967, 1.0], [0.0007360137814151069, 0.0101604793868732, 1.1712127156750967, 1.0], [0.0007360137814151069, 0.010160479386872923, 1.1712127156750967, 1.0], [0.0007360137814150791, 0.010160479386873061, 1.1712127156750967, 1.0], [0.0007360137814151069, 0.010160479386873034, 1.1712127156750967, 1.0], [0.0007360137814150791, 0.010160479386872923, 1.1712127156750824, 1.0], [0.0007360137814151069, 0.0101604793868732, 1.1712127156750967, 1.0], [0.0008410683197958013, 0.01015665401465446, 1.2343938473156442, 1.0], [0.0011770356000979365, 0.010144420369919083, 1.436448830288242, 1.0], [0.0011770356000979365, 0.010144420369919097, 1.436448830288228, 1.0], [0.0011770356000979365, 0.010144420369918944, 1.436448830288228, 1.0], [0.0011770356000979365, 0.010144420369919083, 1.436448830288242, 1.0], [0.0011770356000979365, 0.010144420369919069, 1.436448830288242, 1.0], [0.0011770356000982418, 0.010144420369919083, 1.4364488302882137, 1.0], [0.0011770356000979365, 0.010144420369919083, 1.436448830288242, 1.0], [0.0011770356000979365, 0.010144420369919076, 