{"text": "か", "text_ids": [6], "strokes": [[[0.0, 0.0, 0.0, 1.0], [-0.012045377288448914, -0.002099148943356143, 20.896950036879556, 1.0], [0.014748118894416441, -0.010960964347094225, 23.786807184394096, 1.0], [0.013622578587577764, -0.01233538979362996, 6.931895975543625, 1.0], [0.013622578587577625, -0.012335389793629959, 6.931895975543625, 1.0], [0.013367498189512682, -0.012606730164914592, 5.207423314282323, 1.0], [0.01329988336259446, -0.012678655065375417, 4.750312844794777, 1.0], [0.013299883362594328, -0.012678655065375563, 4.750312844794777, 1.0], [0.013484584681492925, -0.012474082536034298, 4.459787572081012, 1.0], [0.014172116621077438, -0.011712582029583113, 3.3783366899854457, 1.0], [0.014172116621077466, -0.011712582029582988, 3.3783366899854457, 1.0], [0.014172116621077452, -0.011712582029582988, 3.37833668998546, 1.0], [0.014172116621077424, -0.01171258202958314, 3.3783366899854457, 1.0], [0.014774811527858894, -0.010923243307085023, 3.3825368500634028, 1.0], [0.015439085285946091, -0.010053255866179583, 3.3871661510383433, 1.0], [0.01543908528594598, -0.010053255866179778, 3.387166151038329, 1.0], [0.015439085285946064, -0.010053255866179583, 3.3871661510383433, 1.0], [0.015439085285946064, -0.010053255866179611, 3.387166151038329, 1.0], [0.015883369146079435, -0.009338651203809195, 3.4718716698918968, 1.0], [0.016411784621568448, -0.008488725747728826, 3.5726174116078226, 1.0], [0.016411784621568226, -0.008488725747728687, 3.5726174116077942, 1.0], [0.016411784621568448, -0.008488725747728826, 3.5726174116078226, 1.0], [0.016411784621568226, -0.008488725747728687, 3.5726174116078084, 1.0], [0.017232820411135163, -0.006759590429118445, 3.734335416316739, 1.0], [0.017587485191233543, -0.006012651738591807, 3.804193126914498, 1.0], [0.017587485191233432, -0.006012651738591779, 3.804193126914498, 1.0], [0.01758748519123321, -0.006012651738591918, 3.804193126914498, 1.0], [0.01787826139733739, -0.0051619108338161745, 4.289742695383325, 1.0], [0.01817795106233544, -0.0042850913025068715, 4.790176308793093, 1.0], [0.018177951062335385, -0.0042850913025066495, 4.790176308793065, 1.0], [0.01817795106233544, -0.004285091302506705, 4.790176308793093, 1.0], [0.01839657313074866, -0.0034648176118149965, 5.663888824794782, 1.0], [0.01840965949810114, -0.003415717340631119, 5.716187858592093, 1.0], [0.018409659498101083, -0.003415717340631119, 5.716187858592065, 1.0], [0.017460756892780538, 0.0080697563380015, 8.86747234579775, 1.0], [0.015258313028727377, 0.010265925201227377, 8.741392301501264, 1.0], [0.005693850025643488, 0.018344112426743858, 7.750095307136377, 1.0], [0.005693850025643821, 0.018344112426743997, 7.750095307136434, 1.0], [0.0011777512374951948, 0.018911936006862085, 7.106453787831555, 1.0], [0.0011394248998217726, 0.01891675490017941, 7.100991457761552, 1.0], [0.00011313189805006729, 0.018872080458806922, 6.111859212682305, 1.0], [-0.0005780681649873998, 0.0188419925826942, 5.44568661969879, 1.0], [-0.0005780681649872887, 0.018841992582694006, 5.445686619698762, 1.0], [-0.004420706279089748, 0.017891052304322363, 4.621469077661004, 1.0], [-0.006405122820989817, 0.017399967387469448, 4.195826361387162, 1.0], [-0.006405122820989595, 0.017399967387469323, 4.195826361387134, 1.0], [-0.006405122820989817, 0.01739996738746931, 4.195826361387162, 1.0], [-0.0067471756717021325, 0.017251504880533265, 3.9922446671047283, 1.0], [-0.006967892560718836, 0.017155706285086954, 3.860879241764337, 1.0], [-0.006967892560718503, 0.017155706285087093, 3.860879241764337, 1.0], [-0.00696789256071878, 0.01715570628508724, 3.860879241764394, 1.0], [-0.0075711873402473095, 0.016820069347581824, 4.079203955023331, 1.0], [-0.009915677536080802, 0.015515735983458349, 4.927645160073553, 1.0], [-0.009915677536081025, 0.015515735983458637, 4.9276451600736095, 1.0], [-0.009915677536080802, 0.01551573598345836, 4.927645160073553, 1.0], [-0.013465677809201104, 0.012470003258019363, 6.847062712221941, 1.0], [-0.01362257858757776, 0.012335389793629956, 6.931895975543682, 1.0], [-0.015999852563184924, 0.007993427421638236, 9.762096552738797, 1.0], [-0.018372811512008314, 0.0025060851886891944, 12.83950553952451, 1.0], [-0.01829823929454244, -0.0051069363691439995, 14.494246140698749, 1.0], [-0.012262727203577628, -0.015114020045915305, 12.781784624014676, 1.0], [-0.006154248106946203, -0.017719410153857876, 10.078437223934998, 1.0], [-0.0038034736035892913, -0.01872206311217408, 9.038086583244763, 1.0], [0.0035190746984780086, -0.01807785818501605, 17.43545545977156, 0.0]], [[0.0, 0.0, 0.0, 1.0], [-0.01040125090182617, 1.7761713753783326e-05, 4.478166265816542, 1.0], [-0.010401250901826475, 1.7761713753783326e-05, 4.478166265816542, 1.0], [-0.01040125090182617, 1.7761713753783326e-05, 5.347163860715794, 1.0], [-0.009404291112889929, 0.0012926015091011545, 13.1339251023751, 1.0], [-0.0026948687644145486, 0.009872123680957134, 11.111099418253481, 1.0], [-0.0007041861652665182, 0.010188641800120524, 5.855450326932861, 1.0], [0.0006264425370109961, 0.010400211486985445, 2.342425431350186, 1.0], [0.0006264425370109683, 0.0104002114869855, 2.3424254313501933, 1.0], [0.0006264425370109961, 0.010400211486985556, 2.3424254313501933, 1.0], [0.0006264425370109683, 0.010400211486985445, 2.3424254313501933, 1.0], [0.0006264425370109961, 0.010400211486985556, 2.342425431350186, 1.0], [0.0006264425370109961, 0.010400211486985556, 2.3424254313501933, 1.0], [0.0004895962553976563, 0.01039781752064839, 2.0032208822172706, 1.0], [0.000226227159457415, 0.010393210185012658, 1.3504008392407272, 1.0], [0.00022622715945769256, 0.010393210185012658, 1.35040083924072, 1.0], [0.00022622715945738725, 0.010393210185012602, 1.35040083924072, 1.0], [0.00022622715945738725, 0.010393210185012658, 1.3504008392407343, 1.0], [0.00022622715945738725, 0.010393210185012658, 1.35040083924072, 1.0], [0.00022622715945744276, 0.010393210185012658, 1.35040083924072, 1.0], [0.0002262271594576648, 0.010393210185012713, 1.35040083924072, 1.0], [0.000226227159457415, 0.010393210185012713, 1.3504008392407343, 1.0], [0.00022622715945738725, 0.010393210185012491, 1.35040083924072, 1.0], [0.00022622715945738725, 0.010393210185012713, 1.35040083924072, 1.0], [0.00022622715945772032, 0.010393210185012713, 1.3504008392407343, 1.0], [0.00022622715945738725, 0.010393210185012547, 1.35040083924072, 1.0], [0.0005276200983018731, 0.010398482703500633, 1.2154584102475923, 1.0], [0.0006264425370109683, 0.010400211486985556, 1.1712127156750967, 1.0], [0.0006264425370109961, 0.0104002114869855, 1.1712127156750967, 1.0], [0.0006264425370109961, 0.0104002114869855, 1.1712127156750967, 1.0], [0.0006264425370109683, 0.010400211486985556, 1.1712127156750967, 1.0], [0.0006264425370109683, 0.010400211486985389, 1.1712127156750967, 1.0], [0.0006264425370109961, 0.010400211486985639, 1.1712127156750967, 1.0], [0.0006264425370109961, 0.010400211486985417, 1.1712127156750967, 1.0], [0.0006264425370109683, 0.010400211486985639, 1.1712127156750967, 1.0], [0.0006264425370109961, 0.010400211486985417, 1.1712127156750967, 1.0], [0.0006264425370109683, 0.0104002114869855, 1.1712127156750967, 1.0], [0.0006264425370109961, 0.010400211486985528, 1.1712127156750967, 1.0], [0.0006264425370109683, 0.010400211486985389, 1.1712127156750824, 1.0], [0.0006264425370109961, 0.010400211486985667, 1.1712127156750967, 1.0], [0.000733924021727228, 0.010397689428042256, 1.2343938473156442, 1.0], [0.0010776527426331062, 0.01038962381472408, 1.436448830288242, 1.0], [0.001077652742633134, 0.010389623814724067, 1.436448830288228, 1.0], [0.0010776527426331062, 0.010389623814723942, 1.436448830288228, 1.0], [0.001077652742633134, 0.01038962381472408, 1.436448830288242, 1.0], [0.0010776527426331062, 0.010389623814724053, 1.436448830288242, 1.0], [0.0010776527426334115, 0.01038962381472408, 1.4364488302882137, 1.0], [0.0010776527426331062, 0.01038962381472408, 1.436448830288242, 1.0], [0.0010776527426331617, 0.010389623814724074, 1.436448830288242, 1.0], 