{"text": "か", "text_ids": [6], "strokes": [[[0.0, 0.0, 0.0, 1.0], [-0.006921041656494912, -0.028867757739418666, 7.346462217921269, 1.0], [-0.011161638872343893, -0.027350091905667173, 4.927507139721762, 1.0], [-0.007646383779370873, -0.023695016373218684, 18.639302669135894, 1.0], [0.027807573765010175, 0.009209200581877325, 11.110527548404797, 1.0], [0.02743079869536175, -0.0011711448512522066, 7.523023025808229, 1.0], [0.02722080927855499, -0.0069564604396673, 5.5235861119029295, 1.0], [0.027220809278554622, -0.00695646043966737, 5.523586111902922, 1.0], [0.02754771129476563, -0.005774762715562945, 4.542047427679563, 1.0], [0.027799999193221778, -0.004862782915375952, 3.7845411425655016, 1.0], [0.027799999193221764, -0.004862782915375924, 3.7845411425655016, 1.0], [0.02779999919322179, -0.004862782915375841, 3.7845411425655016, 1.0], [0.02785355997513725, -0.004532260536687219, 3.7786700170075704, 1.0], [0.02853923310710299, -0.0003009870848081492, 3.7035091828015965, 1.0], [0.028539233107103434, -0.0003009870848080659, 3.7035091828015965, 1.0], [0.028539233107103434, -0.00030098708480798264, 3.7035091828015965, 1.0], [0.02853923310710338, -0.00030098708480805203, 3.7035091828015965, 1.0], [0.028556374383054972, 0.0033221414645410036, 4.293559877072653, 1.0], [0.028562020461970095, 0.004515545605989171, 4.487913715921124, 1.0], [0.02856202046197004, 0.004515545605989171, 4.487913715921124, 1.0], [0.028562020461970095, 0.004515545605989171, 4.487913715921124, 1.0], [0.028562020461970428, 0.004515545605989213, 6.454998792805213, 1.0], [0.02856202046197004, 0.004515545605989171, 6.527874495885271, 1.0], [0.02794621901108396, 0.007314041905463281, 7.728860312238098, 1.0], [0.02685174209947072, 0.012287868424714701, 9.86339774355173, 1.0], [0.02031073981811382, 0.02044992034833667, 9.093010918564886, 1.0], [0.016575471667202524, 0.02511089603447712, 8.6530781303656, 1.0], [0.005822278725137742, 0.028382350653000665, 6.896644599919256, 1.0], [0.0029199680941537354, 0.02926532351225098, 6.422579293410109, 1.0], [0.0017298980013330523, 0.02911536569955122, 6.074807237147212, 1.0], [-0.0055472354672519986, 0.028198391964764286, 3.9482235297359694, 1.0], [-0.00554723546725211, 0.028198391964764105, 3.948223529735941, 1.0], [-0.00554723546725211, 0.02819839196476427, 3.9482235297359694, 1.0], [-0.005901983240231945, 0.02807129357862856, 3.835339134009047, 1.0], [-0.00957410897789479, 0.026755651055985014, 2.6668308965996914, 1.0], [-0.00957410897789468, 0.026755651055985402, 2.6668308965996914, 1.0], [-0.00957410897789468, 0.026755651055985014, 2.666830896599663, 1.0], [-0.00957410897789479, 0.026755651055985374, 2.66683089659972, 1.0], [-0.009574108977895124, 0.026755651055985152, 2.666830896599663, 1.0], [-0.00957410897789479, 0.026755651055985263, 2.6668308965996914, 1.0], [-0.009636825459402698, 0.026727940554111485, 3.01080164595146, 1.0], [-0.009662010260129916, 0.026716812961316616, 3.1489285716053246, 1.0], [-0.00966201026013036, 0.02671681296131656, 3.148928571605296, 1.0], [-0.009662010260130083, 0.02671681296131656, 3.148928571605296, 1.0], [-0.009662010260129972, 0.02671681296131667, 3.148928571605296, 1.0], [-0.009613991356279161, 0.026737963595417524, 3.5281225958036657, 1.0], [-0.009509485043101895, 0.02678399494169892, 4.353384446231729, 1.0], [-0.009509485043102006, 0.02678399494169914, 4.3533844462317575, 1.0], [-0.00950948504310195, 0.02678399494169903, 4.3533844462317575, 1.0], [-0.015068717589779734, 0.02315281339891684, 5.552672076919009, 1.0], [-0.018202243153878972, 0.021106056027884623, 6.228664386633142, 1.0], [-0.018202243153878583, 0.021106056027884845, 6.228664386633056, 1.0], [-0.025190980337977176, 0.009727603833633358, 7.489061162180576, 1.0], [-0.027524792328325554, 0.005927894749855445, 7.909956816128158, 1.0], [-0.028319051388928318, 0.0009697784177769009, 8.253519260851135, 1.0], [-0.02861746993389891, -0.0008930821210625384, 8.382602339592154, 1.0], [-0.02644491800168325, -0.011931019110666186, 8.400378695274867, 1.0], [-0.025962113929407615, -0.01438396895691818, 8.404329117258499, 1.0], [-0.015851427212907943, -0.024355914597006034, 7.77369394516171, 1.0], [-0.01325082809005898, -0.02692082772426041, 7.611486439244516, 1.0], [-0.006012396959669097, -0.028209539907157133, 6.772596501690941, 1.0], [-0.00036976747839806423, -0.029214139553834118, 6.118650224118483, 1.0], [-0.00036976747839767565, -0.029214139553834118, 6.118650224118483, 1.0], [0.002087687432109492, -0.028939481852638393, 1.3243624773974148, 0.0]], [[0.0, 0.0, 0.0, 1.0], [-0.015558477652593272, 0.0019974348265172637, 4.501553472890873, 1.0], [-0.015558477652593272, 0.0019974348265172637, 4.501553472890873, 1.0], [-0.015558477652593328, 0.0019974348265172637, 4.501553472890871, 1.0], [-0.009170805796423043, 0.01185892660443455, 1.5912956551861352, 1.0], [-0.008381016038096711, 0.013078229252314666, 1.2314631731384438, 1.0], [-0.008381016038096684, 0.01307822925231461, 1.2314631731384402, 1.0], [-0.008381016038096684, 0.01307822925231461, 1.2314631731384438, 1.0], [-0.008381016038096711, 0.01307822925231461, 1.2314631731384438, 1.0], [-0.008381016038096711, 0.013078229252314583, 1.2314631731384402, 1.0], [-0.008381016038096684, 0.013078229252314638, 1.2314631731384438, 1.0], [-0.008381016038096711, 0.01307822925231461, 1.2314631731384438, 1.0], [-0.008381016038096656, 0.013078229252314638, 1.2314631731384402, 1.0], [-0.008381016038097128, 0.013078229252314555, 1.2314631731384438, 1.0], [-0.008381016038096656, 0.01307822925231461, 1.2314631731384438, 1.0], [-0.008381016038096711, 0.01307822925231461, 1.2314631731384402, 1.0], [-0.008381016038096684, 0.013078229252314527, 1.2314631731384438, 1.0], [-0.006095318138094968, 0.014429883691865014, 1.001562410849175, 1.0], [-0.00583367617386088, 0.01458460646714041, 0.9752458591193225, 1.0], [-0.005833676173861269, 0.014584606467140368, 0.9752458591193296, 1.0], [-0.005833676173861269, 0.014584606467140271, 0.9752458591193189, 1.0], [-0.005833676173861241, 0.014584606467140354, 0.975245859119326, 1.0], [-0.00583367617386088, 0.014584606467140326, 0.975245859119326, 1.0], [-0.005833676173861227, 0.014584606467140264, 0.9752458591193189, 1.0], [-0.005833676173861269, 0.014584606467140451, 0.975245859119326, 1.0], [-0.005833676173861255, 0.014584606467140267, 0.975245859119326, 1.0], [-0.005833676173860838, 0.014584606467140326, 0.975245859119326, 1.0], [-0.0058336761738612825, 0.014584606467140458, 0.9752458591193189, 1.0], [-0.005833676173861241, 0.014584606467140264, 0.975245859119326, 1.0], [-0.005833676173861269, 0.014584606467140455, 0.975245859119326, 1.0], [-0.005833676173860866, 0.014584606467140333, 0.975245859119326, 1.0], [-0.005833676173861227, 0.014584606467140257, 0.975245859119326, 1.0], [-0.005833676173861255, 0.014584606467140271, 0.9752458591193189, 1.0], [-0.00583367617386088, 0.01458460646714052, 0.975245859119326, 1.0], [-0.0055711412615441075, 0.014705128509122922, 1.1179829605345049, 1.0], [-0.005270038067531714, 0.014843356112718517, 1.2816891768269159, 1.0], [-0.005270038067531749, 0.014843356112718697, 1.2816891768269159, 1.0], [-0.0052700380675321165, 0.014843356112718642, 1.2816891768269159, 1.0], [-0.005270038067531742, 0.014843356112718697, 1.281689176826923, 1.0], [-0.005270038067531735, 0.014843356112718725, 1.281689176826923, 1.0], [-0.005270038067531742, 0.014843356112718697, 1.2816891768269159, 1.0], [-0.0052700380675321234, 0.014843356112718642, 1.2816891768269159, 1.0], [-0.005270038067531745, 0.014843356112718697, 1.2816891768269159, 1.0], [-0.00527003806753174, 0.01484335611271867, 1.2816891768269159, 1.0], [-0.005270038067531723, 0.014843356112718586, 1.2816891768269159, 1.0], [-0.005270038067532124, 0.014843356112718642, 1.2816891768269159, 1.0], [-0.005270038067531743, 0.014843356112718697, 1.281689176826923, 1.0], [-0.0051802892110747074, 0.014881088175818957, 1.4560278206885755, 1.0], [-0.004825824909373286, 0.01503011146064459, 2.1445806122826525, 1.0], 