{"text": "き", "text_ids": [7], "strokes": [[[0.0, 0.0, 0.0, 1.0], [-0.008612005366798047, -0.0021268474121703368, 7.294072313793476, 1.0], [-0.007183653791411291, -0.0020213842964239078, 7.0159071223342355, 1.0], [0.009102174431354203, -0.000818911308344333, 3.844313654926964, 1.0], [0.009102174431354517, -0.0008189113083443625, 3.8443136549269674, 1.0], [0.009102174431354203, -0.000818911308344333, 3.844313654926964, 1.0], [0.009030877814718225, -0.0016022951336234267, 3.3624785224702336, 1.0], [0.0089397271668883, -0.0026038285379089993, 2.746466339244595, 1.0], [0.0089397271668883, -0.002603828537909079, 2.7464663392445985, 1.0], [0.008939727166888296, -0.0026038285379089993, 2.7464663392445985, 1.0], [0.008939727166888303, -0.002603828537909001, 2.7464663392445985, 1.0], [0.008939727166888296, -0.0026038285379090774, 2.7464663392445914, 1.0], [0.00894885136761743, -0.0025536039251662264, 2.4664632079276387, 1.0], [0.008976353038796403, -0.002402219620306952, 1.6224929495620088, 1.0], [0.00897635303879643, -0.0024022196203069557, 1.622492949562016, 1.0], [0.008976353038796736, -0.002402219620306987, 1.622492949562016, 1.0], [0.008976353038796403, -0.002402219620306952, 1.622492949562016, 1.0], [0.00897635303879643, -0.0024022196203069557, 1.622492949562016, 1.0], [0.008976353038796403, -0.0024022196203069626, 1.622492949562016, 1.0], [0.008976353038796403, -0.0024022196203069487, 1.622492949562016, 1.0], [0.008976353038796764, -0.0024022196203069834, 1.6224929495620088, 1.0], [0.00897635303879643, -0.0024022196203069626, 1.622492949562016, 1.0], [0.008976353038796403, -0.0024022196203069487, 1.6224929495620088, 1.0], [0.008818716093332818, -0.0031025005325865385, 1.3019656958338217, 1.0], [0.008772005397924859, -0.003310006509674328, 1.206987638026085, 1.0], [0.008772005397924831, -0.0033100065096742376, 1.2069876380260922, 1.0], [0.008772005397924831, -0.003310006509674321, 1.2069876380260922, 1.0], [0.008772005397925164, -0.0033100065096743417, 1.2069876380260922, 1.0], [0.008772005397924526, -0.003310006509674293, 1.206987638026078, 1.0], [0.008772005397925164, -0.0033100065096742792, 1.2069876380260922, 1.0], [0.008772005397924804, -0.003310006509674321, 1.2069876380260922, 1.0], [0.008772005397924859, -0.003310006509674321, 1.206987638026078, 1.0], [0.008772005397924831, -0.003310006509674321, 1.2069876380260922, 1.0], [0.008772005397924831, -0.003310006509674307, 1.2069876380260922, 1.0], [0.008772005397924831, -0.0033100065096742515, 1.2069876380260922, 1.0], [0.008772005397924831, -0.003310006509674321, 1.2069876380260922, 1.0], [0.008762161996794082, -0.0033443223157716973, 1.399507834022799, 1.0], [0.008752902129547602, -0.003376603821392196, 1.580615099038397, 1.0], [0.008752902129547546, -0.003376603821392113, 1.5806150990384253, 1.0], [0.008752902129547269, -0.0033766038213920713, 1.5806150990384111, 1.0], [0.008752902129547602, -0.003376603821392196, 1.580615099038397, 1.0], [0.008752902129547546, -0.003376603821392113, 1.5806150990384111, 1.0], [0.008752902129547602, -0.003376603821392113, 1.5806150990384253, 1.0], [0.008752902129547213, -0.0033766038213921684, 1.5806150990384111, 1.0], [0.008752902129547602, -0.003376603821392099, 1.580615099038397, 1.0], [0.008752902129547546, -0.003376603821392113, 1.5806150990384253, 1.0], [0.008752902129547546, -0.003376603821392196, 1.580615099038397, 1.0], [0.008680898507499812, -0.0036076477508431015, 2.062173109787338, 1.0], [0.008658156351138313, -0.0036806223737922694, 2.214271952401603, 1.0], [0.008658156351138702, -0.003680622373792297, 2.214271952401589, 1.0], [0.008658156351138313, -0.0036806223737922694, 2.2142719524015746, 1.0], [0.008658156351138702, -0.003680622373792325, 2.214271952401603, 1.0], [0.008658156351138313, -0.0036806223737922417, 2.214271952401589, 1.0], [0.008658156351138369, -0.003680622373792186, 2.214271952401589, 1.0], [0.008688091805192921, -0.0035509866719285743, 2.339154506546805, 1.0], [0.009021012643356363, -0.0021092705569177583, 3.72800949175803, 1.0], [0.009021012643356252, -0.0021092705569177583, 3.7280094917580158, 1.0], [0.009021012643356363, -0.0021092705569177583, 3.7280094917580584, 1.0], [0.00902101264335603, -0.002109270556917703, 3.7280094917580158, 1.0], [0.0069365022921774044, 0.004234361650538254, 8.60998240830719, 1.0], [0.005606819345192027, 0.006110942339290326, 10.04199442124488, 1.0], [-0.004135883502284554, 0.008579230804980492, 11.789001132682074, 1.0], [-0.005821587084164415, 0.007498952053016761, 3.7569237572116094, 1.0], [-0.006487807633060172, 0.007072006348664978, 0.5825014831041528, 0.0]], [[0.0, 0.0, 0.0, 1.0], [-0.0018910665764045867, -0.00028727645500215004, 15.149827166705625, 1.0], [0.009121023254250127, -0.001968813015619464, 2.8863134509545443, 1.0], [0.009121023254250123, -0.0019688130156192973, 2.8863134509545425, 1.0], [0.009121023254250439, -0.0019688130156195194, 2.886313450954546, 1.0], [0.00912102325425013, -0.0019688130156192973, 2.886313450954539, 1.0], [0.008995385740844991, -0.0026352608624432006, 2.3021809705237892, 1.0], [0.008891713450218643, -0.0031851935456888025, 1.820172447478253, 1.0], [0.008891713450218962, -0.003185193545688858, 1.8201724474782566, 1.0], [0.008891713450218622, -0.003185193545688858, 1.8201724474782495, 1.0], [0.008891713450218636, -0.0031851935456888025, 1.8201724474782495, 1.0], [0.008891713450218955, -0.0031851935456890246, 1.8201724474782566, 1.0], [0.008891713450218636, -0.0031851935456888025, 1.8201724474782566, 1.0], [0.008891713450218983, -0.0031851935456888025, 1.8201724474782495, 1.0], [0.008891713450218636, -0.0031851935456889136, 1.8201724474782495, 1.0], [0.0088760982900771, -0.00324098002511658, 1.7229964854942494, 1.0], [0.008816683787567864, -0.003453243357150998, 1.3532493048865604, 1.0], [0.00881668378756817, -0.0034532433571511922, 1.3532493048865533, 1.0], [0.008816683787567864, -0.0034532433571511645, 1.3532493048865533, 1.0], [0.008816683787567864, -0.0034532433571511367, 1.3532493048865604, 1.0], [0.008816683787568197, -0.0034532433571511922, 1.3532493048865533, 1.0], [0.008816683787567836, -0.0034532433571511645, 1.3532493048865604, 1.0], [0.00881668378756817, -0.0034532433571510257, 1.3532493048865533, 1.0], [0.008816683787567864, -0.003453243357151109, 1.3532493048865604, 1.0], [0.008816683787567892, -0.0034532433571511645, 1.3532493048865462, 1.0], [0.00881668378756817, -0.0034532433571511922, 1.3532493048865604, 1.0], [0.008816683787567836, -0.0034532433571511367, 1.3532493048865604, 1.0], [0.00881668378756817, -0.0034532433571511922, 1.3532493048865533, 1.0], [0.008646638432165815, -0.003940345471226819, 1.2766425032669275, 1.0], [0.008553359269042188, -0.004207547580037135, 1.2346194893023394, 1.0], [0.00855335926904191, -0.004207547580037274, 1.2346194893023323, 1.0], [0.00855335926904216, -0.004207547580037135, 1.2346194893023323, 1.0], [0.008553359269042216, -0.00420754758003733, 1.2346194893023323, 1.0], [0.008553359269041938, -0.004207547580037108, 1.2346194893023323, 1.0], [0.00855335926904216, -0.004207547580037302, 1.2346194893023466, 1.0], [0.008553359269042216, -0.004207547580037135, 1.2346194893023323, 1.0], [0.00855335926904216, -0.004207547580037302, 1.2346194893023323, 1.0], [0.008553359269041827, -0.004207547580037302, 1.2346194893023323, 1.0], [0.008553359269042216, -0.004207547580037135, 1.2346194893023466, 1.0], [0.008553359269042216, -0.004207547580037274, 1.2346194893023323, 1.0], [0.008553359269041882, -0.004207547580037135, 1.2346194893023323, 1.0], [0.008809435398600018, -0.0034119424655270347, 1.5631489554655502, 1.0], [0.008926482194529628, -0.003048288775353125, 1.7133125862946343, 1.0], [0.008926482194529961, -0.0030482887753532917, 1.7133125862946201, 1.0], [0.008926482194529906, -0.003048288775353264, 1.713312586294606, 1.0], [0.008926482194529961, -0.003048288775353264, 1.7133125862946343, 1.0], [0.008926482194529628, -0.0030482887753531807, 1.7133125862946201, 1.0], [0.008926482194529961, -0.003048288775353264, 