{"text": "き", "text_ids": [7], "strokes": [[[0.0, 0.0, 0.0, 1.0], [-0.011284106100311385, -0.004757561187071448, 3.7392307353858376, 1.0], [-0.011425221114295942, -0.004263947521964964, 5.0980175749451435, 1.0], [-0.012386935961751444, -0.0008999143320469315, 14.358304210881101, 1.0], [0.002791405174909105, 0.007574466150370962, 20.173685300183376, 1.0], [0.01238693596175144, 0.0008999143320469313, 9.572202807254072, 1.0], [0.012429752866158515, -0.0002761439217538928, 6.61791202233978, 1.0], [0.012461270128864117, -0.0011418332436524696, 4.443276558477365, 1.0], [0.012461270128863899, -0.0011418332436523805, 4.443276558477365, 1.0], [0.012461270128864114, -0.001141833243652468, 4.443276558477365, 1.0], [0.01190227355628395, -0.0042106444079952066, 2.428147346980481, 1.0], [0.011887975278710779, -0.0042891399051064785, 2.3766034230538793, 1.0], [0.011887975278710564, -0.004289139905106494, 2.376603423053865, 1.0], [0.011887975278710564, -0.004289139905106598, 2.3766034230538793, 1.0], [0.011887975278710577, -0.0042891399051064975, 2.3766034230538793, 1.0], [0.011887975278710772, -0.004289139905106477, 2.376603423053865, 1.0], [0.01188797527871055, -0.004289139905106494, 2.3766034230538793, 1.0], [0.011683030975784561, -0.0048576262001309295, 1.7223948160885243, 1.0], [0.011638649474085605, -0.004980734162188277, 1.5807233473675666, 1.0], [0.011638649474085605, -0.004980734162188159, 1.5807233473675666, 1.0], [0.011638649474085383, -0.004980734162188291, 1.5807233473675666, 1.0], [0.011638649474085605, -0.004980734162188166, 1.5807233473675666, 1.0], [0.011638649474085577, -0.00498073416218827, 1.5807233473675666, 1.0], [0.011638649474085605, -0.004980734162188166, 1.5807233473675666, 1.0], [0.011638649474085633, -0.004980734162188277, 1.5807233473675666, 1.0], [0.011638649474085355, -0.00498073416218818, 1.5807233473675666, 1.0], [0.011638649474085633, -0.004980734162188263, 1.5807233473675666, 1.0], [0.011638649474085577, -0.00498073416218818, 1.5807233473675666, 1.0], [0.01176068829898197, -0.004637539461475895, 1.4900170201038492, 1.0], [0.011919326181299539, -0.004191421755985469, 1.372108152314354, 1.0], [0.011919326181299261, -0.004191421755985483, 1.372108152314354, 1.0], [0.011919326181299539, -0.0041914217559854555, 1.372108152314354, 1.0], [0.011919326181299261, -0.004191421755985469, 1.372108152314354, 1.0], [0.011919326181299483, -0.0041914217559854555, 1.3721081523143681, 1.0], [0.011919326181299483, -0.004191421755985483, 1.372108152314354, 1.0], [0.011919326181299261, -0.0041914217559854555, 1.372108152314354, 1.0], [0.011919326181299539, -0.004191421755985483, 1.372108152314354, 1.0], [0.011919326181299317, -0.00419142175598558, 1.372108152314354, 1.0], [0.011919326181299483, -0.004191421755985469, 1.3721081523143681, 1.0], [0.011919326181299483, -0.004191421755985442, 1.372108152314354, 1.0], [0.012052669262135496, -0.0037272585021886073, 1.8119587794153063, 1.0], [0.012091623265916562, -0.003591660786656431, 1.9404539580456515, 1.0], [0.012091623265916618, -0.003591660786656403, 1.9404539580456515, 1.0], [0.012091623265916562, -0.003591660786656403, 1.9404539580456515, 1.0], [0.012091623265916562, -0.003591660786656431, 1.9404539580456515, 1.0], [0.012091623265916507, -0.003591660786656403, 1.940453958045623, 1.0], [0.012091623265916562, -0.003591660786656403, 1.9404539580456515, 1.0], [0.012091623265916562, -0.003591660786656403, 1.9404539580456515, 1.0], [0.012273661623873722, -0.0025067879577769236, 2.4905830558772095, 1.0], [0.012436118530040063, -0.0015386124295996284, 2.9815360189161026, 1.0], [0.012436118530040119, -0.0015386124295996284, 2.9815360189160742, 1.0], [0.012436118530040119, -0.0015386124295996007, 2.9815360189161026, 1.0], [0.012436118530040008, -0.0015386124295995451, 2.9815360189161026, 1.0], [0.012436118530040119, -0.0015386124295996284, 2.9815360189161026, 1.0], [0.01232918704040542, -0.002281148578141351, 3.6161853070975667, 1.0], [0.01221845242155839, -0.003050093794093045, 4.273406554726648, 1.0], [0.012218452421558612, -0.003050093794093073, 4.273406554726677, 1.0], [0.01221845242155839, -0.0030500937940930173, 4.273406554726677, 1.0], [0.012344339655440906, -9.873370133184345e-05, 7.811837566044488, 1.0], [0.012386935961751555, 0.0008999143320469194, 9.009132053886162, 1.0], [-0.011045102288690378, 0.004606045954174992, 12.732067466966157, 1.0], [-0.011739894957095487, 0.004715937934193032, 12.842457702860656, 1.0], [-0.011739894957095709, 0.004715937934193032, 13.087019014457098, 1.0], [-0.01173989495709582, 0.00471593793419306, 13.597896391264243, 0.0]], [[0.0, 0.0, 0.0, 1.0], [-0.011749279364932438, 0.001888163114132979, 13.55789629656185, 1.0], [-0.011002833021418856, 0.006031459327228039, 1.3899465910161108, 1.0], [-0.00868393822424604, 0.007532574034365053, 3.6909778982355608, 1.0], [-0.0008332580973816721, 0.011690108461442472, 11.011262018807653, 1.0], [0.01224977753619567, 0.0008899497344015128, 14.199317161420144, 1.0], [0.011966743913407145, -0.0030113903149881216, 6.625381237083339, 1.0], [0.011916224666229278, -0.0037077484378824632, 5.273494004382371, 1.0], [0.011916224666229292, -0.003707748437882602, 5.273494004382378, 1.0], [0.01160473724559052, -0.004609543997726895, 3.60044140015016, 1.0], [0.011417743380422285, -0.005150914936499773, 2.5960651320675225, 1.0], [0.011417743380422084, -0.005150914936499912, 2.5960651320675225, 1.0], [0.011417743380422285, -0.005150914936499801, 2.5960651320675368, 1.0], [0.01141774338042209, -0.005150914936499884, 2.5960651320675083, 1.0], [0.011417743380422077, -0.005150914936499829, 2.5960651320675368, 1.0], [0.01156400499387518, -0.004761717065098425, 2.313219622674538, 1.0], [0.011734533160077026, -0.004307946607265897, 1.9834466569825082, 1.0], [0.011734533160076846, -0.004307946607266008, 1.9834466569825082, 1.0], [0.011734533160077096, -0.004307946607265994, 1.9834466569825082, 1.0], [0.011734533160077026, -0.004307946607265883, 1.9834466569825082, 1.0], [0.011734533160077054, -0.004307946607266022, 1.9834466569825082, 1.0], [0.011734533160077082, -0.004307946607265883, 1.9834466569825082, 1.0], [0.01173453316007686, -0.004307946607266008, 1.9834466569825224, 1.0], [0.011734533160077026, -0.004307946607265897, 1.9834466569825082, 1.0], [0.012004549241905166, -0.003342366530991764, 1.6198615371892515, 1.0], [0.012037663015285832, -0.0032239513624943844, 1.5752728031408054, 1.0], [0.01203766301528586, -0.0032239513624942734, 1.5752728031408054, 1.0], [0.012037663015285832, -0.0032239513624943705, 1.5752728031408054, 1.0], [0.012037663015285832, -0.0032239513624942734, 1.5752728031408054, 1.0], [0.012037663015285915, -0.0032239513624943844, 1.5752728031407912, 1.0], [0.012037663015285804, -0.0032239513624942734, 1.5752728031408054, 1.0], [0.012037663015285915, -0.0032239513624943705, 1.5752728031408054, 1.0], [0.01203766301528586, -0.0032239513624943775, 1.5752728031408054, 1.0], [0.012037663015285749, -0.0032239513624942803, 1.5752728031408054, 1.0], [0.01203223332980341, -0.003246655177516662, 1.5838474976030454, 1.0], [0.011982805998175639, -0.0034533317885140635, 1.6619043699856917, 1.0], [0.011982805998175527, -0.0034533317885141745, 1.661904369985706, 1.0], [0.011982805998175639, -0.0034533317885141676, 1.6619043699856917, 1.0], [0.01198280599817575, -0.0034533317885141607, 1.661904369985706, 1.0], [0.011982805998175639, -0.0034533317885141607, 1.661904369985706, 1.0], [0.011982805998175527, -0.0034533317885141815, 1.6619043699856917, 1.0], [0.011982805998175916, -0.003453331788514147, 1.661904369985706, 1.0], [0.011982805998175472, -0.0034533317885140705, 1.6619043699856917, 1.0], [0.01198280599817575, -0.003453331788514164, 1.661904369985706, 1.0], [0.011982805998175639, -0.0034533317885141607, 1.661904369985706, 1.0], [0.012007795450911518, -0.003351047951333612, 2.202570234030077, 1.0], [0.012011537760178492, -0.0033357303789247374, 2.283537948478397, 1.0], [0.012011537760178437, -0.0033357303789246402, 2.2835379484783687, 1.0], 