{"text": "き", "text_ids": [7], "strokes": [[[0.0, 0.0, 0.0, 1.0], [0.009820249280484576, -0.0054715578615793774, 5.240150891603299, 1.0], [0.009820249280484972, -0.005471557861579315, 5.240150891603299, 1.0], [0.009820249280484583, -0.00547155786157948, 5.240150891603298, 1.0], [0.011340184737024896, 0.0014220126285901438, 2.7986038237593043, 1.0], [0.011425838405101474, 0.0018104893866571943, 2.6610141246423, 1.0], [0.011425838405101474, 0.0018104893866571943, 2.6610141246423, 1.0], [0.011425838405101474, 0.001810489386657196, 2.6610141246423, 1.0], [0.011425838405101474, 0.0018104893866571943, 2.629163657745451, 1.0], [0.011425838405101474, 0.0018104893866571943, 2.1414078162801964, 1.0], [0.01142583840510146, 0.0018104893866571926, 2.1414078162801964, 1.0], [0.011425838405101488, 0.0018104893866571982, 2.141407816280193, 1.0], [0.011425838405101474, 0.0018104893866571943, 2.141407816280193, 1.0], [0.011425838405101474, 0.0018104893866571978, 2.141407816280193, 1.0], [0.011425838405101446, 0.001810489386657191, 2.141407816280193, 1.0], [0.011425838405101502, 0.0018104893866571973, 2.141407816280193, 1.0], [0.011397798895301153, 0.0019841498833386897, 2.0905372260973394, 1.0], [0.011197121095827794, 0.0032270320370564876, 1.7264581759072044, 1.0], [0.011197121095827406, 0.0032270320370564338, 1.7264581759072115, 1.0], [0.011197121095827378, 0.003227032037056531, 1.7264581759072044, 1.0], [0.011197121095827822, 0.0032270320370564876, 1.7264581759072044, 1.0], [0.011197121095827378, 0.003227032037056432, 1.7264581759072115, 1.0], [0.011197121095827406, 0.003227032037056425, 1.7264581759072044, 1.0], [0.011197121095827406, 0.003227032037056432, 1.7264581759072115, 1.0], [0.011197121095827822, 0.003227032037056498, 1.7264581759072044, 1.0], [0.011197121095827378, 0.003227032037056425, 1.7264581759072044, 1.0], [0.011202119203869154, 0.0032045825441758824, 1.6988385002844737, 1.0], [0.011215240306338359, 0.003145647824478459, 1.6263309452308974, 1.0], [0.011215240306338414, 0.003145647824478369, 1.6263309452309045, 1.0], [0.011215240306338303, 0.003145647824478362, 1.6263309452308903, 1.0], [0.011215240306338414, 0.003145647824478362, 1.6263309452309045, 1.0], [0.011215240306338303, 0.003145647824478473, 1.6263309452308903, 1.0], [0.011215240306338414, 0.003145647824478362, 1.6263309452309045, 1.0], [0.011215240306338303, 0.003145647824478362, 1.6263309452308903, 1.0], [0.011215240306338026, 0.0031456478244783065, 1.6263309452309045, 1.0], [0.011215240306338359, 0.003145647824478459, 1.6263309452308903, 1.0], [0.011215240306338359, 0.003145647824478362, 1.6263309452309045, 1.0], [0.011388534905709347, 0.0020469876374318435, 1.6355604128837768, 1.0], [0.011425838405101474, 0.0018104893866571908, 1.6375471536260306, 1.0], [0.011425838405101418, 0.0018104893866571908, 1.6375471536260306, 1.0], [0.011425838405101474, 0.0018104893866571908, 1.6375471536260306, 1.0], [0.01142583840510153, 0.0018104893866572047, 1.6375471536260306, 1.0], [0.011425838405101474, 0.0018104893866571908, 1.6375471536260306, 1.0], [0.011425838405101474, 0.0018104893866572047, 1.6375471536260306, 1.0], [0.011425838405101418, 0.001810489386657177, 1.6375471536260306, 1.0], [0.011425838405101585, 0.0018104893866572047, 1.6375471536260306, 1.0], [0.011428418343502278, 0.0017301581399451343, 1.6480861308641437, 1.0], [0.011475302532675147, 0.00027033050777722223, 1.8396067510052347, 1.0], [0.011475302532675036, 0.00027033050777720835, 1.8396067510052205, 1.0], [0.011475302532675036, 0.00027033050777722223, 1.8396067510052347, 1.0], [0.011475302532675258, 0.0002703305077772361, 1.8396067510052205, 1.0], [0.011475302532675036, 0.0002703305077771251, 1.8396067510052347, 1.0], [0.011475302532675036, 0.0002703305077771945, 1.8396067510052347, 1.0], [0.011475302532674814, 0.0002703305077771667, 1.8396067510052205, 1.0], [0.011475302532675147, 0.00027033050777722223, 1.8396067510052347, 1.0], [0.011475302532675036, 0.00027033050777722223, 1.8396067510052205, 1.0], [0.011460118353957438, -3.8298596340372026e-05, 4.059442172744411, 1.0], [0.011456580954925633, -0.00011019871780724999, 4.576588593255124, 1.0], [0.011456580954924966, -0.00011019871780736101, 4.576588593255124, 1.0], [0.011288338967626932, 0.0005543994339504144, 5.2656356789590575, 1.0], [0.009713052600104355, 0.0067771766678432765, 11.717333605981139, 1.0], [-0.0018629379413441782, 0.008771920107880998, 12.252666905233468, 1.0], [-0.007805331073811095, 0.007324864002441048, 7.899333912709892, 1.0], [-0.010726108498883558, 0.003538474794957336, 0.0, 0.0]], [[0.0, 0.0, 0.0, 1.0], [-0.0037548721688577466, -0.010196946306257393, 5.034164769949843, 1.0], [-0.0037548721688573632, -0.01019694630625717, 5.034164769949843, 1.0], [-0.00346520892857282, -0.009955553946681572, 5.390038948361262, 1.0], [0.010361495836627902, 0.0022667666893511906, 16.02693517361799, 1.0], [0.010159227667439886, 0.0033746640097525316, 4.194683755416186, 1.0], [0.010159227667440273, 0.003374664009752726, 4.194683755416186, 1.0], [0.010159227667440273, 0.003374664009752726, 4.194683755416186, 1.0], [0.010212311861815464, 0.0031441268195331606, 3.6267605839995127, 1.0], [0.010335386364727306, 0.00260963156302238, 2.3100435679913858, 1.0], [0.010335386364727306, 0.002609631563022463, 2.3100435679913787, 1.0], [0.010335386364727708, 0.002609631563022463, 2.3100435679913858, 1.0], [0.010335386364727306, 0.0026096315630224076, 2.3100435679913858, 1.0], [0.010335386364727694, 0.0026096315630225186, 2.3100435679913787, 1.0], [0.010335386364727306, 0.0026096315630224076, 2.3100435679913858, 1.0], [0.010335386364727722, 0.002609631563022463, 2.3100435679913858, 1.0], [0.010081033823172617, 0.003637225837555824, 1.612669329088206, 1.0], [0.010065423049236744, 0.003700293978413094, 1.5698682958213084, 1.0], [0.010065423049236355, 0.0037002939784128164, 1.5698682958213084, 1.0], [0.010065423049236355, 0.003700293978412983, 1.5698682958213084, 1.0], [0.010065423049236744, 0.003700293978413094, 1.5698682958213226, 1.0], [0.010065423049236327, 0.0037002939784128164, 1.5698682958213084, 1.0], [0.010065423049236771, 0.0037002939784130384, 1.5698682958213084, 1.0], [0.010065423049236355, 0.0037002939784128164, 1.5698682958213084, 1.0], [0.010065423049236327, 0.0037002939784130384, 1.5698682958213084, 1.0], [0.010065423049236799, 0.0037002939784128164, 1.5698682958213084, 1.0], [0.009983499404272123, 0.0039524772542341435, 1.4881911825319065, 1.0], [0.00995622598202825, 0.004036432270728696, 1.4609998338149524, 1.0], [0.009956225982028666, 0.0040364322707287514, 1.4609998338149666, 1.0], [0.009956225982028694, 0.004036432270728529, 1.4609998338149524, 1.0], [0.009956225982028666, 0.0040364322707287514, 1.4609998338149666, 1.0], [0.009956225982028277, 0.004036432270728474, 1.4609998338149524, 1.0], [0.009956225982028666, 0.0040364322707287514, 1.4609998338149666, 1.0], [0.009956225982028666, 0.004036432270728529, 1.4609998338149666, 1.0], [0.009956225982028222, 0.004036432270728696, 1.4609998338149666, 1.0], [0.009956225982028721, 0.004036432270728529, 1.4609998338149666, 1.0], [0.009956225982028222, 0.004036432270728696, 1.4609998338149524, 1.0], [0.009989060195160104, 0.003922691771816422, 1.486743992724385, 1.0], [0.010243314851604124, 0.003041932078902798, 1.6860961822454499, 1.0], [0.010243314851603735, 0.00304193207890302, 1.686096182245464, 1.0], [0.010243314851604124, 0.003041932078902798, 1.6860961822454499, 1.0], [0.01024331485160379, 0.003041932078902798, 1.686096182245464, 1.0], [0.010243314851603735, 0.00304193207890302, 1.6860961822454499, 1.0], [0.010243314851604124, 0.003041932078902798, 1.686096182245464, 1.0], [0.010243314851603735, 0.00304193207890302, 1.686096182245464, 1.0], [0.01024331485160418, 0.003041932078902798, 1.6860961822454499, 1.0], [0.010243314851603735, 0.003041932078902798, 1.686096182245464, 1.0], [0.010250623870299846, 0.002997818635470273, 1.7019553134681331, 1.0], [0.010472380851650975, 0.0016594085889120036, 2.1831242929536927, 1.0], 