{"text": "き", "text_ids": [7], "strokes": [[[0.0, 0.0, 0.0, 1.0], [0.002656761813993764, -0.008913281653595694, 12.15195237746095, 1.0], [0.008317252935043989, -0.005565843456017797, 0.6204736631267664, 1.0], [0.00831725293504398, -0.00556584345601769, 0.6204736631267682, 1.0], [0.008317252935043987, -0.005565843456017801, 0.6204736631267664, 1.0], [0.008317252935043568, -0.005565843456017832, 0.6204736631267664, 1.0], [0.008948927187491622, -0.004018280345869284, 1.080274217599806, 1.0], [0.009858367157994465, -0.0017902082916553819, 1.7422625780196501, 1.0], [0.009858367157994485, -0.001790208291655486, 1.7422625780196483, 1.0], [0.009858367157994471, -0.0017902082916553888, 1.7422625780196483, 1.0], [0.009858367157994471, -0.001790208291655486, 1.7422625780196483, 1.0], [0.009858367157994888, -0.0017902082916553472, 1.7422625780196483, 1.0], [0.009858367157994471, -0.001790208291655375, 1.7422625780196483, 1.0], [0.0098583671579945, -0.0017902082916554929, 1.7422625780196483, 1.0], [0.009858367157994471, -0.0017902082916553819, 1.742262578019652, 1.0], [0.009966532786200771, -0.000985077168850837, 1.3352412777223783, 1.0], [0.009993508805710094, -0.0007842811004856801, 1.2337320023687823, 1.0], [0.009993508805710039, -0.000784281100485687, 1.2337320023687823, 1.0], [0.009993508805710066, -0.000784281100485798, 1.2337320023687894, 1.0], [0.009993508805710066, -0.0007842811004856801, 1.2337320023687823, 1.0], [0.009993508805710094, -0.000784281100485687, 1.2337320023687894, 1.0], [0.009993508805710066, -0.000784281100485798, 1.2337320023687823, 1.0], [0.009993508805710094, -0.0007842811004856801, 1.2337320023687823, 1.0], [0.009993508805710039, -0.0007842811004856801, 1.2337320023687823, 1.0], [0.009993508805710094, -0.000784281100485798, 1.2337320023687823, 1.0], [0.009993508805710066, -0.0007842811004856801, 1.2337320023687823, 1.0], [0.009993508805710094, -0.000784281100485687, 1.2337320023687823, 1.0], [0.009993508805710039, -0.0007842811004857911, 1.2337320023687965, 1.0], [0.009994198871522197, -0.0007625865633233073, 1.2373248425954841, 1.0], [0.010026279519337766, 0.0002459763797298259, 1.4043533201263685, 1.0], [0.0100262795193381, 0.0002459763797298606, 1.4043533201263685, 1.0], [0.010026279519337822, 0.0002459763797298259, 1.4043533201263756, 1.0], [0.010026279519337655, 0.0002459763797298259, 1.4043533201263685, 1.0], [0.01002627951933821, 0.00024597637972997854, 1.4043533201263685, 1.0], [0.01002627951933771, 0.0002459763797298259, 1.4043533201263756, 1.0], [0.010026279519338155, 0.0002459763797298606, 1.4043533201263614, 1.0], [0.010026279519337766, 0.0002459763797298259, 1.4043533201263756, 1.0], [0.010026279519338155, 0.0002459763797298606, 1.4043533201263685, 1.0], [0.010026279519337655, 0.0002459763797298259, 1.4043533201263756, 1.0], [0.010026279519338266, 0.0002459763797298606, 1.4043533201263685, 1.0], [0.010026279519337655, 0.00024597637972983977, 1.4043533201263756, 1.0], [0.010005090999792021, -0.0005829785846231325, 1.5935933726150466, 1.0], [0.010003143946872406, -0.000659152815661479, 1.6109829970214804, 1.0], [0.010003143946872406, -0.000659152815661368, 1.6109829970214804, 1.0], [0.010003143946872461, -0.0006591528156613818, 1.6109829970214804, 1.0], [0.010003143946872461, -0.000659152815661479, 1.6109829970214804, 1.0], [0.010003143946872406, -0.0006591528156613818, 1.6109829970214804, 1.0], [0.010003143946872461, -0.0006591528156614859, 1.6109829970214662, 1.0], [0.010003143946872406, -0.000659152815661368, 1.6109829970214804, 1.0], [0.010003143946872461, -0.0006591528156613818, 1.6109829970214804, 1.0], [0.010003143946872517, -0.000659152815661479, 1.6109829970214804, 1.0], [0.009745435598799479, -0.0023084789034110292, 2.360949739454213, 1.0], [0.009741249834456012, -0.0023352676759917507, 2.3731308894738277, 1.0], [0.009741249834456234, -0.0023352676759918617, 2.373130889473842, 1.0], [0.009741249834456012, -0.0023352676759917507, 2.373130889473856, 1.0], [0.009741249834456123, -0.0023352676759918617, 2.373130889473842, 1.0], [0.009741249834456345, -0.0023352676759917645, 2.3731308894738277, 1.0], [0.009741249834456012, -0.002335267675991834, 2.373130889473842, 1.0], [0.00938455711977726, -0.003448663178221706, 4.556474108806057, 1.0], [0.009306515820492911, -0.0036922645416245237, 5.034170833770645, 1.0], [0.009306515820493355, -0.003692264541624482, 5.034170833770659, 1.0], [0.009611695820125221, -0.0016679945816934216, 12.199938434964253, 1.0], [-0.0032934815398019124, 0.0028134513878106115, 13.532916837056746, 1.0], [-0.0093065158204928, 0.0036922645416245237, 10.06834166754129, 0.0]], [[0.0, 0.0, 0.0, 1.0], [0.005115658786852238, -0.011960479598733753, 5.982231665978503, 1.0], [0.005892045458474405, -0.01138345219933512, 5.101791927738191, 1.0], [0.00993131613547954, -0.008381378697286723, 0.5211692206083018, 1.0], [0.009931316135479956, -0.008381378697286529, 0.5211692206083018, 1.0], [0.009931316135479967, -0.00838137869728664, 0.5211692206083018, 1.0], [0.00993131613547997, -0.008381378697286695, 0.5211692206083018, 1.0], [0.009931316135479956, -0.008381378697286529, 0.5211692206083036, 1.0], [0.011182800102552251, -0.0049050341997158575, 1.103985337043433, 1.0], [0.013021906875149404, 0.0002035959366502582, 1.9604574094921965, 1.0], [0.013021906875149425, 0.0002035959366502582, 1.9604574094922, 1.0], [0.013021906875149397, 0.0002035959366502582, 1.9604574094921965, 1.0], [0.013021906875149425, 0.0002035959366502582, 1.9604574094921965, 1.0], [0.013021906875149411, 0.0002035959366502582, 1.9604574094922, 1.0], [0.013021906875149425, 0.0002035959366501472, 1.9604574094921965, 1.0], [0.013021906875149425, 0.0002035959366502582, 1.9604574094921965, 1.0], [0.013020213200950176, 0.0002788833653643852, 1.8216603443691284, 1.0], [0.013014953416236763, 0.0005126920086503672, 1.3906195445601526, 1.0], [0.013014953416236347, 0.0005126920086503395, 1.3906195445601526, 1.0], [0.013014953416236735, 0.0005126920086502285, 1.3906195445601526, 1.0], [0.013014953416236319, 0.0005126920086503395, 1.3906195445601526, 1.0], [0.013014953416236735, 0.0005126920086503672, 1.3906195445601526, 1.0], [0.01301495341623679, 0.0005126920086502562, 1.3906195445601526, 1.0], [0.013014953416236319, 0.0005126920086503395, 1.3906195445601455, 1.0], [0.013014953416236763, 0.0005126920086502562, 1.3906195445601597, 1.0], [0.013014953416236319, 0.0005126920086503395, 1.3906195445601455, 1.0], [0.013014953416236763, 0.0005126920086503672, 1.3906195445601597, 1.0], [0.013014953416236319, 0.0005126920086502285, 1.3906195445601455, 1.0], [0.013012970390244016, 0.0005364984847174015, 1.390308880458477, 1.0], [0.012909506109297697, 0.001778600170312783, 1.3740999966545928, 1.0], [0.012909506109297642, 0.0017786001703127552, 1.3740999966546, 1.0], [0.012909506109297697, 0.0017786001703126164, 1.3740999966545928, 1.0], [0.012909506109297642, 0.0017786001703127552, 1.3740999966546, 1.0], [0.012909506109297253, 0.0017786001703127274, 1.3740999966546, 1.0], [0.012909506109297642, 0.0017786001703127552, 1.3740999966546, 1.0], [0.012909506109297697, 0.0017786001703126442, 1.3740999966546, 1.0], [0.012909506109297642, 0.0017786001703127274, 1.3740999966545928, 1.0], [0.012909506109297642, 0.001778600170312783, 1.3740999966546, 1.0], [0.012909506109297697, 0.0017786001703127552, 1.3740999966545928, 1.0], [0.012909506109297697, 0.0017786001703127552, 1.3740999966546, 1.0], [0.012935529944778534, 0.0015360872312048801, 1.5896119271921805, 1.0], [0.012978936207162506, 0.0011315895823562627, 1.9490734450889988, 1.0], [0.012978936207162062, 0.0011315895823562072, 1.949073445089013, 1.0], [0.012978936207162672, 0.0011315895823562905, 1.949073445089013, 1.0], [0.012978936207162062, 0.0011315895823562072, 1.949073445089013, 1.0], [0.012978936207162506, 0.0011315895823562627, 1.9490734450889988, 1.0], [0.012978936207162062, 0.001131589582356235, 1.949073445089013, 1.0], [0.012978936207162062, 0.001131589582356235, 1.949073445089013, 1.0], [0.012978936207162506, 