{"text": "き", "text_ids": [7], "strokes": [[[0.0, 0.0, 0.0, 1.0], [-0.007603487614051186, -0.0023686560510578765, 5.656009820496393, 1.0], [-0.0030352359175298133, -0.007210148328450679, 10.073905372856732, 1.0], [0.006175966707586866, -0.0025485401763329623, 12.424006824051604, 1.0], [0.00866943340348144, 0.00047909560875620226, 6.2214432192410705, 1.0], [0.00866943340348144, 0.000479095608756204, 6.221443219241074, 1.0], [0.008598282389455193, -0.0020965130931762214, 2.856381849777712, 1.0], [0.008593351786793955, -0.0022749968898400207, 2.6231907874949485, 1.0], [0.008593351786793949, -0.0022749968898400173, 2.6231907874949414, 1.0], [0.008593351786793949, -0.0022749968898399323, 2.6231907874949414, 1.0], [0.008593351786793955, -0.002274996889840019, 2.6231907874949485, 1.0], [0.008593351786793955, -0.002274996889840019, 2.6231907874949414, 1.0], [0.00857665853240025, -0.0023554008818510302, 2.1469900692913058, 1.0], [0.008556625875028048, -0.002451889294794129, 1.5755277526499043, 1.0], [0.008556625875028048, -0.002451889294794129, 1.5755277526499043, 1.0], [0.008556625875028062, -0.0024518892947941254, 1.5755277526498972, 1.0], [0.008556625875028034, -0.0024518892947941323, 1.5755277526498972, 1.0], [0.008556625875028062, -0.0024518892947941254, 1.5755277526499043, 1.0], [0.008556625875028034, -0.0024518892947941254, 1.5755277526499043, 1.0], [0.008556625875028076, -0.0024518892947942156, 1.5755277526499043, 1.0], [0.008556625875028034, -0.0024518892947941254, 1.5755277526499043, 1.0], [0.008556625875028062, -0.0024518892947941254, 1.5755277526499043, 1.0], [0.008558637216955184, -0.002442629160253347, 1.517148084769559, 1.0], [0.008563348075793453, -0.002420940562177995, 1.3804143098068522, 1.0], [0.00856334807579362, -0.0024209405621780783, 1.3804143098068664, 1.0], [0.00856334807579362, -0.002420940562177988, 1.3804143098068522, 1.0], [0.008563348075793453, -0.0024209405621780783, 1.3804143098068522, 1.0], [0.00856334807579362, -0.002420940562177995, 1.3804143098068664, 1.0], [0.008563348075793648, -0.0024209405621780644, 1.3804143098068522, 1.0], [0.008563348075793425, -0.002420940562177995, 1.3804143098068522, 1.0], [0.00856334807579362, -0.002420940562177995, 1.3804143098068664, 1.0], [0.008563348075793648, -0.0024209405621780783, 1.3804143098068522, 1.0], [0.008563348075793425, -0.0024209405621780644, 1.3804143098068664, 1.0], [0.00856334807579362, -0.002420940562177981, 1.3804143098068522, 1.0], [0.00856334807579362, -0.002420940562177995, 1.3804143098068664, 1.0], [0.008654784656637937, -0.0019187144283376728, 1.8028603987656737, 1.0], [0.008656265238381144, -0.0019105821596335365, 1.8097008335358282, 1.0], [0.0086562652383812, -0.0019105821596334532, 1.8097008335358424, 1.0], [0.008656265238381311, -0.0019105821596335365, 1.8097008335358424, 1.0], [0.008656265238381311, -0.0019105821596335365, 1.8097008335358424, 1.0], [0.0086562652383812, -0.0019105821596335226, 1.8097008335358282, 1.0], [0.008656265238381367, -0.0019105821596335365, 1.8097008335358424, 1.0], [0.008656265238381256, -0.0019105821596334532, 1.8097008335358282, 1.0], [0.0086562652383812, -0.0019105821596335365, 1.8097008335358424, 1.0], [0.008653895276174217, -0.001924309734842214, 1.8069220629600977, 1.0], [0.008593351786793879, -0.002274996889839953, 1.735935079986831, 1.0], [0.00859335178679399, -0.0022749968898400086, 1.735935079986831, 1.0], [0.008593351786794101, -0.0022749968898400086, 1.7359350799868452, 1.0], [0.008593351786793824, -0.002274996889839953, 1.735935079986831, 1.0], [0.008593351786794046, -0.0022749968898400086, 1.7359350799868452, 1.0], [0.008593351786794046, -0.0022749968898400086, 1.7359350799868167, 1.0], [0.008593351786793935, -0.0022749968898400225, 1.7359350799868452, 1.0], [0.008593351786793879, -0.0022749968898399253, 1.735935079986831, 1.0], [0.008642012683156397, -0.001929683860837944, 2.1181691732432455, 1.0], [0.008715986928136576, -0.0014047393466250918, 2.699241051648528, 1.0], [0.008715986928136354, -0.0014047393466250363, 2.6992410516484995, 1.0], [0.008715986928136576, -0.0014047393466250918, 2.699241051648528, 1.0], [0.00871598692813641, -0.0014047393466251057, 2.6992410516484995, 1.0], [0.008715986928136299, -0.0014047393466250502, 2.6992410516484995, 1.0], [0.008711390818117004, -0.001218753155938751, 2.9241336080712017, 1.0], [0.008669433403481419, 0.00047909560875619706, 4.977154575392831, 1.0], [0.008669433403481586, 0.00047909560875619706, 4.977154575392888, 1.0], [0.008669433403481308, 0.00047909560875619706, 4.977154575392831, 1.0], [0.001950459490507539, 0.006048147962150807, 19.577154575392882, 0.0]], [[0.0, 0.0, 0.0, 1.0], [-0.009180259802190595, 0.002430374435502841, 8.407047751818206, 1.0], [-0.009180259802190428, 0.002430374435502841, 8.407047751818206, 1.0], [0.005603949303188124, 0.006315010543400751, 13.674881270719954, 1.0], [0.009261537634716224, 0.0005118168402263867, 6.646354823385877, 1.0], [0.009261537634716398, 0.0005118168402263867, 6.646354823385877, 1.0], [0.009254281920650004, -0.0008049056086426032, 5.101824293215117, 1.0], [0.009247470111386954, -0.0020410709387947423, 3.6517881869734907, 1.0], [0.009247470111386978, -0.002041070938794909, 3.651788186973498, 1.0], [0.009247470111386958, -0.00204107093879477, 3.651788186973498, 1.0], [0.009247470111386975, -0.0020410709387949366, 3.651788186973498, 1.0], [0.009146139736001199, -0.0025824518088209403, 2.4638841556274684, 1.0], [0.009129715851617235, -0.002670200194072575, 2.2713456557360985, 1.0], [0.009129715851617107, -0.0026702001940727693, 2.2713456557360843, 1.0], [0.00912971585161726, -0.002670200194072714, 2.2713456557360843, 1.0], [0.009129715851617252, -0.0026702001940726583, 2.2713456557360985, 1.0], [0.009129715851617093, -0.0026702001940726583, 2.2713456557360843, 1.0], [0.009129715851617273, -0.0026702001940727416, 2.2713456557360985, 1.0], [0.009160494013194506, -0.002516676961207387, 2.0136558049404414, 1.0], [0.009211578296630163, -0.0022618656294144945, 1.585953151437863, 1.0], [0.009211578296630163, -0.0022618656294144945, 1.5859531514378773, 1.0], [0.009211578296630177, -0.002261865629414578, 1.585953151437863, 1.0], [0.009211578296629969, -0.0022618656294144945, 1.5859531514378773, 1.0], [0.009211578296630163, -0.0022618656294144945, 1.585953151437863, 1.0], [0.00921157829663019, -0.0022618656294145223, 1.5859531514378773, 1.0], [0.009211578296630135, -0.0022618656294144668, 1.585953151437863, 1.0], [0.009211578296630163, -0.0022618656294146056, 1.5859531514378773, 1.0], [0.00921157829663019, -0.0022618656294144668, 1.585953151437863, 1.0], [0.00921157829663019, -0.0022618656294145223, 1.5859531514378773, 1.0], [0.00912736532026348, -0.002658104578352999, 1.3952083067724033, 1.0], [0.009083374510825998, -0.0028650901623637204, 1.2955678419067453, 1.0], [0.009083374510825803, -0.002865090162363665, 1.2955678419067596, 1.0], [0.00908337451082597, -0.0028650901623637204, 1.2955678419067453, 1.0], [0.009083374510825998, -0.002865090162363748, 1.2955678419067596, 1.0], [0.00908337451082597, -0.0028650901623637204, 1.2955678419067596, 1.0], [0.009083374510825998, -0.002865090162363637, 1.2955678419067453, 1.0], [0.00908337451082597, -0.002865090162363748, 1.2955678419067596, 1.0], [0.009083374510825803, -0.002865090162363748, 1.2955678419067453, 1.0], [0.009083374510825915, -0.002865090162363637, 1.2955678419067453, 1.0], [0.00908337451082597, -0.0028650901623637204, 1.2955678419067596, 1.0], [0.009083374510826026, -0.002865090162363748, 1.2955678419067596, 1.0], [0.009085861568940035, -0.0028550621177781954, 1.4493724066303884, 1.0], [0.00909147380483638, -0.0028324330720483903, 1.7964441112800813, 1.0], [0.009091473804836603, -0.0028324330720484736, 1.796444111280067, 1.0], [0.009091473804836547, -0.002832433072048335, 1.796444111280067, 1.0], [0.009091473804836603, -0.0028324330720483626, 1.796444111280067, 1.0], [0.009091473804836603, -0.002832433072048446, 1.7964441112800813, 1.0], [0.009091473804836603, -0.0028324330720483626, 