{"text": "き", "text_ids": [7], "strokes": [[[0.0, 0.0, 0.0, 1.0], [0.009572582362449249, -0.0051305954421701164, 5.240150891603299, 1.0], [0.009572582362449606, -0.00513059544217007, 5.240150891603299, 1.0], [0.009572582362449268, -0.005130595442170208, 5.240150891603298, 1.0], [0.010358953892280295, 0.0009724986903293063, 2.7986038237593043, 1.0], [0.010403268672694907, 0.0013164293466056774, 2.6610141246423, 1.0], [0.0104032686726949, 0.0013164293466056774, 2.6610141246423, 1.0], [0.010403268672694907, 0.0013164293466056774, 2.6610141246423, 1.0], [0.010403268672694907, 0.0013164293466056774, 2.629163657745451, 1.0], [0.010403268672694893, 0.0013164293466056774, 2.1414078162801964, 1.0], [0.010403268672694907, 0.0013164293466056774, 2.1414078162801964, 1.0], [0.01040326867269492, 0.001316429346605679, 2.141407816280193, 1.0], [0.010403268672694893, 0.0013164293466056778, 2.141407816280193, 1.0], [0.01040326867269492, 0.0013164293466056774, 2.141407816280193, 1.0], [0.010403268672694893, 0.0013164293466056754, 2.141407816280193, 1.0], [0.01040326867269492, 0.001316429346605679, 2.141407816280193, 1.0], [0.010361741674297292, 0.0014718995505259862, 2.0905372260973394, 1.0], [0.010064534386561463, 0.0025845944096326567, 1.7264581759072044, 1.0], [0.010064534386561075, 0.002584594409632615, 1.7264581759072115, 1.0], [0.010064534386561075, 0.002584594409632702, 1.7264581759072044, 1.0], [0.010064534386561436, 0.002584594409632655, 1.7264581759072044, 1.0], [0.010064534386561103, 0.002584594409632615, 1.7264581759072115, 1.0], [0.010064534386561075, 0.0025845944096326134, 1.7264581759072044, 1.0], [0.010064534386561103, 0.002584594409632615, 1.7264581759072115, 1.0], [0.010064534386561463, 0.00258459440963266, 1.7264581759072044, 1.0], [0.010064534386561103, 0.0025845944096326047, 1.7264581759072044, 1.0], [0.01007117268750396, 0.00256446073986848, 1.6988385002844737, 1.0], [0.010088599647098462, 0.00251160555109679, 1.6263309452308974, 1.0], [0.010088599647098462, 0.0025116055510966996, 1.6263309452309045, 1.0], [0.010088599647098517, 0.002511605551096703, 1.6263309452308903, 1.0], [0.010088599647098462, 0.002511605551096696, 1.6263309452309045, 1.0], [0.010088599647098462, 0.0025116055510967933, 1.6263309452308903, 1.0], [0.010088599647098462, 0.002511605551096696, 1.6263309452309045, 1.0], [0.010088599647098517, 0.002511605551096703, 1.6263309452308903, 1.0], [0.010088599647098073, 0.0025116055510966545, 1.6263309452309045, 1.0], [0.010088599647098462, 0.0025116055510967863, 1.6263309452308903, 1.0], [0.010088599647098517, 0.002511605551096703, 1.6263309452309045, 1.0], [0.01034753096245905, 0.0015281323727954835, 1.6355604128837768, 1.0], [0.01040326867269492, 0.0013164293466056756, 1.6375471536260306, 1.0], [0.010403268672694865, 0.0013164293466056756, 1.6375471536260306, 1.0], [0.01040326867269492, 0.0013164293466056756, 1.6375471536260306, 1.0], [0.01040326867269492, 0.0013164293466056826, 1.6375471536260306, 1.0], [0.01040326867269492, 0.0013164293466056756, 1.6375471536260306, 1.0], [0.01040326867269492, 0.0013164293466056756, 1.6375471536260306, 1.0], [0.010403268672694865, 0.0013164293466056756, 1.6375471536260306, 1.0], [0.010403268672694976, 0.0013164293466056826, 1.6375471536260306, 1.0], [0.010412869634472577, 0.001244782426927965, 1.6480861308641437, 1.0], [0.010587344074651506, -5.722840181159039e-05, 1.8396067510052347, 1.0], [0.010587344074651506, -5.722840181160427e-05, 1.8396067510052205, 1.0], [0.010587344074651506, -5.722840181159039e-05, 1.8396067510052347, 1.0], [0.010587344074651672, -5.722840181157651e-05, 1.8396067510052205, 1.0], [0.01058734407465145, -5.722840181167366e-05, 1.8396067510052347, 1.0], [0.010587344074651561, -5.722840181160427e-05, 1.8396067510052347, 1.0], [0.010587344074651117, -5.7228401811618146e-05, 1.8396067510052205, 1.0], [0.010587344074651561, -5.722840181160427e-05, 1.8396067510052347, 1.0], [0.01058734407465145, -5.722840181159039e-05, 1.8396067510052205, 1.0], [0.010601023198917647, -0.0003318407483915292, 4.059442172744411, 1.0], [0.01060420997127065, -0.00039581611821891405, 4.576588593255124, 1.0], [0.010604209971270095, -0.0003958161182189418, 4.576588593255124, 1.0], [0.010388937615548932, 0.0002007508274204789, 5.2656356789590575, 1.0], [0.008373295666009417, 0.005786537062304989, 11.717333605981139, 1.0], [-0.0025106028692062354, 0.007864696170897814, 12.252666905233468, 1.0], [-0.0078757755232286, 0.006729656791973321, 7.899333912709892, 1.0], [-0.010236637086262546, 0.0034316366570362328, 0.0, 0.0]], [[-0.03436529264399989, 0.2344747291964709, 0.0, 1.0], [-0.002556394883788865, -0.00898853771445668, 5.034164769949843, 1.0], [-0.002556394883788532, -0.008988537714456485, 5.034164769949843, 1.0], [-0.002310214278984292, -0.008780967788702382, 5.390038948361262, 1.0], [0.009378050888841777, 0.0017506492537533724, 16.02693517361799, 1.0], [0.009091497010453573, 0.0027431059489936294, 4.194683755416186, 1.0], [0.009091497010453914, 0.002743105948993796, 4.194683755416186, 1.0], [0.009091497010453906, 0.002743105948993796, 4.194683755416186, 1.0], [0.00916129228532353, 0.002536304625032737, 3.6267605839995127, 1.0], [0.009323111050048197, 0.002056840437098195, 2.3100435679913858, 1.0], [0.009323111050048186, 0.0020568404370982785, 2.3100435679913787, 1.0], [0.009323111050048554, 0.0020568404370982785, 2.3100435679913858, 1.0], [0.00932311105004819, 0.002056840437098195, 2.3100435679913858, 1.0], [0.00932311105004855, 0.0020568404370983617, 2.3100435679913787, 1.0], [0.00932311105004819, 0.002056840437098223, 2.3100435679913858, 1.0], [0.009323111050048578, 0.0020568404370982507, 2.3100435679913858, 1.0], [0.00899560554781735, 0.0029790954273319348, 1.612669329088206, 1.0], [0.008975505043505985, 0.003035698416538668, 1.5698682958213084, 1.0], [0.008975505043505652, 0.003035698416538446, 1.5698682958213084, 1.0], [0.008975505043505583, 0.0030356984165386125, 1.5698682958213084, 1.0], [0.008975505043505971, 0.003035698416538668, 1.5698682958213226, 1.0], [0.008975505043505652, 0.003035698416538446, 1.5698682958213084, 1.0], [0.008975505043505971, 0.003035698416538668, 1.5698682958213084, 1.0], [0.008975505043505638, 0.003035698416538446, 1.5698682958213084, 1.0], [0.008975505043505638, 0.0030356984165386125, 1.5698682958213084, 1.0], [0.008975505043505999, 0.0030356984165385015, 1.5698682958213084, 1.0], [0.008877096681953633, 0.00326253688443795, 1.4881911825319065, 1.0], [0.008844335288120342, 0.0033380542923711065, 1.4609998338149524, 1.0], [0.00884433528812073, 0.003338054292371162, 1.4609998338149666, 1.0], [0.00884433528812073, 0.0033380542923709955, 1.4609998338149524, 1.0], [0.008844335288120703, 0.0033380542923711065, 1.4609998338149666, 1.0], [0.008844335288120425, 0.0033380542923708845, 1.4609998338149524, 1.0], [0.008844335288120758, 0.003338054292371162, 1.4609998338149666, 1.0], [0.008844335288120703, 0.00333805429237094, 1.4609998338149666, 1.0], [0.00884433528812037, 0.0033380542923711065, 1.4609998338149666, 1.0], [0.008844335288120758, 0.00333805429237094, 1.4609998338149666, 1.0], [0.00884433528812037, 0.0033380542923711065, 1.4609998338149524, 1.0], [0.008884914220594231, 0.0032358517960846545, 1.486743992724385, 1.0], [0.009199140801679995, 0.0024444376550784574, 1.6860961822454499, 1.0], [0.00919914080167955, 0.0024444376550786795, 1.686096182245464, 1.0], [0.009199140801679995, 0.0024444376550784574, 1.6860961822454499, 1.0], [0.009199140801679662, 0.0024444376550784574, 1.686096182245464, 1.0], [0.00919914080167955, 0.0024444376550786795, 1.6860961822454499, 1.0], [0.009199140801679995, 0.002444437655078513, 1.686096182245464, 1.0], [0.009199140801679606, 0.002444437655078624, 1.686096182245464, 1.0], [0.009199140801679995, 0.002444437655078513, 1.6860961822454499, 1.0], [0.00919914080167955, 0.0024444376550784574, 1.686096182245464, 1.0], [0.009209861899649674, 0.0024049400891061334, 1.7019553134681331, 1.0], [0.00953514199832084, 0.0012065766198644523, 