{"text": "く", "text_ids": [8], "strokes": [[[0.0, 0.0, 0.0, 1.0], [0.00013172116927953872, -0.021877643989007427, 18.75236399452285, 1.0], [0.006755562511553794, -0.009756628959148368, 39.440620061621615, 1.0], [-0.00044366461306089965, 0.022048334618038117, 29.72123254750909, 1.0], [-0.003752095038547906, 0.021411589784726653, 10.059239653581557, 1.0], [-0.007962322177350843, 0.020291597387402847, 5.639407737412526, 1.0], [-0.007962322177350845, 0.02029159738740282, 5.639407737412526, 1.0], [-0.007962322177350841, 0.02029159738740286, 4.718857835155973, 1.0], [-0.007962322177350847, 0.020291597387402813, 2.895097020276566, 1.0], [-0.007962322177351131, 0.020291597387402813, 2.895097020276566, 1.0], [-0.007962322177350843, 0.020291597387402868, 2.895097020276566, 1.0], [-0.00796232217735083, 0.020291597387402827, 2.895097020276566, 1.0], [-0.007962322177350857, 0.020291597387402854, 2.8950970202765802, 1.0], [-0.008744003729742156, 0.019936153449013477, 2.68922412916541, 1.0], [-0.00892872805211524, 0.01985215614799027, 2.6405729486570806, 1.0], [-0.008928728052114934, 0.019852156147990296, 2.640572948657052, 1.0], [-0.008928728052115226, 0.01985215614799024, 2.640572948657052, 1.0], [-0.00892872805211524, 0.019852156147990296, 2.6405729486570806, 1.0], [-0.008928728052114948, 0.019852156147990185, 2.640572948657052, 1.0], [-0.008994200398899324, 0.01982025393275777, 2.8214059335541606, 1.0], [-0.00910527115268045, 0.019766133326620916, 3.1281805785381493, 1.0], [-0.009105271152680477, 0.019766133326620916, 3.128180578538121, 1.0], [-0.00910527115268045, 0.01976613332662097, 3.1281805785381493, 1.0], [-0.00910527115268045, 0.019766133326620916, 3.1281805785381493, 1.0], [-0.009105271152680477, 0.01976613332662086, 3.128180578538121, 1.0], [-0.01140321805260991, 0.01845925323222103, 4.644335119534787, 1.0], [-0.011559323513112119, 0.01837047349629073, 4.747331408448929, 1.0], [-0.01155932351311234, 0.018370473496290896, 4.747331408448957, 1.0], [-0.011399919812458414, 0.018472528997499682, 5.208877789682276, 1.0], [-0.011277728436718815, 0.01855075994222327, 5.562677526196865, 1.0], [-0.011277728436718731, 0.018550759942223327, 5.562677526196893, 1.0], [-0.01350353145719993, 0.016749648725426614, 7.37560960284398, 1.0], [-0.015642117107143916, 0.015019113468375367, 9.117502523180775, 1.0], [-0.015470110284502292, 0.014253292734051404, 28.2826206172507, 1.0], [0.01752454240249396, 0.00205052043020304, 67.31017567843566, 1.0], [0.02122449601607443, 0.006805220913036147, 11.562518240545444, 1.0], [0.02035207633723432, 0.01002157432758366, 9.384541735612402, 1.0], [0.01928802600611193, 0.011943011686274985, 7.702912820596623, 1.0], [0.018859847869678426, 0.01271620581389743, 7.026218576025599, 1.0], [0.018713515811611875, 0.012921059625545794, 6.733329681135444, 1.0], [0.017892222928570456, 0.014070807533107299, 5.0894823378117735, 1.0], [0.017892222928570123, 0.014070807533107521, 5.089482337811717, 1.0], [0.017892222928570428, 0.014070807533107299, 5.08948233781166, 1.0], [0.018843794624184187, 0.012712425646009051, 4.571363582039737, 1.0], [0.019065545203840212, 0.012395873596125151, 4.450623195421883, 1.0], [0.019065545203839934, 0.012395873596125262, 4.450623195421883, 1.0], [0.018260686293377973, 0.013485877184876038, 4.632639460084022, 1.0], [0.017239191612505193, 0.014869266066538822, 4.863647210346585, 1.0], [0.017239191612505488, 0.014869266066539155, 4.863647210346585, 1.0], [0.0172391916125052, 0.014869266066539044, 4.863647210346585, 1.0], [0.017804435608043616, 0.014181196193232659, 4.659584937275326, 1.0], [0.017837097777881998, 0.014141436628796744, 4.647793362887512, 1.0], [0.017837097777881707, 0.014141436628796744, 4.647793362887512, 1.0], [0.01766506659270621, 0.014350849690630385, 4.759289363076618, 1.0], [0.0172391916125052, 0.014869266066539044, 5.035305347181236, 1.0], [0.017239191612505464, 0.014869266066538933, 5.035305347181179, 1.0], [0.017055568886217815, 0.015059154388588958, 5.131452131528761, 1.0], [0.015572314224345962, 0.016593020836440653, 5.908099821010694, 1.0], [0.015572314224345685, 0.016593020836440653, 5.908099821010637, 1.0], [0.015364654114165571, 0.016773514248687005, 6.58012251435656, 1.0], [0.01468012724666623, 0.01736848932590418, 8.79536543590666, 1.0], [0.014795951212535102, 0.01727110055509551, 10.42890693412403, 1.0], [0.014504567699847842, 0.017442432001956276, 17.70001786871603, 1.0], [0.002395736626922218, -0.008628166560772255, 61.02855305398492, 0.0]]]}