{"text": "く", "text_ids": [8], "strokes": [[[0.0, 0.0, 0.0, 1.0], [-0.005239115576809352, -0.019579746131935152, 14.534572790464406, 1.0], [-0.0022292497392959925, 0.014596489554595096, 18.908074197594463, 1.0], [-0.001699632691282019, 0.0209810725928504, 12.413735071359476, 1.0], [-0.002107983009563984, 0.020931927868119617, 7.376740134038293, 1.0], [-0.002149419735075042, 0.02092694098215954, 6.86561875791628, 1.0], [-0.003488564680708104, 0.020650698536061496, 5.748019480855035, 1.0], [-0.0052509524638784735, 0.020287148411197123, 4.277197880253908, 1.0], [-0.005250952463878803, 0.020287148411197053, 4.277197880253908, 1.0], [-0.005250952463878467, 0.02028714841119711, 4.277197880253908, 1.0], [-0.006603317214839054, 0.019833700674375704, 4.1160252518481855, 1.0], [-0.007208059541557073, 0.01963093064564239, 4.043953046301539, 1.0], [-0.007208059541556733, 0.019630930645642364, 4.0439530463015245, 1.0], [-0.007208059541557066, 0.01963093064564239, 4.043953046301539, 1.0], [-0.00823343407113053, 0.01916916350703618, 3.9266599133360387, 1.0], [-0.009312711008853863, 0.018683121959365778, 3.8032008554876597, 1.0], [-0.009312711008853558, 0.018683121959365723, 3.8032008554876455, 1.0], [-0.0093127110088536, 0.018683121959365667, 3.8032008554876455, 1.0], [-0.009298305145292604, 0.018690160940186107, 3.8115805198556245, 1.0], [-0.008478816147081888, 0.019090578958620763, 4.288264387444528, 1.0], [-0.008478816147081875, 0.01909057895862082, 4.288264387444514, 1.0], [-0.008478816147081847, 0.019090578958620763, 4.288264387444528, 1.0], [-0.00869225672018828, 0.01898688006532734, 4.450364147852838, 1.0], [-0.009224688944427156, 0.01872820088543342, 4.854725580764153, 1.0], [-0.009224688944426906, 0.018728200885433255, 4.854725580764153, 1.0], [-0.009224688944427184, 0.01872820088543342, 4.854725580764153, 1.0], [-0.01127326393875086, 0.01750015963287732, 6.43210927042287, 1.0], [-0.011836270074609745, 0.017162659291326654, 6.86561875791628, 1.0], [-0.011650071629192349, 0.017287991997251784, 7.617394989584966, 1.0], [-0.011232344192962762, 0.017569170015706792, 9.3039695319749, 1.0], [-0.012363004666431338, 0.01674531448621941, 12.609340219817057, 1.0], [-0.010482859714264575, 0.017724268220930872, 20.18504562451838, 1.0], [0.014575908860361197, -0.005133724900106218, 74.1126743514966, 1.0], [0.02018864762441394, -0.005926642818331995, 12.413735071359497, 1.0], [0.02018864762441383, -0.005926642818331884, 11.772144576996709, 1.0], [0.02064515635179537, -0.003844920221668602, 10.338801703407398, 1.0], [0.021085211695453576, -0.0018382265973665435, 9.042553909339858, 1.0], [0.020628148723011178, 0.003467194416320263, 8.58254108495936, 1.0], [0.02035876470778701, 0.006594106245310427, 8.311418484447245, 1.0], [0.019190969097134594, 0.009251943369638194, 6.937177044877387, 1.0], [0.018358419528762847, 0.011146779358468972, 5.957447281452573, 1.0], [0.018358419528762472, 0.011146779358468972, 5.95744728145246, 1.0], [0.01588820472363976, 0.01440078176797932, 6.773060623366575, 1.0], [0.015607877683178164, 0.014770055267279925, 6.865618757916252, 1.0], [0.015046126536033058, 0.015307419702316194, 7.073488831354041, 1.0], [0.014276641102972326, 0.016043500273057232, 7.35822878122741, 1.0], [0.013983533070856657, 0.016260443775687694, 7.131633538346932, 1.0], [0.011651127126845968, 0.01798677079373867, 5.328502837479618, 1.0], [0.011651127126846267, 0.017986770793738338, 5.328502837479675, 1.0], [0.01165112712684599, 0.017986770793738782, 5.364776196514015, 1.0], [0.01165112712684628, 0.01798677079373845, 5.661534264822137, 1.0], [0.011651127126845975, 0.01798677079373856, 5.661534264822194, 1.0], [0.011929954373425589, 0.01778039719467661, 5.841721711775108, 1.0], [0.014276641102972651, 0.016043500273057232, 7.358228781233777, 1.0], [0.014276641102972304, 0.016043500273057232, 7.35822878123372, 1.0], [0.011536138525254092, 0.017974582813588325, 6.316162833497344, 1.0], [0.010833195230857628, 0.018469908573844118, 6.048871251203025, 1.0], [0.010956489391181656, 0.018397080912750274, 6.203837869396125, 1.0], [0.011651127126846239, 0.017986770793738338, 7.076917831027686, 1.0], [0.011651127126846322, 0.017986770793738782, 7.076917831027686, 1.0], [0.011651127126845962, 0.01798677079373856, 12.374438185678173, 1.0], [0.014396522130202843, 0.015568631677380651, 14.09251964851768, 1.0], [0.016665772843556442, 0.013569879618724356, 17.44366812236086, 1.0], [0.01785270775526765, 0.009431702849204804, 41.868771519820484, 0.0]]]}