{"text": "く", "text_ids": [8], "strokes": [[[0.0, 0.0, 0.0, 1.0], [0.011454091144495323, -0.00802076307170077, 44.01906795106916, 1.0], [0.03065348537851416, -0.0051541481354224, 21.029431799158957, 1.0], [0.009812555445996358, 0.004882262806369345, 31.84966661928017, 1.0], [-0.030282710821795553, 0.008615548975640878, 11.37647752118184, 1.0], [-0.029010732128170038, 0.012499813473413897, 6.181993748740126, 1.0], [-0.028783337184485506, 0.013194213553505196, 5.2533623567006345, 1.0], [-0.028783337184485502, 0.0131942135535052, 5.253362356700649, 1.0], [-0.02795117802516202, 0.014896455172123409, 3.801961603893872, 1.0], [-0.02742430462897731, 0.01597421272929367, 2.8830214765282562, 1.0], [-0.027424304628977297, 0.01597421272929357, 2.883021476528228, 1.0], [-0.027424304628977325, 0.015974212729293558, 2.8830214765282562, 1.0], [-0.027424304628976853, 0.015974212729293724, 2.883021476528228, 1.0], [-0.02735548638260868, 0.016087340597769353, 2.895752627744855, 1.0], [-0.026324692538606365, 0.017781825949597097, 3.086446128286383, 1.0], [-0.02632469253860642, 0.01778182594959707, 3.086446128286383, 1.0], [-0.02632469253860642, 0.017781825949597346, 3.086446128286383, 1.0], [-0.02632469253860581, 0.017781825949597152, 3.086446128286383, 1.0], [-0.02632469253860642, 0.017781825949597097, 3.086446128286383, 1.0], [-0.026063825082816072, 0.018164214725213124, 3.46192264842432, 1.0], [-0.025854348524663062, 0.018471272899065527, 3.763430281362247, 1.0], [-0.025854348524663062, 0.018471272899065305, 3.763430281362247, 1.0], [-0.025854348524663007, 0.018471272899065527, 3.763430281362247, 1.0], [-0.025895566317513885, 0.018408061545341026, 3.791128247299241, 1.0], [-0.02695420454292491, 0.0167845404709705, 4.502523095950579, 1.0], [-0.02695420454292552, 0.016784540470970832, 4.502523095950579, 1.0], [-0.02695420454292552, 0.01678454047097072, 4.5025230959506075, 1.0], [-0.027342614548896194, 0.016095636247070333, 5.770033313076738, 1.0], [-0.027756849643889026, 0.015360927299716942, 7.121819330750213, 1.0], [-0.027497587887345243, 0.015763660091096088, 8.530323684631952, 1.0], [-0.014296596778685111, 0.022360434521205785, 22.94772102432742, 1.0], [0.01877177603493696, 0.022234457281615605, 13.829099088022275, 1.0], [0.022915902704748525, 0.019382906746785056, 8.495816824618743, 1.0], [0.023755812032958956, 0.018375304898172684, 5.495074708513869, 1.0], [0.024132162423713188, 0.017923814080397726, 4.15048853710357, 1.0], [0.024132162423713632, 0.017923814080398115, 4.15048853710357, 1.0], [0.024132162423713188, 0.017923814080397893, 4.15048853710357, 1.0], [0.02392861047558037, 0.018179514247282258, 3.6088136752713353, 1.0], [0.023888562541030778, 0.01822982211041846, 3.5022415711337658, 1.0], [0.02388856254103089, 0.018229822110418126, 3.5022415711337658, 1.0], [0.023888562541030833, 0.01822982211041846, 3.5022415711337658, 1.0], [0.023888562541030278, 0.01822982211041846, 3.5022415711337658, 1.0], [0.02293383326443732, 0.019361650134630093, 2.84429567804807, 1.0], [0.022915902704748636, 0.01938290674678489, 2.8319389415395904, 1.0], [0.02291590270474908, 0.01938290674678511, 2.8319389415395904, 1.0], [0.02291590270474858, 0.019382906746784778, 2.8319389415395904, 1.0], [0.022915902704749136, 0.01938290674678511, 2.8319389415395904, 1.0], [0.022915902704748636, 0.01938290674678489, 2.8319389415395335, 1.0], [0.02319521446945577, 0.01906235810920287, 3.0214808033691725, 1.0], [0.0232013191992666, 0.019055352092733457, 3.0256234926523007, 1.0], [0.02320131919926663, 0.019055352092733346, 3.0256234926523007, 1.0], [0.023201319199266573, 0.01905535209273368, 3.0256234926523007, 1.0], [0.02320131919926663, 0.019055352092733346, 3.0256234926523007, 1.0], [0.023098587948652827, 0.019173250321817714, 3.375626688554803, 1.0], [0.02291590270474865, 0.019382906746784778, 3.998031446879395, 1.0], [0.02291590270474908, 0.01938290674678511, 3.9980314468794518, 1.0], [0.02291590270474861, 0.01938290674678489, 3.998031446879395, 1.0], [0.022486402987307343, 0.019844426939006676, 4.759920290814421, 1.0], [0.021716065532558275, 0.020672195330354692, 6.126420637622516, 1.0], [0.021716065532558795, 0.020672195330354803, 6.126420637622573, 1.0], [0.019755398856695652, 0.022420407323526348, 7.308941581983277, 1.0], [0.018353568462264748, 0.023670337634530858, 8.154416145438347, 1.0], [0.02118664761266134, 0.021007965609321833, 13.642075603703859, 1.0], [0.014579505092846008, 0.025119135622689637, 23.448681209154813, 0.0]]]}