{"text": "く", "text_ids": [8], "strokes": [[[0.0, 0.0, 0.0, 1.0], [-0.028933289163047812, 0.005522257333072432, 15.57731263441788, 1.0], [-0.015096852690499762, 0.02458107374050602, 4.404303008481861, 1.0], [-0.013073615397526495, 0.027148419526615616, 4.5655306583709, 1.0], [-0.013073615397526495, 0.027148419526615716, 4.565530658370903, 1.0], [-0.01790857225454119, 0.024426067125366435, 3.8769296294205695, 1.0], [-0.01907494703919435, 0.023769332579503782, 3.7108129709671474, 1.0], [-0.019074947039194295, 0.02376933257950381, 3.7108129709671402, 1.0], [-0.01907494703919435, 0.02376933257950381, 3.7108129709671474, 1.0], [-0.01960305061927206, 0.023315818028961682, 3.5975710759741517, 1.0], [-0.02142792017768147, 0.02174869194082185, 3.2062620701181643, 1.0], [-0.02142792017768111, 0.021748691940821768, 3.2062620701181572, 1.0], [-0.021427920177681442, 0.021748691940821935, 3.2062620701181572, 1.0], [-0.021427920177681137, 0.021748691940821796, 3.2062620701181643, 1.0], [-0.02142792017768108, 0.021748691940821796, 3.2062620701181572, 1.0], [-0.021540585283524927, 0.02163842240805358, 2.895889341185196, 1.0], [-0.021550074647910922, 0.02162913481391071, 2.8697477963088716, 1.0], [-0.02155007464791131, 0.021629134813910655, 2.8697477963088716, 1.0], [-0.021550074647910977, 0.021629134813910544, 2.8697477963088716, 1.0], [-0.021550074647911366, 0.021629134813910655, 2.8697477963088716, 1.0], [-0.021550074647910866, 0.02162913481391071, 2.8697477963088716, 1.0], [-0.02310639353898508, 0.019948604429333328, 3.112671221042106, 1.0], [-0.02310880775008861, 0.01994599753743065, 3.1130480515443537, 1.0], [-0.023108807750088667, 0.01994599753743087, 3.1130480515443537, 1.0], [-0.02310880775008861, 0.01994599753743087, 3.1130480515443395, 1.0], [-0.023108807750088944, 0.01994599753743098, 3.1130480515443395, 1.0], [-0.02313874583430986, 0.019910473976907817, 3.463216820715971, 1.0], [-0.02314366836522397, 0.01990463306125201, 3.5207928692898207, 1.0], [-0.02314366836522408, 0.019904633061251786, 3.5207928692898207, 1.0], [-0.023143668365223746, 0.019904633061251786, 3.5207928692898207, 1.0], [-0.023223018178785693, 0.019790697849608074, 3.617807531755304, 1.0], [-0.02575936134060175, 0.016148864529882623, 6.718791197570951, 1.0], [-0.025759361340601528, 0.016148864529882845, 6.7187911975709085, 1.0], [-0.02752306745518318, 0.011650487227033657, 18.204893468098234, 1.0], [0.025191657355319363, -0.010220615014285617, 24.444830340691595, 1.0], [0.028527012765189208, -0.008809949399583461, 11.255064733633702, 1.0], [0.029210183251600186, -0.003233955617163331, 8.025593324557633, 1.0], [0.029200206437027698, -0.0029949448452686322, 7.870336610246483, 1.0], [0.029076148030725335, -2.292454420671497e-05, 5.93977045562923, 1.0], [0.029076148030725002, -2.2924544206825992e-05, 5.93977045562923, 1.0], [0.02861617124942517, 0.0018192650274764244, 5.599052691856855, 1.0], [0.026910234665522892, 0.008651476375044265, 4.33541739191503, 1.0], [0.026910234665523114, 0.008651476375044265, 4.335417391915001, 1.0], [0.026910234665523225, 0.008651476375044154, 4.335417391915058, 1.0], [0.02490912242838561, 0.012229614925994392, 3.8661256929197805, 1.0], [0.023075496466174628, 0.015508275473688493, 3.4361121098942533, 1.0], [0.02307549646617496, 0.015508275473688271, 3.4361121098942817, 1.0], [0.023075496466174683, 0.015508275473688493, 3.4361121098942533, 1.0], [0.023075496466175016, 0.015508275473688271, 3.4361121098942533, 1.0], [0.02266453431425658, 0.016051978504631803, 3.7467208143108053, 1.0], [0.022360015613926254, 0.01645485682219927, 3.9768786488918693, 1.0], [0.022360015613926282, 0.01645485682219916, 3.9768786488919545, 1.0], [0.022360015613926282, 0.01645485682219905, 3.9768786488918977, 1.0], [0.022049711246254655, 0.016831365100117845, 4.11298714470513, 1.0], [0.02132455180441656, 0.017711238415185404, 4.431063108617877, 1.0], [0.021324551804415837, 0.017711238415185293, 4.431063108617877, 1.0], [0.021324551804416197, 0.017711238415185293, 4.431063108617877, 1.0], [0.017628355688027925, 0.021142073628142688, 5.5321681823479025, 1.0], [0.01595845297114648, 0.02269208906641651, 6.029635929267727, 1.0], [0.015958452971146134, 0.02269208906641662, 6.029635929267727, 1.0], [0.012494187701777917, 0.024903534489482237, 9.114220851913956, 1.0], [0.01112013977754675, 0.025544826850554814, 10.019022606527187, 1.0], [0.0029330173927431535, 0.02850921412327545, 14.252708451484864, 1.0], [-0.007562250174959026, 0.013611942714849556, 34.40153239510033, 0.0]]]}