{"text": "く", "text_ids": [8], "strokes": [[[0.0, 0.0, 0.0, 1.0], [-0.005920271764703534, -0.022437331285755004, 13.803716143837782, 1.0], [-0.002172942297383334, 0.007895964102629334, 32.87363499691735, 1.0], [-0.0017533813227112102, 0.022696856713842035, 18.06547897181059, 1.0], [-0.008330644820751562, 0.020873927153347, 7.79998107642885, 1.0], [-0.008267190688826049, 0.020899925061267213, 7.689905060661587, 1.0], [-0.006886793607803768, 0.021465490062578335, 5.29528383987838, 1.0], [-0.006886793607803789, 0.021465490062578252, 5.295283839878394, 1.0], [-0.006886793607803782, 0.021465490062578252, 5.29528383987838, 1.0], [-0.007593302016862452, 0.021186307924595513, 4.185669112783714, 1.0], [-0.007734389515523264, 0.02113055613308981, 3.9640825551207826, 1.0], [-0.007734389515523535, 0.021130556133089867, 3.9640825551207826, 1.0], [-0.007734389515523535, 0.02113055613308981, 3.9640825551207826, 1.0], [-0.007185702683749351, 0.021345293045385988, 3.888547617354675, 1.0], [-0.006727690905945827, 0.02152454290024941, 3.825495455120887, 1.0], [-0.006727690905945868, 0.02152454290024941, 3.8254954551208726, 1.0], [-0.006727690905945827, 0.02152454290024941, 3.825495455120887, 1.0], [-0.00741058911029728, 0.02124263332945231, 4.141701501877435, 1.0], [-0.008611178747281512, 0.02074701376696242, 4.697617010907408, 1.0], [-0.008611178747281789, 0.020747013766962474, 4.697617010907464, 1.0], [-0.008611178747281456, 0.020747013766962474, 4.697617010907408, 1.0], [-0.010434251019953267, 0.019789153600318354, 5.295106483968937, 1.0], [-0.011062483825098612, 0.019459073883540623, 5.501002044629502, 1.0], [-0.01106248382509889, 0.019459073883540734, 5.501002044629558, 1.0], [-0.01169543621859101, 0.019063714825022948, 5.480433068759396, 1.0], [-0.012031235763848985, 0.01885396541348905, 5.46952063235085, 1.0], [-0.012031235763849013, 0.018853965413489215, 5.4695206323508785, 1.0], [-0.014495770762134208, 0.01693523992304269, 6.47983245146105, 1.0], [-0.01541627524436276, 0.016218595438240557, 6.857184186610539, 1.0], [-0.016006553894585246, 0.015600325648274738, 7.422195654122277, 1.0], [-0.01778768064588898, 0.013734737485774362, 9.127080354254048, 1.0], [-0.018765550848248658, 0.012398864568111567, 11.800578099980129, 1.0], [-0.01999466063813088, 0.010648051305145123, 17.83479786324034, 1.0], [-0.0038569712599229034, 2.9528550709478907e-05, 56.502092327575184, 1.0], [0.021096693007059297, -0.00863848592947658, 32.53361280185027, 1.0], [0.02283827306972047, -0.003625764711528645, 13.821356273572064, 1.0], [0.02336106361962556, -0.0009911020662706216, 11.982160410745735, 1.0], [0.023559425850919857, 0.0005406837218597804, 11.056877268002268, 1.0], [0.023416039842932668, 0.004632332610649437, 7.777294539694765, 1.0], [0.02341513186077243, 0.00465824269942261, 7.756526804745079, 1.0], [0.02193232268715123, 0.010040630467079925, 7.2646055549982975, 1.0], [0.02182230364228338, 0.010439984053394968, 7.2281067883261585, 1.0], [0.02014389139285694, 0.013199279265316055, 6.209887761939683, 1.0], [0.0189234847542422, 0.015205617216959566, 5.469520632355852, 1.0], [0.018923484754241868, 0.015205617216959344, 5.469520632355795, 1.0], [0.018367823538981767, 0.01584728543832037, 5.885022293664122, 1.0], [0.018073455520291964, 0.0161872166730197, 6.105139151638809, 1.0], [0.018073455520292006, 0.016187216673019922, 6.105139151638866, 1.0], [0.01789137909281572, 0.016381639554928662, 6.758784567047371, 1.0], [0.01786396935234692, 0.016410907927601692, 6.857184186610482, 1.0], [0.01700535722780871, 0.017193006419475187, 6.248608198045247, 1.0], [0.01566243115187506, 0.0184162601200335, 5.2967551541910325, 1.0], [0.01566243115187481, 0.018416260120033723, 5.2967551541910325, 1.0], [0.016180746471073704, 0.017969276410095936, 5.706045387824531, 1.0], [0.017065983345209007, 0.017205867636482575, 6.405077026703793, 1.0], [0.01706598334520927, 0.017205867636482353, 6.4050770267037365, 1.0], [0.015795054571423217, 0.01827706672255236, 7.255252383188349, 1.0], [0.015288817842477848, 0.018703747062605136, 7.593894485227679, 1.0], [0.014149244885676787, 0.01944522190707698, 7.230937029207098, 1.0], [0.012897285204810122, 0.02025982232745016, 6.8321840594249466, 1.0], [0.013112233626442399, 0.020126943652528873, 7.481552766079346, 1.0], [0.014493682818895182, 0.019272947439066823, 11.654971991952266, 1.0], [0.014493682818895154, 0.01927294743906649, 15.59459118321422, 1.0], [0.012350330055347442, 0.020064043400738973, 22.181142426159454, 0.0]]]}