{"text": "く", "text_ids": [8], "strokes": [[[0.0, 0.0, 0.0, 1.0], [0.008879034526763611, -0.009959612050498282, 44.01906795106916, 1.0], [0.02819831985715336, -0.010911856018526598, 21.029431799158957, 1.0], [0.01080321891059715, 0.002811298904554456, 31.84966661928017, 1.0], [-0.02689886906662345, 0.014180700374138221, 11.37647752118184, 1.0], [-0.024614173997590236, 0.017683097664231612, 6.181993748740126, 1.0], [-0.024205733110047832, 0.018309230349105927, 5.2533623567006345, 1.0], [-0.024205733110047832, 0.018309230349105927, 5.253362356700649, 1.0], [-0.022939201301804706, 0.019790908558350154, 3.801961603893872, 1.0], [-0.022137309130446772, 0.02072901855979868, 2.8830214765282562, 1.0], [-0.022137309130446828, 0.02072901855979857, 2.883021476528228, 1.0], [-0.0221373091304468, 0.020729018559798557, 2.8830214765282562, 1.0], [-0.022137309130446342, 0.02072901855979864, 2.883021476528228, 1.0], [-0.022040087676092307, 0.02082487047332962, 2.895752627744855, 1.0], [-0.020583856488264107, 0.022260587999093917, 3.086446128286383, 1.0], [-0.020583856488264135, 0.02226058799909389, 3.086446128286383, 1.0], [-0.020583856488264135, 0.02226058799909414, 3.086446128286383, 1.0], [-0.020583856488263608, 0.02226058799909389, 3.086446128286383, 1.0], [-0.020583856488264163, 0.022260587999093917, 3.086446128286383, 1.0], [-0.020227952854575404, 0.02257910924269846, 3.46192264842432, 1.0], [-0.01994216224879264, 0.02283488179051163, 3.763430281362247, 1.0], [-0.01994216224879286, 0.022834881790511352, 3.763430281362247, 1.0], [-0.01994216224879264, 0.022834881790511574, 3.763430281362247, 1.0], [-0.019999155613153352, 0.022781859105283075, 3.791128247299241, 1.0], [-0.021462973783263894, 0.02142002389980424, 4.502523095950579, 1.0], [-0.021462973783264394, 0.021420023899804574, 4.502523095950579, 1.0], [-0.021462973783264394, 0.02142002389980452, 4.5025230959506075, 1.0], [-0.0220254019478881, 0.020830383521628804, 5.770033313076738, 1.0], [-0.022625225537955707, 0.020201538398407326, 7.121819330750213, 1.0], [-0.022265339345523383, 0.020540005049260013, 8.530323684631952, 1.0], [-0.007723817650979292, 0.02434968077899169, 22.94772102432742, 1.0], [0.024173946531337753, 0.01782284925683686, 13.829099088022275, 1.0], [0.027400113585497488, 0.014268059411365663, 8.495816824618743, 1.0], [0.027937117322563487, 0.013132916112783333, 5.495074708513869, 1.0], [0.028177740398761253, 0.012624275942189622, 4.15048853710357, 1.0], [0.02817774039876164, 0.012624275942189844, 4.15048853710357, 1.0], [0.028177740398761253, 0.012624275942189733, 4.15048853710357, 1.0], [0.028050727477406334, 0.012910484354176854, 3.6088136752713353, 1.0], [0.028025738253731614, 0.012966794577960017, 3.5022415711337658, 1.0], [0.028025738253731447, 0.012966794577959573, 3.5022415711337658, 1.0], [0.028025738253731614, 0.012966794577960017, 3.5022415711337658, 1.0], [0.02802573825373106, 0.012966794577960017, 3.5022415711337658, 1.0], [0.0274116467032825, 0.014244071161932714, 2.84429567804807, 1.0], [0.027400113585497488, 0.014268059411365552, 2.8319389415395904, 1.0], [0.02740011358549807, 0.014268059411365552, 2.8319389415395904, 1.0], [0.027400113585497585, 0.014268059411365552, 2.8319389415395904, 1.0], [0.027400113585498057, 0.014268059411365552, 2.8319389415395904, 1.0], [0.027400113585497557, 0.014268059411365552, 2.8319389415395335, 1.0], [0.02758264573262808, 0.013904590076176948, 3.0214808033691725, 1.0], [0.027586635215280944, 0.01389664597082152, 3.0256234926523007, 1.0], [0.027586635215280916, 0.01389664597082152, 3.0256234926523007, 1.0], [0.027586635215280944, 0.013896645970821742, 3.0256234926523007, 1.0], [0.027586635215280923, 0.013896645970821409, 3.0256234926523007, 1.0], [0.02751949964091087, 0.01403033049142477, 3.375626688554803, 1.0], [0.027400113585497543, 0.014268059411365441, 3.998031446879395, 1.0], [0.02740011358549807, 0.014268059411365663, 3.9980314468794518, 1.0], [0.027400113585497543, 0.014268059411365552, 3.998031446879395, 1.0], [0.027110895328253143, 0.01479667398920248, 4.759920290814421, 1.0], [0.026592162376622597, 0.015744780802542047, 6.126420637622516, 1.0], [0.02659216237662307, 0.01574478080254227, 6.126420637622573, 1.0], [0.02517434252168077, 0.017811788193406675, 7.308941581983277, 1.0], [0.024160634791063784, 0.019289649689039345, 8.154416145438347, 1.0], [0.026172258522003944, 0.016171385668609095, 13.642075603703859, 1.0], [0.02091029957430579, 0.021418936770997155, 23.448681209154813, 0.0]]]}