{"text": "く", "text_ids": [8], "strokes": [[[0.0, 0.0, 0.0, 1.0], [-0.008067904835789348, -0.0029122889332333294, 56.197468328521076, 1.0], [-0.015485884048759703, 0.017007901649622105, 12.058762576678042, 1.0], [-0.01505216329746565, 0.01747840717057548, 4.744294247319161, 1.0], [-0.015052163297465913, 0.017478407170575354, 4.744294247319161, 1.0], [-0.016283713081277476, 0.01633229559981572, 3.5567899414341184, 1.0], [-0.0173995187753085, 0.015293898424599689, 2.4808902225520058, 1.0], [-0.01739951877530818, 0.015293898424599661, 2.4808902225519915, 1.0], [-0.017399518775308223, 0.01529389842459973, 2.4808902225520058, 1.0], [-0.01739951877530846, 0.015293898424599606, 2.4808902225519915, 1.0], [-0.017399518775308237, 0.015293898424599744, 2.4808902225520058, 1.0], [-0.01739951877530818, 0.015293898424599661, 2.4808902225520058, 1.0], [-0.01791729728610711, 0.014692418296582466, 2.3455379916122467, 1.0], [-0.01816970713413435, 0.014399205070197124, 2.2795556549004488, 1.0], [-0.01816970713413435, 0.014399205070197124, 2.279555654900463, 1.0], [-0.018169707134134377, 0.014399205070197152, 2.2795556549004488, 1.0], [-0.018169707134134377, 0.01439920507019718, 2.279555654900463, 1.0], [-0.01816970713413435, 0.014399205070197124, 2.2795556549004488, 1.0], [-0.018169707134134405, 0.014399205070197152, 2.279555654900463, 1.0], [-0.01846935397425392, 0.013979461446559927, 2.335309809831628, 1.0], [-0.01956548155888649, 0.01244401203498452, 2.5392621263437007, 1.0], [-0.019565481558886544, 0.012444012034984575, 2.5392621263437007, 1.0], [-0.01956548155888649, 0.01244401203498452, 2.5392621263436865, 1.0], [-0.019565481558886544, 0.012444012034984575, 2.5392621263437007, 1.0], [-0.01956548155888649, 0.01244401203498452, 2.5392621263437007, 1.0], [-0.019565481558886766, 0.01244401203498452, 2.5392621263436865, 1.0], [-0.020833390441027166, 0.01002938624830979, 4.171661917051978, 1.0], [-0.020953239487804032, 0.009801143822586678, 4.325964455373736, 1.0], [-0.020953239487804032, 0.009801143822586733, 4.325964455373736, 1.0], [-0.020953239487804032, 0.009801143822586733, 4.3259644553737076, 1.0], [-0.022575578706270916, 0.0010020155972185196, 14.430708727552599, 1.0], [-0.0022469384803820436, 0.017509259948727318, 25.193726753032877, 1.0], [0.0056007229805106196, 0.0207459766099945, 10.807172825302814, 1.0], [0.012955337010195911, 0.017022158280869837, 6.180801569973141, 1.0], [0.012955337010195911, 0.017022158280869615, 6.180801569973141, 1.0], [0.012613034477664375, 0.017265100278721524, 5.3665653685231405, 1.0], [0.011844307491482076, 0.01781068803246927, 3.5379918649823026, 1.0], [0.011844307491482076, 0.01781068803246927, 3.537991864982331, 1.0], [0.011844307491482131, 0.017810688032469435, 3.5379918649823026, 1.0], [0.01184430749148202, 0.017810688032469213, 3.5379918649823026, 1.0], [0.01549999871550617, 0.01464955080157826, 3.1758950923346276, 1.0], [0.01649676133535305, 0.013787633523868359, 3.077165602992011, 1.0], [0.01649676133535294, 0.013787633523868692, 3.0771656029919825, 1.0], [0.016496761335352772, 0.013787633523868692, 3.077165602992011, 1.0], [0.01649676133535294, 0.013787633523868581, 3.077165602992011, 1.0], [0.016714301805078546, 0.013533812582082083, 3.142802343786883, 1.0], [0.01732964035920359, 0.012815850487384428, 3.328463509404486, 1.0], [0.017329640359203813, 0.01281585048738454, 3.3284635094045143, 1.0], [0.017329640359203646, 0.012815850487384317, 3.3284635094045143, 1.0], [0.017329640359203813, 0.01281585048738454, 3.3284635094045143, 1.0], [0.01732964035920359, 0.012815850487384428, 3.3518738023878996, 1.0], [0.01732964035920359, 0.012815850487384317, 3.480746153625603, 1.0], [0.01732964035920387, 0.01281585048738454, 3.480746153625603, 1.0], [0.017329640359203563, 0.012815850487384428, 3.4807461536256596, 1.0], [0.01732964035920384, 0.01281585048738454, 3.480746153625603, 1.0], [0.01732964035920362, 0.012815850487384317, 4.190493924574014, 1.0], [0.01732964035920384, 0.01281585048738454, 4.754947870577894, 1.0], [0.017329640359203563, 0.012815850487384428, 4.754947870577837, 1.0], [0.01732964035920384, 0.01281585048738454, 4.754947870577894, 1.0], [0.010660074147681928, 0.01852378707866531, 6.960567365105987, 1.0], [0.010536371817154111, 0.018629653792699763, 7.001475613570506, 1.0], [0.00755009085380165, 0.01992975862913826, 7.461184768150076, 1.0], [0.005143353029083475, 0.020977554038999036, 7.831678845657677, 1.0], [0.005143353029083433, 0.020977554038999258, 20.831678845657734, 0.0]]]}