{"text": "く", "text_ids": [8], "strokes": [[[0.0, 0.0, 0.0, 1.0], [-0.0006978911300279488, -0.027902650861460307, 13.602829913349353, 1.0], [-0.0038204996381719755, -0.02778737387397518, 1.3872944539020882, 1.0], [-0.0026334800040365078, -0.024190468741024033, 13.909751067195389, 1.0], [-0.027338884451201043, 0.002033527757810738, 18.086425331197365, 1.0], [-0.025745331191224297, 0.011068724681973369, 13.281150766351828, 1.0], [-0.024232486521411745, 0.014085484982873424, 8.338205184781579, 1.0], [-0.024232486521411786, 0.014085484982873424, 8.338205184781557, 1.0], [-0.02423248652141173, 0.014085484982873313, 5.577516156001323, 1.0], [-0.02423248652141133, 0.014085484982873446, 5.558803456521062, 1.0], [-0.024232486521411772, 0.014085484982873422, 5.558803456521034, 1.0], [-0.023288169833017958, 0.015589154012770272, 3.5873276720861895, 1.0], [-0.023222581838854672, 0.01569359210728754, 3.4503978223524143, 1.0], [-0.02322258183885459, 0.015693592107287428, 3.4503978223524, 1.0], [-0.023222581838854617, 0.015693592107287442, 3.4503978223524143, 1.0], [-0.02237710085830308, 0.01674888893511073, 3.2392362262880994, 1.0], [-0.020384528940097624, 0.019235940533976675, 2.741584976644731, 1.0], [-0.020384528940097124, 0.019235940533976717, 2.741584976644731, 1.0], [-0.02038452894009768, 0.019235940533976786, 2.741584976644745, 1.0], [-0.020384528940097124, 0.01923594053397673, 2.741584976644731, 1.0], [-0.02038452894009768, 0.019235940533976675, 2.741584976644745, 1.0], [-0.02038036848277086, 0.019240340246125698, 2.7599260918860296, 1.0], [-0.020341688927966728, 0.01928124414053667, 2.9304424838287417, 1.0], [-0.02034168892796684, 0.019281244140536752, 2.9304424838287275, 1.0], [-0.020341688927966783, 0.01928124414053667, 2.930442483828756, 1.0], [-0.020341688927966783, 0.01928124414053667, 2.9304424838287275, 1.0], [-0.02034168892796684, 0.01928124414053689, 2.930442483828756, 1.0], [-0.020266267274226646, 0.019359789082493084, 3.189767394318551, 1.0], [-0.020086838223492887, 0.01954664847467369, 3.8067045763241083, 1.0], [-0.020086838223492998, 0.01954664847467391, 3.8067045763241367, 1.0], [-0.020086838223492998, 0.01954664847467391, 3.8067045763241367, 1.0], [-0.02003303392682243, 0.019600361833175373, 4.0587538651282955, 1.0], [-0.019507262588572605, 0.020125244530821818, 6.521759611514966, 1.0], [-0.01950726258857316, 0.020125244530821818, 6.521759611514966, 1.0], [-0.01350326995301443, 0.023520068366892244, 9.084022606159834, 1.0], [-0.006152106737096319, 0.026944315500418148, 11.7709065494914, 1.0], [0.015432242814765962, 0.023432296320792356, 11.318146386473245, 1.0], [0.020610623802618466, 0.018180782673493767, 7.862267047087698, 1.0], [0.023640671553668113, 0.015107942503190586, 5.840113898300416, 1.0], [0.023640671553668446, 0.015107942503190475, 5.840113898300473, 1.0], [0.0234092025458692, 0.015462342249546346, 4.751513318670135, 1.0], [0.02331916864001815, 0.0156001922092468, 4.328083145327156, 1.0], [0.023319168640018262, 0.0156001922092468, 4.328083145327156, 1.0], [0.023319168640018262, 0.01560019220924691, 4.328083145327156, 1.0], [0.023428568006572725, 0.015434877768562338, 3.6797499399104083, 1.0], [0.023457277623125827, 0.015391494389369487, 3.5096082077200492, 1.0], [0.023457277623125772, 0.015391494389369487, 3.5096082077200776, 1.0], [0.023457277623125772, 0.015391494389369154, 3.509608207720021, 1.0], [0.023457277623125772, 0.015391494389369598, 3.5607629485328403, 1.0], [0.023457277623125772, 0.015391494389369376, 3.728958720705748, 1.0], [0.023457277623125827, 0.015391494389369265, 3.728958720705691, 1.0], [0.023457277623125772, 0.015391494389369487, 3.728958720705805, 1.0], [0.023457277623125827, 0.015391494389369154, 3.728958720705748, 1.0], [0.023112188985826898, 0.015899822835823807, 3.714409688962917, 1.0], [0.0229455018913923, 0.016145359149106198, 3.707382115273333, 1.0], [0.022945501891392328, 0.01614535914910642, 3.707382115273333, 1.0], [0.022945501891392328, 0.016145359149106087, 3.707382115273333, 1.0], [0.023194777806702455, 0.015773359336683224, 4.472143145818336, 1.0], [0.023640671553668557, 0.015107942503190475, 5.840113898300444, 1.0], [0.023640671553668086, 0.015107942503190697, 5.840113898300501, 1.0], [0.021378763793633848, 0.01775359484961969, 7.032386256116297, 1.0], [0.018588169411040953, 0.021017628293726554, 8.503334189108386, 1.0], [0.012556022208230447, 0.023958650016127514, 11.229894902302988, 1.0], [0.0032038477366632956, 0.027693116046924038, 26.459992198642396, 0.0]]]}