{"text": "け", "text_ids": [9], "strokes": [[[0.0, 0.0, 0.0, 1.0], [-0.006995296572420493, -0.009865457936971122, 29.804889575214336, 1.0], [-0.009135405956716849, 0.013012951732605147, 17.452614618364688, 1.0], [-0.0025818683790437037, 0.015834988954219757, 5.350898482432399, 1.0], [-0.0025818683790437003, 0.015834988954219757, 5.350898482432399, 1.0], [-0.002581868379043697, 0.015834988954219753, 5.350898482432392, 1.0], [-0.00350012270587027, 0.015643614052578414, 2.440680180959312, 1.0], [-0.003636016039941962, 0.015615292298264888, 2.0099941974469715, 1.0], [-0.0036360160399419653, 0.015615292298264888, 2.0099941974469573, 1.0], [-0.0036360160399419514, 0.015615292298264888, 2.0099941974469715, 1.0], [-0.0036360160399419653, 0.015615292298264888, 2.0099941974469573, 1.0], [-0.003636016039941979, 0.015615292298264832, 2.0099941974469715, 1.0], [-0.0036360160399419514, 0.015615292298264943, 2.0099941974469573, 1.0], [-0.0036360160399419583, 0.015615292298264832, 2.0099941974469715, 1.0], [-0.0018337067689059433, 0.015937341443913206, 1.3855601383353218, 1.0], [-0.0016573372732145084, 0.015968856371078338, 1.3244545767828413, 1.0], [-0.0016573372732148137, 0.01596885637107831, 1.3244545767828555, 1.0], [-0.0016573372732145222, 0.015968856371078283, 1.3244545767828413, 1.0], [-0.0016573372732147998, 0.015968856371078394, 1.3244545767828555, 1.0], [-0.0016573372732145361, 0.015968856371078255, 1.3244545767828413, 1.0], [-0.0016573372732147928, 0.015968856371078366, 1.3244545767828555, 1.0], [-0.0016573372732148206, 0.015968856371078366, 1.3244545767828413, 1.0], [-0.0016573372732145153, 0.01596885637107831, 1.3244545767828413, 1.0], [-0.0016573372732148206, 0.015968856371078366, 1.3244545767828555, 1.0], [-0.0016573372732145014, 0.0159688563710782, 1.3244545767828555, 1.0], [-0.0016573372732148067, 0.015968856371078477, 1.3244545767828413, 1.0], [-0.0015193250849405704, 0.01597696099149687, 1.332521317188636, 1.0], [0.00017323928555966484, 0.016076355051751146, 1.4314508216595243, 1.0], [0.0001732392855593734, 0.016076355051751035, 1.4314508216595243, 1.0], [0.00017323928555933177, 0.0160763550517512, 1.4314508216595243, 1.0], [0.0001732392855593734, 0.016076355051751035, 1.4314508216595243, 1.0], [0.00017323928555933177, 0.01607635505175098, 1.4314508216595243, 1.0], [0.00017323928555965096, 0.016076355051751035, 1.4314508216595243, 1.0], [0.00017323928555934565, 0.01607635505175098, 1.43145082165951, 1.0], [0.00017323928555935952, 0.01607635505175109, 1.4314508216595243, 1.0], [0.00017323928555948442, 0.01607635505175098, 1.4314508216595243, 1.0], [0.00017323928555934565, 0.01607635505175109, 1.4314508216595385, 1.0], [0.00017323928555953994, 0.0160763550517512, 1.43145082165951, 1.0], [0.0029360982615612152, 0.015816944812768408, 2.043693269820011, 1.0], [0.0032501876900946775, 0.015787454341330887, 2.1132946799306325, 1.0], [0.0032501876900946913, 0.015787454341330998, 2.1132946799306467, 1.0], [0.0032501876900945664, 0.015787454341330887, 2.1132946799306325, 1.0], [0.0032501876900946636, 0.015787454341330887, 2.1132946799306467, 1.0], [0.0032501876900946775, 0.015787454341330887, 2.1132946799306325, 1.0], [0.003250187690094712, 0.015787454341330887, 2.1132946799306467, 1.0], [0.0032501876900945595, 0.01578745434133111, 2.113294679930661, 1.0], [0.008825828320222946, 0.013333049788934126, 2.858299436080898, 1.0], [0.00978201917546501, 0.012912133280186144, 2.986063541086736, 1.0], [0.009782019175464673, 0.012912133280186255, 2.986063541086736, 1.0], [0.009782019175464684, 0.012912133280186033, 2.986063541086736, 1.0], [0.009782019175464693, 0.012912133280186366, 2.986063541086736, 1.0], [0.01000919973022475, 0.012721025709852896, 2.991780481379976, 1.0], [0.011197503836022013, 0.01172140709937708, 3.0216838489029954, 1.0], [0.011197503836022037, 0.011721407099377412, 3.0216838489030238, 1.0], [0.011197503836022, 0.01172140709937708, 3.0216838489029954, 1.0], [0.011197503836022034, 0.011721407099377412, 3.0216838489029954, 1.0], [0.011197503836022013, 0.01172140709937719, 3.0216838489029954, 1.0], [0.013359017117804753, 0.009092188933806478, 4.539402896179013, 1.0], [0.013695104918690554, 0.008683378977021428, 4.775388888613577, 1.0], [0.01369510491869054, 0.008683378977021206, 4.77538888861352, 1.0], [0.014218425950179109, 0.007554083468359618, 5.6283671678172595, 1.0], [0.0154080122090339, 0.004987027419669721, 7.567313204737502, 1.0], [0.015342374948894372, 0.0042630891837556195, 8.012330311512443, 1.0], [0.014295745890874512, -0.0072805796456864025, 15.108419244515034, 0.0]], [[0.0, 0.0, 0.0, 1.0], [0.005389714501483789, -0.008293553614614035, 12.140012157286904, 1.0], [0.00388057741271014, -0.00915535613387658, 0.5897311706844217, 1.0], [0.00388057741271014, -0.009155356133876552, 0.5897311706844199, 1.0], [0.0038805774127101955, -0.009155356133876608, 0.5897311706844217, 1.0], [0.00388057741271014, -0.009155356133876608, 0.5897311706844217, 1.0], [0.0046611572107554955, -0.008399881508873525, 1.075568457812647, 1.0], [0.009072215687134455, -0.004130692430891619, 3.821036235602973, 1.0], [0.0090722156871344, -0.004130692430891703, 3.821036235602975, 1.0], [0.0090722156871344, -0.004130692430891703, 3.8210362356029677, 1.0], [0.009215190536552953, -0.0037333683016559094, 3.603790458444088, 1.0], [0.009708460871494906, -0.002362580312680662, 2.8542817322617893, 1.0], [0.00970846087149485, -0.0023625803126806344, 2.854281732261775, 1.0], [0.00970846087149485, -0.002362580312680662, 2.8542817322617893, 1.0], [0.00970846087149485, -0.00236258031268069, 2.8542817322617893, 1.0], [0.009708460871495128, -0.0023625803126807454, 2.854281732261782, 1.0], [0.0097238709857142, -0.0022995926893727425, 2.6507917838654578, 1.0], [0.009765800334961383, -0.0021282097899153196, 2.097116386459895, 1.0], [0.009765800334961106, -0.002128209789915292, 2.097116386459902, 1.0], [0.009765800334961106, -0.002128209789915264, 2.097116386459895, 1.0], [0.009765800334961383, -0.002128209789915403, 2.097116386459895, 1.0], [0.00976580033496105, -0.002128209789915264, 2.097116386459902, 1.0], [0.009765800334961106, -0.002128209789915292, 2.097116386459895, 1.0], [0.009765800334961383, -0.0021282097899153196, 2.097116386459902, 1.0], [0.009750565130496935, -0.002188623243375293, 2.0245409100870972, 1.0], [0.009671977664411302, -0.0025002528139554114, 1.6501762075019855, 1.0], [0.00967197766441108, -0.002500252813955439, 1.6501762075019712, 1.0], [0.009671977664411413, -0.002500252813955439, 1.6501762075019855, 1.0], [0.009671977664411302, -0.0025002528139554114, 1.6501762075019712, 1.0], [0.00967197766441108, -0.0025002528139554947, 1.6501762075019855, 1.0], [0.009671977664411413, -0.0025002528139554114, 1.6501762075019712, 1.0], [0.009671977664411302, -0.0025002528139554114, 1.6501762075019855, 1.0], [0.009671977664411191, -0.0025002528139553837, 1.6501762075019712, 1.0], [0.009671977664411302, -0.0025002528139554947, 1.6501762075019855, 1.0], [0.009671977664411413, -0.0025002528139554114, 1.6501762075019712, 1.0], [0.009863601566816316, -0.001617738991451123, 1.825990848536577, 1.0], [0.009894678890146946, -0.001474614010373576, 1.8545042457543133, 1.0], [0.009894678890146835, -0.001474614010373576, 1.8545042457543275, 1.0], [0.009894678890146835, -0.0014746140103736038, 1.8545042457543133, 1.0], [0.009894678890146835, -0.0014746140103735483, 1.8545042457543275, 1.0], [0.009894678890146835, -0.0014746140103736038, 1.8545042457543133, 1.0], [0.009894678890146835, -0.0014746140103735622, 1.8545042457543275, 1.0], [0.009894678890146835, -0.00147461401037359, 1.8545042457543133, 1.0], [0.009894678890146946, -0.00147461401037359, 1.912070567486822, 1.0], [0.009894678890146835, -0.0014746140103735622, 2.1017714784918695, 1.0], [0.009894678890146835, -0.00147461401037359, 2.1017714784918837, 1.0], [0.009894678890146835, -0.001474614010373576, 2.1017714784918837, 1.0], [0.009894678890146835, -0.00147461401037359, 2.1017714784918695, 1.0], [0.009894678890146613, 