{"text": "け", "text_ids": [9], "strokes": [[[0.0, 0.0, 0.0, 1.0], [-0.007314982199456176, -0.009286014415035095, 64.70928493907216, 1.0], [-0.0046596636382536276, 0.01893306275647431, 15.31218010118124, 1.0], [-0.005252757988103693, 0.018775099979652245, 6.641272916976732, 1.0], [-0.005252757988103863, 0.01877509997965226, 6.641272916976746, 1.0], [-0.004622740150599946, 0.01893657887827893, 4.706870809588054, 1.0], [-0.004192220743410878, 0.019046924642433377, 3.385007206744362, 1.0], [-0.004192220743410899, 0.019046924642433308, 3.3850072067443477, 1.0], [-0.004192220743410892, 0.019046924642433308, 3.3850072067443477, 1.0], [-0.004192220743410725, 0.01904692464243339, 3.385007206744362, 1.0], [-0.0024879862229828034, 0.01929821981360702, 2.9593416359916915, 1.0], [-0.0012123181982594544, 0.01948632139868292, 2.6407188459203184, 1.0], [-0.0012123181982593087, 0.01948632139868292, 2.6407188459203326, 1.0], [-0.0012123181982594544, 0.01948632139868295, 2.6407188459203326, 1.0], [-0.0012123181982594752, 0.01948632139868292, 2.6407188459203184, 1.0], [-0.0012123181982594475, 0.019486321398682893, 2.6407188459203326, 1.0], [-0.0012123181982594544, 0.019486321398683004, 2.725379172311463, 1.0], [-0.0012123181982593087, 0.019486321398682893, 2.805763773787902, 1.0], [-0.0012123181982594544, 0.01948632139868295, 2.805763773787845, 1.0], [-0.0012123181982594614, 0.01948632139868295, 2.8057637737878736, 1.0], [-0.0012123181982594614, 0.019486321398682893, 2.8057637737878736, 1.0], [-0.0012123181982594544, 0.019486321398683004, 2.8057637737878736, 1.0], [-0.000695617718107, 0.019507293435929662, 2.698109244238765, 1.0], [-7.420376400407713e-05, 0.019532515623815472, 2.5686376655312984, 1.0], [-7.420376400406326e-05, 0.01953251562381564, 2.5686376655312984, 1.0], [-7.420376400404938e-05, 0.019532515623815583, 2.5686376655312984, 1.0], [-7.420376400392448e-05, 0.019532515623815472, 2.5686376655312984, 1.0], [-7.42037640040702e-05, 0.019532515623815583, 2.5686376655312984, 1.0], [-7.420376400406326e-05, 0.01953251562381564, 2.5686376655312984, 1.0], [0.001405854252941957, 0.019482495302401648, 3.0564829306770207, 1.0], [0.0016968304734731807, 0.019472661414872805, 3.1523922597917817, 1.0], [0.0016968304734731945, 0.019472661414872916, 3.15239225979181, 1.0], [0.0016968304734731807, 0.019472661414872805, 3.15239225979181, 1.0], [0.0016968304734731807, 0.019472661414872694, 3.1523922597917817, 1.0], [0.002830969763640591, 0.01930657709360828, 3.319271131640363, 1.0], [0.004257121771163358, 0.019097730181907746, 3.529117170979049, 1.0], [0.004257121771163504, 0.019097730181907635, 3.529117170979049, 1.0], [0.004257121771163337, 0.019097730181907635, 3.529117170979049, 1.0], [0.0042571217711635245, 0.019097730181907857, 3.529117170979049, 1.0], [0.004984577376107219, 0.018925180295929045, 3.3090033386978064, 1.0], [0.0050571732461174405, 0.01890796081338275, 3.287037248881319, 1.0], [0.0050571732461176, 0.01890796081338253, 3.287037248881262, 1.0], [0.005057173246117444, 0.01890796081338264, 3.2870372488812905, 1.0], [0.0050571732461174405, 0.01890796081338275, 3.2870372488812905, 1.0], [0.0057780357692472015, 0.018700561118850656, 3.8149298931153908, 1.0], [0.0060347062764852764, 0.018626714326864136, 4.002891492470951, 1.0], [0.006034706276485434, 0.018626714326863913, 4.002891492470894, 1.0], [0.006034706276485261, 0.018626714326863913, 4.002891492470923, 1.0], [0.006574480287407657, 0.01844418366049938, 4.7238179380864835, 1.0], [0.006763815569248089, 0.01838015780067348, 4.976695640615333, 1.0], [0.006763815569247943, 0.018380157800673702, 4.9766956406153895, 1.0], [0.007428217502348559, 0.01809669006726078, 6.780425131607245, 1.0], [0.008811919264833594, 0.017506332359388477, 10.536921841491107, 1.0], [0.013681827301059699, 0.007531024796740171, 26.336311815876343, 1.0], [0.009187646751402032, -0.015567482369176044, 20.78731554540667, 1.0], [0.007243910587672278, -0.01797718958599437, 12.05783904703469, 1.0], [0.008569797220964903, -0.017492262350922494, 9.15892199777602, 1.0], [0.005507912967076312, -0.018676420891101997, 6.8349368000836535, 1.0], [0.005252757988103679, -0.018775099979652543, 6.641272916971104, 1.0], [0.0046122034401593764, -0.018926891086665454, 6.03648664469398, 1.0], [0.0034897342660867026, -0.019192880671888624, 4.976695640615333, 1.0], [0.003489734266086869, -0.019192880671888957, 4.9766956406153895, 1.0], [0.0034897342660868413, -0.019192880671888846, 4.976695640615333, 1.0], [0.004496000421058674, -0.01897392910804485, 16.26174397270097, 0.0]], [[0.0, 0.0, 0.0, 1.0], [-0.00498258119509748, -0.00421729598730447, 9.421960021285958, 1.0], [-0.004982581195097313, -0.004217295987304526, 4.289019989357021, 1.0], [-0.0008321977058161623, -0.004546266113770181, 6.621370069179365, 1.0], [0.004428075394979025, -0.0046595327843657885, 10.17173949194532, 1.0], [0.005545190826544227, -0.0033565554376690787, 2.8139584040850423, 1.0], [0.005545190826544033, -0.003356555437669023, 2.813958404085035, 1.0], [0.0055451908265442, -0.0033565554376691065, 2.8139584040850423, 1.0], [0.005545190826544033, -0.0033565554376689677, 2.813958404085035, 1.0], [0.0055451908265442, -0.0033565554376691065, 2.8139584040850423, 1.0], [0.005581509377102056, -0.003291269175683259, 2.65347152731799, 1.0], [0.005808698694601988, -0.002882873436459543, 1.6495519479226317, 1.0], [0.00580869869460221, -0.002882873436459543, 1.6495519479226317, 1.0], [0.005808698694602099, -0.0028828734364595154, 1.6495519479226388, 1.0], [0.005808698694601988, -0.002882873436459432, 1.6495519479226317, 1.0], [0.005808698694602155, -0.002882873436459543, 1.6495519479226317, 1.0], [0.005808698694602099, -0.002882873436459543, 1.6495519479226388, 1.0], [0.005808698694602155, -0.002882873436459543, 1.6495519479226317, 1.0], [0.005808698694602044, -0.002882873436459432, 1.6495519479226317, 1.0], [0.005808698694602099, -0.002882873436459543, 1.6495519479226317, 1.0], [0.005905374968929122, -0.002669568865490718, 1.5348617263817346, 1.0], [0.00602930815872188, -0.002396125189040782, 1.3878357358529314, 1.0], [0.006029308158721658, -0.002396125189040782, 1.3878357358529456, 1.0], [0.006029308158721658, -0.0023961251890407542, 1.3878357358529456, 1.0], [0.0060293081587217134, -0.0023961251890408652, 1.3878357358529314, 1.0], [0.0060293081587218245, -0.0023961251890407542, 1.3878357358529456, 1.0], [0.0060293081587217134, -0.002396125189040782, 1.3878357358529314, 1.0], [0.006029308158721658, -0.002396125189040782, 1.3878357358529456, 1.0], [0.0060293081587217134, -0.0023961251890407542, 1.3878357358529456, 1.0], [0.0060293081587218245, -0.002396125189040782, 1.3878357358529314, 1.0], [0.006029308158721658, -0.0023961251890407542, 1.3878357358529456, 1.0], [0.0060293081587217134, -0.002396125189040782, 1.3878357358529314, 1.0], [0.006004648429560888, -0.002452901626407711, 1.4303275991659774, 1.0], [0.0058987887438535225, -0.0026966324385368223, 1.6127373598775563, 1.0], [0.005898788743853578, -0.0026966324385367113, 1.6127373598775279, 1.0], [0.0058987887438535225, -0.0026966324385367946, 1.612737359877542, 1.0], [0.0058987887438535225, -0.0026966324385367946, 1.6127373598775563, 1.0], [0.0058987887438534115, -0.0026966324385367946, 1.612737359877542, 1.0], [0.005898788743853578, -0.0026966324385367113, 1.612737359877542, 1.0], [0.005898788743853578, -0.0026966324385367946, 1.612737359877542, 1.0], [0.0058987887438535225, -0.0026966324385368223, 1.6127373598775563, 1.0], [0.005898788743853578, -0.0026966324385367113, 1.612737359877542, 1.0], [0.005898788743853578, -0.002696632438536767, 1.612737359877542, 1.0], [0.005994407205646868, -0.0024743523922668986, 1.739271572619316, 1.0], [0.00604638196263646, -0.002353528953238593, 1.8080510199640543, 1.0], [0.00604638196263646, -0.002353528953238593, 1.80805101996404, 1.0], [0.006046381962636516, -0.0023535289532384818, 1.8080510199640258, 1.0], [0.006046381962636627, -0.002353528953238593, 1.80805101996404, 1.0], [0.00604638196263646, 