{"text": "け", "text_ids": [9], "strokes": [[[0.0, 0.0, 0.0, 1.0], [-0.0013340141554941598, 0.017525847121355357, 22.9400505380946, 1.0], [-0.0002915190016341881, 0.017632559486875494, 9.25531340169466, 1.0], [0.0002731584969504104, 0.017690361263130103, 1.8428442824263627, 1.0], [0.0002731584969499529, 0.017690361263130068, 1.8428442824263556, 1.0], [0.00027315849695041237, 0.017690361263130103, 1.8428442824263556, 1.0], [0.0002731584969504086, 0.017690361263130075, 1.8428442824263627, 1.0], [0.00027315849695041226, 0.017690361263130103, 1.8428442824263556, 1.0], [0.0002731584969499784, 0.017690361263130172, 1.8428442824263556, 1.0], [0.00027315849695040885, 0.01769036126313009, 1.8428442824263627, 1.0], [0.00027315849695041573, 0.017690361263130117, 1.8428442824263556, 1.0], [0.0005107887321053168, 0.017701043314859166, 1.5189706919154276, 1.0], [0.0008338967276467265, 0.01771556779790817, 1.078596820424174, 1.0], [0.0008338967276466974, 0.01771556779790809, 1.0785968204241811, 1.0], [0.0008338967276466905, 0.01771556779790806, 1.078596820424174, 1.0], [0.0008338967276467191, 0.01771556779790817, 1.0785968204241811, 1.0], [0.0008338967276462677, 0.01771556779790817, 1.078596820424174, 1.0], [0.0008338967276466901, 0.01771556779790806, 1.0785968204241811, 1.0], [0.0008338967276467334, 0.01771556779790817, 1.0785968204241811, 1.0], [0.0008338967276466762, 0.01771556779790806, 1.078596820424174, 1.0], [0.0008338967276462746, 0.01771556779790817, 1.078596820424174, 1.0], [0.0008338967276466901, 0.01771556779790806, 1.0785968204241811, 1.0], [0.0008338967276466901, 0.017715567797908116, 1.0785968204241811, 1.0], [0.000833896727646749, 0.017715567797908283, 1.078596820424174, 1.0], [0.0008338967276462599, 0.017715567797908116, 1.078596820424174, 1.0], [0.0008338967276466901, 0.01771556779790806, 1.0785968204241811, 1.0], [0.0022697742415864752, 0.0176649898956463, 1.2495664368036188, 1.0], [0.003268853656843434, 0.017629797937748604, 1.368526600676077, 1.0], [0.0032688536568434325, 0.01762979793774866, 1.368526600676077, 1.0], [0.003268853656843415, 0.017629797937748604, 1.3685266006760912, 1.0], [0.0032688536568430022, 0.01762979793774866, 1.368526600676077, 1.0], [0.003268853656843436, 0.01762979793774866, 1.368526600676077, 1.0], [0.003268853656843415, 0.017629797937748548, 1.3685266006760628, 1.0], [0.003268853656843415, 0.017629797937748548, 1.368526600676077, 1.0], [0.003268853656843422, 0.01762979793774866, 1.368526600676077, 1.0], [0.0032688536568429988, 0.01762979793774866, 1.368526600676077, 1.0], [0.00326885365684345, 0.01762979793774866, 1.3685266006760912, 1.0], [0.0032688536568434012, 0.017629797937748548, 1.368526600676077, 1.0], [0.00413467711210512, 0.017407496680516776, 1.5209116850502227, 1.0], [0.008435653972971142, 0.016303215481289435, 2.277884388724587, 1.0], [0.008435653972971163, 0.016303215481289435, 2.2778843887245728, 1.0], [0.00843565397297115, 0.016303215481289546, 2.277884388724587, 1.0], [0.008435653972971205, 0.016303215481289657, 2.277884388724587, 1.0], [0.008435653972970789, 0.016303215481289768, 2.277884388724587, 1.0], [0.008435653972971163, 0.016303215481289435, 2.277884388724587, 1.0], [0.00843565397297115, 0.016303215481289435, 2.2778843887245728, 1.0], [0.010541525951505315, 0.015132561790799803, 2.8561398406578746, 1.0], [0.011424787914782394, 0.01464155669290168, 3.0986764482754126, 1.0], [0.01142478791478252, 0.014641556692902014, 3.0986764482754268, 1.0], [0.011424787914782936, 0.014641556692902014, 3.0986764482754126, 1.0], [0.011424787914782436, 0.014641556692901792, 3.0986764482754126, 1.0], [0.012794166870079282, 0.013453756749582158, 3.9241741289614254, 1.0], [0.01395592110197133, 0.01244605058800119, 4.624510161032106, 1.0], [0.013955921101970914, 0.01244605058800119, 4.624510161032092, 1.0], [0.013955921101971358, 0.012446050588001079, 4.624510161032106, 1.0], [0.014493855795948446, 0.011835603663353789, 5.998328555597936, 1.0], [0.014577847466507116, 0.011740290128899544, 6.212832850069134, 1.0], [0.015050545879251365, 0.010287384940710576, 6.35824325515685, 1.0], [0.018251366784032608, 0.00044921080337889663, 7.3428724644549845, 1.0], [0.018251366784032164, 0.0004492108033787856, 7.342872464454871, 1.0], [0.0075938716966784114, -0.014973584292203301, 7.925448309900787, 1.0], [0.007029330120496502, -0.01579055009711483, 7.95630812107936, 1.0], [0.008911525295841882, -0.01473594638124065, 1.4876379060519866, 1.0], [0.009344384723877941, -0.014493412999347921, 0.0, 0.0]], [[0.0, 0.0, 0.0, 1.0], [-0.0028005666367786897, -0.010872006025074155, 7.284642848474481, 1.0], [0.0026052751603822255, -0.009712548287267059, 3.3615517317313524, 1.0], [0.005817766599194085, -0.009023525523351839, 1.0302040713476721, 1.0], [0.00581776659919403, -0.009023525523351922, 1.0302040713476721, 1.0], [0.005817766599194085, -0.009023525523351839, 1.0302040713476703, 1.0], [0.005817766599194474, -0.009023525523351894, 1.0302040713476721, 1.0], [0.009618508086176092, -0.004258368355541692, 1.866155745121306, 1.0], [0.010729289416950283, -0.0028657328294646733, 2.1104658398323615, 1.0], [0.010729289416950338, -0.002865732829464701, 2.110465839832358, 1.0], [0.010729289416950283, -0.002865732829464729, 2.110465839832358, 1.0], [0.010729289416950394, -0.002865732829464701, 2.110465839832358, 1.0], [0.010729289416950283, -0.0028657328294645623, 2.110465839832365, 1.0], [0.010729289416950338, -0.002865732829464729, 2.1104658398323544, 1.0], [0.010709277553641205, -0.00291981085808668, 1.9826877542859798, 1.0], [0.010625373331106247, -0.0031465451145475387, 1.4469494894745054, 1.0], [0.010625373331106303, -0.0031465451145474277, 1.4469494894745054, 1.0], [0.010625373331106136, -0.003146545114547511, 1.4469494894744983, 1.0], [0.010625373331106247, -0.0031465451145475665, 1.4469494894745054, 1.0], [0.010625373331106303, -0.0031465451145474277, 1.4469494894745054, 1.0], [0.010625373331106192, -0.0031465451145475387, 1.4469494894744983, 1.0], [0.010625373331105803, -0.0031465451145474554, 1.4469494894745054, 1.0], [0.010625373331106247, -0.0031465451145475387, 1.4469494894744983, 1.0], [0.010625373331106247, -0.0031465451145474277, 1.4469494894745125, 1.0], [0.010625373331106247, -0.0031465451145475387, 1.4469494894744983, 1.0], [0.010625373331106136, -0.0031465451145475387, 1.4469494894744983, 1.0], [0.0106471096875419, -0.003089036272041726, 1.346311810352887, 1.0], [0.01067435976386022, -0.0030169395362396323, 1.220146027018849, 1.0], [0.010674359763859997, -0.0030169395362397017, 1.220146027018849, 1.0], [0.010674359763860108, -0.003016939536239646, 1.2201460270188562, 1.0], [0.010674359763859997, -0.0030169395362397156, 1.220146027018849, 1.0], [0.010674359763860108, -0.0030169395362396323, 1.220146027018849, 1.0], [0.010674359763859664, -0.003016939536239535, 1.220146027018849, 1.0], [0.01067435976386022, -0.0030169395362397294, 1.220146027018849, 1.0], [0.010674359763859997, -0.0030169395362396184, 1.220146027018849, 1.0], [0.010674359763859997, -0.003016939536239757, 1.220146027018849, 1.0], [0.01067435976386022, -0.0030169395362396045, 1.2201460270188562, 1.0], [0.010674359763859997, -0.0030169395362396045, 1.220146027018849, 1.0], [0.010674359763860108, -0.0030169395362397433, 1.220146027018849, 1.0], [0.010844796985325034, -0.0024037487080294934, 1.3614119694938296, 1.0], [0.011189996416220871, -0.0011618068181706576, 1.6475285966491242, 1.0], [0.011189996416220871, -0.0011618068181706437, 1.6475285966491242, 1.0], [0.011189996416220871, -0.0011618068181706853, 1.6475285966491384, 1.0], [0.011189996416221315, -0.001161806818170713, 1.6475285966491384, 1.0], [0.01118999641622076, -0.0011618068181707547, 1.6475285966491242, 1.0], [0.011189996416220982, -0.0011618068181706714, 1.6475285966491242, 1.0], [0.011189996416220871, -0.0011618068181706437, 1.6475285966491384, 1.0], [0.011189996416220871, -0.0011618068181706576, 1.6475285966491242, 1.0], [0.011189996416221204, -0.001161806818170727, 1.6475285966491384, 1.0], 