{"text": "け", "text_ids": [9], "strokes": [[[0.0, 0.0, 0.0, 1.0], [-0.009606768136883456, 0.01388418762931837, 4.696936155701177, 1.0], [-0.009606768136883855, 0.013884187629318331, 4.696936155701177, 1.0], [-0.008018659140728537, 0.014569057053909873, 3.685335080756495, 1.0], [-0.0027684947033720445, 0.016833181938239523, 0.341060851894337, 1.0], [-0.002768494703372426, 0.016833181938239586, 0.341060851894337, 1.0], [-0.00276849470337244, 0.016833181938239586, 0.341060851894337, 1.0], [-0.002768494703372426, 0.016833181938239586, 0.3410608518943352, 1.0], [-0.002768494703372412, 0.016833181938239697, 0.341060851894337, 1.0], [-0.002768494703372419, 0.016833181938239572, 0.341060851894337, 1.0], [-0.002768494703372072, 0.016833181938239516, 0.341060851894337, 1.0], [-0.002768494703372433, 0.016833181938239516, 0.3410608518943352, 1.0], [-0.0020865035668308288, 0.016944768890699208, 0.6615977124455306, 1.0], [-0.0012048471952624332, 0.017089024940886238, 1.075977533949768, 1.0], [-0.001204847195262461, 0.0170890249408861, 1.075977533949775, 1.0], [-0.0012048471952620793, 0.01708902494088607, 1.0759775339497715, 1.0], [-0.001204847195262447, 0.017089024940886155, 1.0759775339497715, 1.0], [-0.0012048471952620515, 0.01708902494088621, 1.0759775339497715, 1.0], [-0.001204847195262454, 0.017089024940886155, 1.0759775339497715, 1.0], [-0.001204847195262454, 0.017089024940886155, 1.0759775339497715, 1.0], [-0.0012048471952620723, 0.0170890249408861, 1.0759775339497715, 1.0], [-0.001204847195262454, 0.0170890249408861, 1.075977533949768, 1.0], [-0.0012048471952624817, 0.017089024940886155, 1.075977533949775, 1.0], [-0.0012048471952620654, 0.017089024940886044, 1.0759775339497715, 1.0], [-0.0012048471952624124, 0.017089024940886266, 1.0759775339497715, 1.0], [0.0005731746798676302, 0.01709170909258667, 1.2546920700004343, 1.0], [0.002981393883468117, 0.017095344607852836, 1.4967497092790545, 1.0], [0.0029813938834677423, 0.017095344607853058, 1.4967497092790651, 1.0], [0.002981393883468117, 0.017095344607852836, 1.496749709279051, 1.0], [0.002981393883467749, 0.017095344607853058, 1.4967497092790651, 1.0], [0.002981393883468103, 0.017095344607853058, 1.496749709279058, 1.0], [0.0029813938834677284, 0.01709534460785278, 1.4967497092790651, 1.0], [0.002981393883468089, 0.01709534460785289, 1.496749709279058, 1.0], [0.002981393883467777, 0.017095344607853002, 1.496749709279051, 1.0], [0.0029813938834681378, 0.017095344607853113, 1.4967497092790651, 1.0], [0.002981393883468117, 0.01709534460785278, 1.496749709279058, 1.0], [0.003231265937057713, 0.01703717839705443, 1.5324727491964438, 1.0], [0.006722804806815197, 0.016224404087197053, 2.03164174639096, 1.0], [0.006722804806815145, 0.01622440408719683, 2.0316417463909673, 1.0], [0.006722804806815195, 0.016224404087196942, 2.03164174639096, 1.0], [0.006722804806815148, 0.01622440408719672, 2.0316417463909744, 1.0], [0.006722804806815557, 0.016224404087196942, 2.03164174639096, 1.0], [0.006722804806815144, 0.016224404087196942, 2.03164174639096, 1.0], [0.00672280480681515, 0.01622440408719672, 2.0316417463909744, 1.0], [0.006722804806815195, 0.016224404087196942, 2.03164174639096, 1.0], [0.00570338487617272, 0.016535958650969462, 2.0330766162077722, 1.0], [0.005264758715376502, 0.016670011339246393, 2.033693998132591, 1.0], [0.005264758715376537, 0.016670011339246504, 2.0336939981326054, 1.0], [0.005264758715376502, 0.016670011339246393, 2.0336939981326054, 1.0], [0.005264758715376523, 0.016670011339246504, 2.033693998132591, 1.0], [0.00526475871537694, 0.016670011339246615, 2.0336939981326054, 1.0], [0.005264758715376523, 0.016670011339246504, 2.0336939981326054, 1.0], [0.005264758715376516, 0.016670011339246393, 2.033693998132577, 1.0], [0.004945230302287315, 0.016748259264361076, 3.1127175346225613, 1.0], [0.004880576953698659, 0.01676409194205608, 3.331047053948396, 1.0], [0.004880576953698257, 0.01676409194205597, 3.3310470539483816, 1.0], [0.004880576953698215, 0.01676409194205597, 3.331047053948353, 1.0], [0.0048805769536982985, 0.01676409194205608, 3.331047053948396, 1.0], [0.003929784882253262, 0.016946921642225, 5.423531692860848, 1.0], [0.0035749225886356345, 0.017015158819092324, 6.204505704555217, 1.0], [0.003574922588635676, 0.017015158819092657, 6.204505704555302, 1.0], [0.004466514298667873, -0.015998587867793068, 9.105871415508389, 1.0], [0.003896486393838605, -0.016528451359485885, 7.159029339209042, 1.0], [0.0020352977518554305, -0.016970528793870066, 0.8078975792548135, 0.0]], [[0.3389327346516516, 0.1613388123536929, 0.0, 1.0], [0.005204087760125209, -0.0075212110744722616, 2.348658389117158, 1.0], [0.005204087760125209, -0.0075212110744722616, 2.348658389117158, 1.0], [0.005204087760124765, -0.007521211074472178, 2.3486583891171584, 1.0], [0.005204087760125264, -0.0075212110744722616, 2.3486583891171575, 1.0], [0.005204087760125209, -0.0075212110744722754, 2.3486583891171584, 1.0], [0.007760994149518585, -0.0048157896730406935, 0.6779725261953793, 1.0], [0.008074758034660456, -0.004483801167954646, 0.4729588075169797, 1.0], [0.008074758034660734, -0.0044838011679547984, 0.4729588075169797, 1.0], [0.008074758034660345, -0.0044838011679546735, 0.4729588075169797, 1.0], [0.008074758034660734, -0.004483801167954687, 0.4729588075169797, 1.0], [0.008074758034660734, -0.004483801167954812, 0.4729588075169797, 1.0], [0.008074758034660345, -0.00448380116795466, 0.4729588075169797, 1.0], [0.008074758034660845, -0.004483801167954701, 0.4729588075169797, 1.0], [0.008648540527769477, -0.002905614268919776, 0.8291247964576449, 1.0], [0.009398961191128097, -0.0008415846515982123, 1.2949360069712093, 1.0], [0.009398961191128541, -0.0008415846515983094, 1.2949360069712093, 1.0], [0.009398961191128152, -0.0008415846515982262, 1.2949360069712057, 1.0], [0.009398961191128541, -0.0008415846515983927, 1.2949360069712093, 1.0], [0.009398961191128152, -0.00084158465159824, 1.2949360069712057, 1.0], [0.009398961191128152, -0.00084158465159824, 1.2949360069712057, 1.0], [0.009398961191128485, -0.0008415846515982955, 1.2949360069712128, 1.0], [0.009398961191128263, -0.0008415846515982539, 1.2949360069712057, 1.0], [0.009398961191128152, -0.0008415846515982262, 1.2949360069712057, 1.0], [0.009398961191128485, -0.0008415846515983788, 1.2949360069712128, 1.0], [0.009398961191128152, -0.00084158465159824, 1.2949360069712021, 1.0], [0.00944510433970669, -0.0004601983912628782, 1.2335239507006541, 1.0], [0.009453265137591815, -0.0003927470732950772, 1.2226627200655287, 1.0], [0.009453265137591704, -0.0003927470732950772, 1.2226627200655358, 1.0], [0.009453265137591926, -0.00039274707329496616, 1.2226627200655358, 1.0], [0.009453265137592037, -0.0003927470732951466, 1.2226627200655358, 1.0], [0.009453265137591704, -0.0003927470732950772, 1.2226627200655287, 1.0], [0.009453265137591704, -0.0003927470732950633, 1.2226627200655358, 1.0], [0.009453265137591926, -0.0003927470732949939, 1.2226627200655358, 1.0], [0.009453265137591704, -0.00039274707329504943, 1.2226627200655287, 1.0], [0.009453265137591815, -0.00039274707329509106, 1.2226627200655358, 1.0], [0.009453265137592148, -0.00039274707329503555, 1.2226627200655358, 1.0], [0.009453265137591815, -0.00039274707329509106, 1.2226627200655287, 1.0], [0.009453265137591704, -0.0003927470732950772, 1.2226627200655358, 1.0], [0.00942070086189739, -0.0006723879395506283, 1.5689908182896914, 1.0], [0.009410615349350948, -0.0007589957760471, 1.6762524203108526, 1.0], [0.009410615349351281, -0.0007589957760471694, 1.6762524203108597, 1.0], [0.00941061534935106, -0.0007589957760472249, 1.6762524203108669, 1.0], [0.009410615349351392, -0.0007589957760471694, 1.6762524203108455, 1.0], [0.009410615349351281, -0.0007589957760471833, 1.6762524203108669, 1.0], [0.00941061534935117, -0.0007589957760471278, 1.6762524203108597, 1.0], [0.009410615349351281, -0.0007589957760472804, 1.6762524203108526, 1.0], [0.009410615349351281, -0.0007589957760471694, 1.6762524203108526, 1.0], 