{"text": "け", "text_ids": [9], "strokes": [[[0.0, 0.0, 0.0, 1.0], [-0.019381319257816103, -0.0028130605009764114, 9.695293060160118, 1.0], [-0.009474458735852717, 0.015797869084742924, 6.862055648387457, 1.0], [-0.00010185801522741289, 0.01962942748905981, 5.966449565954857, 1.0], [-0.00010185801522714574, 0.019629427489059784, 5.966449565954861, 1.0], [-0.0003571982459404689, 0.01962758298355733, 4.475250512107358, 1.0], [-0.0004436973796223126, 0.01962695813831611, 3.970091470208942, 1.0], [-0.0004436973796225728, 0.019626958138316192, 3.970091470208949, 1.0], [-0.00044369737962230565, 0.01962695813831611, 3.970091470208949, 1.0], [0.0002729994623875895, 0.019610164137106117, 3.2671326556762637, 1.0], [0.0010977767806671888, 0.019590837539764927, 2.458165109111853, 1.0], [0.0010977767806671992, 0.019590837539765038, 2.458165109111853, 1.0], [0.0010977767806671888, 0.019590837539764927, 2.45816510911186, 1.0], [0.0010977767806674733, 0.019590837539764927, 2.458165109111853, 1.0], [0.0010977767806671958, 0.01959083753976501, 2.458165109111853, 1.0], [0.0010977767806671992, 0.019590837539765038, 2.45816510911186, 1.0], [0.0012974007070402672, 0.019577215863400887, 1.912086982407601, 1.0], [0.0013065835021161647, 0.019576589259842403, 1.8869671301726498, 1.0], [0.0013065835021161681, 0.01957658925984246, 1.886967130172664, 1.0], [0.0013065835021158698, 0.01957658925984246, 1.886967130172664, 1.0], [0.0013065835021161647, 0.019576589259842403, 1.8869671301726498, 1.0], [0.0013065835021161612, 0.019576589259842403, 1.886967130172664, 1.0], [0.0013065835021161681, 0.019576589259842403, 1.8869671301726498, 1.0], [0.001306583502116156, 0.019576589259842403, 1.886967130172664, 1.0], [0.001306583502116163, 0.019576589259842403, 1.8869671301726498, 1.0], [0.0027644176290277187, 0.019411182445799813, 1.6510758601792617, 1.0], [0.0028462402682668357, 0.01940189879560722, 1.6378361877583671, 1.0], [0.0028462402682665534, 0.019401898795607275, 1.6378361877583814, 1.0], [0.002846240268266813, 0.019401898795607053, 1.6378361877583671, 1.0], [0.002846240268266559, 0.019401898795607275, 1.6378361877583814, 1.0], [0.0028462402682665586, 0.019401898795607275, 1.6378361877583814, 1.0], [0.002846240268266801, 0.019401898795606942, 1.6378361877583671, 1.0], [0.002846240268266558, 0.019401898795607275, 1.6378361877583814, 1.0], [0.0028462402682668253, 0.019401898795607164, 1.6378361877583671, 1.0], [0.003217428551625365, 0.019324045265884382, 1.731459077010669, 1.0], [0.004933093780609191, 0.018964199333543985, 2.1641923903407303, 1.0], [0.004933093780608907, 0.018964199333543874, 2.164192390340716, 1.0], [0.0049330937806091844, 0.018964199333543985, 2.1641923903407303, 1.0], [0.004933093780609202, 0.018964199333543985, 2.1641923903407303, 1.0], [0.004933093780608917, 0.018964199333543985, 2.164192390340716, 1.0], [0.004933093780609188, 0.018964199333543985, 2.1641923903407303, 1.0], [0.004933093780608917, 0.018964199333543985, 2.164192390340716, 1.0], [0.005898924113286089, 0.018620713400649747, 2.3326800310266975, 1.0], [0.007925637168672332, 0.017899937296415036, 2.6862370580699633, 1.0], [0.007925637168672048, 0.017899937296415258, 2.6862370580699633, 1.0], [0.007925637168672048, 0.017899937296415036, 2.6862370580699633, 1.0], [0.00792563716867234, 0.017899937296415258, 2.6862370580699633, 1.0], [0.007925637168672062, 0.017899937296415258, 2.6862370580699633, 1.0], [0.007925637168672325, 0.017899937296415147, 2.6862370580699633, 1.0], [0.0099708719184122, 0.01683230618371334, 3.4000519194521814, 1.0], [0.009982823646705552, 0.016826067273007506, 3.4042232358626734, 1.0], [0.009982823646705496, 0.016826067273007173, 3.404223235862702, 1.0], [0.009982823646705552, 0.016826067273007395, 3.4042232358626734, 1.0], [0.010683199503540769, 0.016332882603128263, 4.25089456697367, 1.0], [0.012363872351737859, 0.01514940079728977, 6.28262867610664, 1.0], [0.01236387235173761, 0.015149400797290102, 6.2826286761066115, 1.0], [0.01656137989551959, 0.007346814253578637, 10.426911903656702, 1.0], [0.015613580902808455, -0.0044433815235693785, 11.39598505542196, 1.0], [0.007073640215360277, -0.018353988223832496, 7.150894831570355, 1.0], [0.006724180841890415, -0.01843975875005499, 7.1674511168649815, 1.0], [0.002428358131183278, -0.019494115858279537, 7.370973677061983, 1.0], [0.002428358131183278, -0.01949411585827987, 7.370973677061983, 1.0], [0.0012757626480299766, -0.019585659957709, 1.7035425437186689, 1.0], [0.0009293101909904067, -0.019613176704597612, 0.0, 0.0]], [[0.0, 0.0, 0.0, 1.0], [-0.0007707682605431199, -0.008140010517386748, 2.0827583092974806, 1.0], [-0.0007707682605430644, -0.008140010517386637, 2.0827583092974806, 1.0], [-0.0007707682605430644, -0.008140010517386748, 2.082758309297481, 1.0], [-0.0007707682605431199, -0.008140010517386748, 2.08275830929748, 1.0], [-0.00012177688567155398, -0.008073925484661681, 1.8863007304771529, 1.0], [0.002495833462354713, -0.007807381317499529, 1.0939182564111967, 1.0], [0.0024958334623544354, -0.007807381317499473, 1.093918256411195, 1.0], [0.0024958334623544354, -0.007807381317499473, 1.0939182564111967, 1.0], [0.0024958334623546574, -0.007807381317499432, 1.093918256411195, 1.0], [0.005621363040982319, -0.005013445520010026, 2.888495615618341, 1.0], [0.007473192888860503, -0.00335808006187259, 3.9517560438128925, 1.0], [0.007473192888860725, -0.0033580800618726314, 3.9517560438128925, 1.0], [0.00747319288886078, -0.003358080061872576, 3.9517560438128925, 1.0], [0.007911161341967565, -0.0019951292814711086, 3.266276892089678, 1.0], [0.007999490710088819, -0.0017202497088468077, 3.1280296281547137, 1.0], [0.007999490710088542, -0.0017202497088467245, 3.128029628154721, 1.0], [0.007999490710088819, -0.0017202497088468077, 3.1280296281547137, 1.0], [0.007999490710088764, -0.0017202497088468494, 3.128029628154721, 1.0], [0.008016485986225175, -0.0016325262130643808, 2.819728021559655, 1.0], [0.008042252862630217, -0.0014995268751622076, 2.3523058197236324, 1.0], [0.008042252862629717, -0.0014995268751621937, 2.3523058197236466, 1.0], [0.008042252862630161, -0.0014995268751622076, 2.3523058197236324, 1.0], [0.00804225286263005, -0.0014995268751622215, 2.3523058197236466, 1.0], [0.008042252862629884, -0.0014995268751620966, 2.3523058197236324, 1.0], [0.00804225286263005, -0.0014995268751622076, 2.3523058197236466, 1.0], [0.008028423705723209, -0.001566941824244314, 2.251615284708251, 1.0], [0.007961136715649297, -0.001894955241128829, 1.7616965517263026, 1.0], [0.007961136715649297, -0.0018949552411288845, 1.7616965517263026, 1.0], [0.007961136715649353, -0.0018949552411288983, 1.7616965517263026, 1.0], [0.007961136715649297, -0.001894955241128829, 1.7616965517262884, 1.0], [0.00796113671564963, -0.0018949552411289122, 1.7616965517263026, 1.0], [0.007961136715649297, -0.001894955241128829, 1.7616965517262884, 1.0], [0.007961136715649297, -0.0018949552411288845, 1.7616965517263026, 1.0], [0.007961136715649353, -0.001894955241128829, 1.7616965517263026, 1.0], [0.007934634403854168, -0.001983367026106131, 1.767253499894096, 1.0], [0.0076611043872149565, -0.002895863913269847, 1.824606689930505, 1.0], [0.007661104387215012, -0.002895863913269847, 1.8246066899304907, 1.0], [0.007661104387214901, -0.0028958639132699027, 1.8246066899304907, 1.0], [0.007661104387215012, -0.002895863913269847, 1.824606689930505, 1.0], [0.007661104387215012, -0.002895863913269847, 1.8246066899304907, 1.0], [0.007661104387215012, -0.002895863913269854, 1.8246066899304907, 1.0], [0.007661104387214901, -0.0028958639132698263, 1.824606689930505, 1.0], [0.00766110438721479, -0.0028958639132699096, 1.8246066899304907, 1.0], [0.007661104387215012, -0.002895863913269854, 1.8246066899304907, 1.0], [0.00776228828784542, -0.002601052853316556, 1.9431740110552198, 1.0], [0.007792298207470183, -0.0025136154629940566, 1.9783396426916937, 1.0], [0.007792298207470072, -0.0025136154629939664, 1.9783396426916937, 1.0], [0.007792298207470405, -0.0025136154629940635, 