{"text": "け", "text_ids": [9], "strokes": [[[0.0, 0.0, 0.0, 1.0], [-0.017636467553795568, -0.0020037728567017855, 9.695293060160118, 1.0], [-0.007162334067777689, 0.01419453593684443, 6.862055648387457, 1.0], [0.0015764479281916467, 0.01734708322914537, 5.966449565954857, 1.0], [0.0015764479281918896, 0.017347083229145334, 5.966449565954861, 1.0], [0.0013470876111756867, 0.01735180152839627, 4.475250512107358, 1.0], [0.0012693894409051103, 0.017353399900875588, 3.970091470208942, 1.0], [0.0012693894409048743, 0.0173533999008757, 3.970091470208949, 1.0], [0.0012693894409051068, 0.017353399900875602, 3.970091470208949, 1.0], [0.001911298201503599, 0.017320742678820375, 3.2671326556762637, 1.0], [0.0026500091251653833, 0.01728316062954882, 2.458165109111853, 1.0], [0.002650009125165385, 0.017283160629548905, 2.458165109111853, 1.0], [0.002650009125165378, 0.01728316062954882, 2.45816510911186, 1.0], [0.002650009125165627, 0.017283160629548794, 2.458165109111853, 1.0], [0.00265000912516538, 0.017283160629548877, 2.458165109111853, 1.0], [0.002650009125165399, 0.017283160629548905, 2.45816510911186, 1.0], [0.002828042125717317, 0.017266161603480434, 1.912086982407601, 1.0], [0.002836231727988551, 0.017265379640237277, 1.8869671301726498, 1.0], [0.002836231727988553, 0.017265379640237388, 1.886967130172664, 1.0], [0.0028362317279883014, 0.017265379640237333, 1.886967130172664, 1.0], [0.0028362317279885443, 0.017265379640237333, 1.8869671301726498, 1.0], [0.002836231727988551, 0.017265379640237333, 1.886967130172664, 1.0], [0.002836231727988553, 0.017265379640237388, 1.8869671301726498, 1.0], [0.002836231727988546, 0.017265379640237277, 1.886967130172664, 1.0], [0.0028362317279885495, 0.017265379640237333, 1.8869671301726498, 1.0], [0.004130787542351227, 0.017082982547133696, 1.6510758601792617, 1.0], [0.004203445996024492, 0.017072745297729452, 1.6378361877583671, 1.0], [0.0042034459960242285, 0.017072745297729452, 1.6378361877583814, 1.0], [0.004203445996024464, 0.017072745297729286, 1.6378361877583671, 1.0], [0.004203445996024242, 0.017072745297729508, 1.6378361877583814, 1.0], [0.004203445996024242, 0.017072745297729452, 1.6378361877583814, 1.0], [0.004203445996024444, 0.01707274529772923, 1.6378361877583671, 1.0], [0.004203445996024249, 0.017072745297729508, 1.6378361877583814, 1.0], [0.004203445996024464, 0.017072745297729397, 1.6378361877583671, 1.0], [0.004530024344183245, 0.01699472572097005, 1.731459077010669, 1.0], [0.00603949848869377, 0.016634112304471982, 2.1641923903407303, 1.0], [0.006039498488693507, 0.016634112304471982, 2.164192390340716, 1.0], [0.006039498488693756, 0.016634112304471982, 2.1641923903407303, 1.0], [0.006039498488693798, 0.016634112304472093, 2.1641923903407303, 1.0], [0.0060394984886935205, 0.016634112304471982, 2.164192390340716, 1.0], [0.00603949848869377, 0.016634112304471982, 2.1641923903407303, 1.0], [0.0060394984886935205, 0.016634112304471982, 2.164192390340716, 1.0], [0.006877280954728407, 0.016306596483138702, 2.3326800310266975, 1.0], [0.00863529641980501, 0.015619332303826505, 2.6862370580699633, 1.0], [0.008635296419804789, 0.015619332303826727, 2.6862370580699633, 1.0], [0.008635296419804761, 0.015619332303826505, 2.6862370580699633, 1.0], [0.008635296419805039, 0.015619332303826616, 2.6862370580699633, 1.0], [0.008635296419804789, 0.015619332303826727, 2.6862370580699633, 1.0], [0.00863529641980501, 0.015619332303826505, 2.6862370580699633, 1.0], [0.010380466005486977, 0.014625126763079588, 3.4000519194521814, 1.0], [0.010390664244450315, 0.014619316929028958, 3.4042232358626734, 1.0], [0.01039066424445026, 0.014619316929028736, 3.404223235862702, 1.0], [0.010390664244450287, 0.014619316929028958, 3.4042232358626734, 1.0], [0.01097744451522531, 0.014166126946386415, 4.25089456697367, 1.0], [0.012385525132689174, 0.013078619301071459, 6.28262867610664, 1.0], [0.01238552513268898, 0.013078619301071792, 6.2826286761066115, 1.0], [0.015490402823162303, 0.006079902583199681, 10.426911903656702, 1.0], [0.013637827287476922, -0.004314344097423595, 11.39598505542196, 1.0], [0.004790074261256716, -0.01639343375262492, 7.150894831570355, 1.0], [0.004469097787284604, -0.01646053250817414, 7.1674511168649815, 1.0], [0.0005234087282076083, -0.017285361887007578, 7.370973677061983, 1.0], [0.0005234087282075528, -0.0172853618870078, 7.370973677061983, 1.0], [-0.0005189853756553675, -0.017337595119320315, 1.7035425437186689, 1.0], [-0.0008323129947250263, -0.017353295624778386, 0.0, 0.0]], [[0.0, 0.0, 0.0, 1.0], [-0.0013835155172537417, -0.007173346296299926, 2.0827583092974806, 1.0], [-0.0013835155172536862, -0.007173346296299843, 2.0827583092974806, 1.0], [-0.0013835155172537417, -0.007173346296299954, 2.082758309297481, 1.0], [-0.0013835155172536862, -0.007173346296299926, 2.08275830929748, 1.0], [-0.0007953397954904018, -0.007131088401952368, 1.8863007304771529, 1.0], [0.0015769796456582275, -0.006960647459571978, 1.0939182564111967, 1.0], [0.00157697964565795, -0.006960647459571936, 1.093918256411195, 1.0], [0.00157697964565795, -0.006960647459571909, 1.0939182564111967, 1.0], [0.0015769796456582275, -0.006960647459571895, 1.093918256411195, 1.0], [0.004619975936934584, -0.004569632276898786, 2.888495615618341, 1.0], [0.006422906038028808, -0.0031529912979486596, 3.9517560438128925, 1.0], [0.00642290603802903, -0.003152991297948715, 3.9517560438128925, 1.0], [0.006422906038029141, -0.003152991297948632, 3.9517560438128925, 1.0], [0.006931851676482359, -0.0019595772557098323, 3.266276892089678, 1.0], [0.007034495705598387, -0.0017188898100503197, 3.1280296281547137, 1.0], [0.0070344957055981094, -0.0017188898100502503, 3.128029628154721, 1.0], [0.007034495705598387, -0.0017188898100503336, 3.1280296281547137, 1.0], [0.0070344957055983315, -0.0017188898100503475, 3.128029628154721, 1.0], [0.007057205063748351, -0.001641799904891078, 2.819728021559655, 1.0], [0.007091635173620492, -0.0015249223653713007, 2.3523058197236324, 1.0], [0.007091635173620214, -0.001524922365371273, 2.3523058197236466, 1.0], [0.007091635173620436, -0.0015249223653713007, 2.3523058197236324, 1.0], [0.007091635173620492, -0.0015249223653713145, 2.3523058197236466, 1.0], [0.00709163517362027, -0.0015249223653712035, 2.3523058197236324, 1.0], [0.007091635173620381, -0.0015249223653712868, 2.3523058197236466, 1.0], [0.007073493433964018, -0.0015841463642861792, 2.251615284708251, 1.0], [0.006985223189841072, -0.0018723059863006847, 1.7616965517263026, 1.0], [0.006985223189841072, -0.0018723059863007471, 1.7616965517263026, 1.0], [0.006985223189841072, -0.0018723059863007471, 1.7616965517263026, 1.0], [0.006985223189841128, -0.0018723059863006847, 1.7616965517262884, 1.0], [0.006985223189841405, -0.0018723059863007818, 1.7616965517263026, 1.0], [0.006985223189841072, -0.0018723059863006847, 1.7616965517262884, 1.0], [0.006985223189841128, -0.0018723059863007471, 1.7616965517263026, 1.0], [0.006985223189841128, -0.0018723059863006847, 1.7616965517263026, 1.0], [0.0069539214538718586, -0.001949767705642487, 1.767253499894096, 1.0], [0.006630856642521055, -0.0027492491072665035, 1.824606689930505, 1.0], [0.006630856642520999, -0.0027492491072665035, 1.8246066899304907, 1.0], [0.006630856642520944, -0.002749249107266545, 1.8246066899304907, 1.0], [0.006630856642520999, -0.0027492491072664965, 1.824606689930505, 1.0], [0.006630856642520999, -0.0027492491072665104, 1.8246066899304907, 1.0], [0.006630856642520999, -0.0027492491072665035, 1.8246066899304907, 1.0], [0.006630856642521055, -0.0027492491072664896, 1.824606689930505, 1.0], [0.006630856642520833, -0.002749249107266552, 1.8246066899304907, 1.0], [0.006630856642521055, -0.002749249107266507, 1.8246066899304907, 1.0], [0.00674673295885575, -0.002491269791856609, 1.9431740110552198, 1.0], [0.006781100471058621, -0.0024147562509460006, 1.9783396426916937, 1.0], [0.006781100471058288, -0.0024147562509459417, 1.9783396426916937, 1.0], [0.006781100471058732, -0.002414756250946032, 1.9783396426916795, 