{"text": "け", "text_ids": [9], "strokes": [[[0.0, 0.0, 0.0, 1.0], [-0.005963020884071826, -0.009452030861246418, 29.804889575214336, 1.0], [-0.009393985381152685, 0.01251560026293644, 17.452614618364688, 1.0], [-0.0034092024288774492, 0.015207481235004436, 5.350898482432399, 1.0], [-0.003409202428877444, 0.015207481235004441, 5.350898482432399, 1.0], [-0.003409202428877444, 0.015207481235004428, 5.350898482432392, 1.0], [-0.004260424010156055, 0.015026170794463903, 2.440680180959312, 1.0], [-0.004386397104248072, 0.014999338489352712, 2.0099941974469715, 1.0], [-0.004386397104248076, 0.014999338489352698, 2.0099941974469573, 1.0], [-0.004386397104248069, 0.014999338489352712, 2.0099941974469715, 1.0], [-0.004386397104248076, 0.014999338489352712, 2.0099941974469573, 1.0], [-0.0043863971042480895, 0.014999338489352629, 2.0099941974469715, 1.0], [-0.004386397104248069, 0.014999338489352781, 2.0099941974469573, 1.0], [-0.004386397104248069, 0.014999338489352643, 2.0099941974469715, 1.0], [-0.0027123330051519595, 0.015303779365834436, 1.3855601383353218, 1.0], [-0.0025485132625264056, 0.015333571191641276, 1.3244545767828413, 1.0], [-0.002548513262526725, 0.015333571191641304, 1.3244545767828555, 1.0], [-0.0025485132625264195, 0.015333571191641249, 1.3244545767828413, 1.0], [-0.002548513262526711, 0.01533357119164136, 1.3244545767828555, 1.0], [-0.0025485132625264195, 0.015333571191641221, 1.3244545767828413, 1.0], [-0.002548513262526711, 0.015333571191641304, 1.3244545767828555, 1.0], [-0.002548513262526697, 0.01533357119164136, 1.3244545767828413, 1.0], [-0.0025485132625264334, 0.015333571191641249, 1.3244545767828413, 1.0], [-0.002548513262526697, 0.01533357119164136, 1.3244545767828555, 1.0], [-0.0025485132625264334, 0.015333571191641138, 1.3244545767828555, 1.0], [-0.002548513262526683, 0.01533357119164147, 1.3244545767828413, 1.0], [-0.0024192942919389754, 0.015340990602401627, 1.332521317188636, 1.0], [-0.000834568853233908, 0.015431981336338663, 1.4314508216595243, 1.0], [-0.0008345688532342271, 0.015431981336338496, 1.4314508216595243, 1.0], [-0.0008345688532342133, 0.015431981336338718, 1.4314508216595243, 1.0], [-0.0008345688532342271, 0.015431981336338552, 1.4314508216595243, 1.0], [-0.0008345688532341994, 0.015431981336338552, 1.4314508216595243, 1.0], [-0.0008345688532339496, 0.015431981336338496, 1.4314508216595243, 1.0], [-0.0008345688532342271, 0.015431981336338496, 1.43145082165951, 1.0], [-0.0008345688532341994, 0.015431981336338552, 1.4314508216595243, 1.0], [-0.0008345688532340884, 0.015431981336338607, 1.4314508216595243, 1.0], [-0.0008345688532342271, 0.015431981336338607, 1.4314508216595385, 1.0], [-0.0008345688532340467, 0.015431981336338607, 1.43145082165951, 1.0], [0.0017784193421093442, 0.015175742905988887, 2.043693269820011, 1.0], [0.002075471046944416, 0.015146613014504928, 2.1132946799306325, 1.0], [0.0020754710469443743, 0.015146613014504928, 2.1132946799306467, 1.0], [0.002075471046944277, 0.015146613014504928, 2.1132946799306325, 1.0], [0.0020754710469443605, 0.015146613014504817, 2.1132946799306467, 1.0], [0.002075471046944416, 0.015146613014504928, 2.1132946799306325, 1.0], [0.002075471046944402, 0.015146613014504817, 2.1132946799306467, 1.0], [0.002075471046944277, 0.01514661301450504, 2.113294679930661, 1.0], [0.007468457855501723, 0.012775949380835927, 2.858299436080898, 1.0], [0.008393324612680941, 0.012369393966356612, 2.986063541086736, 1.0], [0.008393324612680692, 0.012369393966356501, 2.986063541086736, 1.0], [0.008393324612680636, 0.012369393966356501, 2.986063541086736, 1.0], [0.00839332461268067, 0.012369393966356723, 2.986063541086736, 1.0], [0.008618715033323787, 0.012185347443764094, 2.991780481379976, 1.0], [0.009797655557262929, 0.011222662769075686, 3.0216838489029954, 1.0], [0.009797655557262943, 0.011222662769075908, 3.0216838489030238, 1.0], [0.009797655557262926, 0.011222662769075686, 3.0216838489029954, 1.0], [0.009797655557262946, 0.011222662769075908, 3.0216838489029954, 1.0], [0.009797655557262929, 0.011222662769075686, 3.0216838489029954, 1.0], [0.01199244741283457, 0.008693107667164135, 4.539402896179013, 1.0], [0.012333709608333465, 0.008299794048142295, 4.775388888613577, 1.0], [0.012333709608333451, 0.008299794048142184, 4.77538888861352, 1.0], [0.0128956579563149, 0.0072143639612956, 5.6283671678172595, 1.0], [0.01417304982998626, 0.004747020517087752, 7.567313204737502, 1.0], [0.01415626963646946, 0.004052250339673713, 8.012330311512443, 1.0], [0.013888698471915928, -0.007026314712929471, 15.108419244515034, 0.0]], [[0.0, 0.0, 0.0, 1.0], [0.005580499003013162, -0.007975446094667105, 12.140012157286904, 1.0], [0.004215483352600358, -0.008798787082767046, 0.5897311706844217, 1.0], [0.004215483352600413, -0.008798787082767046, 0.5897311706844199, 1.0], [0.004215483352600358, -0.008798787082767101, 0.5897311706844217, 1.0], [0.004215483352600413, -0.008798787082767101, 0.5897311706844217, 1.0], [0.004902302907054845, -0.008075611620198514, 1.075568457812647, 1.0], [0.008783522002150101, -0.003988945193447807, 3.821036235602973, 1.0], [0.008783522002150101, -0.00398894519344789, 3.821036235602975, 1.0], [0.008783522002150046, -0.003988945193447863, 3.8210362356029677, 1.0], [0.008893257753206207, -0.003607909008209731, 3.603790458444088, 1.0], [0.009271851547140608, -0.0022933152353774855, 2.8542817322617893, 1.0], [0.009271851547140553, -0.0022933152353774022, 2.854281732261775, 1.0], [0.009271851547140553, -0.0022933152353774577, 2.8542817322617893, 1.0], [0.009271851547140553, -0.0022933152353774577, 2.8542817322617893, 1.0], [0.009271851547140775, -0.002293315235377541, 2.854281732261782, 1.0], [0.009282428127048215, -0.002232890775871299, 2.6507917838654578, 1.0], [0.009311205922363452, -0.002068481983723558, 2.097116386459895, 1.0], [0.009311205922363175, -0.0020684819837234747, 2.097116386459902, 1.0], [0.009311205922363175, -0.0020684819837234747, 2.097116386459895, 1.0], [0.009311205922363452, -0.0020684819837236135, 2.097116386459895, 1.0], [0.009311205922363175, -0.0020684819837235024, 2.097116386459902, 1.0], [0.009311205922363175, -0.0020684819837234747, 2.097116386459895, 1.0], [0.009311205922363452, -0.00206848198372353, 2.097116386459902, 1.0], [0.009300634039944689, -0.0021264358359738555, 2.0245409100870972, 1.0], [0.009246101299476728, -0.0024253780923075285, 1.6501762075019855, 1.0], [0.009246101299476506, -0.0024253780923075563, 1.6501762075019712, 1.0], [0.009246101299476839, -0.0024253780923075563, 1.6501762075019855, 1.0], [0.009246101299476783, -0.0024253780923075285, 1.6501762075019712, 1.0], [0.009246101299476561, -0.0024253780923075563, 1.6501762075019855, 1.0], [0.009246101299476672, -0.0024253780923075285, 1.6501762075019712, 1.0], [0.009246101299476783, -0.0024253780923075285, 1.6501762075019855, 1.0], [0.009246101299476561, -0.002425378092307501, 1.6501762075019712, 1.0], [0.009246101299476783, -0.002425378092307584, 1.6501762075019855, 1.0], [0.009246101299476783, -0.0024253780923075285, 1.6501762075019712, 1.0], [0.009371461843493023, -0.0015787130710308017, 1.825990848536577, 1.0], [0.009391792658753562, -0.0014414020034201336, 1.8545042457543133, 1.0], [0.00939179265875345, -0.0014414020034201197, 1.8545042457543275, 1.0], [0.009391792658753562, -0.0014414020034201336, 1.8545042457543133, 1.0], [0.00939179265875345, -0.0014414020034201197, 1.8545042457543275, 1.0], [0.009391792658753673, -0.0014414020034201475, 1.8545042457543133, 1.0], [0.00939179265875345, -0.0014414020034201197, 1.8545042457543275, 1.0], [0.009391792658753562, -0.0014414020034201336, 1.8545042457543133, 1.0], [0.009391792658753562, -0.0014414020034201336, 1.912070567486822, 1.0], [0.00939179265875345, -0.0014414020034201197, 2.1017714784918695, 1.0], [0.009391792658753562, -0.0014414020034201475, 2.1017714784918837, 1.0], [0.00939179265875345, -0.0014414020034201197, 2.1017714784918837, 1.0], [0.009391792658753562, -0.0014414020034201336, 2.1017714784918695, 1.0], 