{"text": "こ", "text_ids": [10], "strokes": [[[0.0, 0.0, 0.0, 1.0], [-0.013106691129287014, -0.0073050865976907525, 12.627554499784244, 1.0], [-0.0033264330598115396, -0.003591477482742216, 14.36068282535391, 1.0], [0.014403718043398224, -0.0070155241569624955, 20.57869564321243, 1.0], [0.013844413840458161, -0.008220618291168106, 8.950030690808596, 1.0], [0.014544435145959123, -0.006354253698104485, 7.188776093719859, 1.0], [0.015246970386896003, -0.004481186566057935, 5.4211964315072265, 1.0], [0.015246970386896444, -0.004481186566057928, 5.4211964315072265, 1.0], [0.015198958937795735, -0.00467922083952646, 4.909630146799344, 1.0], [0.015114803801085278, -0.005026338072384853, 4.012949637606397, 1.0], [0.015114803801085264, -0.00502633807238486, 4.012949637606397, 1.0], [0.015114803801084861, -0.005026338072384867, 4.012949637606397, 1.0], [0.01517118484694674, -0.004685406102063042, 3.869888285633067, 1.0], [0.015558821609607143, -0.002341395570807814, 2.8862981713805738, 1.0], [0.015558821609607615, -0.002341395570807786, 2.8862981713805596, 1.0], [0.01555882160960717, -0.0023413955708078, 2.8862981713805738, 1.0], [0.015558821609607143, -0.0023413955708077583, 2.8862981713805738, 1.0], [0.015558821609607199, -0.0023413955708078, 2.8862981713805596, 1.0], [0.015567273475780352, -0.002209989800271539, 2.8466448209047286, 1.0], [0.01557330523209377, -0.002116210796941978, 2.8183458225340274, 1.0], [0.01557330523209377, -0.0021162107969419502, 2.8183458225340416, 1.0], [0.01557330523209377, -0.0021162107969419225, 2.8183458225340132, 1.0], [0.015573305232093826, -0.0021162107969419502, 2.8183458225340416, 1.0], [0.01557330523209377, -0.0021162107969419225, 2.8183458225340274, 1.0], [0.015535361268689152, -0.0007100855155973279, 2.9830780167305733, 1.0], [0.015504521232982016, 0.0004327828090135155, 3.116968793952708, 1.0], [0.015504521232982071, 0.0004327828090135155, 3.116968793952708, 1.0], [0.015504521232982016, 0.0004327828090135155, 3.116968793952708, 1.0], [0.015504521232982071, 0.0004327828090135155, 3.1169687939526796, 1.0], [0.015504521232982016, 0.0004327828090135294, 3.099069574063492, 1.0], [0.015504521232982071, 0.0004327828090135155, 2.933617688426068, 1.0], [0.015504521232982016, 0.0004327828090135155, 2.933617688426068, 1.0], [0.015504521232982071, 0.0004327828090135155, 2.933617688426068, 1.0], [0.015504521232982016, 0.0004327828090135294, 2.933617688426068, 1.0], [0.015504521232982071, 0.0004327828090135155, 2.933617688426068, 1.0], [0.014940965447025945, 0.0028391526263985556, 3.721552320735043, 1.0], [0.014628898764170561, 0.00417166994828308, 4.157867860632109, 1.0], [0.014628898764170617, 0.004171669948283135, 4.1578678606321375, 1.0], [0.014628898764170506, 0.00417166994828308, 4.157867860632109, 1.0], [0.01437466144469901, 0.004799156814566816, 4.858979686653413, 1.0], [0.014170790289103175, 0.005302334211246949, 5.42119643150491, 1.0], [0.014170790289103063, 0.005302334211246949, 5.421196431504939, 1.0], [0.012860259412131536, 0.0072718746965665035, 5.261296785754439, 1.0], [0.011044022102266848, 0.010001419628001953, 5.0396952137890025, 1.0], [0.011044022102267514, 0.010001419628002078, 5.039695213789031, 1.0], [0.011267016037087796, 0.009742273448590133, 6.131813841510706, 1.0], [0.011956669070481651, 0.008940812418416216, 9.509407608984134, 1.0], [0.008968096500504785, 0.011264496757845282, 12.168868641916049, 1.0], [-0.000704493140989193, 0.012847469374438711, 34.8092662926544, 1.0], [-0.01216655803024147, 0.010632285099633168, 39.9466779223294, 1.0], [-0.015079265749078807, 0.004816066326400789, 11.494382461959447, 1.0], [-0.014558762867852737, 0.0061632057782447965, 9.337481576425375, 1.0], [-0.013424571070856706, 0.00893523651034838, 6.857331346695958, 1.0], [-0.013424571070856262, 0.008935236510348506, 6.857331346695958, 1.0], [-0.013424571070856706, 0.008935236510348485, 6.494885228354292, 1.0], [-0.01342457107085615, 0.008935236510348395, 6.453958914540294, 1.0], [-0.0128969086785522, 0.009647048462664579, 5.780716741599008, 1.0], [-0.012166558030241248, 0.010632285099633182, 4.848865496089672, 1.0], [-0.012166558030241692, 0.010632285099633168, 4.848865496089729, 1.0], [-0.012166558030241581, 0.010632285099633168, 4.848865496089729, 1.0], [-0.012166558030241692, 0.010632285099633251, 5.956184379594333, 1.0], [-0.012166558030241525, 0.010632285099633071, 6.061081870114663, 1.0], [-0.011763246447252351, 0.010959448644241199, 5.402323712371697, 1.0], [-0.008455781176962829, 0.013642441414934092, 0.0, 0.0]], [[0.0, 0.0, 0.0, 1.0], [-0.01352435895144552, 0.0009546062755393381, 33.32874211727413, 1.0], [0.013707239555680623, 0.010249832701667017, 32.06375192853558, 1.0], [0.013104996724923768, 0.01094971240375131, 17.140981047517144, 1.0], [0.01266097235957922, 0.011465722930841915, 6.138651868618169, 1.0], [0.01266097235957922, 0.011465722930841804, 6.138651868618155, 1.0], [0.01456753721815654, 0.008973450183604736, 4.7324743252350885, 1.0], [0.015025635821516378, 0.00837462100684394, 4.3946059512310995, 1.0], [0.015025635821516795, 0.008374621006844052, 4.3946059512310995, 1.0], [0.015025635821516364, 0.00837462100684394, 4.3946059512310995, 1.0], [0.01597488536712935, 0.00664148692808153, 3.2372806455716443, 1.0], [0.01603774272414516, 0.006526722345840064, 3.1606449387043796, 1.0], [0.016037742724145175, 0.006526722345840064, 3.1606449387043654, 1.0], [0.016037742724145602, 0.006526722345840064, 3.1606449387043796, 1.0], [0.016037742724145168, 0.006526722345840064, 3.160644938704394, 1.0], [0.01685515326357201, 0.0044901534303243285, 2.796943708623502, 1.0], [0.016971247046655882, 0.004200907110990748, 2.745288573687276, 1.0], [0.016971247046655872, 0.004200907110991192, 2.7452885736872474, 1.0], [0.016971247046655924, 0.00420090711099097, 2.745288573687276, 1.0], [0.016971247046655903, 0.004200907110990748, 2.745288573687276, 1.0], [0.016971247046655855, 0.00420090711099097, 2.7452885736872474, 1.0], [0.01739424286294869, 0.00253214699442994, 2.7829929789799337, 1.0], [0.017590377735128476, 0.001758375624703712, 2.800475772964802, 1.0], [0.01759037773512845, 0.001758375624703934, 2.8004757729647736, 1.0], [0.017590377735128476, 0.001758375624703934, 2.800475772964802, 1.0], [0.017590377735128893, 0.001758375624703712, 2.8004757729647736, 1.0], [0.01759037773512845, 0.001758375624703934, 2.800475772964802, 1.0], [0.017754630619224276, 0.00034617597436170655, 2.4155747234315754, 1.0], [0.017858409107832762, -0.0005460819980480647, 2.172386000114926, 1.0], [0.017858409107832762, -0.0005460819980482867, 2.172386000114926, 1.0], [0.017858409107832707, -0.0005460819980480647, 2.172386000114898, 1.0], [0.01785840910783315, -0.0005460819980480647, 2.172386000114926, 1.0], [0.017858409107832762, -0.0005460819980480647, 2.172386000114926, 1.0], [0.017858409107832762, -0.0005460819980482867, 2.172386000114926, 1.0], [0.017842739310779288, -0.0011953381626805815, 2.135736568871863, 1.0], [0.017795132222999943, -0.0031678713816021276, 2.0243903475812886, 1.0], [0.017795132222999555, -0.0031678713816023496, 2.02439034758126, 1.0], [0.017795132222999555, -0.0031678713816021276, 2.02439034758126, 1.0], [0.017795132222999943, -0.0031678713816023496, 2.0243903475812886, 1.0], [0.0177951322229995, -0.0031678713816023496, 2.02439034758126, 1.0], [0.017795132222999555, -0.0031678713816023496, 2.02439034758126, 1.0], [0.017795132222999943, -0.0031678713816021276, 2.0243903475812886, 1.0], [0.017795132222999555, -0.0031678713816023496, 2.02439034758126, 1.0], [0.017755768995411925, -0.00351718915318755, 2.2167531154885296, 1.0], [0.017748825193071527, -0.00357880995281068, 2.250686538120675, 1.0], [0.01774882519307186, -0.0035788099528102357, 2.250686538120675, 1.0], [0.017748825193072082, -0.00357880995281068, 2.2506865381206467, 1.0], [0.01774882519307175, -0.0035788099528104578, 2.250686538120675, 1.0], [0.017748825193071638, -0.00357880995281068, 2.2506865381206467, 1.0], [0.01774882519307175, -0.0035788099528104578, 