{"text": "こ", "text_ids": [10], "strokes": [[[0.0, 0.0, 0.0, 1.0], [-0.007007873261275809, -0.00887903704925243, 17.285019234502762, 1.0], [-0.008724090758504527, -0.007561735084670106, 8.510236728785465, 1.0], [0.001265963341697339, -0.011841901046416005, 27.865878679595973, 1.0], [0.010485449473502884, -0.0060510143192591855, 13.044379657302564, 1.0], [0.012264448614989668, -0.003569128305583369, 6.143288627769422, 1.0], [0.012264448614989865, -0.0035691283055832856, 6.143288627769422, 1.0], [0.012168865961470599, -0.003830817929405067, 3.613260084787683, 1.0], [0.012168742756377075, -0.003831155244737622, 3.6099989030603155, 1.0], [0.012168742756377277, -0.0038311552447376426, 3.6099989030603297, 1.0], [0.012168742756377068, -0.003831155244737622, 3.6099989030603155, 1.0], [0.012270966265435251, -0.0035212630894500274, 3.201523867794961, 1.0], [0.012521761099894044, -0.0027609746538311206, 2.1993725056121747, 1.0], [0.01252176109989403, -0.0027609746538311136, 2.1993725056121747, 1.0], [0.01252176109989385, -0.0027609746538310026, 2.1993725056121605, 1.0], [0.01252176109989403, -0.0027609746538311275, 2.1993725056121747, 1.0], [0.01252176109989403, -0.0027609746538311136, 2.1993725056121747, 1.0], [0.012521761099893836, -0.0027609746538310997, 2.1993725056121747, 1.0], [0.012521761099894058, -0.0027609746538310304, 2.1993725056121747, 1.0], [0.01253789084350837, -0.0027032565694564276, 2.055600058617202, 1.0], [0.012550559451542709, -0.00265792368600129, 1.9426784387420355, 1.0], [0.012550559451542903, -0.002657923686001304, 1.9426784387420355, 1.0], [0.012550559451542681, -0.002657923686001304, 1.9426784387420355, 1.0], [0.012550559451542681, -0.002657923686001387, 1.9426784387420355, 1.0], [0.012550559451542709, -0.00265792368600129, 1.9426784387420355, 1.0], [0.01255055945154293, -0.002657923686001318, 1.9426784387420355, 1.0], [0.012550559451542653, -0.00265792368600129, 1.9426784387420355, 1.0], [0.012658303494287149, -0.002145511273625181, 2.1427793373721187, 1.0], [0.012883060790797873, -0.001076603651721575, 2.5601957982725594, 1.0], [0.012883060790797818, -0.001076603651721561, 2.5601957982725594, 1.0], [0.012883060790797707, -0.0010766036517215472, 2.5601957982725594, 1.0], [0.012883060790797873, -0.001076603651721575, 2.5601957982725594, 1.0], [0.012883060790797873, -0.001076603651721561, 2.5601957982725594, 1.0], [0.012883060790797651, -0.001076603651721561, 2.560195798272531, 1.0], [0.012967180407752577, -0.00020078022656458416, 3.074192734605816, 1.0], [0.013006056390984455, 0.00020398263402926498, 3.3117370435506928, 1.0], [0.01300605639098451, 0.00020398263402915395, 3.311737043550721, 1.0], [0.013006056390984344, 0.00020398263402919559, 3.3117370435506928, 1.0], [0.01300605639098451, 0.0002039826340292511, 3.311737043550721, 1.0], [0.012772231444991622, 0.0023267706434732666, 3.753042947327401, 1.0], [0.012581434298496674, 0.004058929259378952, 4.113140997663095, 1.0], [0.01258143429849684, 0.004058929259378924, 4.113140997663095, 1.0], [0.01258143429849684, 0.004058929259378938, 4.113140997663123, 1.0], [0.011823088161773798, 0.005888663901077437, 5.793531055962092, 1.0], [0.011433633318258418, 0.006828339049469376, 6.656509075508609, 1.0], [0.011198571012222713, 0.0071250958220365895, 6.656509075508666, 1.0], [0.009232749388638717, 0.009606867103429256, 6.656509075508637, 1.0], [0.00923274938863905, 0.009606867103429326, 6.656509075508666, 1.0], [0.005166571872627368, 0.011381256667621444, 7.306003127783441, 1.0], [0.0018786411427001992, 0.012816036618077724, 7.831187147657204, 1.0], [-0.002434085099562333, 0.011727184391344049, 6.488718664024731, 1.0], [-0.006581012000882791, 0.010680192225146152, 5.197860316839154, 1.0], [-0.006581012000883013, 0.010680192225146181, 5.197860316839183, 1.0], [-0.0072025733123367575, 0.010170817978710276, 4.750607839388692, 1.0], [-0.009179263947018068, 0.00855090489222388, 3.3282545377543045, 1.0], [-0.009179263947017957, 0.008550904892223973, 3.328254537754333, 1.0], [-0.009179263947018124, 0.00855090489222389, 3.3282545377543045, 1.0], [-0.009179263947018068, 0.00855090489222389, 3.328254537754333, 1.0], [-0.009115528563985953, 0.008614100370120482, 3.450906725574555, 1.0], [-0.00869436469371282, 0.00903169654336685, 4.261393266365644, 1.0], [-0.008694364693712875, 0.00903169654336676, 4.261393266365644, 1.0], [-0.00869436469371282, 0.00903169654336694, 4.261393266365701, 1.0], [-0.008976991541119583, 0.008699492225369657, 3.65570069106343, 1.0], [-0.01068280601451338, 0.006694449396059343, 0.0, 0.0]], [[0.0, 0.0, 0.0, 1.0], [0.007095968180877779, 0.01142620285603213, 21.103880814010033, 1.0], [0.011874161451603261, 0.008424177698336255, 9.894516715303826, 1.0], [0.01331326392366227, 0.005958907333631358, 4.5354912743090985, 1.0], [0.013313263923662399, 0.005958907333631469, 4.535491274309109, 1.0], [0.013313263923662286, 0.005958907333631358, 4.535491274309102, 1.0], [0.013640801028029777, 0.004893040432188078, 3.869421478988926, 1.0], [0.014007324668530254, 0.0037003040618752703, 3.124069813626761, 1.0], [0.014007324668530129, 0.0037003040618750482, 3.124069813626761, 1.0], [0.014007324668530205, 0.0037003040618751593, 3.124069813626761, 1.0], [0.014007324668530247, 0.0037003040618752703, 3.124069813626761, 1.0], [0.014011199266761809, 0.003679402551326705, 3.10608087393485, 1.0], [0.014135222729073721, 0.0030103582915332883, 2.5302661827997497, 1.0], [0.014135222729073901, 0.0030103582915332883, 2.5302661827997497, 1.0], [0.014135222729073887, 0.0030103582915332883, 2.5302661827997497, 1.0], [0.014135222729073887, 0.0030103582915330662, 2.530266182799764, 1.0], [0.014135222729073693, 0.0030103582915333993, 2.5302661827997355, 1.0], [0.014135222729073915, 0.0030103582915332883, 2.5302661827997497, 1.0], [0.014164448125589979, 0.002812822046028507, 2.4124974495972253, 1.0], [0.014176568751469276, 0.0027308979931566224, 2.363655314824001, 1.0], [0.014176568751469304, 0.0027308979931567334, 2.3636553148240154, 1.0], [0.014176568751469332, 0.0027308979931568444, 2.363655314824001, 1.0], [0.014176568751469276, 0.0027308979931565114, 2.3636553148240154, 1.0], [0.014176568751469332, 0.0027308979931566224, 2.363655314824001, 1.0], [0.014176568751469276, 0.0027308979931566224, 2.3636553148240154, 1.0], [0.01429310245462545, 0.000707290950683892, 2.2737234426534627, 1.0], [0.01430084849387403, 0.0005727810265137023, 2.2677456371545475, 1.0], [0.01430084849387403, 0.0005727810265137023, 2.2677456371545475, 1.0], [0.01430084849387403, 0.0005727810265137023, 2.2677456371545475, 1.0], [0.01430084849387403, 0.0005727810265137023, 2.2677456371545617, 1.0], [0.014300848493873974, 0.0005727810265135913, 2.2677456371545475, 1.0], [0.014300848493874085, 0.0005727810265138134, 2.2677456371545475, 1.0], [0.01427881744248255, 0.000163870324886628, 2.2145767237846457, 1.0], [0.014250918744370178, -0.00035394773186847583, 2.1472470518258575, 1.0], [0.014250918744370011, -0.0003539477318683648, 2.1472470518258575, 1.0], [0.014250918744370344, -0.00035394773186847583, 2.1472470518258717, 1.0], [0.014250918744370011, -0.0003539477318683648, 2.1472470518258575, 1.0], [0.014250918744370122, -0.00035394773186847583, 2.1472470518258717, 1.0], [0.014250918744370067, -0.00035394773186847583, 2.1472470518258575, 1.0], [0.014250918744370122, -0.0003539477318683648, 2.1472470518258575, 1.0], [0.01412876614494707, -0.0011967969091601915, 2.0223856690757884, 1.0], [0.014017859508493324, -0.0019620492880090268, 1.9090196330752747, 1.0], [0.014017859508493435, -0.001962049288009138, 1.9090196330752462, 1.0], [0.014017859508493435, -0.001962049288009138, 1.9090196330752462, 1.0], [0.014017859508493435, -0.001962049288009138, 1.9090196330752747, 1.0], [0.014017859508493324, -0.001962049288009138, 1.9090196330752462, 1.0], [0.014017859508493435, -0.0019620492880089158, 1.9090196330752462, 1.0], [0.014017859508493435, -0.001962049288009138, 1.9090196330752747, 1.0], [0.014013236244082683, -0.001984160929748402, 1.9837839959713222, 