{"text": "こ", "text_ids": [10], "strokes": [[[0.0, 0.0, 0.0, 1.0], [0.009323007320974944, -0.00894126862145015, 1.755367419188246, 1.0], [0.009323007320974937, -0.008941268621450005, 1.755367419188246, 1.0], [0.009323007320974942, -0.008941268621450154, 1.7553674191882465, 1.0], [0.009323007320974946, -0.00894126862145014, 1.7553674191882456, 1.0], [0.009323007320974935, -0.008941268621450012, 1.7553674191882447, 1.0], [0.009323007320974942, -0.008941268621450157, 1.7553674191882482, 1.0], [0.00995176221636291, -0.00760850244976681, 1.6194502587467365, 1.0], [0.013160989148505026, -0.0008059326029350514, 0.9257156810460767, 1.0], [0.013160989148504457, -0.0008059326029351277, 0.9257156810460767, 1.0], [0.013160989148505026, -0.0008059326029349195, 0.9257156810460749, 1.0], [0.013160989148505026, -0.0008059326029350444, 0.9257156810460767, 1.0], [0.013160989148505053, -0.0008059326029350444, 0.9257156810460767, 1.0], [0.013160989148504443, -0.0008059326029351277, 0.9257156810460749, 1.0], [0.013160989148504998, -0.0008059326029350444, 0.9257156810460749, 1.0], [0.013150199417073238, 0.0013263262885431643, 0.9625026259448433, 1.0], [0.01314306920233227, 0.0027353941487419375, 0.9868126672531119, 1.0], [0.013143069202331714, 0.002735394148741861, 0.9868126672531119, 1.0], [0.013143069202332242, 0.0027353941487420555, 0.9868126672531119, 1.0], [0.013143069202331714, 0.002735394148741861, 0.9868126672531119, 1.0], [0.01314306920233227, 0.0027353941487419375, 0.9868126672531119, 1.0], [0.013143069202331714, 0.002735394148741986, 0.9868126672531154, 1.0], [0.013143069202331714, 0.0027353941487418543, 0.9868126672531083, 1.0], [0.013143069202332214, 0.0027353941487419237, 0.9868126672531119, 1.0], [0.01314306920233177, 0.002735394148742, 0.9868126672531154, 1.0], [0.013143069202332214, 0.0027353941487419375, 0.9868126672531083, 1.0], [0.013085418450179298, 0.0030805334116628807, 1.1848087371660796, 1.0], [0.013016394367692252, 0.003493761688207614, 1.421865437236363, 1.0], [0.013016394367692197, 0.003493761688207607, 1.421865437236356, 1.0], [0.013016394367692308, 0.0034937616882076174, 1.421865437236356, 1.0], [0.013016394367691697, 0.0034937616882075202, 1.421865437236363, 1.0], [0.013016394367692252, 0.003493761688207614, 1.421865437236356, 1.0], [0.013016394367692252, 0.0034937616882076104, 1.421865437236363, 1.0], [0.013016394367692308, 0.003493761688207456, 1.421865437236363, 1.0], [0.013016394367692252, 0.0034937616882076156, 1.4218654372363488, 1.0], [0.013016394367691697, 0.003493761688207533, 1.421865437236363, 1.0], [0.013016394367692308, 0.0034937616882076096, 1.421865437236363, 1.0], [0.013016394367692197, 0.003493761688207609, 1.4218654372363488, 1.0], [0.012958701851948917, 0.0037574657744433686, 1.6527519377765358, 1.0], [0.012900774350849575, 0.0040222439445110215, 1.8845788539953503, 1.0], [0.012900774350850241, 0.004022243944510971, 1.884578853995336, 1.0], [0.01290077435085013, 0.0040222439445109625, 1.8845788539953503, 1.0], [0.012900774350849575, 0.004022243944511023, 1.8845788539953432, 1.0], [0.012900774350850353, 0.004022243944510978, 1.8845788539953432, 1.0], [0.01290077435085013, 0.004022243944511103, 1.8845788539953432, 1.0], [0.012900774350849686, 0.004022243944510881, 1.8845788539953503, 1.0], [0.012900774350850241, 0.004022243944510978, 1.884578853995336, 1.0], [0.012812647831304425, 0.004349024116707491, 2.102687054251291, 1.0], [0.01271656370230334, 0.00470531174025212, 2.340489892233961, 1.0], [0.01271656370230334, 0.004705311740251968, 2.340489892233961, 1.0], [0.012716563702304007, 0.004705311740252044, 2.340489892233961, 1.0], [0.012716563702303896, 0.0047053117402522104, 2.3404898922339896, 1.0], [0.01271656370230334, 0.004705311740251968, 2.340489892233947, 1.0], [0.012716563702303563, 0.0047053117402519745, 2.340489892233961, 1.0], [0.01242315477905398, 0.005524772242532311, 5.4935775406245995, 1.0], [0.012259700674778107, 0.00598128249759021, 7.250119610171282, 1.0], [0.010565326075465231, 0.007814564454834944, 6.873746858535185, 1.0], [0.006563103001573145, 0.012144895748286769, 5.9847299247397245, 1.0], [0.006563103001573367, 0.012144895748286796, 5.9847299247396535, 1.0], [0.0018844253605561079, 0.012904699569812786, 5.82686220493504, 1.0], [-0.0009351917047766278, 0.013362597289181044, 5.73172281919841, 1.0], [-0.0009351917047766278, 0.013362597289180878, 5.731722819198353, 1.0], [-0.004764817735187443, 0.011889725464441336, 2.357026293932563, 1.0], [-0.006755149359443213, 0.011124245141303918, 0.6031304400900979, 0.0]], [[0.0, 0.0, 0.0, 1.0], [-0.01331106508917878, -0.005315169096018035, 4.142480831829388, 1.0], [-0.013311065089178814, -0.005315169096018146, 4.142480831829388, 1.0], [-0.013193233400114367, -0.004127220656756858, 3.837238134869155, 1.0], [-0.012169120807820517, 0.006197616110846349, 1.184277015969709, 1.0], [-0.012169120807821043, 0.006197616110846127, 1.1842770159697071, 1.0], [-0.0010631211414132001, 0.009853181855028037, 1.9238975886514496, 1.0], [0.0073152927026374995, 0.01261095635159415, 2.481870525049466, 1.0], [0.007315292702636936, 0.012610956351594038, 2.481870525049459, 1.0], [0.007315292702637508, 0.012610956351594038, 2.4818705250494624, 1.0], [0.007315292702636953, 0.012610956351594038, 2.4818705250494624, 1.0], [0.007315292702637498, 0.01261095635159415, 2.481870525049466, 1.0], [0.008295699408676159, 0.011949105562204188, 1.9943991271604133, 1.0], [0.009178597619715408, 0.011353080591824272, 1.5554102641938243, 1.0], [0.009178597619715421, 0.011353080591824383, 1.5554102641938314, 1.0], [0.009178597619715415, 0.01135308059182405, 1.5554102641938243, 1.0], [0.009178597619715415, 0.01135308059182416, 1.5554102641938314, 1.0], [0.009178597619715387, 0.011353080591824383, 1.5554102641938243, 1.0], [0.009178597619714846, 0.011353080591824272, 1.5554102641938243, 1.0], [0.009178597619715415, 0.011353080591824272, 1.5554102641938314, 1.0], [0.009178597619715428, 0.011353080591824383, 1.5554102641938243, 1.0], [0.0091785976197154, 0.01135308059182405, 1.5554102641938314, 1.0], [0.0091785976197154, 0.011353080591824272, 1.5554102641938243, 1.0], [0.011100880945616454, 0.009019793413051813, 1.454039110229317, 1.0], [0.01240080627390655, 0.007441930742656533, 1.3854878572371376, 1.0], [0.012400806273907106, 0.007441930742656755, 1.3854878572371305, 1.0], [0.012400806273907078, 0.007441930742656977, 1.3854878572371305, 1.0], [0.012400806273906578, 0.007441930742656422, 1.3854878572371376, 1.0], [0.012400806273907078, 0.007441930742656866, 1.3854878572371376, 1.0], [0.012400806273906578, 0.007441930742656644, 1.3854878572371305, 1.0], [0.012400806273907078, 0.007441930742656755, 1.3854878572371305, 1.0], [0.012400806273906578, 0.007441930742656755, 1.3854878572371376, 1.0], [0.012400806273907106, 0.007441930742656533, 1.3854878572371305, 1.0], [0.012400806273906495, 0.007441930742656755, 1.3854878572371305, 1.0], [0.012400806273907161, 0.007441930742656755, 1.3854878572371305, 1.0], [0.012743602578804192, 0.006600379827386149, 1.4524455262546567, 1.0], [0.013450631532215707, 0.0048646526495690345, 1.5905479794373463, 1.0], [0.013450631532215651, 0.0048646526495690345, 1.5905479794373605, 1.0], [0.013450631532215651, 0.004864652649569257, 1.5905479794373463, 1.0], [0.013450631532215707, 0.0048646526495688125, 1.5905479794373605, 1.0], [0.013450631532215707, 0.0048646526495690345, 1.5905479794373463, 1.0], [0.013450631532215707, 0.0048646526495690345, 1.5905479794373463, 1.0], [0.013450631532215596, 0.004864652649569257, 1.5905479794373463, 1.0], [0.013450631532215651, 0.0048646526495688125, 1.5905479794373605, 1.0], [0.013450631532215707, 0.0048646526495690345, 1.5905479794373463, 1.0], [0.013588681303082106, 0.004086976593902003, 1.6628579551918818, 1.0], [0.013967476704929371, 0.001953107684409483, 1.8612696305730339, 1.0], [0.013967476704929815, 0.001953107684409483, 1.861269630573048, 1.0], [0.013967476704929371, 0.001953107684409483, 1.8612696305730339, 1.0], [0.013967476704929926, 