{"text": "こ", "text_ids": [10], "strokes": [[[0.0, 0.0, 0.0, 1.0], [6.630380882224202e-05, -0.012481648227062232, 15.162108562038405, 1.0], [0.0037479570352954867, -0.012066198585714314, 0.719194576500545, 1.0], [0.003747957035294923, -0.012066198585714408, 0.719194576500545, 1.0], [0.0037479570352954746, -0.012066198585714456, 0.719194576500545, 1.0], [0.004150307861752942, -0.011731050691119765, 0.7902963808245111, 1.0], [0.01118924883429046, -0.0058677938217597675, 2.034189448183959, 1.0], [0.01118924883429101, -0.005867793821759809, 2.034189448183959, 1.0], [0.011189248834290462, -0.0058677938217597675, 2.034189448183959, 1.0], [0.011189248834290462, -0.0058677938217597675, 2.034189448183959, 1.0], [0.01118924883429101, -0.005867793821759795, 2.034189448183959, 1.0], [0.011312395238827502, -0.005580010061623883, 1.9777604805681968, 1.0], [0.011984180462528485, -0.004010099203023074, 1.6699305705073044, 1.0], [0.011984180462527916, -0.004010099203022879, 1.6699305705073009, 1.0], [0.011984180462528499, -0.00401009920302306, 1.6699305705073044, 1.0], [0.011984180462528471, -0.004010099203023074, 1.6699305705073044, 1.0], [0.011984180462527971, -0.004010099203022879, 1.6699305705073044, 1.0], [0.011984180462528471, -0.00401009920302306, 1.6699305705073044, 1.0], [0.011984180462528471, -0.00401009920302306, 1.6699305705072973, 1.0], [0.011984180462527944, -0.004010099203022893, 1.6699305705073044, 1.0], [0.011984180462528499, -0.00401009920302306, 1.6699305705073044, 1.0], [0.011984180462528443, -0.00401009920302306, 1.7298057016936426, 1.0], [0.011984180462528499, -0.00401009920302306, 1.7743012311700852, 1.0], [0.011984180462527971, -0.0040100992030228655, 1.774301231170078, 1.0], [0.011984180462528471, -0.0040100992030230875, 1.7743012311700852, 1.0], [0.011984180462528443, -0.00401009920302306, 1.7743012311700852, 1.0], [0.011984180462527971, -0.0040100992030228655, 1.7743012311700852, 1.0], [0.011984180462528526, -0.0040100992030230875, 1.7743012311700852, 1.0], [0.011984180462528415, -0.00401009920302306, 1.7743012311700852, 1.0], [0.011984180462527916, -0.0040100992030228655, 1.7743012311700852, 1.0], [0.011984180462528526, -0.00401009920302306, 1.7743012311700852, 1.0], [0.012438253400203936, -0.002245442554721505, 2.1807022657460777, 1.0], [0.012441711814298928, -0.002232002173408021, 2.1837975901969457, 1.0], [0.012441711814299483, -0.002232002173408104, 2.1837975901969457, 1.0], [0.012441711814299539, -0.0022320021734079376, 2.18379759019696, 1.0], [0.012441711814299539, -0.002232002173408104, 2.1837975901969315, 1.0], [0.012441711814299539, -0.002232002173408104, 2.1837975901969457, 1.0], [0.012441711814299428, -0.002232002173408104, 2.18379759019696, 1.0], [0.012481176859848231, -0.0016459302511908913, 2.295692734428556, 1.0], [0.012631596511060106, 0.0005878625367890244, 2.722177192597144, 1.0], [0.01263159651106005, 0.0005878625367891632, 2.722177192597158, 1.0], [0.012631596511060605, 0.0005878625367889967, 2.722177192597158, 1.0], [0.01263159651106005, 0.0005878625367891632, 2.722177192597158, 1.0], [0.01263159651106005, 0.0005878625367890244, 2.722177192597144, 1.0], [0.012631596511060106, 0.0005878625367891632, 2.7221771925971723, 1.0], [0.010758726528386942, 0.006545271423383653, 4.0788153773603, 1.0], [0.010686435864091237, 0.006775220672332993, 4.131180077789736, 1.0], [0.010686435864090682, 0.0067752206723330766, 4.13118007778975, 1.0], [0.010088534020900264, 0.007243579272666334, 4.23825675860941, 1.0], [0.004032010820769316, 0.011987877623986481, 5.322903693492023, 1.0], [0.004032010820769982, 0.011987877623986704, 5.3229036934920515, 1.0], [0.004032010820769205, 0.011987877623986468, 5.322903693492009, 1.0], [-0.00181803424614424, 0.01234612755689557, 3.254455716751579, 1.0], [-0.0024962944080543226, 0.012387663417683034, 3.014637759187309, 1.0], [-0.0024962944080537675, 0.012387663417682868, 3.0146377591872806, 1.0], [-0.0024962944080544336, 0.012387663417683034, 3.0146377591873375, 1.0], [-0.0024962944080536564, 0.01238766341768286, 3.014637759187309, 1.0], [-0.0030722738499190383, 0.012213950359335701, 3.426831820477446, 1.0], [-0.0047378704264756655, 0.011711613202389191, 4.618799740615401, 1.0], [-0.0047378704264755545, 0.011711613202389042, 4.618799740615373, 1.0], [-0.00473787042647511, 0.011711613202388997, 4.618799740615344, 1.0], [-0.005861719451434322, 0.011172110085786878, 0.956786824568411, 1.0], [-0.006155351386803121, 0.01103115223402281, 0.0, 1.0], [-0.006155351386803232, 0.011031152234022677, 0.0, 0.0]], [[0.0, 0.0, 0.0, 1.0], [-0.00694114480285421, 0.017157920288096817, 10.995890929867144, 1.0], [-0.0037593141631775268, 0.01806006527771753, 3.1294502367314987, 1.0], [-0.003050140414962141, 0.018261137432766583, 1.3761598001192823, 1.0], [0.0069852336457012915, 0.015236006657089907, 3.324219658828776, 1.0], [0.012685185673741897, 0.013517774711207742, 4.430690396767574, 1.0], [0.012685185673741897, 0.013517774711207853, 4.430690396767577, 1.0], [0.013632276007616503, 0.012268112389509866, 4.1727343601137825, 1.0], [0.01643925149142693, 0.00856437751376915, 3.4082072132405514, 1.0], [0.016439251491427446, 0.008564377513768817, 3.4082072132405514, 1.0], [0.016439251491426898, 0.008564377513768817, 3.4082072132405443, 1.0], [0.016439251491427474, 0.00856437751376904, 3.4082072132405514, 1.0], [0.016814029068771483, 0.007610701052808588, 3.190725644485468, 1.0], [0.017857122023169206, 0.004956398188024291, 2.585423978128837, 1.0], [0.017857122023169233, 0.004956398188024735, 2.585423978128837, 1.0], [0.017857122023169192, 0.004956398188024291, 2.585423978128837, 1.0], [0.01785712202316922, 0.004956398188024513, 2.585423978128844, 1.0], [0.01785712202316922, 0.004956398188024624, 2.585423978128844, 1.0], [0.017874174511023883, 0.004887971066986352, 2.5686384601490744, 1.0], [0.01808213594758265, 0.004053476856422211, 2.363932820587337, 1.0], [0.018082135947582623, 0.004053476856422322, 2.363932820587351, 1.0], [0.01808213594758265, 0.0040534768564221, 2.363932820587351, 1.0], [0.018082135947582623, 0.004053476856421989, 2.363932820587337, 1.0], [0.018082135947582678, 0.004053476856422433, 2.363932820587337, 1.0], [0.018082135947582623, 0.0040534768564221, 2.363932820587351, 1.0], [0.018082135947582678, 0.004053476856422322, 2.363932820587351, 1.0], [0.01844136771474908, 0.0015171917948967328, 2.284007088669597, 1.0], [0.01848833283765805, 0.0011856038048188022, 2.273557784999369, 1.0], [0.01848833283765805, 0.0011856038048190243, 2.273557784999383, 1.0], [0.01848833283765866, 0.0011856038048189133, 2.273557784999383, 1.0], [0.018488332837658106, 0.0011856038048189133, 2.273557784999383, 1.0], [0.018488332837657995, 0.0011856038048190243, 2.273557784999369, 1.0], [0.018488332837658106, 0.0011856038048189133, 2.273557784999383, 1.0], [0.018422591538963085, -0.000381984314830941, 2.167470687607633, 1.0], [0.01832685027121178, -0.002664915696855341, 2.0129724741881603, 1.0], [0.018326850271211836, -0.002664915696854897, 2.012972474188132, 1.0], [0.018326850271212336, -0.002664915696855341, 2.012972474188146, 1.0], [0.018326850271211892, -0.00266491569685523, 2.012972474188146, 1.0], [0.018326850271211725, -0.00266491569685523, 2.012972474188132, 1.0], [0.01832685027121239, -0.002664915696855008, 2.012972474188146, 1.0], [0.018326850271211836, -0.00266491569685523, 2.0129724741881603, 1.0], [0.017817389255001648, -0.004564306219503211, 2.1739461602613517, 1.0], [0.017216105906167956, -0.006806032000004847, 2.363932820587351, 1.0], [0.01721610590616729, -0.006806032000004625, 2.3639328205873227, 1.0], [0.017216105906167956, -0.006806032000005069, 2.363932820587351, 1.0], [0.017216105906167956, -0.006806032000004847, 2.363932820587351, 1.0], [0.017216105906167956, -0.006806032000004736, 2.363932820587337, 1.0], [0.017216105906167956, -0.006806032000005069, 2.363932820587337, 1.0], [0.0171184606814897, -0.007035043410596686, 2.4663150493319677, 1.0], [0.01685075003945069, -0.0076629163246668686, 2.74701297676188, 1.0],