{"text": "こ", "text_ids": [10], "strokes": [[[0.0, 0.0, 0.0, 1.0], [0.0012361614884665996, -0.009165920772139145, 7.21859076669058, 1.0], [0.0012361614884666152, -0.00916592077213926, 6.223618935888238, 1.0], [0.0035954399633429893, -0.006002564620961277, 2.5527621282235238, 1.0], [0.00913619147504207, 0.0014265585467048737, 3.331657276934113, 1.0], [0.009136191475042535, 0.0014265585467049466, 3.331657276934113, 1.0], [0.009136191475042073, 0.0014265585467048772, 3.3316572769341164, 1.0], [0.008797726430275793, 0.00278844218388773, 2.436996542725403, 1.0], [0.008650470819667952, 0.0033809553833178234, 2.0477574920771637, 1.0], [0.008650470819668417, 0.003380955383317898, 2.0477574920771637, 1.0], [0.008650470819667945, 0.003380955383317707, 2.04775749207716, 1.0], [0.008650470819668424, 0.0033809553833178975, 2.04775749207716, 1.0], [0.008650470819667952, 0.003380955383317707, 2.04775749207716, 1.0], [0.008650470819668424, 0.0033809553833178997, 2.04775749207716, 1.0], [0.008650470819667938, 0.0033809553833178234, 2.0477574920771673, 1.0], [0.008376883388289, 0.003958235083569204, 1.7787474155946157, 1.0], [0.007957960789090127, 0.004842177417011859, 1.3668337546396359, 1.0], [0.007957960789090168, 0.004842177417011864, 1.3668337546396359, 1.0], [0.007957960789090585, 0.004842177417012056, 1.366833754639643, 1.0], [0.007957960789090113, 0.004842177417011859, 1.3668337546396288, 1.0], [0.007957960789090168, 0.004842177417011866, 1.3668337546396359, 1.0], [0.00795796078909014, 0.004842177417011866, 1.366833754639643, 1.0], [0.00795796078909014, 0.004842177417011859, 1.3668337546396288, 1.0], [0.00795796078909014, 0.004842177417011866, 1.366833754639643, 1.0], [0.007957960789090113, 0.004842177417011977, 1.3668337546396359, 1.0], [0.007957960789090168, 0.0048421774170118725, 1.3668337546396359, 1.0], [0.00795796078909014, 0.004842177417011866, 1.3668337546396359, 1.0], [0.007328206493273343, 0.005725922701262709, 1.481461651837904, 1.0], [0.007044188084488451, 0.006124490731795648, 1.5331586917482198, 1.0], [0.007044188084488923, 0.006124490731795704, 1.5331586917482127, 1.0], [0.007044188084488423, 0.006124490731795759, 1.533158691748227, 1.0], [0.007044188084488923, 0.006124490731795718, 1.5331586917482127, 1.0], [0.007044188084488423, 0.006124490731795745, 1.533158691748227, 1.0], [0.007044188084488923, 0.006124490731795718, 1.5331586917482127, 1.0], [0.0070441880844884786, 0.006124490731795759, 1.533158691748227, 1.0], [0.007044188084488923, 0.006124490731795718, 1.533158691748227, 1.0], [0.007044188084488423, 0.006124490731795648, 1.5331586917482127, 1.0], [0.007044188084488923, 0.006124490731795829, 1.5331586917482127, 1.0], [0.0070441880844884786, 0.006124490731795634, 1.533158691748227, 1.0], [0.006922642508360444, 0.006263776743528876, 1.734515063437442, 1.0], [0.006916071785717293, 0.006271306509566477, 1.7454003371999676, 1.0], [0.006916071785717293, 0.006271306509566504, 1.7454003371999818, 1.0], [0.0069160717857168486, 0.006271306509566393, 1.7454003371999818, 1.0], [0.006916071785717348, 0.006271306509566504, 1.7454003371999818, 1.0], [0.006916071785717237, 0.006271306509566477, 1.7454003371999676, 1.0], [0.006916071785717348, 0.006271306509566504, 1.7454003371999818, 1.0], [0.0069160717857168486, 0.006271306509566421, 1.7454003371999818, 1.0], [0.006916071785717293, 0.006271306509566477, 1.7454003371999818, 1.0], [0.006638351287862665, 0.006525805535466722, 1.8728760918082799, 1.0], [0.005586164775084668, 0.007490013955932989, 2.355837453109629, 1.0], [0.005586164775084723, 0.0074900139559328505, 2.355837453109615, 1.0], [0.005586164775084668, 0.007490013955932989, 2.355837453109629, 1.0], [0.005586164775084668, 0.007490013955932878, 2.355837453109615, 1.0], [0.005586164775084668, 0.0074900139559328505, 2.3558374531096007, 1.0], [0.005586164775084224, 0.007490013955932934, 2.355837453109629, 1.0], [0.005586164775084668, 0.007490013955932989, 4.118348254160324, 1.0], [0.005586164775084668, 0.0074900139559327394, 4.449915189207076, 1.0], [0.005586164775084723, 0.0074900139559329615, 4.449915189207061, 1.0], [0.005503479609519135, 0.007525411679249305, 4.482398743611128, 1.0], [0.001716391662253014, 0.009146673370099612, 5.970187714305538, 1.0], [0.001716391662253569, 0.00914667337009939, 5.970187714305439, 1.0], [-0.00017071271317103953, 0.007308144057755095, 8.021799374469907, 1.0], [-0.008643512478560766, 0.00045988352393105947, 16.560515055042913, 1.0], [-0.007334361117357524, 0.005472555511663646, 13.349745567632738, 0.0]], [[0.0, 0.0, 0.0, 1.0], [-0.012313896121684431, 0.003984674970565649, 8.411838566520586, 1.0], [-0.011188781332220177, 0.006128986160398697, 4.859311969952843, 1.0], [0.0006741014166794512, 0.010391065436200608, 2.1964700987724335, 1.0], [0.006075303605600768, 0.011697530685144564, 2.1865533174567897, 1.0], [0.006075303605601212, 0.011697530685144786, 2.186553317456788, 1.0], [0.006075303605600713, 0.011697530685144564, 2.1865533174567915, 1.0], [0.006075303605600713, 0.011697530685144675, 2.1865533174567915, 1.0], [0.006750289627756478, 0.011176372277724167, 2.2372640037338236, 1.0], [0.009761467506275878, 0.008851434255129464, 2.4634892761244487, 1.0], [0.009761467506276378, 0.008851434255129575, 2.4634892761244487, 1.0], [0.009761467506276378, 0.008851434255129464, 2.4634892761244522, 1.0], [0.009761467506275906, 0.008851434255129464, 2.4634892761244416, 1.0], [0.009761467506276378, 0.008851434255129575, 2.4634892761244487, 1.0], [0.009761467506276378, 0.008851434255129575, 2.463489276124456, 1.0], [0.010417987167651022, 0.007789748326243906, 2.3761835156061792, 1.0], [0.01208681046907456, 0.00509102303109088, 2.15425887865576, 1.0], [0.012086810469074588, 0.005091023031090658, 2.15425887865576, 1.0], [0.012086810469074616, 0.005091023031090658, 2.1542588786557673, 1.0], [0.01208681046907506, 0.005091023031090658, 2.15425887865576, 1.0], [0.012086810469074616, 0.005091023031090547, 2.15425887865576, 1.0], [0.012086810469074616, 0.005091023031090547, 2.1542588786557673, 1.0], [0.012086810469074602, 0.005091023031090658, 2.1542588786557673, 1.0], [0.012341380837748273, 0.004246118598106197, 2.054260191883877, 1.0], [0.012737906537251542, 0.0029300725749622503, 1.8984995296030291, 1.0], [0.012737906537251528, 0.0029300725749623613, 1.8984995296030363, 1.0], [0.012737906537251542, 0.0029300725749624723, 1.8984995296030291, 1.0], [0.01273790653725107, 0.0029300725749622503, 1.8984995296030291, 1.0], [0.012737906537251521, 0.0029300725749623613, 1.8984995296030434, 1.0], [0.012737906537251556, 0.0029300725749622503, 1.8984995296030291, 1.0], [0.012737906537251525, 0.0029300725749624723, 1.8984995296030291, 1.0], [0.012737906537251553, 0.0029300725749622503, 1.8984995296030291, 1.0], [0.012731480466067601, 0.0029604935369441643, 1.9094095877347428, 1.0], [0.01272318632595203, 0.0029997579200978786, 1.9234912168090403, 1.0], [0.012723186325952034, 0.0029997579200982116, 1.9234912168090403, 1.0], [0.012723186325952505, 0.0029997579200979896, 1.9234912168090403, 1.0], [0.012723186325952096, 0.0029997579200978786, 1.9234912168090545, 1.0], [0.01272318632595204, 0.0029997579200979896, 1.9234912168090403, 1.0], [0.012723186325952027, 0.0029997579200982116, 1.9234912168090403, 1.0], [0.012723186325952068, 0.0029997579200979896, 1.9234912168090403, 1.0], [0.012755942957535557, 0.0027434567593765946, 1.9813578836070747, 1.0], [0.012999988513520161, 0.0008339454255102963, 2.4124798332422444, 1.0], [0.012999988513520272, 0.0008339454255099632, 2.4124798332422444, 1.0], [0.012999988513520216, 0.0008339454255102963, 2.4124798332422444, 1.0], [0.012999988513520189, 0.0008339454255101852, 2.41247983324223, 1.0], [0.012999988513520216, 0.0008339454255101852, 2.4124798332422444, 1.0], [0.012999988513520244, 0.0008339454255099632, 2.4124798332422444, 1.0], [0.012977532499898359, 0.0005838106680922106, 2.4630838385053693, 1.0], [0.012686569196890762, -0.0026571935654077228, 3.1187615899010552, 1.0], [0.012686569196890235, 