{"text": "こ", "text_ids": [10], "strokes": [[[0.0, 0.0, 0.0, 1.0], [-0.015168706343787874, -0.010847127962274687, 14.902888036435153, 1.0], [-0.006451779276483126, -0.005945879388697927, 19.40203877652298, 1.0], [0.018951684454026285, 0.0014886586384511846, 13.988158231337067, 1.0], [0.01851257637325899, -0.002844511210220637, 6.524492281321052, 1.0], [0.018512576373258798, -0.0028445112102206647, 6.524492281321052, 1.0], [0.018455442271042566, -0.0030748636882124945, 4.605747150230243, 1.0], [0.018416167465374875, -0.0032332113029839293, 3.2867740811700514, 1.0], [0.01841616746537489, -0.00323321130298403, 3.286774081170037, 1.0], [0.01841616746537489, -0.003233211302984023, 3.2867740811700514, 1.0], [0.01841616746537489, -0.0032332113029840334, 3.286774081170037, 1.0], [0.018790254621819547, -0.0012408681126836463, 2.6944507582673367, 1.0], [0.018932414934392905, -0.00048373939065386035, 2.469356506091728, 1.0], [0.018932414934392905, -0.00048373939065375626, 2.4693565060917138, 1.0], [0.018932414934392988, -0.00048373939065386035, 2.469356506091728, 1.0], [0.018932414934392905, -0.0004837393906537632, 2.4693565060917138, 1.0], [0.018932414934392905, -0.00048373939065377014, 2.469356506091728, 1.0], [0.018932414934392933, -0.00048373939065384647, 2.4693565060917138, 1.0], [0.019004577861227445, 0.0002682927622641926, 2.5981978214440318, 1.0], [0.019018298341413276, 0.000411278124777259, 2.622694675881476, 1.0], [0.019018298341413664, 0.0004112781247773145, 2.622694675881462, 1.0], [0.01901829834141361, 0.00041127812477730064, 2.6226946758814904, 1.0], [0.01901829834141322, 0.0004112781247772798, 2.622694675881462, 1.0], [0.01901829834141361, 0.00041127812477730064, 2.6226946758814904, 1.0], [0.01903332210115294, 0.0011811935938191992, 2.7466851151503278, 1.0], [0.019060221997815874, 0.002559719802654112, 2.9686887987362383, 1.0], [0.01906022199781593, 0.002559719802654112, 2.9686887987362383, 1.0], [0.01906022199781593, 0.0025597198026541187, 2.9686887987362383, 1.0], [0.01906022199781593, 0.0025597198026541187, 2.9686887987362383, 1.0], [0.01906022199781593, 0.0025597198026541257, 2.9686887987362383, 1.0], [0.019060221997815874, 0.002559719802654112, 3.265791601803926, 1.0], [0.019060221997815874, 0.0025597198026541257, 3.4388431333777305, 1.0], [0.019060221997815985, 0.002559719802654112, 3.438843133377702, 1.0], [0.019060221997815874, 0.002559719802654112, 3.4388431333777305, 1.0], [0.019060221997815874, 0.002559719802654112, 3.4388431333777305, 1.0], [0.017893131368758475, 0.0084114230775547, 4.974219987771846, 1.0], [0.017868338549778984, 0.008535732378308254, 5.006836409725707, 1.0], [0.017868338549779095, 0.00853573237830816, 5.006836409725707, 1.0], [0.015879127407009253, 0.011763165392443282, 6.159867265952414, 1.0], [0.01446122765432678, 0.014063663501541673, 6.98174189289719, 1.0], [0.010828371525023472, 0.01564636042557859, 6.904507557828879, 1.0], [0.0020262985968939606, 0.019481088048323457, 6.717375938620592, 1.0], [0.0020262985968938496, 0.01948108804832356, 6.71737593862062, 1.0], [-0.0016307257158535426, 0.019048087906553907, 5.5966065299339505, 1.0], [-0.002776732869187337, 0.018912398007492323, 5.245389351771934, 1.0], [-0.0027767328691876703, 0.01891239800749217, 5.245389351771934, 1.0], [-0.007565055592276493, 0.016311320705889754, 4.842090173865245, 1.0], [-0.011976947737214139, 0.01391472524251769, 4.470496073391047, 1.0], [-0.011976947737214583, 0.013914725242517634, 4.470496073391047, 1.0], [-0.011976947737214139, 0.01391472524251769, 4.470496073391047, 1.0], [-0.013098421607122157, 0.012803408767200042, 3.975378490263097, 1.0], [-0.013168184537636018, 0.012734277692347334, 3.9445789732395724, 1.0], [-0.013168184537635685, 0.012734277692347362, 3.944578973239601, 1.0], [-0.013168184537635574, 0.012734277692347418, 3.9445789732395724, 1.0], [-0.014132653970170383, 0.011586783937164336, 3.944578973243864, 1.0], [-0.014694909565983516, 0.010917830870070644, 3.9445789732463368, 1.0], [-0.014694909565983627, 0.01091783087007081, 3.9445789732463084, 1.0], [-0.014694909565983627, 0.010917830870070644, 3.9445789732463368, 1.0], [-0.014203285452457304, 0.011502748941228547, 3.8698611716830555, 1.0], [-0.013168184537635741, 0.012734277692347418, 3.7125449159834716, 1.0], [-0.013168184537635574, 0.012734277692347362, 3.7125449159834147, 1.0], [-0.013168184537635685, 0.012734277692347362, 3.7125449159834716, 1.0], [-0.013177870147265014, 0.012723357944191993, 3.8734405805280403, 1.0], [-0.013955629260020641, 0.01184649691406614, 16.793439846551564, 0.0]], [[0.06013211555263115, 0.8275532720418941, 0.0, 1.0], [-0.012927591667377572, -0.0017361294320393794, 15.160565232145938, 1.0], [-0.012437887691782341, 0.0022609929429316944, 4.235989088023086, 1.0], [-0.007976889570455014, 0.00538737416191859, 3.926376448303728, 1.0], [0.0036530834247440296, 0.012975977559128493, 4.794191674914053, 1.0], [0.005922204906148559, 0.012092438952424622, 5.795590585778328, 1.0], [0.007389747650405565, 0.01152101486510071, 6.443240223662023, 1.0], [0.007389747650405544, 0.011521014865100598, 6.443240223662023, 1.0], [0.010615791102939302, 0.008511588998611264, 3.5092897676310884, 1.0], [0.010719566425435874, 0.008414781827716156, 3.4149104887267185, 1.0], [0.010719566425435909, 0.008414781827716045, 3.4149104887267328, 1.0], [0.010719566425435867, 0.008414781827716156, 3.4149104887267185, 1.0], [0.010719566425435909, 0.008414781827716045, 3.4149104887267256, 1.0], [0.011747130194759606, 0.006657282972064915, 2.34249886231904, 1.0], [0.011756811851607485, 0.006640723901631285, 2.3323946510993636, 1.0], [0.01175681185160779, 0.006640723901630952, 2.332394651099378, 1.0], [0.011756811851607846, 0.006640723901631063, 2.332394651099378, 1.0], [0.011756811851607846, 0.006640723901631063, 2.332394651099378, 1.0], [0.01175681185160743, 0.006640723901630952, 2.3323946510993636, 1.0], [0.011837380208693737, 0.006433065303481755, 2.2987666454696836, 1.0], [0.012372950061353777, 0.005052676167633829, 2.0752279427856735, 1.0], [0.012372950061354165, 0.005052676167633607, 2.0752279427856877, 1.0], [0.012372950061353805, 0.005052676167633829, 2.0752279427856877, 1.0], [0.012372950061353749, 0.005052676167633607, 2.0752279427856735, 1.0], [0.012372950061354193, 0.005052676167633829, 2.0752279427856877, 1.0], [0.012372950061353805, 0.005052676167633829, 2.0752279427856877, 1.0], [0.012372950061353805, 0.005052676167633718, 2.0752279427856877, 1.0], [0.012372950061354138, 0.005052676167633718, 2.0752279427856735, 1.0], [0.012847474489614819, 0.0026581884388108268, 1.7985271426848755, 1.0], [0.01287835888183897, 0.002502343357320358, 1.7805180887143166, 1.0], [0.012878358881838636, 0.002502343357320136, 1.7805180887143024, 1.0], [0.01287835888183897, 0.002502343357320358, 1.7805180887143024, 1.0], [0.012878358881838692, 0.002502343357320136, 1.7805180887143024, 1.0], [0.01287835888183897, 0.002502343357320358, 1.7805180887143024, 1.0], [0.01287835888183858, 0.002502343357319914, 1.7805180887143166, 1.0], [0.01287835888183908, 0.002502343357320358, 1.7805180887143024, 1.0], [0.01287835888183858, 0.002502343357320358, 1.7805180887143024, 1.0], [0.012771755185586653, -0.0007073428723132213, 2.09065604907191, 1.0], [0.012766467622036093, -0.0008665439179769141, 2.106038950719153, 1.0], [0.012766467622036592, -0.0008665439179769141, 2.106038950719139, 1.0], [0.012766467622036537, -0.0008665439179769141, 2.106038950719139, 1.0], [0.012766467622036204, -0.0008665439179769141, 2.106038950719139, 1.0], [0.012766467622036592, -0.0008665439179769141, 2.106038950719139, 1.0], [0.01276646762203626, -0.0008665439179766921, 2.106038950719139, 1.0], [0.012766467622036481, -0.0008665439179769141, 2.106038950719139, 1.0], [0.01245180108182109, -0.0023010057468606515, 2.4943259560695594, 1.0], [0.012409183634927823, -0.002495284747009885, 2.5469143272981114, 1.0], [0.0124091836349276, -0.002495284747009663, 2.546914327298083, 1.0], [0.012409183634927934, -0.002495284747009885, 