{"text": "さ", "text_ids": [11], "strokes": [[[0.0, 0.0, 0.0, 1.0], [-0.011344718641595926, -0.004505374241604073, 5.133288876562245, 1.0], [-0.011344718641596294, -0.00450537424160395, 5.133288876562245, 1.0], [-0.0005165444068653685, -0.002791477850336739, 7.274107949186391, 1.0], [0.01181662943709873, -0.0008393683177576588, 9.712477818269523, 1.0], [0.011816629437099114, -0.0008393683177576848, 9.712477818269523, 1.0], [0.011653999934091467, -0.0012305077801937625, 9.237940631243958, 1.0], [0.009487340514975733, -0.0064415302871937245, 2.915837648851692, 1.0], [0.009487340514975743, -0.006441530287193631, 2.915837648851692, 1.0], [0.009487340514975743, -0.006441530287193638, 2.9158376488516993, 1.0], [0.009487340514976114, -0.006441530287193652, 2.915837648851692, 1.0], [0.009487340514975733, -0.006441530287193728, 2.915837648851692, 1.0], [0.009516799292065059, -0.0064007855823390095, 2.615436466513202, 1.0], [0.009610295059078053, -0.006271470729230219, 1.6620282897573446, 1.0], [0.009610295059078053, -0.006271470729230219, 1.6620282897573588, 1.0], [0.009610295059078053, -0.006271470729230219, 1.6620282897573446, 1.0], [0.009610295059078039, -0.006271470729230136, 1.6620282897573588, 1.0], [0.009610295059078441, -0.006271470729230247, 1.6620282897573446, 1.0], [0.009610295059077678, -0.006271470729230191, 1.6620282897573588, 1.0], [0.009610295059078039, -0.006271470729230219, 1.6620282897573446, 1.0], [0.009610295059078067, -0.006271470729230122, 1.6620282897573588, 1.0], [0.009610295059078428, -0.006271470729230247, 1.6620282897573446, 1.0], [0.00998246035118383, -0.005697264348850831, 1.5358984847984942, 1.0], [0.010217615209465541, -0.005334448624583529, 1.4562026156797714, 1.0], [0.010217615209465902, -0.005334448624583557, 1.4562026156797714, 1.0], [0.010217615209465541, -0.005334448624583543, 1.4562026156797856, 1.0], [0.010217615209465875, -0.005334448624583571, 1.4562026156797714, 1.0], [0.010217615209465541, -0.005334448624583515, 1.4562026156797714, 1.0], [0.01021761520946557, -0.005334448624583543, 1.4562026156797714, 1.0], [0.010217615209465847, -0.005334448624583571, 1.4562026156797714, 1.0], [0.010217615209465597, -0.005334448624583515, 1.4562026156797714, 1.0], [0.010217615209465902, -0.005334448624583571, 1.4562026156797856, 1.0], [0.01021761520946557, -0.005334448624583515, 1.4562026156797714, 1.0], [0.010217615209465847, -0.005334448624583571, 1.4562026156797714, 1.0], [0.009953951724470889, -0.0057619287840757205, 1.4296604548491558, 1.0], [0.009936703635492594, -0.005789893277633462, 1.4279241448261644, 1.0], [0.00993670363549265, -0.005789893277633462, 1.4279241448261502, 1.0], [0.009936703635492261, -0.005789893277633379, 1.4279241448261644, 1.0], [0.00993670363549265, -0.005789893277633462, 1.4279241448261502, 1.0], [0.009936703635492206, -0.005789893277633434, 1.4279241448261644, 1.0], [0.009936703635492594, -0.00578989327763349, 1.4279241448261644, 1.0], [0.009936703635492261, -0.005789893277633434, 1.4279241448261502, 1.0], [0.009936703635492594, -0.005789893277633462, 1.4279241448261644, 1.0], [0.009936703635492594, -0.005789893277633462, 1.4279241448261644, 1.0], [0.009936703635492261, -0.005789893277633462, 1.4279241448261502, 1.0], [0.009916660489136808, -0.005818355552643567, 1.452263286429357, 1.0], [0.009333090058561144, -0.006647054888970577, 2.160914667465292, 1.0], [0.009333090058560811, -0.006647054888970549, 2.160914667465306, 1.0], [0.009333090058561144, -0.006647054888970605, 2.160914667465292, 1.0], [0.009333090058561144, -0.006647054888970494, 2.160914667465292, 1.0], [0.009333090058560867, -0.006647054888970549, 2.160914667465306, 1.0], [0.009333090058561144, -0.006647054888970494, 2.160914667465292, 1.0], [0.009333090058561144, -0.006647054888970605, 2.160914667465306, 1.0], [0.009358721277633097, -0.006612903637717882, 2.257856572959099, 1.0], [0.009487340514975795, -0.006441530287193631, 2.744317787154529, 1.0], [0.00948734051497574, -0.006441530287193631, 2.744317787154529, 1.0], [0.00948734051497574, -0.006441530287193631, 2.744317787154529, 1.0], [0.009487340514975684, -0.006441530287193742, 2.744317787154529, 1.0], [0.009487340514976017, -0.006441530287193631, 2.744317787154557, 1.0], [0.008695179598768976, -0.007268830854068653, 4.199450266371969, 1.0], [0.007129281256616271, -0.008904191245659998, 7.075872834313884, 1.0], [0.007129281256616271, -0.008904191245659998, 7.075872834313884, 1.0], [-0.001144052332469614, -0.011563345590839158, 13.657670184608804, 1.0], [-0.008019045107763079, -0.008520923853121365, 3.8135319639047793, 0.0]], [[0.0, 0.0, 0.0, 1.0], [-0.014059662375740856, -0.004340116964638596, 5.953796852083025, 1.0], [-0.014059662375740495, -0.004340116964638652, 5.953796852083025, 1.0], [-0.013911027144248467, -0.0016108528158718105, 16.247633546672297, 1.0], [0.006514516590356734, 0.013174765086180096, 12.16674083260298, 1.0], [0.007074079903034047, 0.012908562235696586, 8.072956119065964, 1.0], [0.007563733297850178, 0.01267561785479121, 4.490634803109366, 1.0], [0.00756373329785015, 0.012675617854791155, 4.490634803109359, 1.0], [0.00756373329785015, 0.01267561785479121, 4.490634803109359, 1.0], [0.008253048193602258, 0.012281867330847018, 3.286880831075152, 1.0], [0.008274114812597821, 0.012269833654629747, 3.2500920913430775, 1.0], [0.008274114812597488, 0.012269833654629747, 3.2500920913430633, 1.0], [0.008274114812597877, 0.012269833654629692, 3.2500920913430775, 1.0], [0.008274114812597794, 0.012269833654629747, 3.2500920913430633, 1.0], [0.007524760153249099, 0.01268513366270374, 2.5097175497534323, 1.0], [0.00726109503710709, 0.012831259563832742, 2.24921214412025, 1.0], [0.007261095037107035, 0.012831259563832742, 2.249212144120264, 1.0], [0.007261095037107146, 0.012831259563832853, 2.24921214412025, 1.0], [0.007261095037107035, 0.012831259563832714, 2.24921214412025, 1.0], [0.007261095037107035, 0.012831259563832825, 2.24921214412025, 1.0], [0.007261095037107146, 0.012831259563832714, 2.249212144120264, 1.0], [0.007166484508190574, 0.012875852021363321, 2.1852881549450984, 1.0], [0.006739886652222138, 0.013076918932126286, 1.8970555761892882, 1.0], [0.006739886652222471, 0.013076918932126175, 1.897055576189274, 1.0], [0.006739886652222138, 0.013076918932126314, 1.8970555761893024, 1.0], [0.0067398866522225265, 0.01307691893212623, 1.897055576189274, 1.0], [0.006739886652222138, 0.013076918932126202, 1.8970555761892882, 1.0], [0.006739886652222471, 0.013076918932126175, 1.8970555761892882, 1.0], [0.006739886652222082, 0.013076918932126286, 1.8970555761892882, 1.0], [0.006739886652222582, 0.01307691893212616, 1.897055576189274, 1.0], [0.006075355326661203, 0.013344670759893276, 1.9329506058998192, 1.0], [0.005850760848354786, 0.013435163983854165, 1.9450822017502105, 1.0], [0.005850760848354286, 0.013435163983854276, 1.9450822017502105, 1.0], [0.00585076084835473, 0.013435163983854158, 1.9450822017502105, 1.0], [0.005850760848354342, 0.013435163983854186, 1.9450822017502247, 1.0], [0.00585076084835473, 0.013435163983854154, 1.9450822017502105, 1.0], [0.005850760848354342, 0.013435163983854184, 1.9450822017502105, 1.0], [0.00585076084835473, 0.013435163983854158, 1.9450822017502105, 1.0], [0.005843447321329964, 0.013437500527876494, 1.9482702472551523, 1.0], [0.004863516294872361, 0.013750571358736464, 2.3754327768323265, 1.0], [0.004863516294872694, 0.01375057135873646, 2.3754327768323265, 1.0], [0.004863516294872305, 0.013750571358736467, 2.3754327768323265, 1.0], [0.004863516294872694, 0.013750571358736342, 2.3754327768323265, 1.0], [0.004863516294872805, 0.013750571358736446, 2.3754327768323265, 1.0], [0.004863516294872305, 0.013750571358736474, 2.3754327768323265, 1.0], [0.004863516294872694, 0.013750571358736446, 2.3754327768323265, 1.0], [0.004214654270517926, 0.013911248744438887, 2.4118886620417186, 1.0], [0.004100882564769426, 0.013939421976282451, 2.4182808503485944, 1.0], [0.00410088256476937, 0.013939421976282451, 2.4182808503485944, 1.0], 