{"text": "さ", "text_ids": [11], "strokes": [[[0.0, 0.0, 0.0, 1.0], [0.0038165649679498675, -0.006515022418409392, 18.637279426390528, 1.0], [0.010913213349030318, -0.0011468591447891634, 10.20167272021708, 1.0], [0.010531789134703885, -0.002678975330190003, 2.9199567963062343, 1.0], [0.010531789134704261, -0.002678975330189931, 2.919956796306238, 1.0], [0.0105317891347039, -0.0026789753301899154, 2.9199567963062307, 1.0], [0.010531789134704268, -0.002678975330189931, 2.919956796306238, 1.0], [0.010531789134703887, -0.002678975330190004, 2.9199567963062307, 1.0], [0.010345284903794369, -0.0031409391900948207, 2.224846088419575, 1.0], [0.01013097428773757, -0.003671778404459484, 1.4260995757661732, 1.0], [0.010130974287737585, -0.0036717784044594873, 1.426099575766166, 1.0], [0.01013097428773796, -0.003671778404459411, 1.4260995757661732, 1.0], [0.01013097428773757, -0.0036717784044594803, 1.426099575766166, 1.0], [0.01013097428773757, -0.0036717784044594873, 1.426099575766166, 1.0], [0.010130974287737987, -0.003671778404459411, 1.4260995757661732, 1.0], [0.01013097428773757, -0.0036717784044594873, 1.426099575766166, 1.0], [0.01013097428773796, -0.003671778404459501, 1.426099575766166, 1.0], [0.01013097428773757, -0.003671778404459397, 1.4260995757661732, 1.0], [0.010130974287737599, -0.0036717784044594803, 1.426099575766166, 1.0], [0.010130974287737932, -0.003671778404459404, 1.426099575766166, 1.0], [0.010293765406700073, -0.0032824532686927116, 1.3259533747329897, 1.0], [0.010429845531488319, -0.0029570091449831054, 1.2422393022421687, 1.0], [0.01042984553148868, -0.0029570091449831193, 1.2422393022421758, 1.0], [0.010429845531488346, -0.0029570091449831054, 1.2422393022421687, 1.0], [0.010429845531488652, -0.0029570091449832164, 1.2422393022421687, 1.0], [0.010429845531488319, -0.0029570091449830915, 1.2422393022421687, 1.0], [0.01042984553148868, -0.002957009144983133, 1.242239302242183, 1.0], [0.010429845531488291, -0.0029570091449831054, 1.2422393022421687, 1.0], [0.010429845531488624, -0.0029570091449832026, 1.2422393022421687, 1.0], [0.010429845531488346, -0.0029570091449831054, 1.2422393022421687, 1.0], [0.01042984553148868, -0.0029570091449831193, 1.2422393022421687, 1.0], [0.010429845531488346, -0.0029570091449831054, 1.242239302242183, 1.0], [0.010429845531488624, -0.0029570091449832026, 1.2422393022421687, 1.0], [0.010184998818242696, -0.0035315519923098254, 1.4099265416773648, 1.0], [0.01006150013541307, -0.0038213467129876305, 1.4945066159737905, 1.0], [0.010061500135413515, -0.0038213467129876583, 1.4945066159737763, 1.0], [0.01006150013541307, -0.0038213467129876305, 1.4945066159737763, 1.0], [0.01006150013541357, -0.0038213467129876444, 1.4945066159737905, 1.0], [0.01006150013541307, -0.0038213467129877277, 1.4945066159737763, 1.0], [0.010061500135413515, -0.0038213467129876444, 1.4945066159737905, 1.0], [0.01006150013541307, -0.0038213467129876166, 1.4945066159737763, 1.0], [0.010061500135413515, -0.003821346712987672, 1.4945066159737905, 1.0], [0.01006150013541307, -0.0038213467129876166, 1.4945066159737763, 1.0], [0.010061500135413515, -0.0038213467129877554, 1.4945066159737905, 1.0], [0.00990717467810548, -0.004112165210939656, 1.627927945226915, 1.0], [0.009528845582479462, -0.0048251072053531185, 1.9550105388200194, 1.0], [0.00952884558247924, -0.004825107205353146, 1.9550105388200336, 1.0], [0.009528845582479517, -0.004825107205353063, 1.9550105388200194, 1.0], [0.00952884558247935, -0.004825107205353146, 1.9550105388200336, 1.0], [0.00952884558247924, -0.004825107205353146, 1.9550105388200336, 1.0], [0.009528845582479573, -0.004825107205353174, 1.9550105388200336, 1.0], [0.009528845582479128, -0.004825107205353035, 1.9550105388200336, 1.0], [0.009528845582479573, -0.004825107205353146, 1.9550105388200336, 1.0], [0.009481921150380046, -0.004903390065124635, 2.5898140722688083, 1.0], [0.009449864666540853, -0.004956869097621747, 3.0234808914641036, 1.0], [0.009449864666541408, -0.004956869097621747, 3.0234808914641036, 1.0], [0.009449864666541075, -0.004956869097621747, 3.023480891464118, 1.0], [0.009449864666540964, -0.004956869097621719, 3.0234808914641036, 1.0], [0.009449864666540853, -0.004956869097621747, 3.0234808914640894, 1.0], [0.009176293245790834, -0.005386404016430979, 4.144957739777368, 1.0], [0.009168257689968096, -0.005399020655290743, 4.17789864345022, 1.0], [0.009168257689967652, -0.005399020655290632, 4.17789864345022, 1.0], [0.007636742110097128, -0.00619519040795069, 7.807685568456634, 1.0], [-0.0016331198239277755, -0.011014197005210918, 12.77783336646317, 0.0]], [[0.0, 0.0, 0.0, 1.0], [-0.01509784975979156, -0.004993642301185264, 5.415447162798039, 1.0], [-0.015097849759791171, -0.004993642301185208, 5.415447162798039, 1.0], [-0.01529913476940803, -0.0005023396975933903, 2.5983087208023683, 1.0], [-0.012919424537855384, 0.0027446125884261763, 5.041353919419874, 1.0], [0.0022658228513684486, 0.015281315490898117, 25.112648326540675, 1.0], [0.007273096031572501, 0.01404709440748092, 9.350350348340612, 1.0], [0.007806301414579775, 0.013915666921538866, 7.671883480630555, 1.0], [0.007255161428872725, 0.014155932262668258, 5.213998229766588, 1.0], [0.007005084193127009, 0.014264951557063893, 4.098744092424354, 1.0], [0.007005084193127009, 0.014264951557063865, 4.09874409242434, 1.0], [0.007005084193127009, 0.01426495155706392, 4.09874409242434, 1.0], [0.007492628660999812, 0.01405652431831042, 3.210552066185528, 1.0], [0.007626758993278304, 0.013999183056882802, 2.966197962186669, 1.0], [0.007626758993278471, 0.013999183056882691, 2.966197962186669, 1.0], [0.007626758993277916, 0.013999183056882775, 2.966197962186669, 1.0], [0.007626758993278415, 0.013999183056882789, 2.966197962186669, 1.0], [0.007653488224382665, 0.013986321994511927, 2.944290962823004, 1.0], [0.008131074441300568, 0.013756526154173263, 2.552866274647954, 1.0], [0.008131074441300956, 0.013756526154173138, 2.5528662746479682, 1.0], [0.008131074441301012, 0.013756526154173249, 2.552866274647954, 1.0], [0.008131074441300956, 0.013756526154173151, 2.5528662746479682, 1.0], [0.008131074441300956, 0.013756526154173242, 2.5528662746479682, 1.0], [0.008131074441300568, 0.013756526154173162, 2.552866274647954, 1.0], [0.007645475702685645, 0.013987487474441592, 2.446719611822232, 1.0], [0.007512899434107101, 0.014050543630877438, 2.417739865046883, 1.0], [0.0075128994341073785, 0.014050543630877328, 2.4177398650468973, 1.0], [0.00751289943410699, 0.014050543630877443, 2.4177398650468973, 1.0], [0.007512899434106934, 0.014050543630877342, 2.417739865046869, 1.0], [0.007512899434107045, 0.014050543630877446, 2.4177398650468973, 1.0], [0.0075128994341073785, 0.014050543630877328, 2.417739865046883, 1.0], [0.007410194157613181, 0.014095662491614883, 3.256371144513281, 1.0], [0.007376717285648149, 0.014110369022531877, 3.5297237211973425, 1.0], [0.007376717285648093, 0.014110369022532002, 3.5297237211973425, 1.0], [0.007376717285648149, 0.01411036902253196, 3.529723721197371, 1.0], [0.007376717285648093, 0.014110369022532016, 3.5297237211973425, 1.0], [0.0037716758430791364, 0.015101942797086737, 3.4370997282802875, 1.0], [0.0035331223481626095, 0.015167557407391702, 3.430970595626576, 1.0], [0.0035331223481621654, 0.015167557407391896, 3.4309705956266043, 1.0], [0.0035331223481621654, 0.015167557407391896, 3.430970595626576, 1.0], [0.0035331223481622764, 0.015167557407391868, 3.430970595626576, 1.0], [-0.001440199762545502, 0.015005909468578604, 4.693642896712447, 1.0], [-0.0015258549897091411, 0.01500312541586496, 4.71538982570172, 1.0], [-0.001525854989708808, 0.015003125415864682, 4.715389825701692, 1.0], [-0.006085539345185076, 0.012833125761540276, 5.380436221951726, 1.0], [-0.009255129631261183, 0.0113246858589241, 5.842732388310765, 1.0], [-0.00925512963126146, 0.01132468585892421, 5.8427323883108215, 1.0], [-0.010390607176448352, 0.010257573852587965, 4.513155336907232, 1.0], [-0.010924148447114146, 0.00975615636686461, 3.888410063466182, 1.0], 