{"text": "さ", "text_ids": [11], "strokes": [[[0.0, 0.0, 0.0, 1.0], [-0.002083984354930538, -0.016227377617618995, 13.672061400148309, 1.0], [0.00797365919847156, -0.013182906365861967, 7.007150525761581, 1.0], [0.010037598126468575, -0.012558147425230714, 5.639437608492166, 1.0], [0.011788530450910148, -0.010257309802622641, 4.3741717535764515, 1.0], [0.015080414344435428, -0.005931562767312534, 1.9953771932820636, 1.0], [0.01508041434443546, -0.0059315627673123955, 1.9953771932820672, 1.0], [0.015080414344435425, -0.005931562767312534, 1.9953771932820672, 1.0], [0.015080414344435439, -0.005931562767312409, 1.9953771932820672, 1.0], [0.015080414344435439, -0.005931562767312534, 1.9953771932820672, 1.0], [0.015080414344435453, -0.0059315627673123955, 1.9953771932820672, 1.0], [0.015080414344435439, -0.005931562767312534, 1.9953771932820672, 1.0], [0.015080414344435966, -0.005931562767312451, 1.9953771932820672, 1.0], [0.015605704003882087, -0.0044816428278232345, 1.6616583907937823, 1.0], [0.015715189557890308, -0.004179437587367288, 1.5921017427307405, 1.0], [0.015715189557890863, -0.004179437587367177, 1.5921017427307333, 1.0], [0.015715189557890308, -0.004179437587367288, 1.5921017427307476, 1.0], [0.015715189557890252, -0.004179437587367274, 1.5921017427307405, 1.0], [0.015715189557890336, -0.004179437587367288, 1.5921017427307405, 1.0], [0.015715189557890363, -0.004179437587367274, 1.5921017427307405, 1.0], [0.015715189557890807, -0.004179437587367191, 1.5921017427307476, 1.0], [0.015715189557890308, -0.004179437587367274, 1.5921017427307405, 1.0], [0.015715189557890308, -0.004179437587367302, 1.5921017427307333, 1.0], [0.01577862548548803, -0.003917396938654338, 1.5808175574523062, 1.0], [0.01613862874659766, -0.002430298197414832, 1.5167790282931293, 1.0], [0.01613862874659716, -0.002430298197414943, 1.5167790282931293, 1.0], [0.016138628746597716, -0.002430298197414832, 1.5167790282931293, 1.0], [0.01613862874659716, -0.002430298197414804, 1.5167790282931293, 1.0], [0.01613862874659716, -0.002430298197414915, 1.5167790282931293, 1.0], [0.016138628746597772, -0.002430298197414832, 1.5167790282931293, 1.0], [0.01613862874659716, -0.002430298197414804, 1.5167790282931293, 1.0], [0.016138628746597716, -0.0024302981974149707, 1.5167790282931293, 1.0], [0.01613862874659716, -0.002430298197414804, 1.5167790282931293, 1.0], [0.01613862874659716, -0.0024302981974147764, 1.5167790282931293, 1.0], [0.015884081610081868, -0.003481779578811628, 1.5620586854104346, 1.0], [0.015715189557890363, -0.004179437587367274, 1.5921017427307333, 1.0], [0.015715189557890752, -0.004179437587367302, 1.5921017427307476, 1.0], [0.01571518955789042, -0.004179437587367274, 1.5921017427307476, 1.0], [0.015715189557890197, -0.004179437587367302, 1.5921017427307333, 1.0], [0.01571518955789042, -0.004179437587367163, 1.5921017427307476, 1.0], [0.015715189557890308, -0.004179437587367246, 1.5921017427307476, 1.0], [0.015715189557890752, -0.004179437587367357, 1.5921017427307333, 1.0], [0.015715189557890308, -0.004179437587367246, 1.5921017427307476, 1.0], [0.01571518955789042, -0.004179437587367302, 1.5921017427307476, 1.0], [0.015715189557890197, -0.004179437587367135, 1.5921017427307333, 1.0], [0.015129017450580595, -0.005797407046837566, 1.9644994288176179, 1.0], [0.015080414344435966, -0.005931562767312548, 1.9953771932820672, 1.0], [0.015080414344435522, -0.005931562767312409, 1.9953771932820672, 1.0], [0.015080414344435411, -0.005931562767312576, 1.9953771932820672, 1.0], [0.015080414344435411, -0.005931562767312354, 1.9953771932820672, 1.0], [0.015080414344435522, -0.005931562767312548, 1.9953771932820672, 1.0], [0.015080414344435411, -0.005931562767312437, 1.9953771932820672, 1.0], [0.015080414344435411, -0.005931562767312493, 1.9953771932820814, 1.0], [0.01485053511782597, -0.006416534430808252, 2.481888206003404, 1.0], [0.014511040105222639, -0.007132760352737633, 3.200387501618593, 1.0], [0.01451104010522275, -0.007132760352737411, 3.200387501618593, 1.0], [0.014511040105222639, -0.007132760352737633, 3.200387501618593, 1.0], [0.014511040105222861, -0.007132760352737466, 3.2003875016185788, 1.0], [0.015226024745227051, -0.004868330174177149, 4.843200953253358, 1.0], [0.016279291759033976, -0.001532524789423173, 7.263282618828811, 1.0], [0.016229097844827067, -0.0010591546199489321, 7.628870120253538, 1.0], [0.01549262733583423, 0.005886372047369581, 12.992954940395123, 1.0], [0.005363676231752712, 0.013698015622134463, 13.505955110144043, 1.0], [-0.008661009001383335, 0.007628906678606717, 6.672061400148323, 0.0]], [[0.0, 0.0, 0.0, 1.0], [-0.004281885680672393, -0.015544805199685041, 2.844875998365904, 1.0], [-0.004281885680672282, -0.015544805199685263, 2.844875998365904, 1.0], [-0.004281885680672781, -0.015544805199685097, 2.8448759983659047, 1.0], [-0.004281885680672337, -0.015544805199685041, 2.8448759983659038, 1.0], [-0.00955723189175367, 0.00035925072069903363, 4.037382009234872, 1.0], [0.004867695536164951, 0.015391716392233967, 2.24907195386052, 1.0], [0.0048676955361648955, 0.015391716392233912, 2.2490719538605184, 1.0], [0.00486769553616484, 0.015391716392234023, 2.2490719538605184, 1.0], [0.0048676955361650065, 0.015391716392233967, 2.2490719538605184, 1.0], [0.0048676955361648955, 0.015391716392233967, 2.249071953860515, 1.0], [0.0048676955361648955, 0.015391716392234078, 2.249071953860522, 1.0], [0.0047510079110573145, 0.015423680208407509, 1.8944213195727784, 1.0], [0.004641531110904762, 0.015453668789563002, 1.5616866651647285, 1.0], [0.004641531110904706, 0.015453668789562947, 1.5616866651647356, 1.0], [0.004641531110904762, 0.015453668789563002, 1.5616866651647285, 1.0], [0.004641531110904651, 0.015453668789562947, 1.5616866651647285, 1.0], [0.004641531110904817, 0.01545366878956278, 1.5616866651647356, 1.0], [0.004641531110904762, 0.015453668789563002, 1.5616866651647285, 1.0], [0.004641531110904762, 0.015453668789562947, 1.5616866651647285, 1.0], [0.004641531110904595, 0.015453668789562947, 1.5616866651647285, 1.0], [0.004641531110904928, 0.015453668789563002, 1.5616866651647356, 1.0], [0.004641531110904706, 0.015453668789562919, 1.5616866651647356, 1.0], [0.0033903356387161576, 0.015702104842563014, 1.2677165943427866, 1.0], [0.0026563736928674198, 0.015847839552232457, 1.0952712410803827, 1.0], [0.0026563736928668646, 0.015847839552232623, 1.0952712410803827, 1.0], [0.0026563736928674198, 0.015847839552232318, 1.0952712410803827, 1.0], [0.0026563736928668646, 0.015847839552232512, 1.0952712410803827, 1.0], [0.0026563736928674198, 0.015847839552232457, 1.0952712410803827, 1.0], [0.0026563736928668646, 0.015847839552232512, 1.0952712410803755, 1.0], [0.0026563736928674198, 0.015847839552232443, 1.0952712410803827, 1.0], [0.0026563736928674198, 0.015847839552232457, 1.0952712410803755, 1.0], [0.0026563736928668646, 0.0158478395522325, 1.0952712410803827, 1.0], [0.0026563736928674198, 0.015847839552232457, 1.0952712410803827, 1.0], [0.0026563736928668646, 0.015847839552232505, 1.0952712410803827, 1.0], [0.0026563736928674198, 0.015847839552232453, 1.0952712410803827, 1.0], [0.0026563736928668646, 0.015847839552232373, 1.0952712410803755, 1.0], [0.0026563736928674198, 0.015847839552232585, 1.0952712410803827, 1.0], [0.002770634072878808, 0.015828731788587624, 1.1289151394027428, 1.0], [0.003704578373656786, 0.01567254828075373, 1.4039144619230086, 1.0], [0.003704578373656786, 0.015672548280753595, 1.4039144619229944, 1.0], [0.003704578373657119, 0.015672548280753665, 1.4039144619230086, 1.0], [0.003704578373656786, 0.015672548280753734, 1.4039144619230086, 1.0], [0.0037045783736573412, 0.01567254828075368, 1.4039144619230086, 1.0], [0.003704578373656564, 0.015672548280753706, 1.4039144619230086, 1.0], [0.0037045783736573412, 0.015672548280753693, 1.4039144619230086, 1.0], [0.003704578373656675, 0.01567254828075343, 1.4039144619230086, 1.0], [0.0037045783736573412, 0.01567254828075368, 1.4039144619230086, 1.0], [0.003704578373656675, 