{"text": "さ", "text_ids": [11], "strokes": [[[0.0, 0.0, 0.0, 1.0], [-0.009249186476263868, -0.011011893653247123, 35.3698290563955, 1.0], [0.009510826899930108, -0.01032068145157943, 30.011436386944013, 1.0], [0.014420275895062017, -0.00461936555424413, 17.678598780802602, 1.0], [0.015167227251092418, -0.0026987015580851384, 10.50793099737588, 1.0], [0.013944743652565577, -0.006934616534899841, 5.282815616981452, 1.0], [0.01394474365256556, -0.006934616534899948, 5.282815616981438, 1.0], [0.013944743652565574, -0.006934616534899837, 5.282815616981438, 1.0], [0.013322065886787582, -0.00809542281075818, 3.4238078007126234, 1.0], [0.013244711424233821, -0.008239628289952262, 3.192865637023232, 1.0], [0.01324471142423378, -0.008239628289952367, 3.192865637023232, 1.0], [0.013244711424233835, -0.008239628289952255, 3.192865637023232, 1.0], [0.013244711424233765, -0.00823962828995238, 3.192865637023232, 1.0], [0.013698615616464793, -0.007420617959322917, 2.8956997231991153, 1.0], [0.013761494492618848, -0.007307161309153348, 2.8545336379054334, 1.0], [0.013761494492618792, -0.007307161309153334, 2.8545336379054618, 1.0], [0.01376149449261882, -0.007307161309153334, 2.8545336379054618, 1.0], [0.01376149449261882, -0.007307161309153334, 2.8545336379054334, 1.0], [0.013761494492618404, -0.007307161309153293, 2.8545336379054618, 1.0], [0.013551035386121957, -0.0077046672087079104, 3.083079861842407, 1.0], [0.013533450379086182, -0.007737880996206259, 3.102176146259552, 1.0], [0.013533450379086237, -0.00773788099620612, 3.102176146259552, 1.0], [0.013533450379086653, -0.007737880996206176, 3.102176146259552, 1.0], [0.01353345037908621, -0.007737880996206259, 3.102176146259552, 1.0], [0.013868081890541395, -0.007036373890217246, 2.9497546642661803, 1.0], [0.014289058886680028, -0.006153855824405974, 2.7580036323400634, 1.0], [0.014289058886679529, -0.006153855824405946, 2.7580036323400634, 1.0], [0.014289058886680028, -0.006153855824406085, 2.7580036323400634, 1.0], [0.014289058886680084, -0.0061538558244060015, 2.758003632340035, 1.0], [0.014289058886679973, -0.006153855824405974, 2.7580036323400634, 1.0], [0.014576548443455073, -0.005350440748901175, 2.9058256670912783, 1.0], [0.014737164890026633, -0.004901583837377932, 2.988411797220607, 1.0], [0.014737164890026633, -0.004901583837377904, 2.9884117972206354, 1.0], [0.014737164890026688, -0.004901583837377932, 2.9884117972206354, 1.0], [0.014737164890027021, -0.00490158383737796, 2.988411797220607, 1.0], [0.014737164890026633, -0.004901583837378043, 2.9884117972206354, 1.0], [0.013807423606733704, -0.007193920154653394, 2.860835874063298, 1.0], [0.01376149449261882, -0.0073071613091533205, 2.8545336379054618, 1.0], [0.01376149449261832, -0.0073071613091533205, 2.8545336379054618, 1.0], [0.013761494492618875, -0.0073071613091533205, 2.8545336379054334, 1.0], [0.013761494492618764, -0.0073071613091533205, 2.8545336379054618, 1.0], [0.013761494492618764, -0.007307161309153487, 2.8545336379054618, 1.0], [0.014137134307135812, -0.006512935338669257, 3.0115924684697575, 1.0], [0.014138080699056199, -0.006510934355247244, 3.0119881645663042, 1.0], [0.014138080699056088, -0.006510934355247189, 3.011988164566276, 1.0], [0.014138080699056088, -0.006510934355247189, 3.0119881645663042, 1.0], [0.014138080699056532, -0.0065109343552473, 3.011988164566276, 1.0], [0.014192869261899999, -0.006383524109530636, 4.093127953906929, 1.0], [0.01421801953415347, -0.006325037407172773, 4.589416935303973, 1.0], [0.014218019534153914, -0.00632503740717294, 4.589416935304001, 1.0], [0.014218019534153581, -0.006325037407172829, 4.589416935304001, 1.0], [0.01488662957253839, -0.004376632816448511, 4.722544129122667, 1.0], [0.014899435554066032, -0.004339314750961387, 4.725093932875296, 1.0], [0.014899435554066143, -0.004339314750961498, 4.725093932875325, 1.0], [0.014862295229861378, -0.004471675004208808, 4.895554956714307, 1.0], [0.01480256326871554, -0.004684547069100764, 5.169703647412291, 1.0], [0.01480256326871554, -0.004684547069100653, 5.169703647412348, 1.0], [0.01468916739899817, -0.0050205432972879604, 6.015918305275818, 1.0], [0.014409427912338013, -0.0058494219207075315, 8.103469241521793, 1.0], [0.014581899020172928, -0.005151768928021716, 8.150997284246046, 1.0], [0.015314441958009684, -0.0021886014777320884, 8.352864904184514, 1.0], [0.01493502863914542, -0.0032200253975855353, 9.239912184458547, 1.0], [0.012915042046374503, -0.00871129938818982, 14.40393400701089, 1.0], [-0.0002697627593285512, 3.8552052717466534e-05, 299.41145961671003, 0.0]], [[0.0, 0.0, 0.0, 1.0], [0.008358363986145367, -0.010892703045725871, 8.537960008524983, 1.0], [0.008358363986145423, -0.010892703045725927, 6.340874282060721, 1.0], [0.008358363986145367, -0.010892703045725871, 4.746357158080329, 1.0], [0.008358363986145423, -0.010892703045725927, 6.708397149555342, 1.0], [0.0129359282307826, -0.002812104018587669, 27.077173074306508, 1.0], [0.013440818697649792, -0.0019208401941293585, 18.456510611160155, 1.0], [0.013440818697649848, -0.001920840194129303, 14.661891447424097, 1.0], [0.013147621095368156, 0.0007110376987332079, 11.07669419484722, 1.0], [0.012746457026928448, 0.004312072751277152, 6.171291473913058, 1.0], [0.012746457026928726, 0.004312072751277096, 6.171291473913044, 1.0], [0.0115985837639771, 0.006671796163295551, 4.166331229041091, 1.0], [0.011362818195892799, 0.007156467728277993, 3.7545256696859894, 1.0], [0.011362818195893298, 0.007156467728277827, 3.7545256696859894, 1.0], [0.011362818195892799, 0.007156467728278049, 3.7545256696859894, 1.0], [0.010660495673497805, 0.007997808520270877, 3.3465101501499817, 1.0], [0.00903521060710305, 0.009944803784371015, 2.4022978977830007, 1.0], [0.00903521060710305, 0.009944803784371181, 2.4022978977829723, 1.0], [0.009035210607103161, 0.009944803784371015, 2.4022978977830007, 1.0], [0.009035210607103106, 0.009944803784371181, 2.4022978977829723, 1.0], [0.00903521060710305, 0.009944803784371015, 2.4022978977830007, 1.0], [0.009035210607102662, 0.009944803784371126, 2.4022978977829723, 1.0], [0.008600267508917347, 0.010280986891047783, 2.2954036023751883, 1.0], [0.007103657923639706, 0.011437770070179737, 1.9275876103841654, 1.0], [0.007103657923639983, 0.011437770070179681, 1.9275876103841654, 1.0], [0.007103657923639539, 0.011437770070179654, 1.9275876103841654, 1.0], [0.00710365792363965, 0.011437770070179737, 1.9275876103841654, 1.0], [0.00710365792363965, 0.011437770070179765, 1.927587610384137, 1.0], [0.007103657923639539, 0.011437770070179626, 1.9275876103841654, 1.0], [0.007103657923639539, 0.011437770070179765, 1.9275876103841654, 1.0], [0.007103657923639539, 0.011437770070179654, 1.9275876103841654, 1.0], [0.005185140711011171, 0.012450988531556073, 1.8918252990600877, 1.0], [0.005028794197175279, 0.012533559161179875, 1.888910906285588, 1.0], [0.005028794197174835, 0.012533559161180069, 1.888910906285588, 1.0], [0.005028794197174835, 0.01253355916117993, 1.8889109062855596, 1.0], [0.005028794197174835, 0.012533559161179958, 1.888910906285588, 1.0], [0.005028794197175279, 0.012533559161179875, 1.888910906285588, 1.0], [0.005028794197174613, 0.012533559161179958, 1.888910906285588, 1.0], [0.005028794197174946, 0.012533559161179944, 1.8889109062855596, 1.0], [0.005028794197174835, 0.012533559161179937, 1.888910906285588, 1.0], [0.004285301665424623, 0.012821763375525798, 1.914845351677144, 1.0], [0.004224803138365152, 0.012845214761673964, 1.9169556563262233, 1.0], [0.00422480313836493, 0.01284521476167396, 1.9169556563262233, 1.0], [0.004224803138364708, 0.012845214761674007, 1.9169556563262233, 1.0], [0.004224803138365152, 0.012845214761673862, 1.9169556563262233, 1.0], [0.004224803138364708, 0.012845214761674127, 1.9169556563262233, 1.0], [0.004224803138365041, 0.01284521476167385, 1.9169556563262233, 1.0], [0.004224803138364597, 0.012845214761673919, 1.9169556563262233, 1.0], [0.004224803138365152, 0.012845214761674058, 1.9615721269424, 1.0], [0.004224803138364708, 