{"text": "さ", "text_ids": [11], "strokes": [[[0.0, 0.0, 0.0, 1.0], [-0.00543502937714438, -0.013554698361008212, 10.359860160538334, 1.0], [-0.000768533166143952, -0.013383706146147234, 19.75242460284165, 1.0], [0.013604496356274165, -0.0020617887655159303, 2.5358151573974332, 1.0], [0.01360449635627417, -0.0020617887655160483, 2.535815157397437, 1.0], [0.013604496356274174, -0.002061788765516045, 2.5358151573974297, 1.0], [0.013604496356274177, -0.0020617887655160413, 2.535815157397437, 1.0], [0.01360449635627465, -0.002061788765515979, 2.5358151573974297, 1.0], [0.013604496356274164, -0.0020617887655160483, 2.5358151573974297, 1.0], [0.013701245313946633, -0.0015782945005524338, 1.6752644313617253, 1.0], [0.013736186467015465, -0.0014036792124241804, 1.3644741617252407, 1.0], [0.01373618646701548, -0.0014036792124241804, 1.3644741617252336, 1.0], [0.013736186467015465, -0.0014036792124241804, 1.3644741617252336, 1.0], [0.013736186467015493, -0.0014036792124241873, 1.3644741617252336, 1.0], [0.013736186467015465, -0.0014036792124241873, 1.3644741617252407, 1.0], [0.013736186467015493, -0.0014036792124241804, 1.3644741617252336, 1.0], [0.013736186467015493, -0.0014036792124241804, 1.3644741617252336, 1.0], [0.013736186467015438, -0.0014036792124241734, 1.3644741617252336, 1.0], [0.013736186467015493, -0.0014036792124241804, 1.3644741617252407, 1.0], [0.013736186467015465, -0.0014036792124241804, 1.3644741617252407, 1.0], [0.013736186467015465, -0.0014036792124241873, 1.3644741617252336, 1.0], [0.013769418838774361, -0.0011810498532077718, 1.351066527660933, 1.0], [0.013856742399737387, -0.0005960543385235689, 1.3158357484961911, 1.0], [0.013856742399737276, -0.0005960543385236938, 1.3158357484961982, 1.0], [0.013856742399736888, -0.0005960543385236383, 1.315835748496184, 1.0], [0.013856742399737276, -0.0005960543385235689, 1.3158357484961982, 1.0], [0.013856742399737387, -0.0005960543385235828, 1.315835748496184, 1.0], [0.013856742399737276, -0.0005960543385235759, 1.3158357484961982, 1.0], [0.013856742399736888, -0.0005960543385236383, 1.315835748496184, 1.0], [0.013856742399737332, -0.0005960543385237077, 1.3158357484961982, 1.0], [0.013856742399737276, -0.0005960543385235689, 1.3158357484961982, 1.0], [0.013856742399736888, -0.0005960543385236522, 1.315835748496184, 1.0], [0.013856742399737276, -0.0005960543385235689, 1.3158357484961982, 1.0], [0.013856742399736888, -0.0005960543385236522, 1.315835748496184, 1.0], [0.013889695246914635, -0.0002020898248011882, 1.4003586574530118, 1.0], [0.013949277015582406, 0.0005102341329421972, 1.5531838255353563, 1.0], [0.013949277015582795, 0.0005102341329421278, 1.553183825535342, 1.0], [0.013949277015582906, 0.000510234132942114, 1.5531838255353279, 1.0], [0.013949277015582962, 0.0005102341329421417, 1.5531838255353563, 1.0], [0.013949277015582351, 0.0005102341329421764, 1.553183825535342, 1.0], [0.013949277015582795, 0.0005102341329421278, 1.553183825535342, 1.0], [0.013949277015582795, 0.0005102341329421278, 1.553183825535342, 1.0], [0.013949277015582573, 0.0005102341329420654, 1.5531838255353279, 1.0], [0.013949277015582795, 0.0005102341329422388, 1.553183825535342, 1.0], [0.013949277015582906, 0.0005102341329421278, 1.5531838255353563, 1.0], [0.01392615935638064, 0.00019088619966221854, 1.8091550914706431, 1.0], [0.013893009715067128, -0.000267043790141204, 2.176205906535685, 1.0], [0.01389300971506724, -0.0002670437901410583, 2.176205906535685, 1.0], [0.013893009715066684, -0.0002670437901411485, 2.176205906535671, 1.0], [0.013893009715066795, -0.00026704379014123175, 2.176205906535685, 1.0], [0.01389300971506724, -0.0002670437901410791, 2.176205906535685, 1.0], [0.01389300971506724, -0.0002670437901410791, 2.176205906535685, 1.0], [0.013895706599237778, -0.00023293688406640645, 2.2531481739652435, 1.0], [0.013939024733213179, 0.0003148981110913107, 3.4890171388064743, 1.0], [0.01393902473321329, 0.00031489811109119276, 3.4890171388064886, 1.0], [0.013939024733213179, 0.0003148981110913107, 3.489017138806446, 1.0], [0.013939024733213179, 0.0003148981110913107, 3.4890171388064886, 1.0], [0.013938473815273023, 0.0006438120432969846, 3.825236936024453, 1.0], [0.013936065615596571, 0.0020815768483446045, 5.294937498595573, 1.0], [0.01393606561559746, 0.002081576848344757, 5.294937498595573, 1.0], [0.013759708833400053, 0.0010076284935798055, 6.492735252062602, 1.0], [0.012863480339114108, -0.0044500755138598, 12.579830194939348, 1.0], [-0.0089259591726637, -0.0025243616046323678, 24.549745542247564, 1.0], [-0.013936065615596904, -0.002081576848344674, 11.802021477133422, 0.0]], [[0.0, 0.0, 0.0, 1.0], [-0.0003483230338042209, -0.013537129756611255, 11.424636418503315, 1.0], [-0.0024071106396081343, -0.01358756465604305, 1.1522432936123153, 1.0], [-0.0024071106396085784, -0.01358756465604316, 1.1522432936123135, 1.0], [-0.001218503381397229, 0.007137962143284382, 3.299182283471753, 1.0], [-0.0008531996913027085, 0.013507695599520475, 3.959017338310961, 1.0], [-0.0008531996913027085, 0.01350769559952053, 3.9590173383109644, 1.0], [-0.0008531996913027085, 0.01350769559952053, 3.959017338310961, 1.0], [-0.00012976839660633344, 0.013595260332324333, 1.552269869134257, 1.0], [-0.00011205078526155265, 0.013597404886913744, 1.4933260322057187, 1.0], [-0.00011205078526166368, 0.013597404886913855, 1.4933260322057151, 1.0], [-0.00011205078526160817, 0.01359740488691391, 1.4933260322057222, 1.0], [-0.00011205078526216328, 0.013597404886913689, 1.4933260322057222, 1.0], [-0.00011205078526155265, 0.013597404886913883, 1.4933260322057151, 1.0], [-0.00011205078526160817, 0.013597404886913883, 1.4933260322057222, 1.0], [-0.00011205078526171919, 0.013597404886913883, 1.4933260322057151, 1.0], [-0.00011205078526160817, 0.013597404886913772, 1.4933260322057222, 1.0], [-0.00011205078526160817, 0.013597404886913828, 1.4933260322057151, 1.0], [-0.00011205078526160817, 0.01359740488691391, 1.4933260322057222, 1.0], [0.0001661710511973724, 0.013618235954913849, 1.3306998767425213, 1.0], [0.0003578310907521032, 0.013632585954783338, 1.2186708002854445, 1.0], [0.0003578310907526028, 0.013632585954783394, 1.2186708002854516, 1.0], [0.0003578310907521032, 0.0136325859547832, 1.2186708002854445, 1.0], [0.0003578310907526028, 0.013632585954783408, 1.2186708002854445, 1.0], [0.0003578310907521032, 0.013632585954783338, 1.2186708002854516, 1.0], [0.0003578310907526028, 0.013632585954783408, 1.2186708002854445, 1.0], [0.0003578310907526028, 0.01363258595478329, 1.2186708002854445, 1.0], [0.0003578310907521032, 0.01363258595478345, 1.2186708002854445, 1.0], [0.0003578310907526583, 0.01363258595478328, 1.2186708002854516, 1.0], [0.0003578310907521032, 0.01363258595478334, 1.2186708002854445, 1.0], [0.0003578310907526028, 0.013632585954783394, 1.2186708002854445, 1.0], [0.00035783109075204766, 0.013632585954783326, 1.2186708002854516, 1.0], [0.0003578310907526028, 0.0136325859547834, 1.2186708002854374, 1.0], [0.0018932527881150296, 0.01357830614518514, 1.3615559654272147, 1.0], [0.002747645634734619, 0.01354810188200744, 1.4410651082215082, 1.0], [0.002747645634734064, 0.013548101882007342, 1.4410651082214798, 1.0], [0.002747645634734064, 0.01354810188200721, 1.441065108221494, 1.0], [0.0027476456347341194, 0.013548101882007224, 1.441065108221494, 1.0], [0.0027476456347345635, 0.013548101882007432, 1.441065108221494, 1.0], [0.0027476456347341194, 0.013548101882007349, 1.441065108221494, 1.0], [0.002747645634734064, 0.013548101882007224, 1.441065108221494, 1.0], [0.002747645634734175, 0.013548101882007335, 1.441065108221494, 1.0], [0.002747645634734508, 0.013548101882007418, 1.441065108221494, 1.0], [0.0027476456347340084, 0.013548101882007224, 1.441065108221494, 1.0], [0.0027476456347342304, 0.013548101882007252, 1.441065108221494, 1.0], [0.0030514683274259213, 0.01350424830896857, 1.7977630981065005, 1.0], [0.0031069202940504637, 0.013496244407591146, 1.8628655591994345, 1.0], [0.0031069202940505747, 0.013496244407591479, 