{"text": "し", "text_ids": [12], "strokes": [[[0.0, 0.0, 0.0, 1.0], [0.0013515622448576927, -0.0264085803343823, 15.8286191845016, 1.0], [0.008595755410364742, -0.020865635384244713, 38.83208127251212, 1.0], [-0.001428676394333632, 0.007937446942969197, 57.20004309875783, 1.0], [-0.013701221523131295, 0.024385452535747934, 11.421821213073486, 1.0], [-0.01001492972419149, 0.025598719301572603, 7.216156986618913, 1.0], [-0.008236260919453932, 0.026184131381218043, 5.186886334483546, 1.0], [-0.00823626091945364, 0.026184131381218168, 5.186886334483546, 1.0], [-0.008697502837084654, 0.02607613414875773, 4.230917517842585, 1.0], [-0.009397973919390692, 0.02591212273649031, 2.7791229474735815, 1.0], [-0.0093979739193907, 0.025912122736490364, 2.779122947473553, 1.0], [-0.009397973919390713, 0.025912122736490406, 2.779122947473553, 1.0], [-0.009397973919390706, 0.02591212273649038, 2.7791229474735815, 1.0], [-0.009397973919390692, 0.025912122736490323, 2.779122947473553, 1.0], [-0.00810931991742632, 0.026191769327675557, 2.612437240941574, 1.0], [-0.00738389824566732, 0.026349190712601167, 2.518604898275157, 1.0], [-0.00738389824566732, 0.02634919071260111, 2.518604898275157, 1.0], [-0.00738389824566732, 0.02634919071260111, 2.518604898275157, 1.0], [-0.0073838982456670005, 0.026349190712601223, 2.518604898275157, 1.0], [-0.00738389824566732, 0.02634919071260111, 2.518604898275157, 1.0], [-0.00738389824566732, 0.02634919071260111, 2.518604898275157, 1.0], [-0.0066622682669093825, 0.026465559256402427, 2.743906630147052, 1.0], [-0.006573128628087621, 0.026479933728458804, 2.77173711889634, 1.0], [-0.006573128628087621, 0.02647993372845875, 2.77173711889634, 1.0], [-0.006573128628087593, 0.026479933728458582, 2.77173711889634, 1.0], [-0.006573128628087621, 0.026479933728458804, 2.77173711889634, 1.0], [-0.006573128628087621, 0.026479933728458804, 2.77173711889634, 1.0], [-0.0049991669431533325, 0.026648151313243273, 2.9453493953704992, 1.0], [-0.004493143452932835, 0.02670223271191008, 3.0011651696219133, 1.0], [-0.004493143452932807, 0.026702232711909968, 3.001165169621885, 1.0], [-0.00449314345293278, 0.026702232711909968, 3.001165169621885, 1.0], [-0.004493143452932558, 0.02670223271191019, 3.0011651696219133, 1.0], [-0.0030820106034733785, 0.026715569866907707, 3.458828244308961, 1.0], [-0.0011763818847662366, 0.026733580691047698, 4.07686778534142, 1.0], [-0.001176381884765959, 0.02673358069104781, 4.076867785341449, 1.0], [-0.0011763818847659313, 0.02673358069104792, 4.076867785341392, 1.0], [0.0004765483397311254, 0.026465187621873443, 4.519219546196183, 1.0], [0.005290806556916272, 0.025683476742879074, 5.807595527238874, 1.0], [0.005290806556916272, 0.025683476742878852, 5.807595527238874, 1.0], [0.008771837681526756, 0.023943131214172464, 6.318092143980209, 1.0], [0.015891229924396177, 0.02038378284483744, 7.362157974803978, 1.0], [0.017484301432576482, 0.018198729588686957, 7.387918781923901, 1.0], [0.02616180760616474, 0.00629668186358634, 7.528238636790604, 1.0], [0.026161807606165044, 0.006296681863586562, 7.528238636790661, 1.0], [0.027373571786675516, -0.0040321603012762885, 5.7928078552608895, 1.0], [0.02751279678955651, -0.005218887144078366, 5.593416455973852, 1.0], [0.02751279678955653, -0.005218887144078588, 5.593416455973909, 1.0], [0.026098354579960823, -0.010841971173082054, 4.469142171292958, 1.0], [0.0258636063508308, -0.011775207617176209, 4.282551729071201, 1.0], [0.025863606350831157, -0.01177520761717632, 4.282551729071201, 1.0], [0.02586360635083044, -0.011775207617176209, 4.282551729071201, 1.0], [0.02509401857145463, -0.013448371929301928, 3.850647210403281, 1.0], [0.024997014494927347, -0.013659268935886981, 3.796207028134461, 1.0], [0.024997014494927694, -0.013659268935887314, 3.7962070281345177, 1.0], [0.024997014494927333, -0.013659268935887092, 3.796207028134461, 1.0], [0.025371371254926195, -0.012879970334383928, 4.250083694464536, 1.0], [0.02555299320887275, -0.012501887847738757, 4.47028531975343, 1.0], [0.02555299320887261, -0.012501887847738535, 4.470285319753373, 1.0], [0.02555299320887272, -0.012501887847738868, 4.470285319753486, 1.0], [0.025146501532073373, -0.01335717939972969, 5.898553360451444, 1.0], [0.02508599760507635, -0.013484484583516365, 6.111142769284584, 1.0], [0.02404639775263695, -0.014944470979666447, 7.007992737418135, 1.0], [0.020965046027783152, -0.01927183942771027, 9.666236858708942, 1.0], [0.018797812262581537, -0.019786661654570437, 21.89524421587282, 0.0]]]}