{"text": "し", "text_ids": [12], "strokes": [[[0.0, 0.0, 0.0, 1.0], [-0.0005556896957288146, -0.027594566854455212, 16.013490604571878, 1.0], [0.001816429446142874, -0.02750729556552416, 2.2166238841253403, 1.0], [0.005213895301922162, -0.0025501855784684363, 14.900993846856608, 1.0], [-0.00019348447833083312, 0.027664056050656072, 7.612486283332224, 1.0], [-0.0006727883757027776, 0.017812639077645326, 6.25640538111395, 1.0], [-0.004045860056186126, 0.023447823779178076, 1.8877205452712502, 1.0], [-0.0041312574277545585, 0.027202973276592487, 2.02648119440331, 1.0], [-0.0041312574277541725, 0.027202973276592463, 2.02648119440331, 1.0], [-0.004131257427754569, 0.027202973276592393, 2.02648119440331, 1.0], [-0.004131257427754562, 0.027202973276592476, 2.02648119440331, 1.0], [-0.004131257427754564, 0.027202973276592407, 2.02648119440331, 1.0], [-0.004131257427754175, 0.027202973276592463, 2.02648119440331, 1.0], [-0.004086276372172105, 0.025225036659087707, 2.099641458965344, 1.0], [-0.003177119271495603, 0.015775729843453212, 1.8736539051382053, 1.0], [-0.003255266513420011, 0.02735402647885052, 1.2919091360163293, 1.0], [-0.0032552665134200423, 0.027354026478850435, 1.291909136016315, 1.0], [-0.0032552665134200146, 0.027354026478850546, 1.2919091360163293, 1.0], [-0.0032552665134200215, 0.02735402647885049, 1.2919091360163293, 1.0], [-0.0032552665134200354, 0.027354026478850435, 1.2919091360163293, 1.0], [-0.0032552665134200215, 0.027354026478850435, 1.2919091360163293, 1.0], [-0.0032552665134200215, 0.027354026478850546, 1.291909136016315, 1.0], [-0.0032552665134200354, 0.027354026478850324, 1.2919091360163293, 1.0], [-0.0032552665134200354, 0.027354026478850546, 1.2919091360163293, 1.0], [-0.0032552665134200076, 0.02735402647885049, 1.2919091360163293, 1.0], [-0.0032552665134200354, 0.027354026478850324, 1.2919091360163293, 1.0], [0.0009207232828319784, 0.027229974219979747, 1.8295571025266355, 1.0], [0.00706391526474346, 0.027047484108840947, 2.6204773006367645, 1.0], [0.007063915264743113, 0.027047484108840947, 2.6204773006367503, 1.0], [0.007063915264743488, 0.027047484108840836, 2.6204773006367645, 1.0], [0.007063915264743495, 0.027047484108841058, 2.6204773006367503, 1.0], [0.0070639152647434915, 0.027047484108840947, 2.6204773006367645, 1.0], [0.007063915264743488, 0.027047484108840836, 2.6204773006367645, 1.0], [0.015751806272338326, 0.023266101251545046, 3.234180255508278, 1.0], [0.016534921308209986, 0.02292525238853016, 3.289498630370346, 1.0], [0.016534921308210007, 0.02292525238853027, 3.289498630370332, 1.0], [0.016534921308209983, 0.02292525238853027, 3.289498630370332, 1.0], [0.016846479096226337, 0.022628969241197727, 3.3399201038744764, 1.0], [0.022374655016160566, 0.017371821374680962, 4.23458166071795, 1.0], [0.02237465501616058, 0.017371821374681073, 4.234581660717964, 1.0], [0.02237465501616097, 0.017371821374680962, 4.234581660717964, 1.0], [0.02139493973362047, 0.015626026659765535, 4.07033428903091, 1.0], [0.015281822043377524, 0.002599079146745953, 3.091337896565193, 1.0], [0.027806122614151746, 0.002799111268686927, 5.666339497144719, 1.0], [0.027806122614151746, 0.002799111268687149, 5.666339497144719, 1.0], [0.026480228809192596, -0.004409161375412918, 4.813882102485877, 1.0], [0.025375022930880564, -0.010417655622038335, 4.103311678170229, 1.0], [0.025375022930880897, -0.010417655622038446, 4.103311678170201, 1.0], [0.025375022930880564, -0.010417655622038224, 4.103311678170229, 1.0], [0.021171530189160792, -0.016358051442713517, 3.416661211117656, 1.0], [0.018869065594387835, -0.019611905296271104, 3.040548181664377, 1.0], [0.018869065594387502, -0.01961190529627077, 3.040548181664377, 1.0], [0.018869065594387446, -0.019611905296270993, 3.0405481816643487, 1.0], [0.018869065594387446, -0.019611905296270993, 3.040548181664377, 1.0], [0.017672598497944614, -0.020053344756825187, 2.873312034373697, 1.0], [0.009367609964430923, -0.010685092903491955, 1.4392219048387176, 1.0], [0.016392601221964842, -0.021726122586440355, 2.561911753783363, 1.0], [0.01639260122196473, -0.021726122586440688, 2.561911753783363, 1.0], [0.016392601221964898, -0.021726122586440355, 2.561911753783363, 1.0], [0.01639260122196473, -0.021726122586440466, 2.5619117537833915, 1.0], [0.016392601221964842, -0.021726122586440577, 2.561911753783363, 1.0], [0.01639260122196473, -0.021726122586440466, 2.561911753783363, 1.0], [0.01558747507446745, -0.02231700717051799, 7.882395891638595, 1.0], [0.01552323491266272, -0.022364153225092553, 8.30691168082248, 0.0]]]}