{"text": "し", "text_ids": [12], "strokes": [[[0.0, 0.0, 0.0, 1.0], [-0.00628070517424388, -0.029175558529556857, 15.8286191845016, 1.0], [0.0032420007534928455, -0.02509807035075132, 38.83208127251212, 1.0], [0.0007734105514985031, 0.009047019573045677, 57.20004309875783, 1.0], [-0.007772874747093459, 0.03032547823628972, 11.421821213073486, 1.0], [-0.003399056821038379, 0.030646981829821184, 7.216156986618913, 1.0], [-0.001288650502983586, 0.03080211019285257, 5.186886334483546, 1.0], [-0.001288650502983225, 0.030802110192852637, 5.186886334483546, 1.0], [-0.0018230549204545886, 0.030809674391826164, 4.230917517842585, 1.0], [-0.0026346351918616097, 0.03082116186171835, 2.7791229474735815, 1.0], [-0.0026346351918616062, 0.030821161861718432, 2.779122947473553, 1.0], [-0.0026346351918616097, 0.03082116186171846, 2.779122947473553, 1.0], [-0.0026346351918616062, 0.030821161861718432, 2.7791229474735815, 1.0], [-0.0026346351918616062, 0.030821161861718377, 2.779122947473553, 1.0], [-0.0011480582182075774, 0.030775937122514196, 2.612437240941574, 1.0], [-0.0003112198179988229, 0.030750478771499445, 2.518604898275157, 1.0], [-0.000311219817998816, 0.030750478771499445, 2.518604898275157, 1.0], [-0.000311219817998816, 0.030750478771499445, 2.518604898275157, 1.0], [-0.00031121981799846904, 0.03075047877149939, 2.518604898275157, 1.0], [-0.00031121981799880905, 0.030750478771499445, 2.518604898275157, 1.0], [-0.0003112198179988229, 0.030750478771499445, 2.518604898275157, 1.0], [0.0005094327213030769, 0.030681267997409778, 2.743906630147052, 1.0], [0.000610804162491603, 0.030672718708180557, 2.77173711889634, 1.0], [0.0006108041624915961, 0.030672718708180446, 2.77173711889634, 1.0], [0.0006108041624915961, 0.030672718708180335, 2.77173711889634, 1.0], [0.000610804162491603, 0.030672718708180557, 2.77173711889634, 1.0], [0.0006108041624915961, 0.030672718708180446, 2.77173711889634, 1.0], [0.00237561432777858, 0.030428387865625295, 2.9453493953704992, 1.0], [0.0029429949749462635, 0.030349836305634037, 3.0011651696219133, 1.0], [0.0029429949749462565, 0.030349836305633926, 3.001165169621885, 1.0], [0.002942994974946267, 0.030349836305633815, 3.001165169621885, 1.0], [0.002942994974946614, 0.030349836305634037, 3.0011651696219133, 1.0], [0.004484868238575777, 0.029980811975419464, 3.458828244308961, 1.0], [0.006567052047778966, 0.02948247238830881, 4.07686778534142, 1.0], [0.0065670520477793225, 0.029482472388308922, 4.076867785341449, 1.0], [0.0065670520477793225, 0.029482472388308922, 4.076867785341392, 1.0], [0.008289736146700984, 0.02874039338326395, 4.519219546196183, 1.0], [0.013307156698358635, 0.02657904386294474, 5.807595527238874, 1.0], [0.013307156698358632, 0.02657904386294463, 5.807595527238874, 1.0], [0.01659006571801005, 0.023734351078551708, 6.318092143980209, 1.0], [0.023304259349693615, 0.01791639570338366, 7.362157974803978, 1.0], [0.024398960558648583, 0.015099771279720064, 7.387918781923901, 1.0], [0.030361829425591735, -0.00024246270005656712, 7.528238636790604, 1.0], [0.030361829425592096, -0.00024246270005656712, 7.528238636790661, 1.0], [0.028649881995820276, -0.011839208999977258, 5.7928078552608895, 1.0], [0.02845318870377983, -0.013171611015964979, 5.593416455973852, 1.0], [0.028453188703779803, -0.013171611015965423, 5.593416455973909, 1.0], [0.025260648968568722, -0.01892115976001807, 4.469142171292958, 1.0], [0.024730798371503493, -0.01987538494985508, 4.282551729071201, 1.0], [0.02473079837150388, -0.019875384949855524, 4.282551729071201, 1.0], [0.02473079837150305, -0.01987538494985508, 4.282551729071201, 1.0], [0.023400792075244536, -0.02149139124595234, 3.850647210403281, 1.0], [0.02323314903828222, -0.021695083667550907, 3.796207028134461, 1.0], [0.023233149038282663, -0.02169508366755135, 3.7962070281345177, 1.0], [0.023233149038282164, -0.02169508366755102, 3.796207028134461, 1.0], [0.02386995818762494, -0.020946732089549558, 4.250083694464536, 1.0], [0.02417891086152618, -0.020583663780496142, 4.47028531975343, 1.0], [0.02417891086152618, -0.02058366378049581, 4.470285319753373, 1.0], [0.024178910861526126, -0.02058366378049603, 4.470285319753486, 1.0], [0.023484766648111943, -0.021406178460141256, 5.898553360451444, 1.0], [0.023381447310445558, -0.021528604996701395, 6.111142769284584, 1.0], [0.021819752283382732, -0.02283866858024841, 7.007992737418135, 1.0], [0.017190921628930655, -0.026721669018691552, 9.666236858708942, 1.0], [0.014677754017118905, -0.02669417391679374, 21.89524421587282, 0.0]]]}