{"text": "し", "text_ids": [12], "strokes": [[[0.0, 0.0, 0.0, 1.0], [-0.0308609171234081, 0.006510208926530805, 7.986016530298775, 1.0], [-0.028139316850023712, 0.009403733890334423, 7.353432138706703, 1.0], [-0.008500829125218191, 0.03028279355195771, 2.788837943638658, 1.0], [-0.008500829125218198, 0.03028279355195771, 2.788837943638658, 1.0], [-0.008500829125218198, 0.030282793551957704, 2.7888379436386543, 1.0], [-0.008500829125218212, 0.030282793551957718, 2.7888379436386614, 1.0], [-0.008500829125218198, 0.030282793551957704, 2.7888379436386543, 1.0], [-0.006439512174321829, 0.030789166062804157, 2.482684786056101, 1.0], [-0.005727007855953106, 0.03096419620580293, 2.376861444931908, 1.0], [-0.00572700785595312, 0.030964196205802985, 2.3768614449318974, 1.0], [-0.005727007855953106, 0.03096419620580304, 2.3768614449319045, 1.0], [-0.005727007855953092, 0.030964196205802985, 2.3768614449319045, 1.0], [-0.005727007855953092, 0.03096419620580293, 2.3768614449319045, 1.0], [-0.005727007855953564, 0.030964196205803263, 2.3768614449319045, 1.0], [-0.004768527873796613, 0.031129218073992937, 2.293008299721528, 1.0], [-0.004104784918780968, 0.031243494954547646, 2.2349403844542053, 1.0], [-0.004104784918780968, 0.031243494954547646, 2.2349403844542124, 1.0], [-0.004104784918780996, 0.031243494954547646, 2.2349403844542053, 1.0], [-0.004104784918780968, 0.03124349495454759, 2.2349403844542053, 1.0], [-0.004104784918780968, 0.0312434949545477, 2.2349403844542053, 1.0], [-0.004104784918780968, 0.0312434949545477, 2.2349403844542124, 1.0], [-0.004104784918780968, 0.0312434949545477, 2.2349403844542053, 1.0], [-0.00013056891292764772, 0.03156646391909246, 2.496935342814645, 1.0], [-6.749305088576962e-05, 0.031571589847281256, 2.5010935359840687, 1.0], [-6.749305088585289e-05, 0.031571589847281034, 2.5010935359840403, 1.0], [-6.749305088582513e-05, 0.031571589847281145, 2.5010935359840545, 1.0], [-6.749305088532553e-05, 0.031571589847281034, 2.5010935359840545, 1.0], [-6.749305088579738e-05, 0.03157158984728092, 2.5010935359840545, 1.0], [0.005322665736071597, 0.030868328972733394, 3.657116018480181, 1.0], [0.009112324784734727, 0.0303738873352718, 4.469880768908411, 1.0], [0.009112324784734727, 0.03037388733527191, 4.469880768908425, 1.0], [0.009112324784734754, 0.03037388733527191, 4.469880768908411, 1.0], [0.021690004291900253, 0.021877115397047397, 4.694969140347254, 1.0], [0.025156480897663952, 0.019535359023657217, 4.757004714824873, 1.0], [0.02515648089766348, 0.019535359023657217, 4.757004714824831, 1.0], [0.02652021989878396, 0.015464566716627104, 4.7155263070223015, 1.0], [0.03164231844495244, 0.0001749846628178453, 4.559736605232814, 1.0], [0.03164231844495242, 0.00017498466281806735, 4.559736605232828, 1.0], [0.03164231844495244, 0.0001749846628182894, 4.559736605232828, 1.0], [0.029223813364393628, -0.007938323144726311, 4.069785124499617, 1.0], [0.026624450297186006, -0.016658351412328964, 3.5431946310667684, 1.0], [0.026624450297186436, -0.01665835141232963, 3.5431946310667968, 1.0], [0.02662445029718649, -0.016658351412329075, 3.5431946310667684, 1.0], [0.026624450297185992, -0.016658351412329186, 3.5431946310667684, 1.0], [0.023794422168952778, -0.02043324264283708, 4.2422035500162, 1.0], [0.02369566266136186, -0.020564975043450118, 4.266596868212787, 1.0], [0.02369566266136139, -0.02056497504345034, 4.266596868212758, 1.0], [0.023695662661361805, -0.02056497504345034, 4.266596868212815, 1.0], [0.019502375416317663, -0.024554754570266346, 3.710450844813977, 1.0], [0.019424814895934894, -0.024628550940089977, 3.700164171742756, 1.0], [0.01942481489593534, -0.024628550940089866, 3.7001641717427276, 1.0], [0.019424814895934894, -0.024628550940089977, 3.700164171742756, 1.0], [0.016215189859272727, -0.02672669317902876, 3.628670952804441, 1.0], [0.014544792944114204, -0.027818637030242788, 3.59146347498222, 1.0], [0.014544792944114648, -0.0278186370302429, 3.5914634749822483, 1.0], [0.014544792944114593, -0.02781863703024312, 3.59146347498222, 1.0], [0.014544792944114704, -0.027818637030242677, 3.59146347498222, 1.0], [0.01118097159897724, -0.0292436995878933, 3.679906709968293, 1.0], [0.009336209008088847, -0.030025222096462523, 3.7284101096971085, 1.0], [0.009336209008088348, -0.03002522209646219, 3.72841010969708, 1.0], [0.009336209008088847, -0.030025222096462745, 3.728410109697137, 1.0], [0.007329465296668947, -0.030478199945566553, 6.593958239899138, 1.0], [0.003674625846731727, -0.03130319882481192, 11.812919830439057, 0.0]]]}