{"text": "し", "text_ids": [12], "strokes": [[[0.0, 0.0, 0.0, 1.0], [0.004807287048361508, -0.02863162573030639, 15.581160345262294, 1.0], [0.018438908839169516, -0.022781499205936567, 11.98946453321162, 1.0], [0.02481696424455053, -0.0003453110442393145, 27.87708242781556, 1.0], [0.008549533126976268, 0.02553159097865944, 18.979699780615306, 1.0], [0.0015921423790016404, 0.028431079758445832, 10.624037094087925, 1.0], [-0.00025401904003988923, 0.028729215696737965, 8.325562983620415, 1.0], [-0.00025401904003988923, 0.028729215696737954, 6.665832343067407, 1.0], [-0.0002540190400398823, 0.028729215696737892, 5.3871289894014325, 1.0], [-0.00025401904003988923, 0.028729215696737892, 5.3871289894014325, 1.0], [-0.000686070708541868, 0.02875498868632713, 4.488215825714036, 1.0], [-0.001309953216391678, 0.0287922048772411, 3.1901854284585767, 1.0], [-0.0013099532163913727, 0.028792204877241073, 3.1901854284585625, 1.0], [-0.001309953216391671, 0.028792204877241018, 3.1901854284585625, 1.0], [-0.001309953216391671, 0.0287922048772411, 3.1901854284585767, 1.0], [-0.0008941443992054182, 0.02876740081537127, 2.9643194671554625, 1.0], [-0.00025401904003988923, 0.028729215696737975, 2.616605509137827, 1.0], [-0.0002540190400398823, 0.028729215696738086, 2.6166055091378553, 1.0], [-0.00025401904003988923, 0.028729215696737753, 2.616605509137827, 1.0], [-0.00025401904003988923, 0.028729215696737975, 2.6166055091378553, 1.0], [-0.0002540190400398823, 0.02872921569673781, 2.616605509137827, 1.0], [-0.00025401904003988923, 0.028729215696737975, 2.6166055091378553, 1.0], [0.001996079714380025, 0.0284534304843303, 2.67627468563569, 1.0], [0.0022549675945372494, 0.028421699677458334, 2.6831399961399143, 1.0], [0.002254967594537541, 0.028421699677458445, 2.6831399961399427, 1.0], [0.0022549675945372563, 0.028421699677458223, 2.6831399961399143, 1.0], [0.002254967594537541, 0.028421699677458334, 2.6831399961399143, 1.0], [0.0022549675945372494, 0.028421699677458445, 2.6831399961399427, 1.0], [0.005168665401157534, 0.027659487431681784, 3.0404301242019756, 1.0], [0.007449136590997482, 0.02706292485642514, 3.3200712872657903, 1.0], [0.007449136590997454, 0.02706292485642503, 3.3200712872657903, 1.0], [0.007449136590997468, 0.027062924856425252, 3.3200712872658187, 1.0], [0.007449136590997149, 0.02706292485642514, 3.3200712872657903, 1.0], [0.009963593557275566, 0.025985952658846734, 4.152550174304878, 1.0], [0.010838888995670246, 0.025611053082333246, 4.442340368433435, 1.0], [0.010838888995670537, 0.025611053082333135, 4.442340368433378, 1.0], [0.010838888995670287, 0.025611053082333357, 4.442340368433435, 1.0], [0.016655852933446486, 0.021766799238781, 5.48674548227936, 1.0], [0.017196433561523644, 0.021409546008493763, 5.583803875360218, 1.0], [0.017196433561523367, 0.02140954600849354, 5.583803875360189, 1.0], [0.021484762658997902, 0.01687729652569614, 6.582055624819418, 1.0], [0.022122995399161044, 0.016202761073598526, 6.7306256004318925, 1.0], [0.02503606008589912, 0.00966157671529122, 7.45109925865674, 1.0], [0.028028768921562364, 0.002941554220107112, 8.191270904225718, 1.0], [0.02802935435470283, -0.0015573746273823685, 8.520977538456322, 1.0], [0.02803016989132412, -0.007824599657569542, 8.980274793584385, 1.0], [0.024002746743321313, -0.01520882415734226, 7.665811504544422, 1.0], [0.020356537829237242, -0.02189409764493644, 6.47576824720511, 1.0], [0.020356537829237575, -0.021894097644936772, 6.47576824720511, 1.0], [0.018082549657978064, -0.023762031912784143, 5.005146236336145, 1.0], [0.017828952123796482, -0.023970345891866085, 4.841140934820885, 1.0], [0.017828952123796427, -0.023970345891866196, 4.841140934820885, 1.0], [0.016248476627764186, -0.024962131223957296, 5.530082178980194, 1.0], [0.015171181186723226, -0.025638159305022223, 5.9996834245174, 1.0], [0.015171181186723226, -0.025638159305022112, 5.9996834245174, 1.0], [0.013509545658343947, -0.02644271028900158, 5.329739834234147, 1.0], [0.012988205731375602, -0.026695139022057557, 5.11954431514107, 1.0], [0.012988205731375602, -0.026695139022057668, 5.119544315141127, 1.0], [0.013600338673281032, -0.026411868519264914, 5.219106614970656, 1.0], [0.014377613351403196, -0.026052177063688897, 5.3455289151858665, 1.0], [0.014377613351403418, -0.02605217706368923, 5.345528915185923, 1.0], [0.01279182709548643, -0.026701739706192162, 6.758275398584772, 1.0], [0.01083328792555538, -0.027503987722857892, 8.503100285667529, 1.0], [0.011369499382868464, -0.026258731730113505, 21.692480552547295, 0.0]]]}