{"text": "し", "text_ids": [12], "strokes": [[[0.0, 0.0, 0.0, 1.0], [-0.004317477732645119, -0.025414748652434517, 15.8286191845016, 1.0], [0.0037340756478809038, -0.021381721360932658, 38.83208127251212, 1.0], [0.00032718336919012675, 0.007815484908418852, 57.20004309875783, 1.0], [-0.007833676842429414, 0.02562050341145528, 11.421821213073486, 1.0], [-0.004077409378583755, 0.026140139594886265, 7.216156986618913, 1.0], [-0.0022649766888779375, 0.026390868706875587, 5.186886334483546, 1.0], [-0.0022649766888776304, 0.026390868706875653, 5.186886334483546, 1.0], [-0.0027256833854252052, 0.02636762465756881, 4.230917517842585, 1.0], [-0.0034253416472193286, 0.026332324777499944, 2.7791229474735815, 1.0], [-0.0034253416472193286, 0.026332324777500027, 2.779122947473553, 1.0], [-0.0034253416472193356, 0.026332324777500027, 2.779122947473553, 1.0], [-0.003425341647219325, 0.026332324777500027, 2.7791229474735815, 1.0], [-0.003425341647219332, 0.026332324777499944, 2.779122947473553, 1.0], [-0.002142866376677398, 0.026376207742012964, 2.612437240941574, 1.0], [-0.0014209228966370752, 0.026400910768139496, 2.518604898275157, 1.0], [-0.0014209228966370613, 0.026400910768139496, 2.518604898275157, 1.0], [-0.0014209228966370682, 0.02640091076813944, 2.518604898275157, 1.0], [-0.001420922896636756, 0.026400910768139496, 2.518604898275157, 1.0], [-0.0014209228966370682, 0.02640091076813955, 2.518604898275157, 1.0], [-0.0014209228966370752, 0.02640091076813944, 2.518604898275157, 1.0], [-0.0007112843471401564, 0.026387124549423935, 2.743906630147052, 1.0], [-0.0006236259545314773, 0.026385421601108072, 2.77173711889634, 1.0], [-0.0006236259545314843, 0.026385421601108017, 2.77173711889634, 1.0], [-0.0006236259545314704, 0.026385421601107906, 2.77173711889634, 1.0], [-0.0006236259545314843, 0.026385421601108128, 2.77173711889634, 1.0], [-0.0006236259545314773, 0.026385421601108017, 2.77173711889634, 1.0], [0.0009060289437140337, 0.026273734526237602, 2.9453493953704992, 1.0], [0.0013978079481536537, 0.026237827500050437, 3.0011651696219133, 1.0], [0.0013978079481536468, 0.026237827500050437, 3.001165169621885, 1.0], [0.0013978079481536607, 0.026237827500050326, 3.001165169621885, 1.0], [0.001397807948153952, 0.02623782750005066, 3.0011651696219133, 1.0], [0.002740063202264491, 0.026006606563368617, 3.458828244308961, 1.0], [0.0045526779118214705, 0.02569436008886017, 4.07686778534142, 1.0], [0.004552677911821776, 0.02569436008886028, 4.076867785341449, 1.0], [0.004552677911821776, 0.02569436008886028, 4.076867785341392, 1.0], [0.00606469834636076, 0.025152704996394215, 4.519219546196183, 1.0], [0.010468548365949987, 0.023575102118100655, 5.807595527238874, 1.0], [0.01046854836594999, 0.023575102118100544, 5.807595527238874, 1.0], [0.013403624723990318, 0.021313892826756997, 6.318092143980209, 1.0], [0.019406432256485348, 0.01668927577737711, 7.362157974803978, 1.0], [0.020455177270804384, 0.01433039454651397, 7.387918781923901, 1.0], [0.02616772142814071, 0.001481500860031737, 7.528238636790604, 1.0], [0.026167721428141014, 0.001481500860031737, 7.528238636790661, 1.0], [0.025127514586387067, -0.008576730161248602, 5.7928078552608895, 1.0], [0.025008000572960404, -0.00973236528022281, 5.593416455973852, 1.0], [0.02500800057296043, -0.009732365280223143, 5.593416455973909, 1.0], [0.022472967737677735, -0.014849577835993832, 4.469142171292958, 1.0], [0.022052240425644576, -0.01569885720379094, 4.282551729071201, 1.0], [0.02205224042564488, -0.01569885720379116, 4.282551729071201, 1.0], [0.02205224042564427, -0.015698857203790828, 4.282551729071201, 1.0], [0.020966937628255577, -0.017161216494753884, 3.850647210403281, 1.0], [0.020830138684152955, -0.017345542203102138, 3.796207028134461, 1.0], [0.020830138684153343, -0.017345542203102582, 3.7962070281345177, 1.0], [0.020830138684152955, -0.017345542203102138, 3.796207028134461, 1.0], [0.021350735417976774, -0.016667179335434046, 4.250083694464536, 1.0], [0.02160330677802247, -0.01633806656741288, 4.47028531975343, 1.0], [0.02160330677802247, -0.016338066567412657, 4.470285319753373, 1.0], [0.02160330677802258, -0.01633806656741288, 4.470285319753486, 1.0], [0.02103609252742278, -0.01708333516572047, 5.898553360451444, 1.0], [0.02095166597807696, -0.01719426407137503, 6.111142769284584, 1.0], [0.019655279405451476, -0.018406677812430106, 7.007992737418135, 1.0], [0.015812817334815932, -0.022000246206527296, 9.666236858708942, 1.0], [0.013646534108059938, -0.022116496460091284, 21.89524421587282, 0.0]]]}