{"text": "す", "text_ids": [13], "strokes": [[[0.0, 0.0, 0.0, 1.0], [-0.0025671513908081677, -0.0177685629671331, 10.639689886506105, 1.0], [0.009303957455172818, -0.010642533739026062, 7.912463728761971, 1.0], [0.017973584441681064, -0.002421247877653177, 3.2572681192229567, 1.0], [0.018265952865037505, -0.00017754214501866303, 1.3642835613309643, 1.0], [0.01826595286503751, -0.00017754214501866303, 1.3642835613309643, 1.0], [0.01826595286503751, -0.00017754214501866303, 1.3642835613309643, 1.0], [0.018265952865037516, -0.00017754214501877752, 1.3642835613309643, 1.0], [0.018265952865037516, -0.00017754214501865956, 1.3642835613309678, 1.0], [0.01827066959682845, -0.0006691003068424531, 1.4196694788725814, 1.0], [0.018272419361121506, -0.0008514534610610594, 1.4402159727514103, 1.0], [0.018272419361121506, -0.0008514534610610386, 1.4402159727514103, 1.0], [0.018272419361121978, -0.0008514534610609831, 1.4402159727514103, 1.0], [0.01827241936112145, -0.0008514534610610525, 1.4402159727514103, 1.0], [0.018272419361121534, -0.0008514534610610455, 1.4402159727514103, 1.0], [0.018272419361121534, -0.0008514534610610455, 1.4402159727514103, 1.0], [0.018272419361121506, -0.0008514534610610594, 1.4402159727514032, 1.0], [0.01827241936112145, -0.0008514534610610386, 1.4402159727514103, 1.0], [0.018272419361122005, -0.0008514534610609831, 1.4402159727514174, 1.0], [0.01827241936112145, -0.0008514534610610525, 1.4402159727514103, 1.0], [0.01827241936112156, -0.0008514534610610455, 1.4402159727514032, 1.0], [0.018241294182582746, 0.0003275399151502767, 1.508887129389926, 1.0], [0.01823879325957256, 0.0004222725978645023, 1.514404889730848, 1.0], [0.01823879325957295, 0.00042227259786469656, 1.5144048897308409, 1.0], [0.018238793259573005, 0.00042227259786458554, 1.514404889730848, 1.0], [0.018238793259573005, 0.0004222725978645786, 1.5144048897308409, 1.0], [0.018238793259572506, 0.0004222725978646341, 1.514404889730848, 1.0], [0.018238793259573005, 0.0004222725978645786, 1.5144048897308409, 1.0], [0.018238793259573005, 0.00042227259786467575, 1.514404889730848, 1.0], [0.018238793259572506, 0.00042227259786451615, 1.514404889730848, 1.0], [0.01823879325957306, 0.0004222725978645925, 1.514404889730848, 1.0], [0.018238793259573005, 0.0004222725978646896, 1.5144048897308338, 1.0], [0.01821094083762087, 0.0007856843584371082, 1.6626413108860163, 1.0], [0.018199009422504853, 0.000941362617968261, 1.7261428002384918, 1.0], [0.018199009422505408, 0.0009413626179683512, 1.7261428002384775, 1.0], [0.018199009422505408, 0.0009413626179683582, 1.7261428002384918, 1.0], [0.018199009422504964, 0.0009413626179682749, 1.7261428002384918, 1.0], [0.018199009422505408, 0.0009413626179683582, 1.7261428002384775, 1.0], [0.018199009422504964, 0.0009413626179682784, 1.7261428002384918, 1.0], [0.018199009422505408, 0.0009413626179683304, 1.7261428002384775, 1.0], [0.018199009422504964, 0.0009413626179681778, 1.7261428002384918, 1.0], [0.01819900942250552, 0.0009413626179683582, 1.7261428002384918, 1.0], [0.018217356073649604, 0.0007229813480724954, 1.8558821975402395, 1.0], [0.01822055453028737, 0.0006849099301986586, 1.8785002673579356, 1.0], [0.01822055453028726, 0.000684909930198499, 1.8785002673579356, 1.0], [0.01822055453028726, 0.0006849099301986447, 1.8785002673579356, 1.0], [0.018220554530287147, 0.0006849099301985302, 1.8785002673579356, 1.0], [0.01822055453028737, 0.0006849099301985302, 1.8785002673579356, 1.0], [0.01822055453028726, 0.000684909930198617, 1.8785002673579498, 1.0], [0.01822055453028737, 0.0006849099301985441, 1.8785002673579214, 1.0], [0.018238138421337924, 0.00023267982064495776, 2.3903970968840724, 1.0], [0.018273183085362854, -0.0006686139945872339, 3.4106065803794507, 1.0], [0.018273183085362965, -0.0006686139945872513, 3.4106065803794934, 1.0], [0.018273183085363076, -0.0006686139945871923, 3.410606580379479, 1.0], [0.018273183085362854, -0.0006686139945872513, 3.410606580379465, 1.0], [0.018169042356177, 0.0004638305919419522, 4.4402520830956576, 1.0], [0.0179753509756978, 0.002570064694555757, 6.3552901319508805, 1.0], [0.017975350975697357, 0.0025700646945556738, 6.355290131950852, 1.0], [0.0036299284507679275, 0.012895362198279688, 10.138887684871719, 1.0], [-0.007836462193403282, 0.014467642595427842, 11.495104103620832, 1.0], [-0.01677901249857794, 0.0077757455455578234, 10.575842049784342, 1.0], [-0.017842035993514527, 0.003444824682857072, 9.209943846283068, 1.0], [-0.018235567851991874, 0.001841515495302877, 8.704287610954935, 1.0], [-0.01800354661167336, -0.0020920506976105716, 1.943147609792419, 0.0]], [[0.0, 0.0, 0.0, 1.0], [-0.01901049242194941, -0.035428641737943745, 13.655077691387918, 1.0], [-0.014039303548070592, 0.0362551288599649, 7.725248958762519, 1.0], [-0.008167416677588912, 0.0444268716991528, 7.602983294208201, 1.0], [-0.011493933671664402, 0.04380276800016014, 4.3640226539639215, 1.0], [-0.012007429901682243, 0.0437064285264272, 3.86404201929259, 1.0], [-0.012007429901682465, 0.04370642852642717, 3.8640420192925973, 1.0], [-0.012007429901682132, 0.043706428526427095, 3.864042019292583, 1.0], [-0.012525675157437743, 0.04358109634870988, 3.419301295382432, 1.0], [-0.012721723093062964, 0.04353368421239785, 3.251059522123292, 1.0], [-0.012721723093063408, 0.04353368421239779, 3.2510595221232848, 1.0], [-0.012721723093063408, 0.0435336842123977, 3.251059522123292, 1.0], [-0.012721723093063408, 0.043533684212397755, 3.251059522123292, 1.0], [-0.01236709706448269, 0.04361944679670246, 3.6752868134094854, 1.0], [-0.012007429901682132, 0.043706428526427255, 4.105544645442151, 1.0], [-0.012007429901682687, 0.043706428526427143, 4.105544645442151, 1.0], [-0.012007429901682687, 0.0437064285264272, 4.105544645442151, 1.0], [-0.01370215786442247, 0.04321012745805802, 4.719600251219262, 1.0], [-0.016771521316063298, 0.0423112643993529, 5.831731445773443, 1.0], [-0.016771521316062854, 0.04231126439935273, 5.831731445773443, 1.0], [-0.022505972039451705, 0.03946455696900053, 6.314240568575229, 1.0], [-0.02613971788070435, 0.037660685633230884, 6.6199918258309935, 1.0], [-0.02671795511587799, 0.037060448767869514, 6.781577661218307, 1.0], [-0.039239804012924595, 0.02406219325388359, 10.280752898547362, 1.0], [-0.041625933402316184, 0.01434073591748064, 10.587025641191119, 1.0], [-0.04534924046023342, -0.0008285884598143722, 11.06493244264243, 1.0], [-0.03681262568894092, -0.02420978460487433, 13.959625505207526, 1.0], [-0.013109028106110199, -0.03952555256265733, 10.38479872592265, 1.0], [-0.005016090897839387, -0.04438891747402607, 9.078647099269006, 1.0], [0.01119928059853259, -0.04343532701056613, 5.997454539989661, 1.0], [0.01364637151661785, -0.043291418956209915, 5.532466221321243, 1.0], [0.013646371516617267, -0.04329141895620969, 5.532466221321215, 1.0], [0.02393372630225854, -0.038978894188512525, 5.859231992138973, 1.0], [0.024177448639277732, -0.038876724229690796, 5.866973546598871, 1.0], [0.02493370108823162, -0.038277517861973975, 5.860004757568646, 1.0], [0.03371631778229056, -0.03131873067976368, 5.7790738422918935, 1.0], [0.033716317782290894, -0.03131873067976365, 5.7790738422918935, 1.0], [0.03507893855256594, -0.028956339499394745, 6.081861968409925, 1.0], [0.04361668777942784, -0.014154346227515435, 7.9790362564146164, 1.0], [0.04163002205945643, -0.007811106965811304, 8.283734310926576, 1.0], [0.028609235378534104, 0.033763056449003515, 10.28075289840649, 1.0], [0.019529546094750327, 0.03840909421662414, 8.849281197948187, 1.0], [0.009645935018878116, 0.04346649529101815, 7.291066030969205, 1.0], [0.007338283103542009, 0.043645168519888644, 6.842474386306435, 1.0], [-0.0060329028545996755, 0.044680451594036774, 4.243207893734109, 1.0], [-0.006032902854600453, 0.04468045159403683, 4.243207893734109, 1.0], [-0.0060329028545998975, 0.04468045159403644, 4.243207893734109, 1.0], [-0.008222668896272545, 0.04432750345359043, 4.127440924239522, 1.0], [-0.01184977872097348, 0.043742883159248847, 3.935685501770365, 1.0], 