{"text": "す", "text_ids": [13], "strokes": [[[0.0, 0.0, 0.0, 1.0], [-0.018414535555269108, -0.003927186397377137, 6.001992492119201, 1.0], [-0.01841453555526912, -0.00392718639737699, 6.001992492119201, 1.0], [-0.018414535555269104, -0.003927186397377136, 6.001992492119202, 1.0], [-0.018414535555269125, -0.003927186397376992, 6.0019924921192, 1.0], [0.00023558507187187994, -0.0011492021808203606, 9.283498631160054, 1.0], [0.018774594025786434, 0.0016122316615769638, 12.545454567545349, 1.0], [0.018774594025787045, 0.001612231661577014, 6.612667290558171, 1.0], [0.01877459402578646, 0.001612231661576962, 5.376623386090863, 1.0], [0.018774594025786448, 0.0016122316615769638, 4.4615270346845435, 1.0], [0.018774594025787045, 0.0016122316615770124, 3.8404452757791816, 1.0], [0.01877459402578645, 0.0016122316615769638, 3.8404452757791887, 1.0], [0.018774594025787038, 0.0016122316615770132, 3.8404452757791887, 1.0], [0.018829708342056543, 0.00043564491967970805, 2.9820007819782006, 1.0], [0.018854481460958833, -9.321446258771845e-05, 2.596141917063406, 1.0], [0.018854481460959416, -9.321446258766901e-05, 2.596141917063406, 1.0], [0.018854481460959388, -9.321446258751722e-05, 2.596141917063406, 1.0], [0.018854481460959444, -9.321446258766727e-05, 2.5961419170633917, 1.0], [0.018854481460959416, -9.321446258752156e-05, 2.596141917063406, 1.0], [0.01885234459072546, 9.882238811207127e-05, 2.304703809245808, 1.0], [0.018850425973851753, 0.0002712451850184266, 2.043032294159886, 1.0], [0.018850425973851115, 0.0002712451850182245, 2.043032294159886, 1.0], [0.018850425973851753, 0.0002712451850182696, 2.043032294159886, 1.0], [0.018850425973851198, 0.00027124518501822886, 2.0430322941599, 1.0], [0.01885042597385167, 0.0002712451850184223, 2.0430322941599, 1.0], [0.018850425973851226, 0.00027124518501822495, 2.043032294159886, 1.0], [0.01885042597385178, 0.0002712451850182731, 2.043032294159886, 1.0], [0.018626619980872228, -0.0024241373159944765, 1.9918479476647946, 1.0], [0.018528593760395895, -0.0036047051631600173, 1.9694293878768576, 1.0], [0.018528593760395895, -0.0036047051631598673, 1.9694293878768576, 1.0], [0.018528593760395284, -0.003604705163160065, 1.9694293878768576, 1.0], [0.01852859376039595, -0.0036047051631598673, 1.9694293878768576, 1.0], [0.01852859376039584, -0.0036047051631600165, 1.9694293878768718, 1.0], [0.018528593760396006, -0.0036047051631600095, 1.9694293878768576, 1.0], [0.01852859376039534, -0.0036047051631599054, 1.9694293878768576, 1.0], [0.018695024238078284, -0.0022651858943901967, 2.167631969746253, 1.0], [0.018819947605786647, -0.0012597374903749806, 2.316403603166137, 1.0], [0.018819947605786758, -0.0012597374903749597, 2.316403603166137, 1.0], [0.018819947605787313, -0.001259737490374925, 2.316403603166151, 1.0], [0.018819947605786647, -0.0012597374903749736, 2.3164036031661226, 1.0], [0.018819947605786758, -0.0012597374903749736, 2.316403603166151, 1.0], [0.018819947605786758, -0.0012597374903749875, 2.3164036031661226, 1.0], [0.018776895616050115, -0.0016608977279867487, 2.3504891141144526, 1.0], [0.018634593271217414, -0.0029868769176868842, 2.4631540144465305, 1.0], [0.01863459327121675, -0.002986876917686794, 2.463154014446502, 1.0], [0.018634593271217526, -0.0029868769176868842, 2.4631540144465305, 1.0], [0.01863459327121686, -0.002986876917686787, 2.4631540144465305, 1.0], [0.018634593271217303, -0.0029868769176868773, 2.4631540144465305, 1.0], [0.018634593271217414, -0.002986876917686905, 2.4631540144465305, 1.0], [0.018672765047787143, -0.0026933994764260435, 2.57841386987198, 1.0], [0.01875007344423263, -0.0020990265544647557, 2.811846929529935, 1.0], [0.01875007344423263, -0.002099026554464714, 2.8118469295299064, 1.0], [0.018750073444232518, -0.002099026554464742, 2.8118469295299064, 1.0], [0.018750073444232074, -0.0020990265544648112, 2.811846929529878, 1.0], [0.01875007344423263, -0.002099026554464714, 2.811846929529935, 1.0], [0.018801975348037625, -0.0014321752385578618, 3.770377318066579, 1.0], [0.018831127344242637, -0.0010576215978386205, 4.3087597703498375, 1.0], [0.01883112734424286, -0.001057621597838801, 4.3087597703498375, 1.0], [0.01883112734424197, -0.0010576215978387177, 4.308759770349809, 1.0], [0.018791843060956936, 0.0007976254429988977, 6.296186983183759, 1.0], [0.018774594025787072, 0.001612231661577021, 7.168831181454493, 1.0], [0.018774594025786406, 0.0016122316615769516, 11.317821039689818, 1.0], [0.01644057673336885, 0.006053239069520197, 18.008834683611497, 1.0], [-0.005149448651934674, 0.005469293352572346, 58.52298357156974, 0.0]], [[0.0, 0.0, 0.0, 1.0], [0.018937312709302767, 0.022644404171179744, 21.90862812844198, 1.0], [0.01291764548919161, 0.025672892608696152, 15.92899593564351, 1.0], [0.00674543637296543, 0.028778124718532694, 9.79783635779205, 1.0], [0.006745436372966096, 0.028778124718532944, 9.134209963336708, 1.0], [0.005555413204848314, 0.02886759935843808, 7.174131994734353, 1.0], [-0.002725230859039862, 0.029490198704107767, 7.511146432056073, 1.0], [-0.002725230859039973, 0.029490198704107795, 7.51114643205608, 1.0], [-0.002725230859039862, 0.029490198704107795, 6.442969049753671, 1.0], [-0.002725230859039973, 0.029490198704107753, 6.438125513190926, 1.0], [-0.002725230859039862, 0.029490198704107795, 6.643457720703196, 1.0], [-0.002725230859039973, 0.029490198704107788, 6.8405083577653585, 1.0], [-0.002926023949241241, 0.02944425528970169, 6.83390339535427, 1.0], [-0.010726470871426641, 0.027659437071408013, 6.577312600028591, 1.0], [-0.010726470871426752, 0.027659437071408, 6.5773126000286055, 1.0], [-0.009028189109435036, 0.028177424454028155, 6.4875070922568625, 1.0], [-0.006870709295022093, 0.028835470337305436, 6.37341909191619, 1.0], [-0.006870709295022204, 0.02883547033730527, 6.37341909191619, 1.0], [-0.011563147998252199, 0.02729174057532771, 7.487252602623869, 1.0], [-0.01191619837157154, 0.02717559321502319, 7.571055367378278, 1.0], [-0.010467566059399469, 0.02773669028941539, 9.870920676431382, 1.0], [-0.011751085258759786, 0.02692125343630533, 11.966787318872804, 1.0], [-0.018634865544477686, 0.023131815405489087, 15.624128999005904, 1.0], [-0.012314320526626399, 0.02693597462778502, 12.65687656348635, 1.0], [-0.004397554689708483, 0.029069049362352883, 24.43995156373424, 1.0], [-0.020218403952894204, 0.013970643220913459, 43.30260669664153, 1.0], [-0.028686030823087405, 0.0014720830705922672, 23.33970739059606, 1.0], [-0.028895409860917765, 0.006325195739534939, 15.519621701773247, 1.0], [-0.029506635327436304, -0.0025338247866324437, 21.622301872002822, 1.0], [-0.026720026069986857, -0.010841788555042864, 21.813770494122593, 1.0], [-0.012360488220426735, -0.023935344225759658, 37.870722562119624, 1.0], [-0.007978851964100864, -0.027918182388510238, 20.383123975676313, 1.0], [0.004442721014809414, -0.02892517466499983, 31.658815453640898, 1.0], [0.011255016393752704, -0.026684049359171264, 28.604521067684857, 1.0], [0.017733613546106863, -0.015262086720250367, 55.354243578792534, 1.0], [0.02409216682969506, -0.016864052270450652, 17.79996818416373, 1.0], [0.027610297242817217, -0.010922096008078586, 20.754203728173934, 1.0], [0.02890398222236512, -0.0017424445739295524, 39.550089602283606, 1.0], [0.02950663532743636, 0.002533824786632416, 46.06687859233648, 1.0], [0.025813085996085228, 0.007454286484592398, 25.407149033083897, 1.0], [0.01656931649746074, 0.022650043998044073, 21.414178364066288, 1.0], [0.01639039158024813, 0.022799683703781465, 20.64670286349383, 1.0], [0.010640175202479618, 0.025687493634942216, 28.221860972038485, 1.0], [-0.002725230859039973, 0.029490198704107795, 18.560961282889707, 1.0], [-0.0065328888160608445, 0.028685592099067903, 13.555382383779943, 1.0], [-0.010374187317880867, 0.027696866184417412, 11.921018429944638, 1.0], [-0.01751790481547466, 0.023983994668910047, 7.245849295656853, 1.0], [-0.017509964173437642, 0.023989302206074703, 7.2453951338264915, 1.0], [-0.015633289057966793, 0.02524367469574762, 7.138059454688687, 