{"text": "す", "text_ids": [13], "strokes": [[[0.0, 0.0, 0.0, 1.0], [0.0023062934439477883, -0.013675304995287895, 15.027622877145655, 1.0], [0.013844819650629309, -0.005984815344103727, 4.227544947159979, 1.0], [0.015107644354855655, -0.0017112217713710041, 3.5398806466867008, 1.0], [0.015107644354855482, -0.0017112217713709833, 3.5398806466867043, 1.0], [0.015033842588899317, -0.0022778587941473874, 3.4873831957620567, 1.0], [0.014809008635821692, -0.004004094476188963, 3.327451935784879, 1.0], [0.0148090086358217, -0.004004094476188963, 3.327451935784886, 1.0], [0.0148090086358217, -0.004004094476188963, 3.327451935784879, 1.0], [0.01480900863582138, -0.0040040944761890115, 3.327451935784879, 1.0], [0.01474423944827033, -0.004241035265632111, 3.191446697144812, 1.0], [0.014340058477684076, -0.005719623493601091, 2.342729406770772, 1.0], [0.014340058477684048, -0.005719623493601084, 2.3427294067707862, 1.0], [0.014340058477684048, -0.005719623493601091, 2.342729406770772, 1.0], [0.01434005847768377, -0.005719623493600959, 2.342729406770779, 1.0], [0.014340058477684048, -0.0057196234936010976, 2.342729406770779, 1.0], [0.014340058477684076, -0.005719623493601084, 2.342729406770779, 1.0], [0.014340058477684048, -0.005719623493601084, 2.342729406770779, 1.0], [0.014308454948660954, -0.005811516918786744, 2.044008319384048, 1.0], [0.014304211452980609, -0.005823855710209991, 2.0038981898124035, 1.0], [0.014304211452980664, -0.005823855710210005, 2.0038981898124035, 1.0], [0.014304211452980276, -0.005823855710210019, 2.0038981898124035, 1.0], [0.014304211452980609, -0.005823855710210005, 2.0038981898124035, 1.0], [0.014304211452980276, -0.005823855710209949, 2.0038981898124177, 1.0], [0.014304211452980609, -0.005823855710210005, 2.0038981898124035, 1.0], [0.014304211452980664, -0.005823855710209991, 2.0038981898124035, 1.0], [0.01432743599570846, -0.0057557919112039835, 1.9252468170950863, 1.0], [0.014362541540394402, -0.005652908648206056, 1.8063596849838603, 1.0], [0.014362541540394402, -0.005652908648206029, 1.8063596849838603, 1.0], [0.014362541540394402, -0.005652908648206056, 1.8063596849838603, 1.0], [0.014362541540394347, -0.005652908648206029, 1.8063596849838461, 1.0], [0.014362541540394402, -0.00565290864820614, 1.8063596849838603, 1.0], [0.014362541540394458, -0.005652908648206029, 1.8063596849838603, 1.0], [0.014362541540394347, -0.005652908648206029, 1.8063596849838603, 1.0], [0.014362541540394458, -0.005652908648206056, 1.8063596849838603, 1.0], [0.014208002003128661, -0.006074702175378949, 2.076803828553736, 1.0], [0.014076655573882657, -0.006433193436926915, 2.3066600400903354, 1.0], [0.014076655573882713, -0.0064331934369269705, 2.3066600400903354, 1.0], [0.01407665557388249, -0.0064331934369268595, 2.3066600400903354, 1.0], [0.014076655573882824, -0.006433193436926915, 2.306660040090307, 1.0], [0.014076655573882602, -0.006433193436926915, 2.3066600400903354, 1.0], [0.014076655573882713, -0.0064331934369268595, 2.3066600400903354, 1.0], [0.014182974445744012, -0.0061008173548592615, 2.3448239463705534, 1.0], [0.014699860436747203, -0.0044849185256392865, 2.5303638055958544, 1.0], [0.014699860436746981, -0.004484918525639092, 2.53036380559584, 1.0], [0.014699860436747203, -0.004484918525639203, 2.5303638055958544, 1.0], [0.014699860436747203, -0.004484918525639203, 2.53036380559584, 1.0], [0.014699860436747203, -0.004484918525639203, 2.5303638055958544, 1.0], [0.01469986043674687, -0.004484918525639148, 2.53036380559584, 1.0], [0.014792352487438043, -0.004077468812934193, 3.2058153143499624, 1.0], [0.014809008635821685, -0.004004094476188935, 3.3274519357856036, 1.0], [0.014809008635821796, -0.004004094476188991, 3.327451935785575, 1.0], [0.014809008635821241, -0.004004094476188935, 3.3274519357856036, 1.0], [0.014809008635821796, -0.004004094476188935, 3.3274519357856036, 1.0], [0.015029516572953705, -0.002311073186300139, 4.102111449811758, 1.0], [0.015107644354855454, -0.0017112217713710076, 4.37657970862935, 1.0], [0.015107644354855898, -0.0017112217713710076, 4.376579708629436, 1.0], [0.015107644354855454, -0.0017112217713710076, 4.37657970862935, 1.0], [0.01488029161153992, -0.0035336444208874385, 5.613921837036827, 1.0], [0.014841445968668765, -0.003845024782395179, 5.825334946588725, 1.0], [0.014870048826176374, -0.003615748924087836, 6.37505837325898, 1.0], [0.015107644354855787, -0.0017112217713710076, 10.94144927157356, 1.0], [0.015107644354855565, -0.0017112217713710076, 12.960966181048889, 1.0], [0.008925263466722178, -0.006954520898532213, 41.92193236209806, 0.0]], [[0.0, 0.0, 0.0, 1.0], [0.007270467275833692, 0.012218944654468433, 30.41306174756339, 1.0], [0.014828079163624441, 0.020454213441685465, 7.913471090383126, 1.0], [0.014828079163624164, 0.02045421344168563, 7.913471090383119, 1.0], [0.016950378316731296, 0.018629937959462828, 6.02974766891807, 1.0], [0.017175854608331043, 0.018436124156170325, 5.829618026096647, 1.0], [0.01717585460833093, 0.01843612415617049, 5.829618026096647, 1.0], [0.015463758943921713, 0.019949675788719506, 4.883600072723084, 1.0], [0.015442646205116595, 0.019968340178187355, 4.871934235135797, 1.0], [0.015442646205116262, 0.019968340178187438, 4.871934235135797, 1.0], [0.016475513684621967, 0.01906709323320635, 6.051190852828199, 1.0], [0.016910408567678892, 0.01868761794472984, 6.547723737271255, 1.0], [0.016464597805604053, 0.01903261278159922, 6.51947019184486, 1.0], [0.012758696917336443, 0.021900458919836163, 6.284606325829358, 1.0], [0.01275869691733622, 0.021900458919836163, 6.284606325829358, 1.0], [0.008945375705700087, 0.02364319055540367, 6.505147572819226, 1.0], [0.005967103809475516, 0.025004295053245182, 6.677394221190738, 1.0], [0.005895657327654624, 0.02501894431992352, 6.689668533334924, 1.0], [0.0013793745015658887, 0.025944955368028433, 7.465553695574982, 1.0], [0.0013793745015658887, 0.025944955368028426, 7.465553695574982, 1.0], [-0.005761128249141878, 0.025375182569596103, 6.770155618608527, 1.0], [-0.008290230347216432, 0.025173374149341912, 6.523851850252868, 1.0], [-0.008552037278761082, 0.025093588894950433, 6.825849234726945, 1.0], [-0.009205929229963217, 0.02489431634183903, 7.580121315402778, 1.0], [-0.009553321099470713, 0.024700583783920094, 7.708764513023169, 1.0], [-0.017247175925716673, 0.02040989564012896, 10.557887286904474, 1.0], [-0.019918067980233656, 0.01691795340964347, 11.989182475038092, 1.0], [-0.023902104191912188, 0.010396809050239847, 14.628785419210175, 1.0], [-0.025376733733836532, 5.901314777123634e-06, 16.470301948325016, 1.0], [-0.024326007305043862, -0.007198494404527717, 13.736924543630778, 1.0], [-0.022807759169478192, -0.010845551117594304, 12.050182551496789, 1.0], [-0.02012974987457994, -0.01487850121736925, 12.901228115993092, 1.0], [-0.016276279028277663, -0.0188311298973719, 14.78363737468402, 1.0], [-0.011321676525913371, -0.022679767464834494, 19.099282172165488, 1.0], [0.002200088203305972, -0.025010968854123378, 23.212749032554143, 1.0], [0.021305365640306162, -0.015522123377786606, 20.267060524721558, 1.0], [0.024926309742239583, -0.007664462625120563, 17.152881323028453, 1.0], [0.02530777207243473, -0.0012897187515572422, 13.821328693081739, 1.0], [0.020985118524247337, 0.013928332311034838, 11.659236052193307, 1.0], [0.01651357158109068, 0.018494566262941894, 9.779054033844773, 1.0], [0.013983413017048751, 0.021078302067509158, 8.715180905337661, 1.0], [0.008849809437676104, 0.02379487453460749, 8.98662030075451, 1.0], [0.007588469822411237, 0.024462343383246044, 9.05331365899491, 1.0], [0.00446971340909208, 0.02538879606356237, 8.3050036086766, 1.0], [0.0042168206586403745, 0.02546391997047892, 8.244324875958853, 1.0], [0.0017681902265577198, 0.025879039006451332, 6.64206143201892, 1.0], [0.0013793745015658887, 0.025944955368028544, 6.387639525625673, 1.0], [0.0013793745015658887, 0.025944955368028322, 6.773675275145251, 1.0], [0.0013793745015658887, 0.025944955368028377, 7.465553695574954, 1.0], [0.0010041314143692803, 