{"text": "す", "text_ids": [13], "strokes": [[[0.0, 0.0, 0.0, 1.0], [-0.0018913021580077675, -0.013453148746495776, 4.593357343813325, 1.0], [-0.0018913021580077675, -0.013453148746495776, 4.593357343813325, 1.0], [0.004209568505509866, -0.011815291927203105, 2.706834305871066, 1.0], [0.008188824813588534, -0.010747009637779671, 1.4763609663922814, 1.0], [0.010723734976793213, -0.007427619872655611, 2.9522383042745286, 1.0], [0.012611099409157191, -0.0049561720593225625, 4.051101070491651, 1.0], [0.012611099409157188, -0.0049561720593225556, 4.051101070491651, 1.0], [0.012611099409157188, -0.0049561720593225556, 4.051101070491654, 1.0], [0.012861265885935384, -0.004248976360291298, 2.6076818772452626, 1.0], [0.013012218983507129, -0.003822246996976447, 1.7367074720356328, 1.0], [0.013012218983507115, -0.003822246996976447, 1.7367074720356257, 1.0], [0.013012218983507143, -0.003822246996976364, 1.7367074720356328, 1.0], [0.013012218983507129, -0.0038222469969764333, 1.7367074720356328, 1.0], [0.013012218983507504, -0.0038222469969765027, 1.7367074720356328, 1.0], [0.013012218983507157, -0.00382224699697635, 1.7367074720356257, 1.0], [0.013012218983507129, -0.003822246996976447, 1.7367074720356328, 1.0], [0.013012218983507073, -0.0038222469969764333, 1.7367074720356328, 1.0], [0.013102533888510681, -0.003489794855219275, 1.7144711869366347, 1.0], [0.013232051412646412, -0.003013036580463091, 1.6825828890759098, 1.0], [0.0132320514126468, -0.0030130365804631187, 1.682582889075917, 1.0], [0.013232051412646412, -0.003013036580463188, 1.6825828890759098, 1.0], [0.013232051412646745, -0.003013036580463105, 1.682582889075917, 1.0], [0.013232051412646828, -0.0030130365804631604, 1.6825828890759098, 1.0], [0.013232051412646384, -0.0030130365804631465, 1.682582889075917, 1.0], [0.013232051412646828, -0.0030130365804631465, 1.6825828890759098, 1.0], [0.013232051412646717, -0.0030130365804631187, 1.682582889075917, 1.0], [0.01323205141264644, -0.0030130365804631742, 1.682582889075917, 1.0], [0.013275144704936459, -0.0028106524729383797, 1.660800677176148, 1.0], [0.013372273785090483, -0.0023544937262529597, 1.6117051893843595, 1.0], [0.013372273785089928, -0.0023544937262530152, 1.6117051893843666, 1.0], [0.013372273785090427, -0.0023544937262529597, 1.6117051893843666, 1.0], [0.013372273785090039, -0.002354493726252904, 1.6117051893843666, 1.0], [0.013372273785090427, -0.0023544937262529597, 1.6117051893843666, 1.0], [0.013372273785090039, -0.002354493726252932, 1.6117051893843666, 1.0], [0.013372273785089983, -0.002354493726252904, 1.6117051893843666, 1.0], [0.013372273785090372, -0.002354493726253043, 1.6117051893843524, 1.0], [0.013372273785090039, -0.002354493726252904, 1.6117051893843666, 1.0], [0.013372273785090427, -0.0023544937262529597, 1.6117051893843666, 1.0], [0.013072691053002461, -0.003553616370583934, 1.777991096825147, 1.0], [0.012977819381321976, -0.003933353777426263, 1.8306504136885877, 1.0], [0.012977819381321698, -0.0039333537774260685, 1.8306504136885877, 1.0], [0.012977819381321809, -0.003933353777426235, 1.8306504136885877, 1.0], [0.012977819381322031, -0.003933353777426207, 1.8306504136885877, 1.0], [0.012977819381322031, -0.003933353777426124, 1.830650413688602, 1.0], [0.01297781938132192, -0.003933353777426235, 1.8306504136885877, 1.0], [0.01297781938132192, -0.003933353777426124, 1.8306504136885877, 1.0], [0.012965044228028244, -0.003966203664801465, 1.8457798058060462, 1.0], [0.012320096695501714, -0.0056246145910131, 2.609579964629191, 1.0], [0.012320096695501492, -0.005624614591013155, 2.609579964629205, 1.0], [0.012320096695501381, -0.005624614591013127, 2.609579964629205, 1.0], [0.012320096695501492, -0.005624614591013072, 2.609579964629191, 1.0], [0.012320096695501714, -0.005624614591013155, 2.609579964629205, 1.0], [0.012320096695501381, -0.005624614591013072, 2.609579964629205, 1.0], [0.012250678748773391, -0.005768778816607589, 3.181114107211897, 1.0], [0.012182625875991948, -0.005910108114959178, 3.7414092776829904, 1.0], [0.012182625875991393, -0.0059101081149591506, 3.741409277682976, 1.0], [0.012182625875991615, -0.005910108114959289, 3.7414092776829904, 1.0], [0.012182625875991837, -0.005910108114959178, 3.7414092776830046, 1.0], [0.011241901655966835, -0.007512920054429939, 7.325281427034071, 1.0], [0.011203951146676938, -0.007577580374749815, 7.469861284131298, 1.0], [0.0064760975420773415, -0.01024595569000103, 20.60302913852783, 1.0], [-0.008084075937973445, -0.010769901451575248, 14.746910457326976, 1.0], [-0.012895583223195617, -0.004455281668682531, 0.0, 0.0]], [[0.0, 0.0, 0.0, 1.0], [-0.021646884095457175, -0.0180457105637275, 18.187313092826024, 1.0], [0.009430083722531124, 0.036903258638153025, 8.393736883355672, 1.0], [0.007908198507026287, 0.03721977505007157, 5.871393842356682, 1.0], [0.006862274401991941, 0.037437302720024435, 4.137899515143758, 1.0], [0.006862274401992441, 0.03743730272002438, 4.137899515143758, 1.0], [0.006862274401991997, 0.03743730272002438, 4.137899515143758, 1.0], [0.0055492479486508595, 0.03761499824641326, 3.506168532544578, 1.0], [0.004151167622599372, 0.03780420435025028, 2.8335159322243726, 1.0], [0.004151167622599039, 0.03780420435025045, 2.8335159322243726, 1.0], [0.004151167622599317, 0.037804204350250226, 2.8335159322243726, 1.0], [0.004151167622599428, 0.037804204350250295, 2.8335159322243726, 1.0], [0.004151167622599372, 0.03780420435025031, 2.8335159322243726, 1.0], [0.0038438015877479415, 0.03783309468640856, 3.7876790319341964, 1.0], [0.003784215496826615, 0.037838695377447336, 3.9726534362796855, 1.0], [0.0037842154968271147, 0.037838695377447454, 3.972653436279714, 1.0], [0.0037842154968267816, 0.03783869537744741, 3.9726534362796997, 1.0], [0.00043988837784531, 0.03787316086280336, 4.3154666943295155, 1.0], [-0.0022053041310119426, 0.03790042130726157, 4.586614530611328, 1.0], [-0.0022053041310120536, 0.03790042130726157, 4.586614530611314, 1.0], [-0.0029759956728204195, 0.03773164589475128, 4.736682396184449, 1.0], [-0.01322282997174934, 0.03548766942438675, 6.731930129814899, 1.0], [-0.013222829971749284, 0.035487669424386525, 6.73193012981487, 1.0], [-0.019462351664358335, 0.031780828408693784, 7.5611606405378495, 1.0], [-0.024678373636292605, 0.028682038928207698, 8.254368353695085, 1.0], [-0.030149339163877742, 0.020676550782653402, 8.978313769694964, 1.0], [-0.03595506152362754, 0.012181223715974965, 9.746555877549099, 1.0], [-0.03185505122190968, -0.014021921122343461, 9.526726684090761, 1.0], [-0.02947298611253696, -0.023824562138597072, 9.33410615108113, 1.0], [-0.010578380656883268, -0.0366035710449214, 7.028341395183759, 1.0], [-0.010578380656883213, -0.036603571044921235, 7.02834139518373, 1.0], [-0.0025370841804901456, -0.0374193262530631, 6.69455553111311, 1.0], [0.002205304131011998, -0.03790042130726157, 6.497703918321548, 1.0], [0.0023315972950878616, -0.037874748872535086, 6.503745856087306, 1.0], [0.012134594570579194, -0.03588202971373006, 6.972726896274224, 1.0], [0.01213459457057886, -0.035882029713729766, 6.9727268962741675, 1.0], [0.024693961395497288, -0.027044108821786123, 8.0860063810415, 1.0], [0.029625174484163186, -0.02357405561078471, 8.523115866189727, 1.0], [0.03574251230640385, -0.0070231503586992705, 10.298057923930543, 1.0], [0.035547756488588766, 0.004679536592517901, 10.235174669560877, 1.0], [0.02358405461165719, 0.030078719447596096, 6.733800621597169, 1.0], [0.023584054611657412, 0.030078719447595964, 6.733800621597169, 1.0], [0.010283442397880205, 0.03594622901497063, 4.804021276621995, 1.0], [0.006930026502914521, 0.03742557444139488, 4.317475798473708, 1.0], [0.006930026502914799, 0.03742557444139469, 4.317475798473708, 1.0], [0.00693002650291441, 0.037425574441395076, 4.317475798473708, 1.0], [0.004438255107110989, 0.03776124630257477, 3.4510464468039572, 1.0], [0.004036508919307513, 0.03781536639192501, 3.3113527776251885, 1.0], [0.004036508919307069, 0.03781536639192534, 3.3113527776251885, 1.0], [0.004036508919307513, 