{"text": "す", "text_ids": [13], "strokes": [[[0.0, 0.0, 0.0, 1.0], [-0.01730124879267295, 0.0047444656062987055, 10.754551919147511, 1.0], [-0.017751038367808916, -0.0014144752925277448, 4.081976051667757, 1.0], [-0.01794543822495409, -0.004076380541294321, 1.1980768527284553, 1.0], [-0.017996370442944387, -0.00349600652456021, 2.1448513280753154, 1.0], [-0.018207687974957226, -0.0010880374688430183, 6.073014156946382, 1.0], [-0.018207687974957656, -0.0010880374688430434, 14.054176874174715, 1.0], [0.006803235929946347, -0.005512045679265109, 18.676004150017384, 1.0], [0.01632493508356697, -0.007196272755120093, 17.92516767789092, 1.0], [0.016718304426946176, -0.006312598290599002, 6.881776402075701, 1.0], [0.016770284503618033, -0.0061958289815724765, 5.422495614455528, 1.0], [0.01677028450361761, -0.006195828981572511, 5.422495614455528, 1.0], [0.016652008660384705, -0.006474736871804575, 3.922534965096702, 1.0], [0.01661220285756114, -0.006568603482101712, 3.41772234894097, 1.0], [0.016612202857561563, -0.006568603482101684, 3.41772234894097, 1.0], [0.016612202857561136, -0.006568603482101823, 3.41772234894097, 1.0], [0.01661220285756157, -0.006568603482101684, 3.41772234894097, 1.0], [0.017586991683515865, -0.0034311078077264023, 2.861836377904993, 1.0], [0.017871421801206447, -0.002515629254674301, 2.6996364142262053, 1.0], [0.01787142180120642, -0.002515629254674273, 2.6996364142262195, 1.0], [0.017871421801206433, -0.002515629254674384, 2.6996364142262195, 1.0], [0.017871421801206433, -0.002515629254674287, 2.6996364142262195, 1.0], [0.01787142180120646, -0.002515629254674398, 2.6996364142262195, 1.0], [0.01798850339706093, -0.0017117473422285923, 2.3823369280431876, 1.0], [0.018116887451892355, -0.0008302627777906496, 2.03440697086387, 1.0], [0.018116887451891994, -0.0008302627777906496, 2.03440697086387, 1.0], [0.018116887451892383, -0.0008302627777906496, 2.0344069708638415, 1.0], [0.018116887451892383, -0.0008302627777906357, 2.0344069708638415, 1.0], [0.01811688745189241, -0.0008302627777906219, 2.03440697086387, 1.0], [0.018116887451892383, -0.0008302627777906496, 2.03440697086387, 1.0], [0.018116887451892383, -0.0008302627777906219, 2.0344069708638415, 1.0], [0.01817248259291443, 0.00034426980346653757, 2.0530311393839042, 1.0], [0.018207687974957698, 0.0010880374688430478, 2.0648248133617813, 1.0], [0.018207687974957254, 0.00108803746884302, 2.064824813361753, 1.0], [0.0182076879749572, 0.00108803746884302, 2.0648248133617813, 1.0], [0.0182076879749572, 0.0010880374688430061, 2.064824813361753, 1.0], [0.018207687974957254, 0.00108803746884302, 2.0648248133617813, 1.0], [0.018207687974957643, 0.0010880374688430478, 2.0648248133617813, 1.0], [0.018207687974956754, 0.0010880374688429922, 2.064824813361753, 1.0], [0.01819891632209031, 0.0007032281034939913, 2.1504683441054624, 1.0], [0.018184551938302873, 7.306757473535264e-05, 2.290717458285002, 1.0], [0.018184551938302818, 7.306757473524161e-05, 2.290717458285002, 1.0], [0.018184551938302818, 7.306757473535264e-05, 2.2907174582849734, 1.0], [0.01818455193830293, 7.306757473533876e-05, 2.290717458285002, 1.0], [0.018184551938302818, 7.306757473533876e-05, 2.2907174582849734, 1.0], [0.018184551938302818, 7.306757473535264e-05, 2.290717458285002, 1.0], [0.018184551938302373, 7.306757473522774e-05, 2.2907174582849734, 1.0], [0.018206713440451994, 0.0010452849784838708, 2.423372272387553, 1.0], [0.0182076879749572, 0.00108803746884302, 2.4292056627785428, 1.0], [0.0182076879749572, 0.0010880374688430061, 2.4292056627785428, 1.0], [0.018207687974957643, 0.0010880374688430478, 2.429205662778571, 1.0], [0.018207687974956865, 0.0010880374688429922, 2.4292056627785428, 1.0], [0.018207687974957643, 0.0010880374688430478, 2.429205662778571, 1.0], [0.0182076879749572, 0.0010880374688430061, 2.706780065766452, 1.0], [0.01820768797495731, 0.0010880374688430339, 3.1766535590289777, 1.0], [0.01820768797495753, 0.0010880374688430339, 3.176653559029006, 1.0], [0.018207687974956865, 0.0010880374688429922, 3.1766535590289777, 1.0], [0.018207687974957643, 0.0010880374688430478, 3.1766535590289493, 1.0], [0.018203813653604017, 0.0011390219774912724, 3.229443278720936, 1.0], [0.01801220559443184, 0.003660506867326649, 5.840206509961405, 1.0], [0.018012205594431507, 0.003660506867326524, 5.840206509961405, 1.0], [0.017971936371338315, 0.003859424527135953, 6.231003012749113, 1.0], [0.01764263879699135, 0.005486053943802999, 9.426702620186433, 1.0], [0.01034357487091686, 0.010747599417207779, 22.5461326196193, 0.0]], [[0.0, 0.0, 0.0, 1.0], [-0.018229144261639463, 0.033800462114116414, 19.50534964540057, 1.0], [-0.004616813782570284, 0.039337906440051584, 10.983633824754786, 1.0], [-0.0001940445042936112, 0.040148936412452985, 8.251199999320367, 1.0], [-0.00019404450429350018, 0.040148936412453, 7.186831074308081, 1.0], [-0.00019404450429350018, 0.04014893641245308, 6.0508799995016105, 1.0], [-0.0001940445042936112, 0.04014893641245297, 6.050879999501603, 1.0], [-0.00019404450429350018, 0.04014893641245298, 5.570920641585296, 1.0], [-0.00019404450429350018, 0.04014893641245308, 5.339011764266125, 1.0], [-0.0001940445042936112, 0.04014893641245309, 5.339011764266132, 1.0], [0.0007389701913094182, 0.04018241183809464, 4.838189281247352, 1.0], [0.0017096198125003959, 0.04021723755881604, 4.31716516906873, 1.0], [0.0017096198124999518, 0.040217237558816205, 4.317165169068716, 1.0], [0.0017096198125003959, 0.04021723755881626, 4.31716516906873, 1.0], [-0.001342585137111496, 0.03996885540405848, 4.068502414631595, 1.0], [-0.0038162738473224156, 0.03976755170978319, 3.8669713056609396, 1.0], [-0.0038162738473226376, 0.03976755170978319, 3.8669713056609396, 1.0], [-0.0038162738473220825, 0.03976755170978308, 3.8669713056609254, 1.0], [-0.005041413798768879, 0.03953611888401787, 4.326015409651774, 1.0], [-0.006770262632731949, 0.03920953385143244, 4.973792721121512, 1.0], [-0.006770262632731505, 0.0392095338514325, 4.973792721121541, 1.0], [-0.006770262632731505, 0.03920953385143233, 4.973792721121512, 1.0], [-0.01670443489312684, 0.0355722855175401, 7.503560941857359, 1.0], [-0.016736065903716624, 0.035560704296925705, 7.511615878220766, 1.0], [-0.03078102585302267, 0.021074916963244483, 16.89052832491646, 1.0], [-0.026551918284376474, -0.027363844765875056, 11.910371158941075, 1.0], [-0.020581218202170237, -0.0349545836491203, 9.022404746613091, 1.0], [-0.014184382406419338, -0.03833127267856806, 6.516417993688634, 1.0], [-0.014184382406419394, -0.03833127267856817, 6.516417993688577, 1.0], [-0.01277158913269305, -0.038754636260700415, 9.031462380530286, 1.0], [-0.012138066605496045, -0.038903651466963785, 9.686628563781227, 1.0], [-0.005467253650427384, -0.04008360513023562, 12.080804554711392, 1.0], [0.0042982235163865345, -0.03922799036404501, 9.78091618278873, 1.0], [0.00803837978048555, -0.03890029179153692, 8.900063997684441, 1.0], [0.01722045034852454, -0.03499900786432242, 7.553485988934284, 1.0], [0.019332879560008842, -0.034101477610217756, 7.243691950634513, 1.0], [0.021585505036631314, -0.03250875767582809, 7.849026967158977, 1.0], [0.024165815305573157, -0.030684348050303012, 8.542418822794673, 1.0], [0.03326340814646905, -0.015001366994497695, 12.325734857044154, 1.0], [0.03206148628575528, 0.013139395337643744, 12.938156332145695, 1.0], [0.023101876118984954, 0.03406046870530949, 10.551007683963974, 1.0], [0.01235092727435938, 0.03852858279724003, 7.9737530858828904, 1.0], [0.010342128620533297, 0.03936344320842172, 7.492196932838681, 1.0], [0.0068955318656428455, 0.03987260657321401, 6.73267513164393, 1.0], [0.0054672536504277724, 0.04008360513023568, 6.417927419690443, 1.0], [0.005248626493366104, 0.04009138015015851, 6.280925183087334, 1.0], [0.0017096198125003959, 0.04021723755881629, 4.063214276770566, 1.0], [0.0017096198125003959, 0.04021723755881601, 4.063214276770566, 1.0], [0.0017096198124999518, 0.04021723755881612, 4.063214276770509, 1.0], [0.001480393990939799, 0.04020901321681947, 