{"text": "す", "text_ids": [13], "strokes": [[[0.0, 0.0, 0.0, 1.0], [-0.019935986224354815, -0.0042447933229259925, 6.001992492119201, 1.0], [-0.019935986224354822, -0.004244793322925833, 6.001992492119201, 1.0], [-0.01993598622435481, -0.004244793322925992, 6.001992492119202, 1.0], [-0.01993598622435483, -0.004244793322925834, 6.0019924921192, 1.0], [0.00018074735999493163, -0.0012413233000365016, 9.283498631160054, 1.0], [0.02017763164293293, 0.0017442529737239434, 12.545454567545349, 1.0], [0.020177631642933583, 0.0017442529737240007, 6.612667290558171, 1.0], [0.020177631642932955, 0.0017442529737239434, 5.376623386090863, 1.0], [0.020177631642932944, 0.0017442529737239452, 4.4615270346845435, 1.0], [0.020177631642933586, 0.001744252973723999, 3.8404452757791816, 1.0], [0.02017763164293295, 0.0017442529737239443, 3.8404452757791887, 1.0], [0.020177631642933583, 0.0017442529737239998, 3.8404452757791887, 1.0], [0.02016368518424761, 0.00047332283099672454, 2.9820007819782006, 1.0], [0.020157416444967005, -9.794259827704873e-05, 2.596141917063406, 1.0], [0.020157416444967602, -9.794259827699669e-05, 2.596141917063406, 1.0], [0.020157416444967602, -9.794259827683276e-05, 2.596141917063406, 1.0], [0.02015741644496763, -9.794259827699495e-05, 2.5961419170633917, 1.0], [0.020157416444967602, -9.79425982768371e-05, 2.596141917063406, 1.0], [0.020167027407859306, 0.00010949352947962031, 2.304703809245808, 1.0], [0.02017565673653751, 0.00029574276860687594, 2.043032294159886, 1.0], [0.020175656736536818, 0.0002957427686066513, 2.043032294159886, 1.0], [0.020175656736537456, 0.0002957427686067068, 2.043032294159886, 1.0], [0.02017565673653693, 0.0002957427686066591, 2.0430322941599, 1.0], [0.02017565673653743, 0.00029574276860686814, 2.0430322941599, 1.0], [0.020175656736536873, 0.00029574276860665563, 2.043032294159886, 1.0], [0.02017565673653743, 0.0002957427686067068, 2.043032294159886, 1.0], [0.019769344590552185, -0.0026158172120326045, 1.9918479476647946, 1.0], [0.019591381331059088, -0.003891070018246628, 1.9694293878768576, 1.0], [0.019591381331059088, -0.0038910700182464685, 1.9694293878768576, 1.0], [0.01959138133105842, -0.0038910700182466767, 1.9694293878768576, 1.0], [0.019591381331059088, -0.0038910700182464668, 1.9694293878768576, 1.0], [0.019591381331059088, -0.00389107001824663, 1.9694293878768718, 1.0], [0.0195913813310592, -0.003891070018246623, 1.9694293878768576, 1.0], [0.019591381331058366, -0.0038910700182465154, 1.9694293878768576, 1.0], [0.01985234346316589, -0.002444109383591818, 2.167631969746253, 1.0], [0.020048222660540627, -0.0013580150699783744, 2.316403603166137, 1.0], [0.020048222660540627, -0.0013580150699783744, 2.316403603166137, 1.0], [0.020048222660541404, -0.0013580150699783189, 2.316403603166151, 1.0], [0.020048222660540516, -0.0013580150699783744, 2.3164036031661226, 1.0], [0.020048222660540627, -0.0013580150699783813, 2.316403603166151, 1.0], [0.020048222660540627, -0.0013580150699783883, 2.3164036031661226, 1.0], [0.019977331611910176, -0.0017913509393107097, 2.3504891141144526, 1.0], [0.0197430111424145, -0.0032236821900498633, 2.4631540144465305, 1.0], [0.019743011142413947, -0.003223682190049766, 2.463154014446502, 1.0], [0.0197430111424145, -0.0032236821900498633, 2.4631540144465305, 1.0], [0.019743011142413947, -0.0032236821900497523, 2.4631540144465305, 1.0], [0.0197430111424145, -0.0032236821900498563, 2.4631540144465305, 1.0], [0.0197430111424145, -0.003223682190049877, 2.4631540144465305, 1.0], [0.01980201258363834, -0.00290666499744556, 2.57841386987198, 1.0], [0.01992150680735094, -0.0022646175737299074, 2.811846929529935, 1.0], [0.019921506807351053, -0.0022646175737298796, 2.8118469295299064, 1.0], [0.01992150680735094, -0.0022646175737298796, 2.8118469295299064, 1.0], [0.019921506807350498, -0.002264617573729963, 2.811846929529878, 1.0], [0.019921506807351053, -0.0022646175737298657, 2.811846929529935, 1.0], [0.020018320884547025, -0.0015442833571299025, 3.770377318066579, 1.0], [0.020072698920882925, -0.0011396897139498707, 4.3087597703498375, 1.0], [0.020072698920883036, -0.001139689713950065, 4.3087597703498375, 1.0], [0.020072698920882148, -0.0011396897139499679, 4.308759770349809, 1.0], [0.020145615333567513, 0.0008643253450736493, 6.296186983183759, 1.0], [0.020177631642933513, 0.001744252973723992, 7.168831181454493, 1.0], [0.02017763164293296, 0.0017442529737239504, 11.317821039689818, 1.0], [0.017956715971590542, 0.006541048280848366, 18.008834683611497, 1.0], [-0.005168069588593838, 0.005907130157736029, 58.52298357156974, 0.0]], [[0.0, 0.0, 0.0, 1.0], [0.021654530130061578, 0.024463035893022178, 21.90862812844198, 1.0], [0.015404638026748518, 0.027733504263610265, 15.92899593564351, 1.0], [0.008996369993820696, 0.0310868482198724, 9.79783635779205, 1.0], [0.008996369993821696, 0.03108684821987262, 9.134209963336708, 1.0], [0.007729288775768173, 0.03118332453460257, 7.174131994734353, 1.0], [-0.001087555171340071, 0.031854644257008125, 7.511146432056073, 1.0], [-0.001087555171340182, 0.031854644257008125, 7.51114643205608, 1.0], [-0.001087555171340071, 0.031854644257008166, 6.442969049753671, 1.0], [-0.001087555171340071, 0.03185464425700811, 6.438125513190926, 1.0], [-0.001087555171340071, 0.03185464425700815, 6.643457720703196, 1.0], [-0.001087555171340071, 0.03185464425700815, 6.8405083577653585, 1.0], [-0.0013051315892099735, 0.031804987351073705, 6.83390339535427, 1.0], [-0.009757580313472736, 0.029875906730455287, 6.577312600028591, 1.0], [-0.009757580313472736, 0.029875906730455273, 6.5773126000286055, 1.0], [-0.007909331134546171, 0.030435679348210426, 6.4875070922568625, 1.0], [-0.005561334244522653, 0.031146808767660503, 6.37341909191619, 1.0], [-0.005561334244522986, 0.031146808767660322, 6.37341909191619, 1.0], [-0.010675109866734367, 0.02947860246788886, 7.487252602623869, 1.0], [-0.011059860847338454, 0.02935308972405626, 7.571055367378278, 1.0], [-0.009475919021770696, 0.02995939266411679, 9.870920676431382, 1.0], [-0.010899042710751594, 0.02907837828986476, 11.966787318872804, 1.0], [-0.018495378696734233, 0.02498405933777359, 15.624128999005904, 1.0], [-0.011500460792828848, 0.02909419793076995, 12.65687656348635, 1.0], [-0.00290204580096598, 0.03139947898159301, 24.43995156373424, 1.0], [-0.020756341628130337, 0.015088014745038125, 43.30260669664153, 1.0], [-0.03058596685227133, 0.001585951475987557, 23.33970739059606, 1.0], [-0.030509242106735113, 0.006828208620935139, 15.519621701773247, 1.0], [-0.0317116853680901, -0.0027413128797235675, 21.622301872002822, 1.0], [-0.029246310175172374, -0.011715092929304394, 21.813770494122593, 1.0], [-0.01470117153598599, -0.02585653931951315, 37.870722562119624, 1.0], [-0.01026212719099473, -0.030158126117474593, 20.383123975676313, 1.0], [0.0029592598105325774, -0.03124406027736476, 31.658815453640898, 1.0], [0.010383235325900353, -0.02882222489798386, 28.604521067684857, 1.0], [0.0180190779307996, -0.016483382125131674, 55.354243578792534, 1.0], [0.02471974771062213, -0.018212884228777204, 17.79996818416373, 1.0], [0.028850163124134354, -0.011793925212885609, 20.754203728173934, 1.0], [0.03080229833445014, -0.001877961731964778, 39.550089602283606, 1.0], [0.0317116853680901, 0.0027413128797235398, 46.06687859233648, 1.0], [0.028066571987464317, 0.008055812236341192, 25.407149033083897, 1.0], [0.019122518185469284, 0.024468783001663524, 21.414178364066288, 1.0], [0.018940443670633522, 0.02463039636827094, 20.64670286349383, 1.0], [0.012969990628535433, 0.027748944365593664, 28.221860972038485, 1.0], [-0.001087555171340071, 0.031854644257008125, 18.560961282889707, 1.0], [-0.005209349836518218, 0.030984960889068325, 13.555382383779943, 1.0], [-0.009378525757653522, 0.029916388636185398, 11.921018429944638, 1.0], [-0.017248098385082344, 0.025904738260557503, 7.245849295656853, 1.0], [-0.01723927778738832, 0.025910472570193244, 7.2453951338264915, 1.0], [-0.015154635749786594, 0.027265707593765787, 7.138059454688687, 1.0], 