{"text": "す", "text_ids": [13], "strokes": [[[0.0, 0.0, 0.0, 1.0], [-0.0013074492526514872, -0.014288237549567142, 12.034843706043725, 1.0], [0.00507791440035275, -0.013834657697672724, 2.7181252790434733, 1.0], [0.01292948566091033, -0.005498352904300657, 4.788992603815322, 1.0], [0.013714393644919415, -0.004664986948326476, 4.996013624588933, 1.0], [0.013714393644919408, -0.00466498694832658, 4.996013624588937, 1.0], [0.01397364325449512, -0.0034812079921238068, 2.6909795725268566, 1.0], [0.014000312823171927, -0.0033594300877226105, 2.453855728617789, 1.0], [0.014000312823171907, -0.0033594300877226174, 2.453855728617789, 1.0], [0.014000312823171907, -0.0033594300877227076, 2.453855728617789, 1.0], [0.014000312823172323, -0.003359430087722687, 2.453855728617789, 1.0], [0.01400031282317192, -0.0033594300877226174, 2.453855728617782, 1.0], [0.014000312823171907, -0.0033594300877226035, 2.453855728617789, 1.0], [0.013897519830991883, -0.0038994791991392302, 1.913391440784899, 1.0], [0.013895298864115335, -0.003911147613130883, 1.9017140564047992, 1.0], [0.013895298864115335, -0.003911147613130897, 1.9017140564047992, 1.0], [0.013895298864114919, -0.0039111476131308, 1.9017140564048063, 1.0], [0.013895298864115335, -0.003911147613130883, 1.9017140564048063, 1.0], [0.013895298864115335, -0.0039111476131308, 1.9017140564047992, 1.0], [0.013895298864115335, -0.003911147613130883, 1.9017140564048063, 1.0], [0.013895298864115335, -0.003911147613130883, 1.9017140564048063, 1.0], [0.013891395641271564, -0.003928300595459885, 1.886938149662086, 1.0], [0.01379659999446986, -0.0043448866115885915, 1.5280829951147865, 1.0], [0.013796599994470193, -0.004344886611588647, 1.5280829951147865, 1.0], [0.013796599994469805, -0.0043448866115887025, 1.5280829951147865, 1.0], [0.013796599994470193, -0.004344886611588647, 1.5280829951147723, 1.0], [0.01379659999446986, -0.004344886611588605, 1.5280829951147865, 1.0], [0.01379659999446975, -0.0043448866115885915, 1.5280829951147865, 1.0], [0.013796599994470304, -0.004344886611588661, 1.5280829951147723, 1.0], [0.01379659999446975, -0.004344886611588578, 1.5280829951147865, 1.0], [0.01379659999446986, -0.004344886611588605, 1.5280829951147865, 1.0], [0.013796599994470193, -0.004344886611588633, 1.5280829951147865, 1.0], [0.013718075725396295, -0.0046414303303272675, 1.5350168841959118, 1.0], [0.01365857449502944, -0.004866134314597759, 1.5402709914474144, 1.0], [0.013658574495028997, -0.004866134314597537, 1.5402709914474144, 1.0], [0.013658574495028997, -0.004866134314597675, 1.5402709914474286, 1.0], [0.013658574495028997, -0.004866134314597675, 1.5402709914474144, 1.0], [0.013658574495029052, -0.004866134314597564, 1.5402709914474286, 1.0], [0.013658574495029052, -0.004866134314597648, 1.5402709914474144, 1.0], [0.013658574495029274, -0.00486613431459762, 1.5402709914474286, 1.0], [0.013658574495029163, -0.004866134314597675, 1.5402709914474144, 1.0], [0.013658574495028941, -0.004866134314597564, 1.5402709914474144, 1.0], [0.013658574495029052, -0.004866134314597675, 1.5402709914474144, 1.0], [0.01368826427933223, -0.004759145549459942, 1.66584516492901, 1.0], [0.013714393644919776, -0.004664986948326538, 1.7763603998538429, 1.0], [0.013714393644919665, -0.004664986948326594, 1.7763603998538429, 1.0], [0.013714393644919443, -0.004664986948326483, 1.7763603998538429, 1.0], [0.013714393644919332, -0.004664986948326566, 1.7763603998538429, 1.0], [0.013714393644919776, -0.004664986948326566, 1.7763603998538429, 1.0], [0.013714393644919443, -0.004664986948326566, 1.7763603998538429, 1.0], [0.013714393644919332, -0.004664986948326483, 1.7763603998538429, 1.0], [0.013714393644919443, -0.004664986948326566, 1.7763603998538429, 1.0], [0.013849039977096078, -0.0040673139433587135, 2.345069223874802, 1.0], [0.013971003986082975, -0.003525935692867521, 2.8602114264308938, 1.0], [0.01397100398608253, -0.003525935692867327, 2.860211426430908, 1.0], [0.01397100398608242, -0.0035259356928674657, 2.860211426430908, 1.0], [0.01397100398608253, -0.00352593569286741, 2.8602114264308796, 1.0], [0.01397100398608253, -0.0035259356928673546, 2.8602114264308938, 1.0], [0.013869658753162817, -0.004001823720660713, 4.028533162688518, 1.0], [0.013796599994470138, -0.004344886611588661, 4.870764546892957, 1.0], [0.013796599994469916, -0.004344886611588605, 4.870764546892929, 1.0], [0.01374826688000641, -0.0035598211505636357, 5.7455942525256205, 1.0], [0.013264782318521795, 0.004293325380007484, 14.496668154898543, 1.0], [-0.013784052176660566, 0.0023719302941581644, 34.18583309889988, 0.0]], [[0.0, 0.0, 0.0, 1.0], [-0.005749712286155062, -0.014583217514181734, 24.941906129426982, 1.0], [-0.0014223526287957533, 0.0421950699495639, 11.695536148735535, 1.0], [0.0006198157300743024, 0.042278197265660844, 8.374476812723707, 1.0], [-0.0006871307869237286, 0.04235678280242622, 5.167603432117538, 1.0], [-0.0010939823913173052, 0.04238124642913116, 4.169305825430726, 1.0], [-0.0010939823913175273, 0.04238124642913127, 4.169305825430733, 1.0], [-0.0010939823913169722, 0.04238124642913105, 4.169305825430726, 1.0], [-0.0022550352139418806, 0.04240256823460775, 3.450766913393977, 1.0], [-0.0027884923666540162, 0.0424123647480982, 3.1206271345149332, 1.0], [-0.0027884923666543493, 0.042412364748098286, 3.1206271345149332, 1.0], [-0.002788492366653905, 0.042412364748098216, 3.1206271345149474, 1.0], [-0.0027884923666543493, 0.042412364748098376, 3.1206271345149474, 1.0], [-0.0026381145043771204, 0.042412235986694205, 3.6018523145947086, 1.0], [-0.0025190030419104392, 0.04241213399721977, 3.9830216842586026, 1.0], [-0.002519003041910328, 0.04241213399721968, 3.9830216842586026, 1.0], [-0.0025190030419099396, 0.0424121339972198, 3.9830216842586026, 1.0], [-0.003950105684734084, 0.042330232855830985, 4.166877978429184, 1.0], [-0.007455642397685258, 0.04212961310335511, 4.617240495998487, 1.0], [-0.007455642397685203, 0.04212961310335489, 4.617240495998502, 1.0], [-0.007455642397685258, 0.04212961310335511, 4.617240495998502, 1.0], [-0.009299341453578247, 0.04183630697822749, 4.659826887246169, 1.0], [-0.010487836334631295, 0.041647234457317994, 4.687279148415641, 1.0], [-0.01048783633463135, 0.041647234457318216, 4.687279148415655, 1.0], [-0.012542755791110083, 0.04091609691846826, 5.217765572279291, 1.0], [-0.02105041650003775, 0.037889082846220556, 7.41405530553115, 1.0], [-0.02105041650003775, 0.03788908284622028, 7.41405530553115, 1.0], [-0.03218003333995639, 0.02845481564804886, 8.525805918775347, 1.0], [-0.03339464425649813, 0.02742522369593703, 8.647134842379899, 1.0], [-0.04008994144029321, -0.0045182068994669145, 14.597292727854551, 1.0], [-0.020031048699131804, -0.03350802292995525, 11.201140464867109, 1.0], [-0.014395255575943039, -0.03850534936014938, 10.020453064858003, 1.0], [-0.007493829504930383, -0.04113685752333851, 8.374476812723714, 1.0], [-0.005349492013972418, -0.04143858090992447, 7.869492626641829, 1.0], [0.0014346913989984056, -0.04239316329409354, 6.271840506359183, 1.0], [0.001434691398998822, -0.04239316329409387, 6.271840506359183, 1.0], [0.0075559801880451805, -0.041902221073929824, 7.8868263004091546, 1.0], [0.01031794459758495, -0.0416807048236823, 8.615518155800885, 1.0], [0.02182140063583793, -0.03650638894082103, 12.657265899253474, 1.0], [0.033812671703541186, -0.022696035455182784, 13.342744979094903, 1.0], [0.04001750542195964, -0.0073378200838842556, 12.104783703743976, 1.0], [0.03725370713448656, 0.01635431206214244, 10.060457795606851, 1.0], [0.027158201472200827, 0.02763151737604222, 8.737558777817867, 1.0], [0.01967583313481991, 0.035989712279551445, 7.7570811221781355, 1.0], [0.01527113901488858, 0.03789249911175435, 6.595283367400498, 1.0], [0.008168846159192222, 0.04096062347097307, 4.72195739541462, 1.0], [0.008168846159192555, 0.04096062347097301, 4.721957395414563, 1.0], [0.008168846159192222, 0.04096062347097307, 4.721957395414563, 1.0], [0.0003515071168185835, 0.042294789299941016, 4.565791253982468, 1.0], 