{"text": "す", "text_ids": [13], "strokes": [[[0.0, 0.0, 0.0, 1.0], [-0.007013113914478205, -0.011415842207483323, 10.299313430426869, 1.0], [-0.006223209083441327, -0.011820615096253205, 2.5932829367560313, 1.0], [-0.006066977099064666, -0.011900673438916178, 1.0691392824975203, 1.0], [-0.005534886522318556, -0.011663453465666364, 1.2264503590435076, 1.0], [0.012358292126970455, -0.0036862038280242246, 6.516518101574416, 1.0], [0.012358292126970833, -0.0036862038280243356, 6.516518101574416, 1.0], [0.012829598843849854, -0.0019540882936492088, 3.3795739735526915, 1.0], [0.012893568835948608, -0.0017189899742745887, 2.953799665873106, 1.0], [0.012893568835948596, -0.001718989974274679, 2.953799665873113, 1.0], [0.01289356883594861, -0.001718989974274679, 2.953799665873113, 1.0], [0.012893568835948624, -0.0017189899742745818, 2.953799665873106, 1.0], [0.012879120622007634, -0.0017866003126745522, 2.8380402354072274, 1.0], [0.012778161149223283, -0.0022590396153671505, 2.029150561080513, 1.0], [0.012778161149223685, -0.0022590396153671782, 2.029150561080513, 1.0], [0.012778161149223685, -0.0022590396153671644, 2.029150561080513, 1.0], [0.012778161149223671, -0.0022590396153671644, 2.029150561080513, 1.0], [0.01277816114922331, -0.0022590396153671644, 2.029150561080513, 1.0], [0.012778161149223671, -0.0022590396153671644, 2.0291505610805203, 1.0], [0.012778161149223644, -0.0022590396153671644, 2.029150561080513, 1.0], [0.012793319322010693, -0.002191369550364017, 1.9744769197329504, 1.0], [0.012841288646502913, -0.001977221885462857, 1.8014575406964042, 1.0], [0.012841288646502469, -0.001977221885462857, 1.8014575406964042, 1.0], [0.012841288646502885, -0.001977221885462954, 1.8014575406964042, 1.0], [0.012841288646502885, -0.001977221885462857, 1.8014575406964042, 1.0], [0.012841288646502469, -0.001977221885462954, 1.8014575406964042, 1.0], [0.012841288646502913, -0.001977221885462857, 1.8014575406964042, 1.0], [0.012841288646502858, -0.001977221885462954, 1.8014575406964184, 1.0], [0.012841288646502469, -0.001977221885462857, 1.8014575406964042, 1.0], [0.012841288646502913, -0.001977221885462857, 1.8014575406964042, 1.0], [0.012579911568793789, -0.0029713001608945994, 1.6247389386599593, 1.0], [0.012515916345225586, -0.0032146889922259336, 1.5814713861068128, 1.0], [0.012515916345225475, -0.0032146889922259336, 1.581471386106827, 1.0], [0.01251591634522553, -0.0032146889922259475, 1.581471386106827, 1.0], [0.012515916345225975, -0.0032146889922259475, 1.581471386106827, 1.0], [0.012515916345225475, -0.0032146889922259475, 1.581471386106827, 1.0], [0.01251591634522553, -0.0032146889922259336, 1.581471386106827, 1.0], [0.01251591634522553, -0.0032146889922259475, 1.581471386106827, 1.0], [0.012515916345225864, -0.0032146889922259336, 1.581471386106827, 1.0], [0.01251591634522553, -0.0032146889922259614, 1.581471386106827, 1.0], [0.012600726067884982, -0.0029288051064298715, 1.7931434204608365, 1.0], [0.012639517512068654, -0.002798043579908066, 1.889960903744381, 1.0], [0.012639517512068599, -0.002798043579908066, 1.889960903744381, 1.0], [0.012639517512068155, -0.0027980435799080383, 1.889960903744381, 1.0], [0.012639517512068599, -0.002798043579908066, 1.889960903744381, 1.0], [0.01263951751206871, -0.0027980435799081493, 1.8899609037443952, 1.0], [0.012639517512068488, -0.002798043579908066, 1.889960903744381, 1.0], [0.012639517512068599, -0.0027980435799080383, 1.889960903744381, 1.0], [0.012639517512068599, -0.002798043579908094, 1.889960903744381, 1.0], [0.012662549297563497, -0.0027140766914831582, 2.437344428288881, 1.0], [0.012672836007769472, -0.002676574473156418, 2.6818228986835067, 1.0], [0.01267283600776914, -0.002676574473156418, 2.6818228986835067, 1.0], [0.012672836007769583, -0.002676574473156418, 2.681822898683521, 1.0], [0.01267283600776914, -0.002676574473156418, 2.6818228986835067, 1.0], [0.012672836007769361, -0.0026765744731563346, 2.6818228986835067, 1.0], [0.012507523560419731, -0.003178399206179683, 3.3158286063932394, 1.0], [0.012203584124441336, -0.004101041927646987, 4.481496045825764, 1.0], [0.012203584124441225, -0.004101041927646931, 4.481496045825764, 1.0], [0.012203584124441114, -0.004101041927646931, 4.481496045825764, 1.0], [0.012400215208927534, -0.003534183339757163, 5.3425396967357415, 1.0], [0.012555393784146496, -0.0030868262586025152, 6.022063625008343, 1.0], [0.012555393784147051, -0.003086826258602432, 6.022063625008315, 1.0], [-0.009838666893666081, -0.005123634629658841, 26.91216156201611, 1.0], [-0.010718264102645092, -0.007915745286190934, 7.677899963727924, 0.0]], [[0.3621554047485704, -0.2741480681118882, 0.0, 1.0], [-0.02103374578347378, -0.0058456974157894415, 30.05123069994425, 1.0], [0.019078160466752536, 0.026506557078414705, 13.609014678187208, 1.0], [0.019427132172507966, 0.02626403121403481, 9.313609504020256, 1.0], [0.01954062427036235, 0.026185157286211097, 7.91666374507092, 1.0], [0.016977541210299096, 0.027747674656929316, 6.926884378275815, 1.0], [0.016046491412736064, 0.02831526511248797, 6.567343209499228, 1.0], [0.01546263311132634, 0.02856557752513214, 6.264469980109126, 1.0], [0.012019140879817036, 0.030041875534955437, 4.478177638255076, 1.0], [0.012019140879817425, 0.03004187553495552, 4.47817763825509, 1.0], [0.012019140879817092, 0.030041875534955433, 4.47817763825509, 1.0], [0.010224171754560085, 0.030491339002386993, 4.438068963104897, 1.0], [0.006872810805295282, 0.03133052575589439, 4.363182634569412, 1.0], [0.0068728108052957815, 0.03133052575589428, 4.363182634569412, 1.0], [0.0068728108052956705, 0.03133052575589437, 4.363182634569412, 1.0], [0.004356328566017087, 0.03158340363100841, 4.995189031650611, 1.0], [0.0031815375932597867, 0.031701456776887155, 5.290233994983552, 1.0], [0.0031815375932597867, 0.03170145677688693, 5.290233994983566, 1.0], [0.0031815375932596757, 0.03170145677688696, 5.727396993801449, 1.0], [0.0031815375932597867, 0.03170145677688713, 6.223804699986289, 1.0], [0.0031815375932596757, 0.031701456776886794, 6.223804699986317, 1.0], [-0.006737313465918882, 0.030392183442369824, 6.722653275310449, 1.0], [-0.007870167635231406, 0.030242648405808814, 6.7796278870915785, 1.0], [-0.009734978506671044, 0.02950505450277796, 7.141479826214095, 1.0], [-0.012651944544047111, 0.028351298699726357, 7.707494231827354, 1.0], [-0.014868554001750245, 0.026568519464257145, 8.195903861649413, 1.0], [-0.024676690462405337, 0.018680011202263314, 10.357037065040316, 1.0], [-0.027532130801341204, 0.013943661667646545, 11.757435794586456, 1.0], [-0.02934239572056141, 0.0043659025496015635, 14.025863028503608, 1.0], [-0.026330628021661417, -0.017409972309470556, 16.13251635677173, 1.0], [-0.018514495717136203, -0.026786005158492332, 12.660897911221895, 1.0], [-0.011789409284995223, -0.03012010134438531, 10.900042874572023, 1.0], [-0.007333057106339469, -0.030938779523989657, 11.125852436590776, 1.0], [-0.002996812317564601, -0.03167955994011623, 11.358114427598537, 1.0], [0.007031040786235732, -0.030490885235212595, 12.546891584549883, 1.0], [0.01796209057021758, -0.02358264129936366, 14.132028642880016, 1.0], [0.02767212028634697, -0.012634630706720718, 15.307360872105676, 1.0], [0.03050010756742022, 0.0018783818592056911, 12.992888739767068, 1.0], [0.030462517915866683, 0.011277968096589208, 10.419626323117939, 1.0], [0.022300044693214227, 0.02321750376978654, 8.911204451201797, 1.0], [0.0209334770800767, 0.025114291932628874, 8.628694057693394, 1.0], [0.016046491412736452, 0.028315265112488164, 6.567343209499256, 1.0], [0.016046491412736397, 0.028315265112487775, 6.5673432094991995, 1.0], [0.012377380589948417, 0.0295734585740835, 6.00568522516312, 1.0], [0.007643750643707481, 0.03119669170484196, 5.281073409764417, 1.0], [0.007643750643706926, 0.03119669170484224, 5.281073409764417, 1.0], [0.005827766782695365, 0.03140211560864786, 5.031511723350036, 1.0], [0.0031815375932596757, 0.03170145677688696, 4.667853524985446, 1.0], [0.0031815375932597867, 0.03170145677688718, 