{"text": "せ", "text_ids": [14], "strokes": [[[0.0, 0.0, 0.0, 1.0], [-0.018014825734053296, 0.00648681294932372, 11.004089411149888, 1.0], [-0.01854152230407103, 0.0037383322710197522, 17.17514730029973, 1.0], [0.017890854206856138, -0.00041786110181519197, 23.24425537072483, 1.0], [0.018727059327564497, -0.003077502134473874, 13.830284400520185, 1.0], [0.018283770424896817, -0.005696891108887082, 4.498702114904958, 1.0], [0.01828377042489695, -0.005696891108887084, 4.498702114904958, 1.0], [0.018283770424896956, -0.0056968911088869515, 4.498702114904972, 1.0], [0.017285471626518757, -0.008193187844228778, 2.969903280678082, 1.0], [0.017226701076738044, -0.00834014658222446, 2.8799018220587556, 1.0], [0.01722670107673789, -0.008340146582224456, 2.8799018220587556, 1.0], [0.017226701076738016, -0.008340146582224456, 2.8799018220587556, 1.0], [0.017226701076737905, -0.008340146582224449, 2.8799018220587556, 1.0], [0.017254449727488047, -0.008276445250168116, 2.8405638417253414, 1.0], [0.017896580313635446, -0.006802334884945284, 1.9302449726441182, 1.0], [0.01789658031363542, -0.006802334884945166, 1.9302449726441182, 1.0], [0.017896580313635446, -0.006802334884945277, 1.9302449726441182, 1.0], [0.017896580313635446, -0.006802334884945166, 1.9302449726441182, 1.0], [0.01789658031363517, -0.006802334884945277, 1.930244972644104, 1.0], [0.017896580313635474, -0.006802334884945166, 1.9302449726441182, 1.0], [0.01789658031363539, -0.006802334884945277, 1.930244972644104, 1.0], [0.017896580313635446, -0.006802334884945166, 1.9302449726441182, 1.0], [0.01796905141060562, -0.006599696493018142, 1.8455036217480512, 1.0], [0.01820595388574303, -0.005937287082749529, 1.5684906246619477, 1.0], [0.018205953885743253, -0.005937287082749654, 1.5684906246619619, 1.0], [0.018205953885743142, -0.005937287082749515, 1.5684906246619619, 1.0], [0.01820595388574303, -0.005937287082749543, 1.5684906246619477, 1.0], [0.01820595388574331, -0.005937287082749515, 1.5684906246619619, 1.0], [0.01820595388574331, -0.005937287082749543, 1.5684906246619619, 1.0], [0.01820595388574303, -0.005937287082749515, 1.5684906246619477, 1.0], [0.018205953885743087, -0.005937287082749515, 1.5684906246619619, 1.0], [0.01820595388574331, -0.005937287082749515, 1.5684906246619477, 1.0], [0.01820995477944043, -0.005924770841455124, 1.578305614995017, 1.0], [0.018325880075621637, -0.005562114622882031, 1.86269349117876, 1.0], [0.018325880075621748, -0.005562114622882058, 1.86269349117876, 1.0], [0.01832588007562186, -0.00556211462288192, 1.8626934911787316, 1.0], [0.018325880075621526, -0.005562114622882031, 1.86269349117876, 1.0], [0.018325880075621637, -0.005562114622882058, 1.86269349117876, 1.0], [0.01832588007562197, -0.005562114622882031, 1.8626934911787316, 1.0], [0.018325880075621637, -0.005562114622882031, 1.86269349117876, 1.0], [0.018325880075621526, -0.00556211462288192, 1.8626934911787316, 1.0], [0.01832588007562186, -0.005562114622882058, 1.86269349117876, 1.0], [0.018517177533154183, -0.004895072245840154, 1.980425463369528, 1.0], [0.01853684060222416, -0.004826508342788083, 1.9925268887140817, 1.0], [0.018536840602224047, -0.004826508342788222, 1.9925268887140533, 1.0], [0.01853684060222427, -0.004826508342788111, 1.9925268887140817, 1.0], [0.018536840602223825, -0.004826508342788027, 1.9925268887140533, 1.0], [0.018536840602224047, -0.004826508342788138, 1.9925268887140533, 1.0], [0.01853684060222416, -0.004826508342788083, 1.9925268887140817, 1.0], [0.01853684060222427, -0.004826508342788083, 1.9925268887140817, 1.0], [0.018441961348788394, -0.005152825998716026, 2.0888135616498857, 1.0], [0.018283770424896706, -0.005696891108887103, 2.249351057452486, 1.0], [0.01828377042489704, -0.005696891108887048, 2.249351057452486, 1.0], [0.018283770424896928, -0.005696891108887103, 2.249351057452458, 1.0], [0.018283770424896928, -0.005696891108887103, 2.249351057452486, 1.0], [0.018283770424896928, -0.005696891108887048, 2.249351057452486, 1.0], [0.01828377042489704, -0.005696891108887103, 2.249351057452486, 1.0], [0.018283770424896595, -0.005696891108886937, 2.911714997484978, 1.0], [0.018283770424896928, -0.005696891108887048, 4.779870997086533, 1.0], [0.018283770424896928, -0.005696891108887159, 4.779870997086533, 1.0], [0.01828377042489704, -0.005696891108887048, 4.779870997086505, 1.0], [0.018412736253858197, -0.00526453192241505, 7.360704391861589, 1.0], [0.018466656890847366, -0.005083762466426167, 8.439751312498004, 1.0], [0.014806507485292775, -0.011155266157188481, 18.608799417885592, 0.0]], [[0.0, 0.0, 0.0, 1.0], [-0.0007809812853986076, -0.010771415797852457, 14.151347353942963, 1.0], [-0.0037290919178544213, -0.010221653574383205, 1.1000306519934764, 1.0], [-0.0037290919178544213, -0.010221653574383205, 1.1000306519934764, 1.0], [-0.0023262074861074566, -0.010483262774518609, 6.83475593573791, 1.0], [0.005810805189851553, -0.0050476181560415445, 28.417195150908228, 1.0], [0.007722194323993903, 0.006018018134437475, 15.924209791218715, 1.0], [0.006282777649668558, 0.008894631127736086, 5.145550425751779, 1.0], [0.006282777649668558, 0.008894631127735975, 5.145550425751765, 1.0], [0.003868506704953756, 0.009917186165358305, 4.048183399976622, 1.0], [0.0020918776891316604, 0.010669670452215396, 3.240645992766332, 1.0], [0.0020918776891316604, 0.010669670452215507, 3.2406459927663462, 1.0], [0.0020918776891317714, 0.010669670452215452, 3.240645992766318, 1.0], [0.0020918776891315494, 0.010669670452215396, 3.2406459927663462, 1.0], [0.0015037062987832694, 0.010732228543136879, 2.8214687762198594, 1.0], [0.0003106570536239861, 0.010859121629704704, 1.9712080019030083, 1.0], [0.0003106570536238751, 0.010859121629704649, 1.9712080019030083, 1.0], [0.0003106570536239861, 0.010859121629704649, 1.9712080019030083, 1.0], [0.0003106570536238751, 0.010859121629704704, 1.9712080019030083, 1.0], [0.0003106570536238751, 0.01085912162970476, 1.9712080019030225, 1.0], [0.0003106570536239861, 0.010859121629704649, 1.9712080019030083, 1.0], [0.0003106570536238751, 0.010859121629704649, 1.9712080019030083, 1.0], [0.0003106570536239861, 0.010859121629704815, 1.9712080019030083, 1.0], [0.0003106570536238751, 0.010859121629704704, 1.7392449099551328, 1.0], [0.0003106570536238751, 0.010859121629704593, 1.6426733349191807, 1.0], [0.0003106570536239861, 0.010859121629704704, 1.6426733349191665, 1.0], [0.0003106570536238751, 0.010859121629704649, 1.6426733349191807, 1.0], [0.0003106570536239861, 0.010859121629704649, 1.6426733349191665, 1.0], [0.0003106570536238751, 0.01085912162970476, 1.6426733349191807, 1.0], [0.0003106570536238751, 0.010859121629704704, 1.6426733349191807, 1.0], [0.0003106570536239861, 0.010859121629704649, 1.6426733349191665, 1.0], [0.0003106570536238751, 0.010859121629704649, 1.6426733349191949, 1.0], [0.0003106570536239861, 0.010859121629704788, 1.6426733349191522, 1.0], [0.0003106570536238751, 0.010859121629704538, 1.7921857764221159, 1.0], [0.0003106570536238751, 0.010859121629704788, 2.061393988948197, 1.0], [0.0003106570536239861, 0.010859121629704649, 2.0613939889481685, 1.0], [0.0003106570536238751, 0.010859121629704649, 2.0613939889481685, 1.0], [0.0003106570536238751, 0.010859121629704815, 2.061393988948197, 1.0], [0.0003106570536239861, 0.010859121629704649, 2.0613939889481685, 1.0], [0.0003106570536238751, 0.010859121629704649, 2.0613939889481685, 1.0], [0.0003106570536239861, 0.010859121629704815, 2.061393988948197, 1.0], [0.0003106570536238751, 0.010859121629704524, 2.13809481152299, 1.0], [0.0003106570536238751, 0.010859121629704788, 2.19023111319558, 1.0], [0.0003106570536239861, 0.010859121629704663, 2.1902311131955514, 1.0], [0.0003106570536238751, 0.010859121629704649, 2.19023111319558, 1.0], [0.0003106570536239861, 0.010859121629704802, 2.19023111319558, 1.0], [0.0003106570536238751, 0.010859121629704649, 2.19023111319558, 1.0], [0.0003106570536238751, 0.010859121629704663, 2.1902311131955514, 1.0], [0.0003106570536239861, 0.010859121629704663, 2.1902311131955514,