{"text": "せ", "text_ids": [14], "strokes": [[[0.0, 0.0, 0.0, 1.0], [-0.01829311541484689, -0.0019287694052297867, 6.87920182932987, 1.0], [-0.018190998227834272, -0.002412571573603005, 7.040497697584539, 1.0], [-0.017366847810935705, -0.006317161686444148, 8.342257577138026, 1.0], [-0.017878068528014254, -0.0038951434280579036, 16.15043823097266, 1.0], [0.0108053542998727, 0.0008787775917987149, 38.79876881005461, 1.0], [0.017678628085126616, -0.0046305675578652596, 5.264440175490122, 1.0], [0.017678628085126605, -0.004630567557865256, 5.264440175490108, 1.0], [0.017678628085126415, -0.004630567557865277, 5.264440175490108, 1.0], [0.017644352930277427, -0.004752006254122629, 3.4601362775835156, 1.0], [0.017636359947673645, -0.0047803258165236215, 3.0393717403972005, 1.0], [0.017636359947674044, -0.004780325816523587, 3.0393717403972005, 1.0], [0.01763635994767366, -0.0047803258165236215, 3.0393717403972005, 1.0], [0.01763635994767404, -0.00478032581652358, 3.0393717403972005, 1.0], [0.01759830351806635, -0.004909833805148138, 2.519365606431336, 1.0], [0.017566742702220237, -0.005017236885832339, 2.0881160645639056, 1.0], [0.017566742702220237, -0.0050172368858323255, 2.0881160645639056, 1.0], [0.017566742702219862, -0.005017236885832166, 2.0881160645638914, 1.0], [0.017566742702220223, -0.005017236885832332, 2.0881160645639056, 1.0], [0.01756674270222025, -0.0050172368858323185, 2.0881160645639056, 1.0], [0.017566742702219834, -0.005017236885832166, 2.0881160645638914, 1.0], [0.017566742702220278, -0.0050172368858323185, 2.0881160645639056, 1.0], [0.017681533748826694, -0.004591554847969928, 1.9623993935087327, 1.0], [0.017849937943908822, -0.003967058050821995, 1.7779667620162911, 1.0], [0.017849937943908822, -0.003967058050821995, 1.7779667620163195, 1.0], [0.017849937943908878, -0.003967058050822175, 1.7779667620162911, 1.0], [0.017849937943908878, -0.003967058050821967, 1.7779667620162911, 1.0], [0.017849937943908878, -0.003967058050821995, 1.7779667620162911, 1.0], [0.017849937943908822, -0.003967058050821967, 1.7779667620162911, 1.0], [0.017849937943908878, -0.003967058050822175, 1.7779667620163195, 1.0], [0.017849937943908878, -0.003967058050821995, 1.7779667620162911, 1.0], [0.017849937943908434, -0.0039670580508220366, 1.7779667620162911, 1.0], [0.018238970870427862, -0.0014562063526948887, 1.6886087946164139, 1.0], [0.0183109545317533, -0.0009916176612063676, 1.6720746834303952, 1.0], [0.018310954531753465, -0.0009916176612064231, 1.6720746834304236, 1.0], [0.0183109545317533, -0.0009916176612063954, 1.6720746834303952, 1.0], [0.018310954531753743, -0.0009916176612063399, 1.6720746834304236, 1.0], [0.018310954531753354, -0.0009916176612063954, 1.6720746834303952, 1.0], [0.018310954531753243, -0.000991617661206201, 1.6720746834304236, 1.0], [0.018310954531753798, -0.0009916176612063676, 1.6720746834303952, 1.0], [0.018310954531753354, -0.0009916176612063676, 1.6720746834304236, 1.0], [0.018324242409080815, -0.0006689495853159366, 1.798574607006202, 1.0], [0.01835929020788407, 0.00018211229051759426, 2.132227888181035, 1.0], [0.01835929020788374, 0.0001821122905177608, 2.132227888181035, 1.0], [0.01835929020788407, 0.00018211229051759426, 2.132227888181035, 1.0], [0.018359290207884182, 0.000182112290517622, 2.132227888181035, 1.0], [0.01835929020788407, 0.000182112290517622, 2.132227888181035, 1.0], [0.01835929020788374, 0.0001821122905177608, 2.132227888181035, 1.0], [0.018359290207884182, 0.000182112290517622, 2.132227888181035, 1.0], [0.018339303639784865, 0.0007096497374337041, 2.2429592513369982, 1.0], [0.01829311541484724, 0.0019287694052298188, 2.4988553653559222, 1.0], [0.018293115414846906, 0.001928769405229791, 2.4988553653559222, 1.0], [0.018293115414846906, 0.001928769405229791, 2.4988553653559507, 1.0], [0.018293115414847017, 0.001928769405229791, 2.4988553653559507, 1.0], [0.018293115414846794, 0.001928769405229791, 2.4988553653559222, 1.0], [0.01829311541484735, 0.0019287694052298188, 2.4988553653559507, 1.0], [0.018196660465695236, 0.0026849528707600934, 3.0061265052922295, 1.0], [0.01809978485832331, 0.003444434194969523, 3.51560995032105, 1.0], [0.018099784858323198, 0.003444434194969717, 3.5156099503210214, 1.0], [0.018099784858322865, 0.0034444341949694673, 3.5156099503210214, 1.0], [0.018099784858323198, 0.0034444341949697033, 3.5156099503210214, 1.0], [0.016491338051871862, 0.00832971466295579, 8.099890892597955, 1.0], [0.01640271983049868, 0.008598871755529133, 8.352464258252041, 1.0], [0.014671496580405452, 0.009139066763238321, 17.73122479201149, 0.0]], [[0.0, 0.0, 0.0, 1.0], [-0.006932087130927522, -0.007721657222733491, 12.1324464901323, 1.0], [-0.010388209403486726, -0.0010953006099936324, 2.2537668336919463, 1.0], [-0.009798276457327448, -0.00038072150349555134, 11.931075033212451, 1.0], [-0.0008899252770223631, 0.010409863542207132, 5.108538156368407, 1.0], [-0.0008899252770223631, 0.010409863542207298, 5.108538156368404, 1.0], [-0.0008899252770223631, 0.010409863542207187, 5.108538156368411, 1.0], [-0.0008899252770223631, 0.010409863542207132, 2.920197583237382, 1.0], [-0.0008899252770223631, 0.010409863542207187, 2.1285575651535, 1.0], [-0.0008899252770223631, 0.010409863542207187, 2.128557565153507, 1.0], [-0.0008899252770224741, 0.010409863542207132, 2.1285575651535, 1.0], [-0.0008899252770223631, 0.010409863542207187, 2.128557565153507, 1.0], [-0.0008899252770223631, 0.010409863542207298, 2.1285575651535, 1.0], [-0.0008899252770223631, 0.010409863542207132, 2.1285575651535, 1.0], [-0.0008899252770223631, 0.010409863542207187, 2.128557565153514, 1.0], [-0.0012769830979285635, 0.010359254481432045, 1.490741755692568, 1.0], [-0.001407577373776725, 0.010342178857878359, 1.2755411079799188, 1.0], [-0.001407577373776947, 0.010342178857878415, 1.2755411079799117, 1.0], [-0.001407577373776725, 0.010342178857878359, 1.2755411079799117, 1.0], [-0.001407577373777058, 0.010342178857878276, 1.2755411079799188, 1.0], [-0.001407577373776725, 0.010342178857878359, 1.2755411079799188, 1.0], [-0.001407577373776947, 0.010342178857878442, 1.2755411079799046, 1.0], [-0.001407577373776725, 0.010342178857878248, 1.2755411079799188, 1.0], [-0.001407577373777058, 0.010342178857878415, 1.2755411079799188, 1.0], [-0.001407577373776503, 0.010342178857878276, 1.2755411079799188, 1.0], [-0.001407577373777058, 0.010342178857878442, 1.2755411079799046, 1.0], [-0.001407577373776614, 0.010342178857878442, 1.2755411079799188, 1.0], [-0.001407577373777169, 0.010342178857878248, 1.2755411079799046, 1.0], [-0.0017762774513244706, 0.010268351788790375, 1.2229703881862548, 1.0], [-0.002285349075724863, 0.010166417267280806, 1.1503849363489138, 1.0], [-0.002285349075724752, 0.010166417267280611, 1.1503849363489138, 1.0], [-0.002285349075724419, 0.010166417267280861, 1.1503849363489138, 1.0], [-0.002285349075724863, 0.010166417267280806, 1.1503849363489138, 1.0], [-0.002285349075724974, 0.01016641726728082, 1.1503849363489138, 1.0], [-0.002285349075724863, 0.01016641726728082, 1.1503849363489138, 1.0], [-0.002285349075724863, 0.010166417267280604, 1.1503849363489138, 1.0], [-0.002285349075724419, 0.010166417267280861, 1.1503849363489138, 1.0], [-0.002285349075724752, 0.010166417267280799, 1.1503849363489138, 1.0], [-0.002285349075724863, 0.01016641726728082, 1.1503849363489138, 1.0], [-0.002285349075724863, 0.010166417267280592, 1.1503849363489138, 1.0], [-0.002285349075724641, 0.010166417267280863, 1.1503849363489138, 1.0], [-0.002285349075724752, 0.010166417267280821, 1.1503849363489138, 1.0], [-0.002285349075724863, 0.010166417267280792, 1.1503849363489138, 1.0], [-0.0026865723831169808, 0.010054956610058865, 1.4209360904487056, 1.0], [-0.0029099390086750887, 0.009992904903621178, 1.571555701071233, 1.0], [-0.0029099390086747556, 0.00999290490362141, 1.5715557010712473, 1.0], [-0.0029099390086748667, 0.00999290490362141, 1.571555701071233, 1.0], [-0.0029099390086751997, 0.009992904903621175, 1.571555701071233, 1.0], [-0.0029099390086747556, 