{"text": "せ", "text_ids": [14], "strokes": [[[0.0, 0.0, 0.0, 1.0], [0.011885735957852596, -0.01159831781833611, 13.225676045206598, 1.0], [0.014751196974172596, -0.007025642780708731, 4.738023447126324, 1.0], [0.014929394096091047, -0.006741277533185316, 4.210193804283804, 1.0], [0.014985028581561234, -0.006546305216710235, 4.093040075584117, 1.0], [0.015539234847028363, -0.004604076786435762, 2.926006177096074, 1.0], [0.015539234847028724, -0.004604076786435769, 2.9260061770960704, 1.0], [0.015539234847028724, -0.004604076786435769, 2.9260061770960704, 1.0], [0.015539234847028377, -0.004604076786435755, 2.9260061770960775, 1.0], [0.015539234847028696, -0.004604076786435776, 2.9260061770960704, 1.0], [0.015552403257983571, -0.004537144347603675, 2.722759705729821, 1.0], [0.015586054088849333, -0.0043661038032091, 2.2033794513236415, 1.0], [0.015586054088849027, -0.004366103803209259, 2.2033794513236344, 1.0], [0.015586054088849388, -0.004366103803209273, 2.2033794513236415, 1.0], [0.015586054088849, -0.004366103803209245, 2.2033794513236415, 1.0], [0.01558605408884936, -0.004366103803209093, 2.2033794513236344, 1.0], [0.015586054088849027, -0.004366103803209259, 2.2033794513236415, 1.0], [0.01558605408884936, -0.004366103803209273, 2.2033794513236344, 1.0], [0.015632128885447905, -0.004097888597230759, 2.048619012838124, 1.0], [0.015667481384188386, -0.003892091102035672, 1.9298736550595095, 1.0], [0.015667481384188442, -0.0038920911020358384, 1.9298736550595024, 1.0], [0.015667481384188386, -0.0038920911020358384, 1.9298736550595095, 1.0], [0.015667481384188775, -0.0038920911020358523, 1.9298736550595095, 1.0], [0.015667481384188442, -0.0038920911020358245, 1.9298736550595237, 1.0], [0.015667481384188442, -0.0038920911020356858, 1.9298736550595095, 1.0], [0.01566748138418872, -0.0038920911020358384, 1.9298736550594953, 1.0], [0.015667481384188497, -0.0038920911020358523, 1.9298736550595237, 1.0], [0.015756244051743973, -0.0031713743471254163, 1.6992296830671307, 1.0], [0.01578474141972014, -0.0029399873109189067, 1.6251811407866796, 1.0], [0.015784741419719917, -0.00293998731091874, 1.6251811407866796, 1.0], [0.015784741419720194, -0.0029399873109189067, 1.6251811407866938, 1.0], [0.015784741419720583, -0.0029399873109189067, 1.6251811407866938, 1.0], [0.015784741419719805, -0.0029399873109189345, 1.6251811407866938, 1.0], [0.015784741419720305, -0.0029399873109189067, 1.6251811407866796, 1.0], [0.015784741419720194, -0.0029399873109189067, 1.6251811407866938, 1.0], [0.015784741419720194, -0.0029399873109189067, 1.6251811407866938, 1.0], [0.015784741419720305, -0.002939987310918768, 1.6251811407866938, 1.0], [0.015810784632173558, -0.002612792747433673, 1.92901281236918, 1.0], [0.01581330018907645, -0.002581188484167052, 1.9583604153217635, 1.0], [0.015813300189076562, -0.0025811884841671906, 1.9583604153217777, 1.0], [0.015813300189076562, -0.002581188484167052, 1.9583604153217493, 1.0], [0.01581330018907623, -0.0025811884841671906, 1.9583604153217635, 1.0], [0.01581330018907645, -0.002581188484167052, 1.9583604153217635, 1.0], [0.015813300189076562, -0.0025811884841671906, 1.9583604153217777, 1.0], [0.01581330018907623, -0.002581188484167024, 1.9583604153217493, 1.0], [0.01578314082497434, -0.0028608689857963776, 2.046461937375909, 1.0], [0.015682844910467675, -0.00379095529615614, 2.339446321725461, 1.0], [0.015682844910467564, -0.0037909552961559734, 2.3394463217254753, 1.0], [0.015682844910467675, -0.0037909552961561677, 2.339446321725461, 1.0], [0.015682844910467675, -0.003790955296156001, 2.339446321725447, 1.0], [0.01568284491046723, -0.003790955296156112, 2.339446321725461, 1.0], [0.015682844910468008, -0.0037909552961561677, 2.3394463217254753, 1.0], [0.015682844910467675, -0.0037909552961559734, 2.339446321725461, 1.0], [0.0157043723156175, -0.003640555372640325, 2.7786151028121537, 1.0], [0.015705164463406307, -0.003635021079675893, 2.7947752752278916, 1.0], [0.01570516446340664, -0.003635021079675893, 2.7947752752278348, 1.0], [0.015705164463406307, -0.003635021079675893, 2.7947752752278348, 1.0], [0.015705164463406418, -0.003635021079676004, 2.794775275227863, 1.0], [0.015732191405782858, -0.002891994209542198, 3.213398033255544, 1.0], [0.015817992768178524, -0.0005331362645460691, 4.54238310556147, 1.0], [0.015817992768177858, -0.0005331362645460413, 4.542383105561413, 1.0], [0.015817992768178524, -0.0005331362645460691, 4.542383105561413, 1.0], [0.01581799276817808, -0.0005331362645460691, 9.810155859251495, 1.0], [0.01581799276817819, -0.0005331362645460691, 9.474610351871377, 0.0]], [[0.0, 0.0, 0.0, 1.0], [-0.009756362594907086, 0.00032883253808724255, 10.7123500311185, 1.0], [-0.007169129511912287, -0.005190067720832026, 4.120623059184121, 1.0], [-0.0010308412054622629, 0.008607261594903326, 8.581740857196246, 1.0], [-0.0006112231487542807, 0.009788046626167834, 4.587889182865755, 1.0], [-0.0006112231487542807, 0.00978804662616789, 2.8016915466033616, 1.0], [-0.0006112231487542807, 0.009788046626167834, 2.801691546603358, 1.0], [-0.0006112231487543918, 0.009788046626167946, 2.801691546603358, 1.0], [-0.0006112231487542807, 0.009788046626167779, 2.801691546603365, 1.0], [-0.0006112231487542807, 0.009788046626167946, 2.801691546603358, 1.0], [-0.00094245777057822, 0.00979047573826175, 1.9417006507044476, 1.0], [-0.0011231613675577456, 0.009791800929723815, 1.4725363845938375, 1.0], [-0.0011231613675577456, 0.009791800929723815, 1.4725363845938375, 1.0], [-0.0011231613675575236, 0.009791800929723815, 1.4725363845938375, 1.0], [-0.0011231613675578567, 0.00979180092972376, 1.4725363845938304, 1.0], [-0.0011231613675576346, 0.009791800929723815, 1.4725363845938375, 1.0], [-0.0011231613675579677, 0.009791800929723815, 1.4725363845938375, 1.0], [-0.0011231613675575236, 0.00979180092972387, 1.4725363845938375, 1.0], [-0.0011231613675576346, 0.009791800929723787, 1.4725363845938375, 1.0], [-0.0011231613675578567, 0.00979180092972387, 1.4725363845938375, 1.0], [-0.0011231613675577456, 0.009791800929723815, 1.4725363845938375, 1.0], [-0.0012050815144873939, 0.009786779395204837, 1.4509768919111252, 1.0], [-0.0019238317519310044, 0.00974272150147279, 1.2618184117860451, 1.0], [-0.0019238317519307824, 0.009742721501472928, 1.2618184117860451, 1.0], [-0.0019238317519310044, 0.009742721501472928, 1.2618184117860451, 1.0], [-0.0019238317519307824, 0.009742721501472956, 1.2618184117860451, 1.0], [-0.0019238317519311154, 0.009742721501472928, 1.261818411786038, 1.0], [-0.0019238317519307824, 0.009742721501472928, 1.2618184117860523, 1.0], [-0.0019238317519310044, 0.00974272150147279, 1.261818411786038, 1.0], [-0.0019238317519311154, 0.009742721501472928, 1.2618184117860523, 1.0], [-0.0019238317519307824, 0.009742721501472942, 1.261818411786038, 1.0], [-0.0019238317519311154, 0.009742721501472942, 1.2618184117860523, 1.0], [-0.0019238317519307824, 0.009742721501472928, 1.261818411786038, 1.0], [-0.0019238317519310044, 0.009742721501472776, 1.2618184117860523, 1.0], [-0.0019238317519306714, 0.009742721501472942, 1.261818411786038, 1.0], [-0.0021020423127225962, 0.009721442837941838, 1.377169805513205, 1.0], [-0.0022068429304233916, 0.009708929454492185, 1.4450047153053305, 1.0], [-0.0022068429304233916, 0.009708929454492338, 1.4450047153053305, 1.0], [-0.0022068429304233916, 0.009708929454492352, 1.4450047153053163, 1.0], [-0.0022068429304233916, 0.009708929454492178, 1.4450047153053305, 1.0], [-0.0022068429304233916, 0.009708929454492348, 1.4450047153053305, 1.0], [-0.0022068429304233916, 0.009708929454492348, 1.4450047153053163, 1.0], [-0.0022068429304233916, 0.009708929454492346, 1.4450047153053305, 1.0], [-0.0022068429304233916, 0.009708929454492182, 1.4450047153053163, 1.0], [-0.0022068429304233916, 0.00970892945449235, 1.4450047153053305, 1.0], [-0.0022068429304233916, 0.009708929454492345, 1.4450047153053305, 1.0], [-0.00290125908843597, 0.009565755110399903, 1.7875112259848578, 1.0], [-0.003453402430513952, 0.009451914497771836, 