{"text": "せ", "text_ids": [14], "strokes": [[[0.0, 0.0, 0.0, 1.0], [-0.017863943214163795, -0.0017467502826311965, 6.87920182932987, 1.0], [-0.01778915411106621, -0.002221660252803997, 7.040497697584539, 1.0], [-0.017185558650786234, -0.0060544846906554605, 8.342257577138026, 1.0], [-0.017559969071144793, -0.0036769826990545023, 16.15043823097266, 1.0], [0.010538718746194914, 0.0007764817763590854, 38.79876881005461, 1.0], [0.01693646771927823, -0.004676359608812828, 5.264440175490122, 1.0], [0.01693646771927823, -0.004676359608812828, 5.264440175490108, 1.0], [0.016936467719278037, -0.004676359608812842, 5.264440175490108, 1.0], [0.01689705687743085, -0.004795096740240052, 3.4601362775835156, 1.0], [0.01688786625014792, -0.004822786296422715, 3.0393717403972005, 1.0], [0.01688786625014831, -0.004822786296422681, 3.0393717403972005, 1.0], [0.016887866250147918, -0.004822786296422708, 3.0393717403972005, 1.0], [0.01688786625014832, -0.004822786296422674, 3.0393717403972005, 1.0], [0.016844376153174703, -0.004949401421792822, 2.519365606431336, 1.0], [0.016808309108634067, -0.005054405403944015, 2.0881160645639056, 1.0], [0.016808309108634067, -0.005054405403943994, 2.0881160645639056, 1.0], [0.01680830910863365, -0.0050544054039438485, 2.0881160645638914, 1.0], [0.016808309108634067, -0.005054405403944001, 2.0881160645639056, 1.0], [0.016808309108634067, -0.005054405403944001, 2.0881160645639056, 1.0], [0.016808309108633707, -0.0050544054039438485, 2.0881160645638914, 1.0], [0.01680830910863404, -0.005054405403943987, 2.0881160645639056, 1.0], [0.01694125648653086, -0.004638151260016127, 1.9623993935087327, 1.0], [0.017136296925875677, -0.004027485653856466, 1.7779667620162911, 1.0], [0.017136296925875732, -0.00402748565385648, 1.7779667620163195, 1.0], [0.017136296925875705, -0.004027485653856661, 1.7779667620162911, 1.0], [0.017136296925875816, -0.004027485653856452, 1.7779667620162911, 1.0], [0.01713629692587576, -0.004027485653856466, 1.7779667620162911, 1.0], [0.017136296925875705, -0.004027485653856452, 1.7779667620162911, 1.0], [0.017136296925875705, -0.0040274856538566745, 1.7779667620163195, 1.0], [0.017136296925875705, -0.00402748565385648, 1.7779667620162911, 1.0], [0.017136296925875427, -0.004027485653856494, 1.7779667620162911, 1.0], [0.017640712590611785, -0.001569985937168672, 1.6886087946164139, 1.0], [0.017734045786602592, -0.0011152690860853909, 1.6720746834303952, 1.0], [0.017734045786602703, -0.0011152690860854464, 1.6720746834304236, 1.0], [0.017734045786602592, -0.0011152690860854186, 1.6720746834303952, 1.0], [0.017734045786603092, -0.0011152690860853631, 1.6720746834304236, 1.0], [0.017734045786602592, -0.0011152690860854464, 1.6720746834303952, 1.0], [0.017734045786602537, -0.0011152690860852243, 1.6720746834304236, 1.0], [0.017734045786603092, -0.0011152690860853909, 1.6720746834303952, 1.0], [0.017734045786602537, -0.0011152690860854186, 1.6720746834304236, 1.0], [0.01776321770463407, -0.0007991695435285717, 1.798574607006202, 1.0], [0.01784016088289142, 3.4567320262940404e-05, 2.132227888181035, 1.0], [0.017840160882890976, 3.456732026316245e-05, 2.132227888181035, 1.0], [0.01784016088289142, 3.456732026296816e-05, 2.132227888181035, 1.0], [0.01784016088289142, 3.456732026296816e-05, 2.132227888181035, 1.0], [0.01784016088289153, 3.4567320262995915e-05, 2.132227888181035, 1.0], [0.017840160882891087, 3.456732026313469e-05, 2.132227888181035, 1.0], [0.01784016088289142, 3.456732026296816e-05, 2.132227888181035, 1.0], [0.017847343786860037, 0.0005516926455560456, 2.2429592513369982, 1.0], [0.01786394321416407, 0.0017467502826312153, 2.4988553653559222, 1.0], [0.017863943214163847, 0.0017467502826312153, 2.4988553653559222, 1.0], [0.017863943214163847, 0.0017467502826311876, 2.4988553653559507, 1.0], [0.017863943214163736, 0.0017467502826312153, 2.4988553653559507, 1.0], [0.017863943214163736, 0.0017467502826311876, 2.4988553653559222, 1.0], [0.01786394321416429, 0.0017467502826312153, 2.4988553653559507, 1.0], [0.017808384758023266, 0.0024885402385256272, 3.0061265052922295, 1.0], [0.017752584000979676, 0.0032335652802896186, 3.51560995032105, 1.0], [0.017752584000979565, 0.003233565280289813, 3.5156099503210214, 1.0], [0.017752584000979343, 0.003233565280289563, 3.5156099503210214, 1.0], [0.017752584000979676, 0.003233565280289785, 3.5156099503210214, 1.0], [0.016436699975973412, 0.008033579921319131, 8.099890892597955, 1.0], [0.016364200654664485, 0.008298039248384459, 8.352464258252041, 1.0], [0.014710027805817316, 0.008840980887052832, 17.73122479201149, 0.0]], [[0.7711039617927479, -0.37447305900249733, 0.0, 1.0], [-0.007121874133704131, -0.0075126279312899835, 12.1324464901323, 1.0], [-0.010144493087826612, -0.0009919364361985483, 2.2537668336919463, 1.0], [-0.009535512629917697, -0.00029629710393491715, 11.931075033212451, 1.0], [-0.0003395322794150779, 0.010208285674468187, 5.108538156368407, 1.0], [-0.0003395322794150779, 0.010208285674468298, 5.108538156368404, 1.0], [-0.0003395322794150779, 0.010208285674468243, 5.108538156368411, 1.0], [-0.0003395322794150779, 0.010208285674468187, 2.920197583237382, 1.0], [-0.0003395322794150779, 0.010208285674468243, 2.1285575651535, 1.0], [-0.0003395322794150779, 0.010208285674468243, 2.128557565153507, 1.0], [-0.0003395322794150779, 0.010208285674468132, 2.1285575651535, 1.0], [-0.0003395322794150779, 0.010208285674468243, 2.128557565153507, 1.0], [-0.0003395322794150779, 0.010208285674468354, 2.1285575651535, 1.0], [-0.0003395322794150779, 0.010208285674468187, 2.1285575651535, 1.0], [-0.0003395322794150779, 0.010208285674468243, 2.128557565153514, 1.0], [-0.0007180033748726, 0.010161724206987743, 1.490741755692568, 1.0], [-0.0008457004680998415, 0.010146014251524782, 1.2755411079799188, 1.0], [-0.0008457004681003966, 0.010146014251524837, 1.2755411079799117, 1.0], [-0.0008457004680999525, 0.010146014251524754, 1.2755411079799117, 1.0], [-0.0008457004681005076, 0.010146014251524699, 1.2755411079799188, 1.0], [-0.0008457004680999525, 0.010146014251524754, 1.2755411079799188, 1.0], [-0.0008457004681002855, 0.010146014251524837, 1.2755411079799046, 1.0], [-0.0008457004680999525, 0.010146014251524699, 1.2755411079799188, 1.0], [-0.0008457004681003966, 0.01014601425152481, 1.2755411079799188, 1.0], [-0.0008457004680999525, 0.010146014251524671, 1.2755411079799188, 1.0], [-0.0008457004681002855, 0.010146014251524865, 1.2755411079799046, 1.0], [-0.0008457004680999525, 0.010146014251524837, 1.2755411079799188, 1.0], [-0.0008457004681003966, 0.010146014251524671, 1.2755411079799046, 1.0], [-0.0012075125571017198, 0.010076556044769175, 1.2229703881862548, 1.0], [-0.0017070737969606675, 0.009980653699491054, 1.1503849363489138, 1.0], [-0.0017070737969604455, 0.009980653699490888, 1.1503849363489138, 1.0], [-0.0017070737969602234, 0.00998065369949111, 1.1503849363489138, 1.0], [-0.0017070737969606675, 0.009980653699491054, 1.1503849363489138, 1.0], [-0.0017070737969604455, 0.009980653699491082, 1.1503849363489138, 1.0], [-0.0017070737969606675, 0.009980653699491082, 1.1503849363489138, 1.0], [-0.0017070737969606675, 0.009980653699490874, 1.1503849363489138, 1.0], [-0.0017070737969601124, 0.00998065369949111, 1.1503849363489138, 1.0], [-0.0017070737969605565, 0.009980653699491075, 1.1503849363489138, 1.0], [-0.0017070737969606675, 0.009980653699491068, 1.1503849363489138, 1.0], [-0.0017070737969605565, 0.00998065369949087, 1.1503849363489138, 1.0], [-0.0017070737969602234, 0.009980653699491112, 1.1503849363489138, 1.0], [-0.0017070737969605565, 0.009980653699491082, 1.1503849363489138, 1.0], [-0.0017070737969604455, 0.00998065369949107, 1.1503849363489138, 1.0], [-0.0021023704147213884, 0.009874570772799851, 1.4209360904487056, 1.0], [-0.0023224375692885157, 0.009815512924145817, 1.571555701071233, 1.0], [-0.0023224375692881827, 0.009815512924146046, 1.5715557010712473, 1.0], [-0.0023224375692880717, 0.00981551292414605, 1.571555701071233, 1.0], [-0.0023224375692884047, 