{"text": "せ", "text_ids": [14], "strokes": [[[0.0, 0.0, 0.0, 1.0], [-0.017416783324482293, 0.0047876191238428, 6.05459136412195, 1.0], [-0.01741678332448203, 0.004787619123842685, 6.05459136412195, 1.0], [-0.01766379177062427, 0.0037685140236586884, 7.0290340234632165, 1.0], [-0.017889489390469776, 0.0028373329281259595, 7.9194059614460635, 1.0], [-0.0062009451432814, 0.006000986081886997, 25.815170111522647, 1.0], [0.01742373489271542, -0.004636195671828491, 14.472297264942924, 1.0], [0.01724445378463533, -0.00532862506871019, 8.787481494575133, 1.0], [0.016809114818909874, -0.006464606909615661, 5.535049212319436, 1.0], [0.01669163532188158, -0.0067711601607828836, 4.657355877422376, 1.0], [0.016691635321881566, -0.006771160160782952, 4.65735587742239, 1.0], [0.016622698291378746, -0.006917630535863214, 4.402353387990701, 1.0], [0.016189728034304574, -0.007837561601792685, 2.8007686867237283, 1.0], [0.016189728034304303, -0.007837561601792643, 2.8007686867237425, 1.0], [0.016189728034304296, -0.007837561601792643, 2.8007686867237425, 1.0], [0.016189728034304574, -0.007837561601792685, 2.8007686867237425, 1.0], [0.016189728034304296, -0.007837561601792643, 2.8007686867237283, 1.0], [0.016321461527509268, -0.007566656442801224, 2.435610565695967, 1.0], [0.016499957282351263, -0.007199586385914447, 1.940829983600807, 1.0], [0.01649995728235093, -0.007199586385914475, 1.9408299836008212, 1.0], [0.016499957282350958, -0.007199586385914392, 1.940829983600807, 1.0], [0.016499957282350985, -0.007199586385914461, 1.940829983600807, 1.0], [0.01649995728235093, -0.0071995863859144055, 1.940829983600807, 1.0], [0.016499957282351263, -0.007199586385914447, 1.940829983600807, 1.0], [0.01649995728235093, -0.007199586385914392, 1.940829983600807, 1.0], [0.016499957282350985, -0.007199586385914475, 1.9408299836008212, 1.0], [0.016734207780875643, -0.006659788056012264, 2.0455675405846563, 1.0], [0.01685195243936588, -0.006388461546961877, 2.0982132679399967, 1.0], [0.016851952439366158, -0.00638846154696196, 2.0982132679399967, 1.0], [0.01685195243936588, -0.006388461546961821, 2.0982132679399967, 1.0], [0.016851952439366158, -0.00638846154696196, 2.0982132679399967, 1.0], [0.01685195243936588, -0.006388461546961904, 2.0982132679399967, 1.0], [0.01685195243936588, -0.006388461546961877, 2.0982132679399967, 1.0], [0.016851952439366158, -0.00638846154696196, 2.0982132679399683, 1.0], [0.017103114096816308, -0.005700506847594405, 2.0047395265404475, 1.0], [0.017297778897996552, -0.005167302193139683, 1.932291974355138, 1.0], [0.017297778897996274, -0.005167302193139683, 1.9322919743551097, 1.0], [0.01729777889799622, -0.005167302193139628, 1.932291974355138, 1.0], [0.017297778897996607, -0.005167302193139711, 1.932291974355138, 1.0], [0.017297778897996274, -0.0051673021931396, 1.932291974355138, 1.0], [0.01729777889799633, -0.005167302193139656, 1.932291974355138, 1.0], [0.017297778897996108, -0.005167302193139683, 1.9322919743551097, 1.0], [0.017423995475758014, -0.004708750437787956, 2.088302702997254, 1.0], [0.017743711149258212, -0.0035472058459669054, 2.4834891045439065, 1.0], [0.017743711149257657, -0.00354720584596685, 2.483489104543878, 1.0], [0.017743711149258212, -0.0035472058459668776, 2.483489104543878, 1.0], [0.0177437111492581, -0.0035472058459668776, 2.483489104543878, 1.0], [0.0177437111492581, -0.003547205845966933, 2.4834891045439065, 1.0], [0.0177437111492581, -0.003547205845966822, 2.483489104543878, 1.0], [0.017730161840268432, -0.0036060587386390064, 2.6140526264213406, 1.0], [0.01771276475565864, -0.003681624861911731, 2.78169399018671, 1.0], [0.01771276475565864, -0.0036816248619116754, 2.7816939901866817, 1.0], [0.01771276475565864, -0.00368162486191162, 2.7816939901867386, 1.0], [0.017712764755658306, -0.0036816248619116476, 2.7816939901866817, 1.0], [0.01771276475565886, -0.003681624861911703, 2.78169399018671, 1.0], [0.0176567049234998, -0.003911169588036001, 3.708804488911511, 1.0], [0.017631037833778396, -0.004016267032207532, 4.133283611240728, 1.0], [0.017631037833778285, -0.004016267032207532, 4.133283611240756, 1.0], [0.017631037833778174, -0.004016267032207532, 4.133283611240728, 1.0], [0.01777912750575328, -0.0033407517945036047, 6.2154227917657465, 1.0], [0.01788948939046986, -0.002837332928125935, 7.767109692956751, 1.0], [0.017729081093925125, 0.000339780018313085, 14.832611580100831, 1.0], [-0.004000276567626804, 0.012518139361285152, 17.263801347137957, 1.0], [-0.012896702644085822, 0.012097583553122182, 6.686015787128667, 0.0]], [[0.0, 0.0, 0.0, 1.0], [-0.005590435836246577, -0.007493416028786948, 10.021029035825855, 1.0], [-0.005590435836246632, -0.007493416028787003, 3.9894854820870727, 1.0], [0.003321597611323779, -0.0038366424184178016, 8.898012522150143, 1.0], [0.008817488723262157, 0.0013766458324859787, 10.516196999910882, 1.0], [0.008536619445253857, 0.003843167242336021, 8.286371178462737, 1.0], [0.008325459503663424, 0.004272165354700652, 6.2788179029393305, 1.0], [0.00818649209769895, 0.00455449520566531, 4.957618110338721, 1.0], [0.00818649209769895, 0.004554495205665143, 4.957618110338714, 1.0], [0.007950093040200223, 0.004877825548683823, 4.647291376523171, 1.0], [0.006828100279008376, 0.006412409942458841, 3.174424468213722, 1.0], [0.0068281002790079315, 0.0064124099424590075, 3.174424468213715, 1.0], [0.0068281002790082646, 0.0064124099424588965, 3.174424468213715, 1.0], [0.0068281002790080425, 0.0064124099424588965, 3.1744244682137293, 1.0], [0.0068281002790081535, 0.0064124099424588965, 3.174424468213715, 1.0], [0.0053858148587461185, 0.007585263177338097, 2.457056870029632, 1.0], [0.005066481156503544, 0.007844942406164568, 2.2982258593441856, 1.0], [0.005066481156503433, 0.007844942406164568, 2.2982258593441856, 1.0], [0.005066481156503433, 0.007844942406164512, 2.2982258593441713, 1.0], [0.005066481156503544, 0.007844942406164679, 2.2982258593441856, 1.0], [0.005066481156503544, 0.007844942406164457, 2.2982258593441856, 1.0], [0.005066481156503544, 0.007844942406164623, 2.2982258593441856, 1.0], [0.003125555682163772, 0.008708316020869855, 2.015871756865323, 1.0], [0.0028012551889237125, 0.008852573228475602, 1.9686944819452492, 1.0], [0.0028012551889237125, 0.008852573228475824, 1.9686944819452634, 1.0], [0.0028012551889237125, 0.008852573228475713, 1.9686944819452634, 1.0], [0.0028012551889237125, 0.008852573228475658, 1.9686944819452634, 1.0], [0.0028012551889233794, 0.008852573228475824, 1.9686944819452634, 1.0], [0.0028012551889236015, 0.00885257322847574, 1.9686944819452634, 1.0], [0.0028012551889238235, 0.008852573228475713, 1.9686944819452492, 1.0], [0.0024172599889568103, 0.008924914135238826, 2.000371564302924, 1.0], [0.0010689807679760133, 0.009178916636895323, 2.1115957460839496, 1.0], [0.0010689807679759022, 0.009178916636895296, 2.1115957460839496, 1.0], [0.0010689807679760133, 0.009178916636895323, 2.111595746083964, 1.0], [0.0010689807679761243, 0.009178916636895296, 2.1115957460839354, 1.0], [0.0010689807679760133, 0.009178916636895296, 2.1115957460839496, 1.0], [0.0010689807679760133, 0.009178916636895296, 2.111595746083964, 1.0], [0.0010689807679755692, 0.00917891663689542, 2.1115957460839496, 1.0], [0.0007861397105435319, 0.0091795179834398, 2.1635133759003793, 1.0], [-0.0005861474274438949, 0.009182435594256397, 2.4154071295107826, 1.0], [-0.0005861474274440059, 0.009182435594256341, 2.4154071295107826, 1.0], [-0.0005861474274438949, 0.009182435594256397, 2.4154071295107826, 1.0], [-0.0005861474274438949, 0.009182435594256404, 2.4154071295107826, 1.0], [-0.0005861474274440059, 0.00918243559425641, 2.4154071295107826, 1.0], [-0.0005861474274440059, 0.009182435594256258, 2.4154071295107826, 1.0], [-0.0016784720102183126, 0.008967824533714863, 2.6471640883270027, 1.0], [-0.0025840135808617992, 0.008789911082067593, 2.8392915601457673, 1.0], [-0.0025840135808619102, 0.008789911082067758, 2.839291560145824, 1.0], [-0.0025840135808617992, 0.008789911082067746, 2.8392915601457958, 1.0], 