{"text": "せ", "text_ids": [14], "strokes": [[[0.0, 0.0, 0.0, 1.0], [0.008556132758555764, -0.012377471775170672, 13.225676045206598, 1.0], [0.012532150677755993, -0.008388346060154685, 4.738023447126324, 1.0], [0.012779411047330949, -0.008140270543740717, 4.210193804283804, 1.0], [0.012884179470257363, -0.007962330641931893, 4.093040075584117, 1.0], [0.013927836402076066, -0.0061897716324192595, 2.926006177096074, 1.0], [0.013927836402076385, -0.006189771632419315, 2.9260061770960704, 1.0], [0.013927836402076385, -0.006189771632419308, 2.9260061770960704, 1.0], [0.013927836402076066, -0.006189771632419266, 2.9260061770960775, 1.0], [0.013927836402076385, -0.006189771632419308, 2.9260061770960704, 1.0], [0.013958030858045964, -0.006127986756201909, 2.722759705729821, 1.0], [0.014035190397977543, -0.005970100400229078, 2.2033794513236415, 1.0], [0.014035190397977182, -0.005970100400229175, 2.2033794513236344, 1.0], [0.014035190397977487, -0.005970100400229245, 2.2033794513236415, 1.0], [0.014035190397977182, -0.005970100400229189, 2.2033794513236415, 1.0], [0.014035190397977543, -0.005970100400229064, 2.2033794513236344, 1.0], [0.014035190397977182, -0.005970100400229189, 2.2033794513236415, 1.0], [0.014035190397977515, -0.005970100400229231, 2.2033794513236344, 1.0], [0.014149672067842067, -0.005721723144809968, 2.048619012838124, 1.0], [0.01423751213200955, -0.005531147010834833, 1.9298736550595095, 1.0], [0.014237512132009467, -0.005531147010834986, 1.9298736550595024, 1.0], [0.014237512132009522, -0.005531147010834986, 1.9298736550595095, 1.0], [0.0142375121320098, -0.005531147010835041, 1.9298736550595095, 1.0], [0.014237512132009467, -0.005531147010834986, 1.9298736550595237, 1.0], [0.014237512132009522, -0.005531147010834847, 1.9298736550595095, 1.0], [0.0142375121320098, -0.005531147010835041, 1.9298736550594953, 1.0], [0.014237512132009522, -0.005531147010834986, 1.9298736550595237, 1.0], [0.0145110279278865, -0.004859602848612143, 1.6992296830671307, 1.0], [0.014598840524072565, -0.004644002736196445, 1.6251811407866796, 1.0], [0.014598840524072343, -0.004644002736196251, 1.6251811407866796, 1.0], [0.014598840524072565, -0.004644002736196445, 1.6251811407866938, 1.0], [0.014598840524072954, -0.004644002736196501, 1.6251811407866938, 1.0], [0.014598840524072232, -0.004644002736196418, 1.6251811407866938, 1.0], [0.014598840524072676, -0.004644002736196445, 1.6251811407866796, 1.0], [0.01459884052407251, -0.004644002736196473, 1.6251811407866938, 1.0], [0.014598840524072565, -0.004644002736196445, 1.6251811407866938, 1.0], [0.014598840524072731, -0.0046440027361963065, 1.6251811407866938, 1.0], [0.014709140444594038, -0.0043374504909073075, 1.92901281236918, 1.0], [0.014719794496083849, -0.004307840103247168, 1.9583604153217635, 1.0], [0.014719794496083738, -0.004307840103247335, 1.9583604153217777, 1.0], [0.014719794496083849, -0.00430784010324714, 1.9583604153217493, 1.0], [0.014719794496083294, -0.004307840103247279, 1.9583604153217635, 1.0], [0.014719794496083738, -0.004307840103247168, 1.9583604153217635, 1.0], [0.014719794496083849, -0.004307840103247307, 1.9583604153217777, 1.0], [0.014719794496083405, -0.0043078401032471125, 1.9583604153217493, 1.0], [0.014617825320041633, -0.004568944275429809, 2.046461937375909, 1.0], [0.01427872361590743, -0.005437254417574533, 2.339446321725461, 1.0], [0.014278723615907651, -0.005437254417574422, 2.3394463217254753, 1.0], [0.01427872361590754, -0.005437254417574533, 2.339446321725461, 1.0], [0.014278723615907651, -0.005437254417574422, 2.339446321725447, 1.0], [0.014278723615907207, -0.0054372544175744775, 2.339446321725461, 1.0], [0.014278723615907873, -0.005437254417574644, 2.3394463217254753, 1.0], [0.014278723615907651, -0.0054372544175743664, 2.339446321725461, 1.0], [0.014338725071677771, -0.005297470257157211, 2.7786151028121537, 1.0], [0.014340932956008912, -0.00529232659433182, 2.7947752752278916, 1.0], [0.014340932956009356, -0.00529232659433182, 2.7947752752278348, 1.0], [0.0143409329560088, -0.005292326594331764, 2.7947752752278348, 1.0], [0.014340932956009023, -0.005292326594331875, 2.794775275227863, 1.0], [0.014560158345896967, -0.004592388319856866, 3.213398033255544, 1.0], [0.015256124499300694, -0.002370322031116978, 4.54238310556147, 1.0], [0.015256124499299917, -0.0023703220311168116, 4.542383105561413, 1.0], [0.015256124499300694, -0.0023703220311169226, 4.542383105561413, 1.0], [0.01525612449930036, -0.002370322031116867, 9.810155859251495, 1.0], [0.01525612449930036, -0.002370322031116867, 9.474610351871377, 0.0]], [[0.5890901626416183, -0.45406960562342824, 0.0, 1.0], [-0.009409808475046022, 0.0014619883534651712, 10.7123500311185, 1.0], [-0.008324780352078731, -0.0040657240618229284, 4.120623059184121, 1.0], [0.0012315719405612269, 0.008266643813953645, 8.581740857196246, 1.0], [0.0019465398711469017, 0.009334524405515576, 4.587889182865755, 1.0], [0.0019465398711467907, 0.009334524405515576, 2.8016915466033616, 1.0], [0.0019465398711469017, 0.009334524405515576, 2.801691546603358, 1.0], [0.0019465398711467907, 0.009334524405515632, 2.801691546603358, 1.0], [0.0019465398711469017, 0.00933452440551552, 2.801691546603365, 1.0], [0.0019465398711469017, 0.009334524405515632, 2.801691546603358, 1.0], [0.001624803005291886, 0.009375893935641533, 1.9417006507044476, 1.0], [0.0014492808674765323, 0.009398462901584581, 1.4725363845938375, 1.0], [0.0014492808674768654, 0.00939846290158447, 1.4725363845938375, 1.0], [0.0014492808674768654, 0.009398462901584526, 1.4725363845938375, 1.0], [0.0014492808674765323, 0.00939846290158447, 1.4725363845938304, 1.0], [0.0014492808674768654, 0.009398462901584526, 1.4725363845938375, 1.0], [0.0014492808674765323, 0.009398462901584526, 1.4725363845938375, 1.0], [0.0014492808674768654, 0.009398462901584526, 1.4725363845938375, 1.0], [0.0014492808674768654, 0.009398462901584526, 1.4725363845938375, 1.0], [0.0014492808674766433, 0.009398462901584526, 1.4725363845938375, 1.0], [0.0014492808674767543, 0.009398462901584526, 1.4725363845938375, 1.0], [0.001368249890946971, 0.009403373935193748, 1.4509768919111252, 1.0], [0.0006573010486430331, 0.009446462317049986, 1.2618184117860451, 1.0], [0.0006573010486432551, 0.009446462317050097, 1.2618184117860451, 1.0], [0.0006573010486432551, 0.009446462317050097, 1.2618184117860451, 1.0], [0.0006573010486432551, 0.009446462317050125, 1.2618184117860451, 1.0], [0.0006573010486430331, 0.009446462317050125, 1.261818411786038, 1.0], [0.0006573010486434772, 0.009446462317050097, 1.2618184117860523, 1.0], [0.000657301048642922, 0.009446462317049986, 1.261818411786038, 1.0], [0.0006573010486431441, 0.009446462317050125, 1.2618184117860523, 1.0], [0.0006573010486433661, 0.00944646231705007, 1.261818411786038, 1.0], [0.0006573010486430331, 0.009446462317050153, 1.2618184117860523, 1.0], [0.0006573010486434772, 0.009446462317050097, 1.261818411786038, 1.0], [0.000657301048642922, 0.009446462317049986, 1.2618184117860523, 1.0], [0.0006573010486434772, 0.00944646231705007, 1.261818411786038, 1.0], [0.00047833626959969955, 0.009447347190840893, 1.377169805513205, 1.0], [0.00037309211736125114, 0.009447867560225198, 1.4450047153053305, 1.0], [0.00037309211736136216, 0.009447867560225393, 1.4450047153053305, 1.0], [0.0003730921173614732, 0.009447867560225379, 1.4450047153053163, 1.0], [0.0003730921173611401, 0.009447867560225226, 1.4450047153053305, 1.0], [0.0003730921173614732, 0.009447867560225379, 1.4450047153053305, 1.0], [0.00037309211736136216, 0.009447867560225379, 1.4450047153053163, 1.0], [0.00037309211736125114, 0.009447867560225379, 1.4450047153053305, 1.0], [0.00037309211736136216, 0.009447867560225226, 1.4450047153053163, 1.0], [0.00037309211736136216, 0.009447867560225393, 1.4450047153053305, 1.0], [0.00037309211736125114, 0.009447867560225372, 1.4450047153053305, 1.0], [-0.0003399089842077707, 0.009394291723837565, 1.7875112259848578, 1.0], [-0.0009068295642996604, 0.009351692569114, 2.059844591659399, 1.0], 