{"text": "そ", "text_ids": [15], "strokes": [[[0.0, 0.0, 0.0, 1.0], [0.021391749666827, -0.03648142909629764, 28.671100162803018, 1.0], [0.032147406572571535, -0.004487836189954478, 7.238331027966279, 1.0], [0.04648055936891771, -0.006092212859823018, 8.671932675799994, 1.0], [0.0454159279415709, -0.012738121310153033, 6.142036086532393, 1.0], [0.045207701984891324, -0.014037961432783692, 5.647226217059469, 1.0], [0.04520770198489088, -0.014037961432783769, 5.647226217059469, 1.0], [0.045077163571913825, -0.01453905212349818, 5.8882872480842465, 1.0], [0.04504968107878671, -0.014644547671894811, 5.9390382720729775, 1.0], [0.04504968107878676, -0.0146445476718947, 5.9390382720729775, 1.0], [0.04533297148848203, -0.013528122785298469, 8.351225087684199, 1.0], [0.04534365238471849, -0.013486030225999202, 8.785129478088777, 1.0], [0.045343652384718436, -0.01348603022599923, 13.454711225727337, 1.0], [0.011829513076041298, 0.017678253281234152, 69.95105022867153, 1.0], [-0.02550812057133689, 0.04061292894258996, 8.509506546626852, 1.0], [-0.02602343447815364, 0.04027346635516804, 7.9838056711543, 1.0], [-0.02876755670780412, 0.038465778225746074, 5.184371308046707, 1.0], [-0.028767556707803787, 0.03846577822574614, 5.184371308046735, 1.0], [-0.028767556707804065, 0.03846577822574605, 5.184371308046707, 1.0], [-0.02946690065994656, 0.037945384373049826, 4.211037530968753, 1.0], [-0.029563158105814502, 0.037873757553439136, 4.077068225777168, 1.0], [-0.029563158105814946, 0.037873757553439316, 4.077068225777225, 1.0], [-0.029563158105814502, 0.037873757553439136, 4.077068225777168, 1.0], [-0.027836038711501837, 0.039120424778754576, 4.955213912135463, 1.0], [-0.02775394454597674, 0.03917968188969098, 4.99695430227203, 1.0], [-0.02775394454597674, 0.039179681889691176, 4.99695430227203, 1.0], [-0.030851478463724075, 0.03665470819280192, 7.654601184123578, 1.0], [-0.033359812607352254, 0.03461002429139798, 9.806721739531412, 1.0], [-0.0333598126073527, 0.03461002429139787, 16.893928559863866, 1.0], [0.04100382575067091, 0.006777297937115567, 29.154678373580907, 1.0], [0.04285875598498762, -0.01747902978788113, 11.479286594492237, 1.0], [0.04118383801375522, -0.024323538463078442, 8.333934301821273, 1.0], [0.04281908394279929, -0.020871632005923346, 6.562557100335027, 1.0], [0.04330618506769926, -0.01984339063350088, 6.0349056858654535, 1.0], [0.043306185067699676, -0.019843390633500713, 6.03490568586551, 1.0], [0.04496868519069541, -0.014886065232039225, 5.943491890704536, 1.0], [0.04504968107878676, -0.014644547671894825, 5.939038272072992, 1.0], [0.04516011294226985, -0.014073267069967588, 6.026656353088015, 1.0], [0.04626151785721733, -0.008375534160905307, 6.900525379874978, 1.0], [0.04626151785721766, -0.008375534160905307, 6.900525379874978, 1.0], [0.04638386111228032, -0.007203217550434571, 10.098100887885892, 1.0], [0.04646014486732497, -0.005778973443348934, 14.923931646804078, 1.0], [0.010733112477040896, 0.016224263482945034, 33.175025786762546, 1.0], [-0.02989823096865385, 0.037606550797792015, 12.19818164930058, 1.0], [-0.02887187289390436, 0.03838977916475628, 6.764764737002679, 1.0], [-0.028871872893904582, 0.038389779164756554, 6.764764737002736, 1.0], [-0.021895658707797527, 0.0422734927133292, 5.24860512186001, 1.0], [-0.019653542429441284, 0.04352169655791166, 4.761319889065874, 1.0], [-0.019653542429441395, 0.04352169655791155, 4.7613198890659305, 1.0], [-0.015301351192098744, 0.04466303052432996, 5.421607590100734, 1.0], [-0.008673241901954398, 0.04640120926084079, 6.4271835877377725, 1.0], [-0.008673241901954454, 0.046401209260840126, 6.427183587737659, 1.0], [0.014460318802121452, 0.04141770439876258, 9.695000181017633, 1.0], [0.02525346319363253, 0.036550315863975835, 11.154673355349018, 1.0], [0.04016375619430168, 0.02125581651433317, 12.952190410945832, 1.0], [0.04586959070686858, 0.0040793372904867065, 12.295441031166774, 1.0], [0.0438695921143647, -0.011282551658783002, 10.05780542380512, 1.0], [0.04193558662188035, -0.02288187123267571, 8.269753887042043, 1.0], [0.04030374202785758, -0.025626224232011552, 7.444781724937457, 1.0], [0.03864131188003317, -0.028422014455586897, 6.604347164918181, 1.0], [0.03864131188003317, -0.028422014455586786, 6.634360228795913, 1.0], [0.03864131188003317, -0.028422014455587008, 7.0171188627255106, 1.0], [0.038641311880033724, -0.02842201445558723, 7.0171188627255106, 1.0], [0.035207997592383355, -0.03244461892536343, 18.455540188625946, 0.0]]]}