{"text": "そ", "text_ids": [15], "strokes": [[[0.0, 0.0, 0.0, 1.0], [0.019679111141183033, -0.005656079672153675, 43.8805759062609, 1.0], [0.04827883177682686, -0.013405529315369358, 14.526180797617087, 1.0], [0.04736164156429114, -0.01645257208028079, 9.726968684969151, 1.0], [0.047065964535754706, -0.017352809478086123, 8.272611601153287, 1.0], [0.04706596453575504, -0.017352809478086123, 8.690045888100386, 1.0], [0.047065964535754706, -0.017352809478086192, 8.789649826225386, 1.0], [0.04700901262127871, -0.017506106361846574, 9.87456240215748, 1.0], [0.04720542944711248, -0.01694100441222049, 10.482424217554396, 1.0], [0.047736036072528965, -0.01541839190141274, 11.650039281221495, 1.0], [0.04835735602039204, -0.013308021601388609, 17.847523403929813, 1.0], [0.015682999364930117, 0.006292487128902541, 56.68879885333078, 1.0], [-0.036663586361911304, 0.03411371395623439, 16.690088550215535, 1.0], [-0.03499737657837482, 0.03592564854809133, 11.139618126597554, 1.0], [-0.036367305031289876, 0.03453993284019719, 8.956556814654647, 1.0], [-0.03648590822305009, 0.03441170149528845, 8.70242642096403, 1.0], [-0.03727352851392346, 0.03356014254752513, 7.014796841785568, 1.0], [-0.03727352851392379, 0.03356014254752513, 7.014796841785596, 1.0], [-0.037952119462578204, 0.03278813881064683, 6.800610810821809, 1.0], [-0.03807188634028624, 0.032651885184911925, 6.762808372949507, 1.0], [-0.03749874666012562, 0.033286712648739836, 7.5004231019185, 1.0], [-0.036367305031290195, 0.034539932840197296, 8.956556814669966, 1.0], [-0.0364198053058254, 0.03448446960132759, 9.046311512867533, 1.0], [-0.036487118324527154, 0.03441335762966016, 9.161390143061965, 1.0], [-0.03542839960784405, 0.035487999461581154, 12.512393501475287, 1.0], [-0.032355672313802854, 0.03815879348197837, 22.45856625058815, 1.0], [0.0423477472635718, 0.0014215421242225745, 40.87737813483545, 1.0], [0.046906060072583626, -0.017694633650128633, 14.909374909078906, 1.0], [0.046028845310486635, -0.019937548721932596, 11.47204819611619, 1.0], [0.04629492867048077, -0.019312002140569884, 9.894498448666525, 1.0], [0.046472080220140655, -0.018864031793067504, 9.589326202871007, 1.0], [0.04706596453575504, -0.017352809478086234, 8.7896498262254, 1.0], [0.04696832657701261, -0.0176094166539911, 8.772211613328466, 1.0], [0.046718323805200246, -0.018266461373786735, 8.727560930173695, 1.0], [0.04664874265767294, -0.01844193538749256, 9.913232584514503, 1.0], [0.04656286508609797, -0.018658506724798518, 11.376597389159599, 1.0], [0.047367893857349685, -0.01613000508223647, 29.019754957811074, 1.0], [-0.04111040498066193, 0.011119075869423761, 50.4668678481321, 1.0], [-0.04226396458012838, 0.02675386938755675, 12.762465133766227, 1.0], [-0.04084013378624035, 0.029080155045073386, 10.6606996064354, 1.0], [-0.03931857337711314, 0.031139973789680864, 9.661334392198796, 1.0], [-0.038195243485948216, 0.03245888011732112, 7.973481775045798, 1.0], [-0.03700997344628293, 0.03385051063260486, 6.192561357797331, 1.0], [-0.037009973446282984, 0.03385051063260508, 6.192561357797331, 1.0], [-0.033067437117878185, 0.03766829277386108, 6.911859851902477, 1.0], [-0.03264315639178189, 0.03807914793004502, 6.989268013029573, 1.0], [-0.029665807808813116, 0.04025326103243604, 6.391617440105961, 1.0], [-0.02631563311294488, 0.04269961842009601, 5.719128555924385, 1.0], [-0.026315633112945172, 0.042699618420096175, 5.719128555924385, 1.0], [-0.01949687548429009, 0.04591705420016956, 5.456948888844522, 1.0], [-0.01618239920817987, 0.04748099225805702, 5.3295080361351665, 1.0], [-0.016182399208180175, 0.04748099225805724, 5.3295080361351665, 1.0], [-0.013675835070064066, 0.04818922309418072, 5.732326291110894, 1.0], [-0.010994140880314914, 0.048946937005967195, 6.163288881481776, 1.0], [-0.010994140880314605, 0.04894693700596686, 6.163288881481776, 1.0], [-0.007640835232866738, 0.04953929565672299, 9.817543297918974, 1.0], [-0.0008985395703570917, 0.04899167057924436, 11.260168425258371, 1.0], [0.01997452672541039, 0.04604365526180487, 11.472048196137166, 1.0], [0.03727213758013174, 0.031859401573334556, 17.12053693287271, 1.0], [0.04826853458072959, 0.012227372966550965, 17.322747908581732, 1.0], [0.049857006270973565, -0.003366386339090477, 12.860865832524041, 1.0], [0.047155017659567755, -0.014929090368748454, 12.829080146366891, 1.0], [0.043595262257966005, -0.024290516691654274, 13.968357188269806, 1.0], [0.04085918784412235, -0.028834779389721676, 28.044451009164618, 0.0]]]}