{"text": "そ", "text_ids": [15], "strokes": [[[0.0, 0.0, 0.0, 1.0], [-0.0035471529892511008, -0.0630832779123973, 16.29468434414601, 1.0], [0.047437194112418236, -0.036992408499954804, 20.55608301186687, 1.0], [0.061027099961831116, -0.019372543531677902, 13.351557005757059, 1.0], [0.06303924997488325, -0.012127379385776293, 10.131078552903077, 1.0], [0.06298554318522831, -0.01240971232966731, 8.628646438677166, 1.0], [0.06295508116605522, -0.012569849094592411, 7.776480145306863, 1.0], [0.06311770091473007, -0.011651871162189464, 8.454623498502755, 1.0], [0.0633148552136043, -0.010538947934107229, 9.276779961203005, 1.0], [0.06381324188962478, -0.003960885930744451, 9.66629595619689, 1.0], [0.06411783581358793, 0.00010674119048784125, 9.953028737312735, 1.0], [0.0590299408071866, 0.015108776873794583, 31.03148416018979, 1.0], [-0.024440451495030047, 0.05449604406267393, 26.992139726541353, 1.0], [-0.048574060907123684, 0.04173501272951462, 13.21365901305981, 1.0], [-0.052507356458002086, 0.03709713390330527, 9.364848829588766, 1.0], [-0.053403427635942025, 0.03578032917426069, 7.916064487308915, 1.0], [-0.05369659793075621, 0.03534950622165437, 7.442061368802484, 1.0], [-0.053220201420632995, 0.03605318889351968, 6.450537378185771, 1.0], [-0.05268119071961247, 0.036849358643294125, 5.328694480716649, 1.0], [-0.052681190719613025, 0.036849358643293736, 5.328694480716649, 1.0], [-0.053460963351233154, 0.03562867312420451, 5.42843225492274, 1.0], [-0.05547714610784152, 0.03247246451283453, 5.686314581619797, 1.0], [-0.05547714610784157, 0.032472464512834504, 5.686314581619797, 1.0], [-0.05520760320310117, 0.032920336443024556, 6.56704236338183, 1.0], [-0.05454530675301303, 0.03402080684770803, 8.731087022308742, 1.0], [-0.05621693455497671, 0.0309264754662405, 13.028238566336483, 1.0], [-0.01542633035360702, 0.013410463419823215, 42.23432349818256, 1.0], [0.06130633122606105, -0.0191663730647324, 13.88848694516878, 1.0], [0.061098142125752826, -0.01982751583288006, 10.8134264772022, 1.0], [0.06115234887276835, -0.019649541137153337, 9.653510419781071, 1.0], [0.06149299668220783, -0.018548273822770578, 8.136274258319872, 1.0], [0.06165683593551541, -0.017910694032314267, 7.932299043045248, 1.0], [0.06265502568645034, -0.01402624266069133, 6.689581164262847, 1.0], [0.0626550256864509, -0.014026242660691218, 6.689581164262847, 1.0], [0.0634178983683828, -0.008852892670270868, 6.345162153667502, 1.0], [0.06392705492417133, -0.0054000949421619815, 6.115289985825825, 1.0], [0.06392705492417133, -0.0054000949421619815, 6.115289985825825, 1.0], [0.0640807713375045, -0.002669723185285494, 7.45645153920924, 1.0], [0.0640833762444124, -0.0026234537980551753, 7.479179112146937, 1.0], [0.06384750244976889, 0.0038227156373042692, 11.55825261443033, 1.0], [0.06375132775299763, 0.0064510635286648965, 18.1744677095121, 1.0], [-0.01315250072312335, 0.016553963526894477, 32.22439503826462, 1.0], [-0.057400088668036586, 0.028335051873953576, 12.612552173353777, 1.0], [-0.0551282250623254, 0.03306398782186737, 9.95497085723838, 1.0], [-0.05027711746035257, 0.040008384851789924, 7.6387531022592725, 1.0], [-0.049942904239316355, 0.04048681359218137, 7.479179112146937, 1.0], [-0.04653253486928999, 0.04421204448874866, 6.459844902356338, 1.0], [-0.044795717323522444, 0.04610921329399925, 5.94072296907666, 1.0], [-0.044795717323522444, 0.04610921329399892, 5.9407229690767736, 1.0], [-0.03345251800494614, 0.05439439304596594, 5.51946932023543, 1.0], [-0.030633800802344457, 0.05645321067207121, 5.4147903074367605, 1.0], [-0.030633800802344513, 0.056453210672071874, 5.4147903074367605, 1.0], [-0.014993986559240002, 0.06195203366341895, 8.265336064641474, 1.0], [-0.012149104007304123, 0.0629522696854784, 8.78385040004946, 1.0], [0.016028324688311668, 0.0612636752118515, 13.432772136720246, 1.0], [0.035722655313355334, 0.05128454364601931, 10.782150368582165, 1.0], [0.04344817058905032, 0.046806974038798965, 9.36484882955483, 1.0], [0.05725429628357964, 0.02824856437388812, 9.043837655112839, 1.0], [0.05794339399706566, 0.026856130422365787, 9.077764321707605, 1.0], [0.06149253087722362, 0.017743452312494412, 9.460496409096095, 1.0], [0.06228059984490808, 0.012444296306184599, 9.59401931956495, 1.0], [0.06411938879544599, 7.98587872035128e-05, 9.905566230408908, 1.0], [0.06370634044261214, -0.006269756876471799, 11.90580605864659, 1.0], [0.062287408697606184, -0.014054870404999864, 24.21691412895973, 0.0]]]}