{"text": "そ", "text_ids": [15], "strokes": [[[0.0, 0.0, 0.0, 1.0], [0.036560340824493893, -0.01852960360516325, 40.89343378702994, 1.0], [0.044797091562499246, -0.004674484246926663, 13.427602321352133, 1.0], [0.04439505869399002, -0.0072422184749594415, 11.240510419327038, 1.0], [0.0438809893405894, -0.010474240577260128, 10.607783946508718, 1.0], [0.043880989340589704, -0.010474240577260069, 10.607783946542185, 1.0], [0.04341228179051132, -0.012039939251766808, 11.127669522399486, 1.0], [0.04241212738793365, -0.015380914711107904, 12.237030460667043, 1.0], [0.04394652865923754, -0.009947244717533554, 20.035065597306073, 1.0], [-0.00525425674747948, 0.01815692892029222, 56.23397081443122, 1.0], [-0.02779633172838053, 0.035424335015855, 21.95442906222064, 1.0], [-0.026839020027156824, 0.03624772848618708, 14.976106145451212, 1.0], [-0.026751307119308787, 0.036331047108242844, 13.412448924275537, 1.0], [-0.026575922985714345, 0.03645818430057615, 10.916046141590726, 1.0], [-0.02624220435881322, 0.03670098545546882, 8.193108728426665, 1.0], [-0.026329180292490817, 0.03663838133027626, 7.79343761175403, 1.0], [-0.02647537854173332, 0.036533149766652756, 7.121628582983021, 1.0], [-0.026990099434217235, 0.03611224726458043, 7.218235689067512, 1.0], [-0.03054975198274547, 0.03320141406145216, 7.886340940673904, 1.0], [-0.030549751982745454, 0.03320141406145244, 7.886340940673961, 1.0], [-0.030793904829401864, 0.03297503046358863, 9.34146050836108, 1.0], [-0.03017100425540319, 0.03349302393085085, 9.858376034831622, 1.0], [-0.02684668266787121, 0.03626118971224179, 12.353202389845478, 1.0], [-0.03418508607479391, 0.028889414455796403, 26.260064398233908, 1.0], [0.0292649634344185, -0.0026335240025870954, 52.2029121998728, 1.0], [0.04103435052557423, -0.01873497191208018, 17.557799763665116, 1.0], [0.04054073094020414, -0.019790834297367166, 13.843351393925047, 1.0], [0.040032665566029, -0.020776525525865952, 11.928540337215338, 1.0], [0.03928605430310922, -0.02218336606829724, 9.744751904483905, 1.0], [0.03991714060956786, -0.020994209346728743, 8.815121220962567, 1.0], [0.04038340924871872, -0.02011561876311535, 8.128277552700865, 1.0], [0.041424513408579194, -0.017750804465823056, 7.973879606515936, 1.0], [0.042099531088266695, -0.016217536689750733, 7.873773058679035, 1.0], [0.043021523707821085, -0.013089351740152966, 8.222500222367046, 1.0], [0.044159415093946885, -0.009228654124076141, 8.652887220324033, 1.0], [0.044546827444046255, -0.0065491025220426324, 9.003907297363753, 1.0], [0.04496162352042704, -0.0036801503817760484, 9.379738761305703, 1.0], [0.04507188523515837, -0.00018913018408950322, 12.879440567687993, 1.0], [0.045062071560097006, 0.001863940129010866, 17.115111457529792, 1.0], [0.03476651145391074, 0.012301179941477364, 58.164804138414866, 1.0], [-0.029198717193196222, 0.03439560815987597, 22.973231099993086, 1.0], [-0.029198717193195556, 0.034395608159876134, 14.32173552674169, 1.0], [-0.029504412510418132, 0.03411807289985924, 12.335141756349913, 1.0], [-0.031421410619775936, 0.032377664922509986, 12.353202389800458, 1.0], [-0.0295491847736864, 0.03407742497027827, 10.258013977778319, 1.0], [-0.02881332685721688, 0.034693797489767364, 9.754509006413969, 1.0], [-0.025965585742572905, 0.03689718957151966, 8.932084111525228, 1.0], [-0.02483255015498359, 0.037584227813358906, 8.506160803352259, 1.0], [-0.020718814418936526, 0.04007867176414237, 6.959752241398178, 1.0], [-0.02071881441893686, 0.04007867176414248, 6.9597522413982915, 1.0], [-0.017149342240734722, 0.04171362107954457, 7.729913205118692, 1.0], [-0.016826331120161242, 0.0418615720325376, 7.7996071384212655, 1.0], [-0.010925734908753149, 0.04361813933813119, 9.114363126930584, 1.0], [-0.008824651878134415, 0.04424361744673133, 9.582521156710982, 1.0], [-0.0015942425621011114, 0.045062826049018456, 14.321216068545482, 1.0], [0.02071795266035703, 0.038554940672184124, 20.361178738351782, 1.0], [0.04343492067797827, 0.009797305025030512, 24.912823828907563, 1.0], [0.04506873952499868, 0.0018198111730071131, 16.558520462269485, 1.0], [0.04502240138139513, -0.0013502171671662122, 14.632238461174211, 1.0], [0.044913296517472, -0.0008849691213091981, 13.614105887858386, 1.0], [0.044818979276134374, 0.0045702374796924294, 13.065383406012302, 1.0], [0.044961623520427096, -0.0036801503817760484, 15.502623786046797, 1.0], [0.04037040060013908, -0.0163133963967087, 22.818489509075107, 1.0], [0.02245701342822337, -0.03846380619801859, 27.564558452859046, 0.0]]]}