{"text": "た", "text_ids": [16], "strokes": [[[0.0, 0.0, 0.0, 1.0], [-0.004012369184364541, -0.00929515924948755, 2.779311834877045, 1.0], [-0.004012369184364102, -0.00929515924948774, 2.779311834877045, 1.0], [-0.0040123691843645445, -0.00929515924948755, 2.7793118348770465, 1.0], [-0.004012369184364085, -0.00929515924948763, 2.779311834877044, 1.0], [-0.004012369184364557, -0.009295159249487657, 2.7793118348770474, 1.0], [-0.0008101835653347364, -0.008200093786337785, 2.78417853728649, 1.0], [0.009155635163323933, -0.004792039038695399, 2.799324653030265, 1.0], [0.009155635163323484, -0.004792039038695323, 2.799324653030265, 1.0], [0.009155635163323466, -0.0047920390386954476, 2.7993246530302685, 1.0], [0.009155635163323482, -0.004792039038695323, 2.799324653030265, 1.0], [0.009104849006962453, -0.004890780167076669, 2.495446117947793, 1.0], [0.008945751594002429, -0.005200105762943538, 1.543488099273052, 1.0], [0.008945751594002432, -0.005200105762943524, 1.5434880992730484, 1.0], [0.008945751594002418, -0.005200105762943552, 1.5434880992730484, 1.0], [0.008945751594002432, -0.005200105762943538, 1.5434880992730484, 1.0], [0.008945751594002418, -0.005200105762943538, 1.5434880992730484, 1.0], [0.008945751594002432, -0.005200105762943552, 1.5434880992730484, 1.0], [0.008945751594002418, -0.005200105762943524, 1.5434880992730484, 1.0], [0.008945751594002432, -0.005200105762943538, 1.5434880992730484, 1.0], [0.008945751594002418, -0.005200105762943538, 1.5434880992730555, 1.0], [0.008945751594001974, -0.005200105762943469, 1.5434880992730413, 1.0], [0.009035335722472504, -0.005015988794032283, 1.528219725154507, 1.0], [0.00933873563106373, -0.004392428878989801, 1.476509412278432, 1.0], [0.009338735631064188, -0.004392428878989857, 1.4765094122784248, 1.0], [0.009338735631063716, -0.004392428878989829, 1.476509412278432, 1.0], [0.009338735631063716, -0.004392428878989801, 1.476509412278432, 1.0], [0.009338735631064188, -0.004392428878989885, 1.476509412278432, 1.0], [0.009338735631063744, -0.004392428878989801, 1.4765094122784248, 1.0], [0.009338735631063716, -0.004392428878989912, 1.476509412278432, 1.0], [0.00933873563106416, -0.004392428878989885, 1.476509412278432, 1.0], [0.009338735631063716, -0.004392428878989801, 1.4765094122784248, 1.0], [0.009338735631063716, -0.004392428878989801, 1.476509412278432, 1.0], [0.00933873563106416, -0.004392428878989885, 1.476509412278432, 1.0], [0.009477432427214466, -0.004046470433496652, 1.5051322389278994, 1.0], [0.009532902579833913, -0.003908108421510431, 1.5165796018570177, 1.0], [0.00953290257983383, -0.003908108421510403, 1.5165796018570177, 1.0], [0.009532902579833469, -0.00390810842151032, 1.5165796018570035, 1.0], [0.009532902579833802, -0.003908108421510514, 1.5165796018570177, 1.0], [0.009532902579833913, -0.003908108421510403, 1.5165796018570177, 1.0], [0.009532902579833857, -0.003908108421510403, 1.5165796018570177, 1.0], [0.009532902579833857, -0.003908108421510431, 1.5165796018570035, 1.0], [0.009532902579833913, -0.003908108421510487, 1.5165796018570177, 1.0], [0.009532902579833857, -0.003908108421510431, 1.5165796018570177, 1.0], [0.009593705728399515, -0.0037048912423026936, 1.6188454665984437, 1.0], [0.009903064282431262, -0.002670948523927935, 2.1391609566570793, 1.0], [0.009903064282431207, -0.002670948523927935, 2.139160956657065, 1.0], [0.009903064282430818, -0.002670948523927741, 2.139160956657065, 1.0], [0.009903064282431207, -0.0026709485239279074, 2.1391609566570793, 1.0], [0.009903064282430762, -0.002670948523927824, 2.139160956657065, 1.0], [0.009903064282431207, -0.002670948523927824, 2.139160956657065, 1.0], [0.009903064282431262, -0.002670948523927935, 2.1391609566570793, 1.0], [0.009890134597518863, -0.002724002364677236, 2.2537173731073636, 1.0], [0.009843540818016583, -0.0029151886909030145, 2.6665361266110352, 1.0], [0.009843540818017082, -0.0029151886909030145, 2.666536126611078, 1.0], [0.009843540818016527, -0.0029151886909031255, 2.6665361266110352, 1.0], [0.009843540818017082, -0.00291518869090307, 2.6665361266110352, 1.0], [0.009843540818017027, -0.00291518869090307, 2.666536126611078, 1.0], [0.009843540818016638, -0.0029151886909031255, 2.6665361266110352, 1.0], [0.009526716018912251, -0.0038961253037876897, 4.553130343096612, 1.0], [0.00946722316229942, -0.004080324019992587, 4.907392002934245, 1.0], [0.009467223162299254, -0.004080324019992476, 4.907392002934202, 1.0], [0.003210260145869226, -0.0076065974418859095, 14.555342456845906, 1.0], [-0.008242637141464337, -0.0008021233381637627, 4.498301547888104, 0.0]], [[0.0, 0.0, 0.0, 1.0], [-0.02142084925623522, 0.0035479710902294737, 17.45796062699386, 1.0], [-0.018891627610172212, 0.006073656293212604, 2.055605633224399, 1.0], [-0.0032443354050143147, 0.021699069926231662, 3.690797228826355, 1.0], [-0.003244335405013843, 0.021699069926231496, 3.6907972288263586, 1.0], [-0.0015919712781034823, 0.021742327138148693, 4.05790940597192, 1.0], [0.0006010004396802271, 0.021799736906842837, 4.5451304782664295, 1.0], [0.0006010004396806157, 0.02179973690684267, 4.545130478266444, 1.0], [0.0006010004396802271, 0.021799736906842865, 4.545130478266437, 1.0], [0.00023349304985845198, 0.02181873924173977, 3.3646024093829325, 1.0], [6.794794950470973e-05, 0.021827298915707144, 2.832829054490553, 1.0], [6.794794950476524e-05, 0.02182729891570713, 2.8328290544905457, 1.0], [6.794794950470973e-05, 0.021827298915707144, 2.832829054490553, 1.0], [6.794794950476524e-05, 0.02182729891570724, 2.832829054490553, 1.0], [6.794794950429339e-05, 0.021827298915707213, 2.832829054490553, 1.0], [0.00035748345017763694, 0.02181309049998479, 2.5286147247806525, 1.0], [0.0004885574220102329, 0.02180665828881268, 2.390895583636052, 1.0], [0.0004885574220102329, 0.021806658288812564, 2.390895583636066, 1.0], [0.0004885574220102329, 0.02180665828881268, 2.390895583636066, 1.0], [0.0004885574220102606, 0.02180665828881268, 2.390895583636052, 1.0], [0.0004885574220102329, 0.021806658288812675, 2.390895583636066, 1.0], [0.0004885574220102606, 0.021806658288812578, 2.390895583636066, 1.0], [-0.00048773084367287334, 0.021825573950573857, 1.9138453040711312, 1.0], [-0.0012003327013241083, 0.021839380667486752, 1.565641881618376, 1.0], [-0.0012003327013245801, 0.021839380667486807, 1.565641881618376, 1.0], [-0.0012003327013245524, 0.021839380667486835, 1.565641881618376, 1.0], [-0.0012003327013245524, 0.021839380667486835, 1.5656418816183617, 1.0], [-0.0012003327013245801, 0.021839380667486807, 1.565641881618376, 1.0], [-0.001200332701324136, 0.02183938066748653, 1.5656418816183617, 1.0], [-0.0012003327013245524, 0.021839380667486863, 1.565641881618376, 1.0], [-0.0012003327013245801, 0.021839380667486807, 1.565641881618376, 1.0], [-0.0012003327013245246, 0.021839380667486807, 1.565641881618376, 1.0], [-0.0020877552149283496, 0.021769296753567702, 1.6063498584876612, 1.0], [-0.003674920251644398, 0.02164395089395338, 1.679156527928626, 1.0], [-0.003674920251644842, 0.0216439508939536, 1.6791565279286118, 1.0], [-0.003674920251644398, 0.0216439508939536, 1.679156527928626, 1.0], [-0.003674920251644398, 0.02164395089395338, 1.6791565279286118, 1.0], [-0.0036749202516448976, 0.021643950893953323, 1.6791565279286118, 1.0], [-0.003674920251644398, 0.021643950893953656, 1.679156527928626, 1.0], [-0.00367492025164487, 0.02164395089395338, 1.6791565279286118, 1.0], [-0.003674920251644398, 0.021643950893953545, 1.679156527928626, 1.0], [-0.0036749202516448143, 0.021643950893953656, 1.6791565279286118, 1.0], [-0.0039454239705752625, 0.021598774586973457, 1.8143877121252103, 1.0], [-0.004828534398289994, 0.02145128800920193, 2.2558754276664104, 1.0], [-0.004828534398290021, 0.02145128800920182, 2.255875427666396, 1.0], [-0.004828534398289994, 0.02145128800920193, 2.255875427666396, 1.0], [-0.0048285343982895496, 0.02145128800920182, 2.2558754276664104, 1.0], [-0.004828534398290021, 0.02145128800920182, 2.255875427666396, 1.0], [-0.004828534398289994, 0.02145128800920193, 