{"text": "た", "text_ids": [16], "strokes": [[[0.0, 0.0, 0.0, 1.0], [-0.002906334026354493, -0.009867776587646782, 2.779311834877045, 1.0], [-0.0029063340263540253, -0.009867776587646931, 2.779311834877045, 1.0], [-0.0029063340263544932, -0.00986777658764678, 2.7793118348770465, 1.0], [-0.002906334026354023, -0.009867776587646815, 2.779311834877044, 1.0], [-0.0029063340263544932, -0.009867776587646891, 2.7793118348770474, 1.0], [0.0001965110080589562, -0.008409752822680805, 2.78417853728649, 1.0], [0.009853162693807205, -0.003872101895333456, 2.799324653030265, 1.0], [0.009853162693806736, -0.0038721018953334282, 2.799324653030265, 1.0], [0.009853162693806733, -0.00387210189533356, 2.7993246530302685, 1.0], [0.009853162693806738, -0.003872101895333435, 2.799324653030265, 1.0], [0.009814033188216515, -0.003977809629240117, 2.495446117947793, 1.0], [0.00969145247811981, -0.004308959458236852, 1.543488099273052, 1.0], [0.009691452478119804, -0.004308959458236852, 1.5434880992730484, 1.0], [0.00969145247811981, -0.004308959458236866, 1.5434880992730484, 1.0], [0.00969145247811981, -0.004308959458236852, 1.5434880992730484, 1.0], [0.009691452478119797, -0.004308959458236852, 1.5434880992730484, 1.0], [0.00969145247811981, -0.004308959458236866, 1.5434880992730484, 1.0], [0.009691452478119797, -0.004308959458236852, 1.5434880992730484, 1.0], [0.00969145247811981, -0.004308959458236852, 1.5434880992730484, 1.0], [0.00969145247811981, -0.004308959458236866, 1.5434880992730555, 1.0], [0.009691452478119367, -0.004308959458236825, 1.5434880992730413, 1.0], [0.00975924310304327, -0.004112405897238214, 1.528219725154507, 1.0], [0.009988833653918283, -0.0034467262343460398, 1.476509412278432, 1.0], [0.009988833653918727, -0.0034467262343460814, 1.4765094122784248, 1.0], [0.009988833653918283, -0.0034467262343460536, 1.476509412278432, 1.0], [0.009988833653918283, -0.0034467262343460536, 1.476509412278432, 1.0], [0.009988833653918755, -0.0034467262343460814, 1.476509412278432, 1.0], [0.009988833653918311, -0.003446726234346026, 1.4765094122784248, 1.0], [0.009988833653918255, -0.0034467262343461647, 1.476509412278432, 1.0], [0.009988833653918755, -0.0034467262343460814, 1.476509412278432, 1.0], [0.009988833653918283, -0.003446726234346026, 1.4765094122784248, 1.0], [0.009988833653918283, -0.0034467262343460536, 1.476509412278432, 1.0], [0.0099888336539187, -0.0034467262343460814, 1.476509412278432, 1.0], [0.010086244001242584, -0.0030806073706130532, 1.5051322389278994, 1.0], [0.010125202124160626, -0.002934182436427679, 1.5165796018570177, 1.0], [0.010125202124160626, -0.002934182436427679, 1.5165796018570177, 1.0], [0.010125202124160182, -0.0029341824364276237, 1.5165796018570035, 1.0], [0.01012520212416057, -0.00293418243642779, 1.5165796018570177, 1.0], [0.010125202124160626, -0.0029341824364276514, 1.5165796018570177, 1.0], [0.010125202124160626, -0.002934182436427679, 1.5165796018570177, 1.0], [0.010125202124160682, -0.002934182436427679, 1.5165796018570035, 1.0], [0.010125202124160626, -0.0029341824364277624, 1.5165796018570177, 1.0], [0.010125202124160626, -0.002934182436427679, 1.5165796018570177, 1.0], [0.01016151902685336, -0.0027213604858841722, 1.6188454665984437, 1.0], [0.010346294729576266, -0.0016385499334855003, 2.1391609566570793, 1.0], [0.010346294729576211, -0.0016385499334854448, 2.139160956657065, 1.0], [0.010346294729575822, -0.0016385499334853337, 2.139160956657065, 1.0], [0.010346294729576266, -0.0016385499334854448, 2.1391609566570793, 1.0], [0.010346294729575711, -0.0016385499334854448, 2.139160956657065, 1.0], [0.010346294729576322, -0.0016385499334853337, 2.139160956657065, 1.0], [0.010346294729576211, -0.0016385499334854725, 2.1391609566570793, 1.0], [0.010339791057667191, -0.001693792548433326, 2.2537173731073636, 1.0], [0.010316354240997694, -0.0018928664034796594, 2.6665361266110352, 1.0], [0.010316354240998193, -0.001892866403479715, 2.666536126611078, 1.0], [0.01031635424099775, -0.0018928664034797982, 2.6665361266110352, 1.0], [0.010316354240998193, -0.0018928664034796872, 2.6665361266110352, 1.0], [0.010316354240998138, -0.001892866403479715, 2.666536126611078, 1.0], [0.010316354240997805, -0.0018928664034797982, 2.6665361266110352, 1.0], [0.01011746083418974, -0.0029226908778400007, 4.553130343096612, 1.0], [0.010080112946758146, -0.0031160696788775644, 4.907392002934245, 1.0], [0.010080112946758035, -0.0031160696788775366, 4.907392002934202, 1.0], [0.004189033869375192, -0.007372171486263568, 14.555342456845906, 1.0], [-0.008236764275869835, -0.0017064114549496245, 4.498301547888104, 0.0]], [[0.0, 0.0, 0.0, 1.0], [-0.02210338255575317, 0.001281683687398727, 17.45796062699386, 1.0], [-0.019858370368757122, 0.004118746592578548, 2.055605633224399, 1.0], [-0.005969369478404124, 0.02167053069614394, 3.690797228826355, 1.0], [-0.00596936947840368, 0.021670530696143914, 3.6907972288263586, 1.0], [-0.0043036208813599375, 0.021893318445622756, 4.05790940597192, 1.0], [-0.0020928856670308638, 0.022188996151110973, 4.5451304782664295, 1.0], [-0.0020928856670304197, 0.022188996151110807, 4.545130478266444, 1.0], [-0.0020928856670309193, 0.022188996151110973, 4.545130478266437, 1.0], [-0.0024669159927161177, 0.022168494217300896, 3.3646024093829325, 1.0], [-0.0026353993743181425, 0.022159259043304375, 2.832829054490553, 1.0], [-0.0026353993743181425, 0.02215925904330436, 2.8328290544905457, 1.0], [-0.0026353993743181425, 0.02215925904330436, 2.832829054490553, 1.0], [-0.0026353993743181425, 0.02215925904330448, 2.832829054490553, 1.0], [-0.0026353993743186144, 0.02215925904330438, 2.832829054490553, 1.0], [-0.002340819310536535, 0.02217618484370613, 2.5286147247806525, 1.0], [-0.0022074616431940752, 0.022183847226660808, 2.390895583636052, 1.0], [-0.0022074616431940752, 0.022183847226660697, 2.390895583636066, 1.0], [-0.002207461643194103, 0.022183847226660808, 2.390895583636066, 1.0], [-0.0022074616431940475, 0.02218384722666082, 2.390895583636052, 1.0], [-0.002207461643194103, 0.022183847226660808, 2.390895583636066, 1.0], [-0.0022074616431940752, 0.02218384722666071, 2.390895583636066, 1.0], [-0.0031971677697875123, 0.02209734986614645, 1.9138453040711312, 1.0], [-0.003919563448532892, 0.022034214640669375, 1.565641881618376, 1.0], [-0.003919563448533364, 0.02203421464066943, 1.565641881618376, 1.0], [-0.003919563448533309, 0.02203421464066943, 1.565641881618376, 1.0], [-0.003919563448533364, 0.022034214640669403, 1.5656418816183617, 1.0], [-0.003919563448533336, 0.022034214640669403, 1.565641881618376, 1.0], [-0.0039195634485328645, 0.02203421464066918, 1.5656418816183617, 1.0], [-0.003919563448533364, 0.02203421464066946, 1.565641881618376, 1.0], [-0.003919563448533336, 0.022034214640669403, 1.565641881618376, 1.0], [-0.003919563448533336, 0.022034214640669403, 1.565641881618376, 1.0], [-0.0048083698922695844, 0.02186701488004761, 1.6063498584876612, 1.0], [-0.0063980101034215725, 0.021567976248349163, 1.679156527928626, 1.0], [-0.006398010103422044, 0.02156797624834944, 1.6791565279286118, 1.0], [-0.006398010103421586, 0.021567976248349385, 1.679156527928626, 1.0], [-0.006398010103421586, 0.02156797624834922, 1.6791565279286118, 1.0], [-0.0063980101034220305, 0.021567976248349163, 1.6791565279286118, 1.0], [-0.0063980101034216, 0.021567976248349496, 1.679156527928626, 1.0], [-0.006398010103422044, 0.021567976248349163, 1.6791565279286118, 1.0], [-0.006398010103421586, 0.021567976248349385, 1.679156527928626, 1.0], [-0.006398010103422044, 0.021567976248349496, 1.6791565279286118, 1.0], [-0.00666598550599691, 0.02149284299438281, 1.8143877121252103, 1.0], [-0.007540841767939288, 0.021247556311049798, 2.2558754276664104, 1.0], [-0.007540841767939281, 0.021247556311049687, 2.255875427666396, 1.0], [-0.007540841767939288, 0.021247556311049687, 2.255875427666396, 1.0], [-0.007540841767938816, 0.021247556311049798, 2.2558754276664104, 1.0], [-0.007540841767939288, 0.021247556311049687, 2.255875427666396, 1.0], [-0.007540841767939281, 