{"text": "た", "text_ids": [16], "strokes": [[[0.0, 0.0, 0.0, 1.0], [-0.011500509044039372, -0.0018436190174209739, 26.655840751585973, 1.0], [0.007324544277015279, 0.005820396401041052, 49.500095162532574, 1.0], [0.010897536244831352, 0.003702169084509466, 24.62368150720927, 1.0], [0.011500509044039368, 0.0018436190174209739, 7.594302108567305, 1.0], [0.011453788314990759, 0.0007179259718123176, 6.065879450766587, 1.0], [0.011380972373822577, -0.0010365072369965343, 3.6837776172322236, 1.0], [0.011380972373822205, -0.0010365072369964996, 3.683777617232238, 1.0], [0.011380972373822573, -0.001036507236996536, 3.6837776172322236, 1.0], [0.011380972373822199, -0.0010365072369965013, 3.6837776172322236, 1.0], [0.0114578981153578, -0.000441522853501246, 2.8095266917410697, 1.0], [0.01148010086121308, -0.000269795070435847, 2.557195408026587, 1.0], [0.011480100861213066, -0.00026979507043584615, 2.5571954080265584, 1.0], [0.011480100861213094, -0.0002697950704358444, 2.557195408026587, 1.0], [0.01148010086121272, -0.00026979507043590686, 2.557195408026587, 1.0], [0.011480100861213066, -0.0002697950704358496, 2.5571954080265584, 1.0], [0.011392599739534631, -0.0008707304041704702, 2.312730494398778, 1.0], [0.011311559117565734, -0.0014272966775444205, 2.086315240859051, 1.0], [0.011311559117566095, -0.0014272966775443685, 2.086315240859051, 1.0], [0.011311559117565734, -0.001427296677544517, 2.0863152408590224, 1.0], [0.011311559117566095, -0.001427296677544372, 2.086315240859051, 1.0], [0.011311559117565761, -0.0014272966775445094, 2.086315240859051, 1.0], [0.011311559117566067, -0.0014272966775443724, 2.086315240859051, 1.0], [0.011311559117565734, -0.0014272966775445168, 2.086315240859051, 1.0], [0.011220223137103746, -0.0018105094347220024, 2.1214109238362653, 1.0], [0.011065256777894245, -0.00246069225951712, 2.180956463145236, 1.0], [0.011065256777894272, -0.0024606922595171287, 2.1809564631452645, 1.0], [0.011065256777894217, -0.0024606922595171218, 2.180956463145236, 1.0], [0.011065256777894272, -0.0024606922595170368, 2.1809564631452645, 1.0], [0.01106525677789455, -0.002460692259517061, 2.180956463145236, 1.0], [0.011065256777894272, -0.00246069225951712, 2.180956463145236, 1.0], [0.011065256777894272, -0.002460692259517134, 2.1809564631452645, 1.0], [0.011065256777894217, -0.0024606922595170333, 2.10704981662073, 1.0], [0.011065256777894217, -0.002460692259517127, 2.05266490648242, 1.0], [0.011065256777894328, -0.002460692259517113, 2.0526649064823914, 1.0], [0.011065256777894161, -0.0024606922595171304, 2.0526649064823914, 1.0], [0.011065256777894272, -0.0024606922595171166, 2.0526649064823914, 1.0], [0.011065256777894272, -0.0024606922595171374, 2.05266490648242, 1.0], [0.011065256777894217, -0.0024606922595170194, 2.0526649064823914, 1.0], [0.011065256777894661, -0.002460692259517082, 2.0526649064823914, 1.0], [0.011311937447628706, -0.0013479220330454428, 2.367690203276311, 1.0], [0.011380972373822573, -0.0010365072369965395, 2.4558517448215014, 1.0], [0.01138097237382224, -0.0010365072369964909, 2.455851744821473, 1.0], [0.011380972373822573, -0.0010365072369965256, 2.455851744821473, 1.0], [0.011380972373822185, -0.0010365072369965186, 2.4558517448215014, 1.0], [0.011380972373822573, -0.0010365072369965256, 2.455851744821473, 1.0], [0.01138097237382224, -0.0010365072369964909, 2.455851744821473, 1.0], [0.01122738300084608, -0.0018079210445056254, 3.0968983740832243, 1.0], [0.011202192211540285, -0.0019344436177527041, 3.2020389203322566, 1.0], [0.011202192211540729, -0.0019344436177527458, 3.202038920332285, 1.0], [0.011202192211540618, -0.0019344436177526694, 3.202038920332285, 1.0], [0.011202192211540285, -0.0019344436177528082, 3.202038920332228, 1.0], [0.01126234171910323, -0.0016555234231160135, 3.6008522220504346, 1.0], [0.011311559117565761, -0.001427296677544418, 3.9271816298594615, 1.0], [0.011311559117565984, -0.0014272966775443485, 3.927181629859433, 1.0], [0.011311559117565873, -0.001427296677544515, 3.92718162985949, 1.0], [0.011020148533449792, -0.0024421581755176835, 5.290554060591035, 1.0], [0.010699108154206383, -0.0035602078893849642, 6.792550302558993, 1.0], [0.01069910815420605, -0.0035602078893849504, 6.792550302558993, 1.0], [0.01069910815420605, -0.003560207889384895, 13.402167799823019, 1.0], [0.001630217893544006, -0.0078082350281805935, 41.70392588052573, 1.0], [-0.010520414811904466, -0.004864574860338408, 20.261013082772138, 1.0], [-0.010444771433861355, -0.0050977313236496985, 18.85292921968818, 1.0], [-0.009351108767566618, 0.005102373653150041, 6.962896822508412, 0.0]], [[0.0, 0.0, 0.0, 1.0], [-0.013176903050466926, 0.0017839087779716323, 83.54129453001757, 1.0], [-0.00527149045422709, 0.025049682177452515, 22.52704225119824, 1.0], [-0.008268536381609293, 0.024265997985055188, 15.577985726320762, 1.0], [-0.007476274397786031, 0.02463060997851596, 11.120707146662411, 1.0], [-0.008257280179478077, 0.024321963405750907, 8.255342522920671, 1.0], [-0.00793315355034302, 0.024450055380957098, 7.819405103444467, 1.0], [-0.007082516569153929, 0.024786219587504293, 6.675332209833414, 1.0], [-0.007082516569153652, 0.02478621958750435, 6.675332209833385, 1.0], [-0.0092917713726835, 0.023817178377533832, 6.732452156820898, 1.0], [-0.010112137505171592, 0.023457342749531762, 6.753662598424626, 1.0], [-0.009631166775043942, 0.023687534309518893, 6.471655160446829, 1.0], [-0.008776602358454733, 0.024096527006666972, 5.970598637432545, 1.0], [-0.008776602358454455, 0.024096527006667028, 5.970598637432545, 1.0], [-0.009176395520375025, 0.02391062910382852, 5.475391318721222, 1.0], [-0.009556157759875727, 0.02373404528343187, 5.004995478363099, 1.0], [-0.009556157759875394, 0.023734045283431836, 5.004995478363099, 1.0], [-0.009620785508667795, 0.023701881050827545, 4.894241111680543, 1.0], [-0.010112137505171509, 0.02345734274953168, 4.052197559054775, 1.0], [-0.010112137505171925, 0.023457342749531707, 4.052197559054775, 1.0], [-0.010112137505171565, 0.02345734274953186, 4.052197559054775, 1.0], [-0.010258732093004264, 0.02337905328569806, 4.04072367258081, 1.0], [-0.010985939444110582, 0.022990685103381703, 3.983805509959808, 1.0], [-0.01098593944411061, 0.02299068510338176, 3.983805509959808, 1.0], [-0.010985939444110582, 0.022990685103381703, 3.983805509959808, 1.0], [-0.010985939444110943, 0.02299068510338162, 3.983805509959808, 1.0], [-0.009793237896095902, 0.023613953182603925, 4.053347024569376, 1.0], [-0.009661436307637411, 0.02368282852112763, 4.061031832310761, 1.0], [-0.009661436307637383, 0.023682828521127464, 4.061031832310761, 1.0], [-0.009661436307637356, 0.023682828521127408, 4.061031832310789, 1.0], [-0.012314814696556528, 0.02212342825161795, 4.084109884602583, 1.0], [-0.013375771666586586, 0.02149989992564949, 4.093337675307396, 1.0], [-0.013375771666586586, 0.021499899925649824, 4.093337675307453, 1.0], [-0.013375771666586225, 0.021499899925649657, 4.093337675307453, 1.0], [-0.0120462733404115, 0.02235722854262523, 3.7787383974077215, 1.0], [-0.01172539141812972, 0.022564149641528586, 3.7028080866631967, 1.0], [-0.011725391418129338, 0.022564149641528197, 3.70280808666314, 1.0], [-0.011725391418129734, 0.022564149641528586, 3.7028080866631967, 1.0], [-0.01220317419474168, 0.022247605193058906, 3.767493989326965, 1.0], [-0.01395322504428639, 0.021088147573235405, 4.004429317371148, 1.0], [-0.013953225044286779, 0.021088147573235516, 4.004429317371205, 1.0], [-0.013953225044286395, 0.021088147573235405, 4.004429317371205, 1.0], [-0.013953225044286744, 0.021088147573235072, 4.004429317371091, 1.0], [-0.013888648365694138, 0.021135263395756554, 3.3516568423179933, 1.0], [-0.013886593560828935, 0.021136762602954273, 3.330885875355307, 1.0], [-0.013886593560828567, 0.021136762602954384, 3.330885875355307, 1.0], [-0.013886593560828928, 0.021136762602954162, 3.330885875355307, 1.0], [-0.014076547937829587, 0.020991177657669446, 3.4237605624546745, 1.0], [-0.015033420587871577, 0.020257810758728234, 