{"text": "た", "text_ids": [16], "strokes": [[[0.0, 0.0, 0.0, 1.0], [-0.004606369773356256, -0.003335971977930369, 7.083788705392597, 1.0], [-0.0046063697733566495, -0.0033359719779302043, 6.095838588574355, 1.0], [-0.0046063697733562566, -0.0033359719779303696, 1.0898136469834778, 1.0], [-0.001249662068439579, -0.0025146249371412743, 3.524903967355373, 1.0], [0.005563740655927638, -0.0008867201820487638, 8.307273051155978, 1.0], [0.005182335973888413, -0.002168192248635563, 3.1773254749525996, 1.0], [0.005182335973888806, -0.002168192248635731, 3.1773254749526103, 1.0], [0.005182335973888806, -0.0021681922486357294, 3.177325474952603, 1.0], [0.005182335973888809, -0.0021681922486357294, 3.177325474952596, 1.0], [0.005182335973888806, -0.002168192248635733, 3.1773254749526103, 1.0], [0.005322262829554478, -0.0017962668555803751, 2.348767053055191, 1.0], [0.005387636655470308, -0.001622503314739808, 1.961664564570654, 1.0], [0.005387636655470311, -0.0016225033147398045, 1.961664564570654, 1.0], [0.005387636655469895, -0.0016225033147397455, 1.9616645645706612, 1.0], [0.005387636655470325, -0.0016225033147397074, 1.961664564570647, 1.0], [0.005387636655470311, -0.001622503314739808, 1.961664564570654, 1.0], [0.005387636655470304, -0.001622503314739801, 1.961664564570654, 1.0], [0.005387636655469888, -0.0016225033147397455, 1.961664564570654, 1.0], [0.005387636655470332, -0.0016225033147397039, 1.9616645645706612, 1.0], [0.005313009377301753, -0.001829013238387106, 1.6459593267691943, 1.0], [0.0052400614024112335, -0.002030876164310594, 1.3373582585667236, 1.0], [0.005240061402411636, -0.0020308761643106563, 1.3373582585667307, 1.0], [0.005240061402411247, -0.0020308761643104967, 1.3373582585667236, 1.0], [0.005240061402411636, -0.0020308761643106563, 1.3373582585667236, 1.0], [0.005240061402411247, -0.0020308761643106008, 1.3373582585667236, 1.0], [0.00524006140241165, -0.0020308761643105452, 1.3373582585667236, 1.0], [0.005240061402411247, -0.002030876164310594, 1.3373582585667378, 1.0], [0.00524006140241122, -0.0020308761643106008, 1.3373582585667236, 1.0], [0.005240061402411636, -0.0020308761643106563, 1.3373582585667236, 1.0], [0.005240061402411247, -0.0020308761643104897, 1.3373582585667378, 1.0], [0.005240061402411664, -0.0020308761643106563, 1.3373582585667236, 1.0], [0.00526391444779839, -0.0019701600516807277, 1.308776101788311, 1.0], [0.005284086554065842, -0.0019188134895866127, 1.284604668140176, 1.0], [0.005284086554065814, -0.0019188134895867237, 1.2846046681401617, 1.0], [0.00528408655406587, -0.0019188134895866266, 1.2846046681401617, 1.0], [0.005284086554065842, -0.0019188134895867237, 1.284604668140176, 1.0], [0.005284086554065842, -0.0019188134895866127, 1.2846046681401617, 1.0], [0.005284086554065842, -0.0019188134895866266, 1.284604668140176, 1.0], [0.005284086554065842, -0.0019188134895867237, 1.2846046681401617, 1.0], [0.005284086554065842, -0.0019188134895866127, 1.2846046681401617, 1.0], [0.00528408655406587, -0.0019188134895867237, 1.2846046681401617, 1.0], [0.005284086554065814, -0.0019188134895866266, 1.284604668140176, 1.0], [0.00528408655406587, -0.0019188134895866266, 1.2846046681401617, 1.0], [0.005284086554065814, -0.0019188134895867098, 1.2846046681401617, 1.0], [0.005228616800094593, -0.002048587216305256, 1.4106514854148742, 1.0], [0.005104084407759196, -0.0023399357710309765, 1.6936329406705113, 1.0], [0.00510408440775878, -0.002339935771030907, 1.693632940670497, 1.0], [0.005104084407759196, -0.0023399357710310875, 1.6936329406704829, 1.0], [0.005104084407759196, -0.0023399357710309765, 1.6936329406705113, 1.0], [0.005104084407758835, -0.002339935771031018, 1.693632940670497, 1.0], [0.005104084407759196, -0.0023399357710309765, 1.693632940670497, 1.0], [0.005104084407759224, -0.0023399357710309765, 1.6936329406704829, 1.0], [0.005104084407759196, -0.0023399357710310736, 1.6936329406705113, 1.0], [0.005104084407758808, -0.002339935771030921, 1.693632940670497, 1.0], [0.0055107047863773295, -0.0010522424718815704, 3.055309054006784, 1.0], [0.005576341842913446, -0.0008443817685769711, 3.275112135049568, 1.0], [0.005576341842913557, -0.0008443817685769711, 3.2751121350495396, 1.0], [0.0055763418429135014, -0.0008443817685769572, 3.2751121350495396, 1.0], [0.0055763418429135014, -0.0008443817685769711, 3.275112135049568, 1.0], [0.00403682866753452, -0.003315116822853098, 7.289385261948198, 1.0], [0.003279768489320267, -0.004530108126872337, 9.263415999359552, 1.0], [-0.003306546010005018, -0.0035327941095455034, 1.5268319987191603, 1.0], [-0.004606369773356267, -0.0033359719779303687, 0.0, 0.0]], [[0.1383685013346953, -0.2356142183800198, 0.0, 1.0], [-0.017555510594707266, 0.0026582934658262725, 13.426058786774167, 1.0], [-0.010352134779045882, 0.007875039200512968, 19.816940588368904, 1.0], [0.0029531770964588977, 0.017510858676196506, 14.102800249942774, 1.0], [0.0029531770964588977, 0.017510858676196533, 8.248599875028617, 1.0], [0.0029531770964588977, 0.017510858676196506, 6.006850239528482, 1.0], [0.002953177096458884, 0.017510858676196395, 3.4369166145952548, 1.0], [0.0029531770964589116, 0.017510858676196506, 3.436916614595262, 1.0], [0.0029531770964588977, 0.017510858676196506, 3.436916614595262, 1.0], [0.0029531770964588977, 0.017510858676196506, 3.4369166145952477, 1.0], [0.00295317709645887, 0.01751085867619641, 2.6595540961610027, 1.0], [0.0029531770964588977, 0.017510858676196506, 1.9408470294185065, 1.0], [0.0029531770964588977, 0.0175108586761964, 1.9408470294184923, 1.0], [0.0029531770964588977, 0.017510858676196513, 1.9408470294184923, 1.0], [0.0029531770964588977, 0.017510858676196506, 1.9408470294185065, 1.0], [0.0029531770964588977, 0.017510858676196506, 1.9408470294184923, 1.0], [0.0029531770964588977, 0.017510858676196506, 1.9408470294184923, 1.0], [0.00295317709645887, 0.01751085867619641, 1.9408470294185065, 1.0], [0.0023201462360622482, 0.01756511491584485, 1.8959679748368927, 1.0], [0.0006577562069418896, 0.017707596171422868, 1.778111962562818, 1.0], [0.0006577562069418896, 0.017707596171422965, 1.778111962562832, 1.0], [0.0006577562069418619, 0.017707596171422868, 1.778111962562818, 1.0], [0.0006577562069418619, 0.017707596171422854, 1.778111962562832, 1.0], [0.0006577562069418619, 0.017707596171422896, 1.778111962562818, 1.0], [0.0006577562069418619, 0.017707596171422868, 1.778111962562832, 1.0], [0.0006577562069418896, 0.01770759617142298, 1.778111962562818, 1.0], [0.0006577562069418619, 0.017707596171422868, 1.778111962562818, 1.0], [0.0006577562069418619, 0.017707596171422868, 1.778111962562832, 1.0], [0.0006577562069418619, 0.01770759617142298, 1.703318603705199, 1.0], [0.0006577562069418619, 0.017707596171422757, 1.6735171412356067, 1.0], [0.0006577562069418896, 0.017707596171423007, 1.6735171412355925, 1.0], [0.0006577562069418341, 0.0177075961714227, 1.6735171412356067, 1.0], [0.0006577562069418896, 0.017707596171423035, 1.6735171412355925, 1.0], [0.0006577562069418619, 0.017707596171422924, 1.6735171412356067, 1.0], [0.0006577562069418619, 0.017707596171422813, 1.6735171412355925, 1.0], [0.0006577562069418896, 0.01770759617142298, 1.6735171412356067, 1.0], [0.0006577562069418896, 0.017707596171422924, 1.6735171412355925, 1.0], [0.0007401806886902784, 0.01770464291878704, 1.731932180881941, 1.0], [0.0011916824467668174, 0.017688465701425682, 2.0519159107037126, 1.0], [0.001191682446767206, 0.017688465701425626, 2.051915910703741, 1.0], [0.0011916824467668174, 0.017688465701425737, 2.051915910703741, 1.0], [0.001191682446767206, 0.01768846570142557, 2.051915910703741, 1.0], [0.0011916824467667897, 0.017688465701425682, 2.051915910703741, 1.0], [0.0011916824467672615, 0.01768846570142585, 2.0519159107037126, 1.0], [0.0011916824467667897, 0.017688465701425626, 2.051915910703741, 1.0], [0.0011916824467672338, 0.017688465701425682, 2.051915910703741, 1.0], [0.0008101718170064887, 0.01770315278672896, 2.4917334923406145, 1.0], [0.0007528792016412711, 0.0177053583911434, 