{"text": "た", "text_ids": [16], "strokes": [[[0.0, 0.0, 0.0, 1.0], [0.006732690979789321, -0.010065931954573289, 6.071977344758386, 1.0], [0.006789977125477696, -0.010015763532483023, 5.946788442046683, 1.0], [0.009149008087868801, -0.007949838872621611, 0.7915367821966051, 1.0], [0.009149008087868806, -0.007949838872621615, 0.7915367821966051, 1.0], [0.009149008087868803, -0.007949838872621615, 0.7915367821966051, 1.0], [0.009149008087868796, -0.007949838872621615, 0.7915367821966068, 1.0], [0.009149008087868803, -0.007949838872621712, 0.7915367821966051, 1.0], [0.011714547106682988, -0.002366815903293143, 2.0605934309835465, 1.0], [0.011793219350015774, -0.0021956125271786614, 2.0995090478360083, 1.0], [0.011793219350015371, -0.0021956125271786614, 2.0995090478360083, 1.0], [0.01179321935001576, -0.0021956125271786614, 2.0995090478360083, 1.0], [0.011793219350015371, -0.0021956125271786614, 2.0995090478360083, 1.0], [0.011793219350015746, -0.0021956125271786753, 2.0995090478360083, 1.0], [0.011832225954758357, -0.0018036410718920287, 1.9850079276551824, 1.0], [0.011922370987514669, -0.0008977873091946947, 1.7203935809981843, 1.0], [0.011922370987514336, -0.0008977873091947086, 1.7203935809981843, 1.0], [0.011922370987514641, -0.0008977873091946947, 1.7203935809981843, 1.0], [0.011922370987514669, -0.0008977873091948058, 1.7203935809981914, 1.0], [0.011922370987514308, -0.0008977873091946947, 1.7203935809981772, 1.0], [0.011922370987514724, -0.0008977873091947225, 1.7203935809981914, 1.0], [0.011922370987514641, -0.0008977873091946947, 1.7203935809981914, 1.0], [0.011922370987514308, -0.0008977873091946947, 1.7203935809981772, 1.0], [0.011922370987514669, -0.0008977873091947086, 1.7203935809981914, 1.0], [0.011926919890132642, -0.0006193841748605711, 1.6833699243948743, 1.0], [0.011933187235756593, -0.00023580843978636412, 1.6323598079652868, 1.0], [0.011933187235756537, -0.00023580843978635024, 1.6323598079652726, 1.0], [0.011933187235756204, -0.00023580843978635024, 1.6323598079652797, 1.0], [0.011933187235756537, -0.00023580843978636412, 1.6323598079652868, 1.0], [0.011933187235756537, -0.00023580843978635024, 1.6323598079652868, 1.0], [0.011933187235756593, -0.00023580843978636412, 1.6323598079652726, 1.0], [0.011933187235756149, -0.00023580843978635024, 1.6323598079652797, 1.0], [0.011933187235756593, -0.00023580843978635024, 1.6323598079652868, 1.0], [0.011933187235756537, -0.00023580843978636412, 1.6323598079652797, 1.0], [0.011933187235756204, -0.00023580843978635024, 1.6328843682752279, 1.0], [0.011933187235756537, -0.00023580843978635024, 1.7170843654721182, 1.0], [0.011933187235756593, -0.00023580843978636412, 1.7170843654721324, 1.0], [0.011933187235756537, -0.00023580843978635024, 1.7170843654721324, 1.0], [0.011933187235756204, -0.00023580843978635024, 1.7170843654721324, 1.0], [0.011933187235756537, -0.00023580843978636412, 1.7170843654721324, 1.0], [0.011933187235756593, -0.00023580843978635024, 1.7170843654721324, 1.0], [0.011933187235756149, -0.00023580843978635024, 1.7170843654721324, 1.0], [0.011933187235756537, -0.00023580843978636412, 1.7170843654721324, 1.0], [0.011933187235756593, -0.00023580843978635024, 1.7170843654721182, 1.0], [0.011908766266785498, 0.00031106646915211866, 1.9551510863233972, 1.0], [0.011897695267575337, 0.0005589866762655826, 2.063076225647947, 1.0], [0.011897695267575115, 0.0005589866762655965, 2.0630762256479187, 1.0], [0.011897695267575337, 0.0005589866762655826, 2.063076225647933, 1.0], [0.011897695267575004, 0.0005589866762655965, 2.063076225647947, 1.0], [0.011897695267575337, 0.0005589866762655965, 2.063076225647933, 1.0], [0.011897695267575115, 0.0005589866762655826, 2.063076225647947, 1.0], [0.011897695267575337, 0.0005589866762655965, 2.0630762256479187, 1.0], [0.011913593830629177, 0.000202959639298797, 2.6825960599340704, 1.0], [0.011933187235756426, -0.00023580843978635024, 3.446092927926699, 1.0], [0.011933187235756537, -0.00023580843978636412, 3.446092927926685, 1.0], [0.011933187235756204, -0.00023580843978635024, 3.4460929279267134, 1.0], [0.011933187235756537, -0.00023580843978635024, 3.4460929279267134, 1.0], [0.011716076740075132, -0.0019199282340937873, 3.7362080797299626, 1.0], [0.011511470382107869, -0.0035070537961815335, 4.009614505408393, 1.0], [0.011511470382107869, -0.0035070537961814224, 4.009614505408351, 1.0], [0.011511470382107536, -0.0035070537961815335, 4.009614505408393, 1.0], [0.010721231022533861, -0.005244220913142986, 6.417921446280388, 1.0], [0.010004578404248288, -0.006819623792899715, 8.601967904990858, 1.0], [0.004595491866977053, -0.009626524241114445, 3.8870162370764945, 0.0]], [[0.4152113248695552, -0.28302892093478255, 0.0, 1.0], [-0.011954751871643687, -0.018015437329660378, 11.157251151748834, 1.0], [-0.020624630679314637, -0.00032897859459807277, 4.053018882388779, 1.0], [-0.003348782247402482, 0.021781488310736286, 7.111380167602858, 1.0], [-0.003348782247402482, 0.021781488310736286, 7.1113801676028565, 1.0], [-0.004450311275686847, 0.02161412789656658, 2.9870935033383432, 1.0], [-0.0045457413381500555, 0.021599628764571027, 2.6297893162676758, 1.0], [-0.0045457413381497225, 0.021599628764571, 2.6297893162676687, 1.0], [-0.0045457413381500555, 0.021599628764571, 2.6297893162676758, 1.0], [-0.004545741338150111, 0.02159962876457111, 2.6297893162676758, 1.0], [-0.004545741338149667, 0.021599628764571, 2.6297893162676687, 1.0], [-0.004647018256254631, 0.021581021212372098, 1.8036421274973549, 1.0], [-0.004666866368865541, 0.02157737452960988, 1.6417349255101925, 1.0], [-0.004666866368865985, 0.02157737452960988, 1.6417349255101925, 1.0], [-0.0046668663688655965, 0.02157737452960988, 1.6417349255101925, 1.0], [-0.0046668663688659295, 0.021577374529609884, 1.6417349255101925, 1.0], [-0.004666866368865652, 0.021577374529609783, 1.6417349255101854, 1.0], [-0.0046668663688659295, 0.021577374529609887, 1.6417349255101925, 1.0], [-0.0046668663688655965, 0.021577374529609877, 1.6417349255101925, 1.0], [-0.004666866368865985, 0.021577374529609887, 1.6417349255101925, 1.0], [-0.0046668663688655965, 0.02157737452960988, 1.6417349255101925, 1.0], [-0.004659404784050136, 0.02157876468419692, 1.540547375356418, 1.0], [-0.004651361323786962, 0.021580263246963174, 1.4314689344010532, 1.0], [-0.004651361323787351, 0.02158026324696316, 1.4314689344010674, 1.0], [-0.004651361323787018, 0.021580263246963022, 1.4314689344010532, 1.0], [-0.004651361323787351, 0.021580263246962994, 1.4314689344010532, 1.0], [-0.004651361323786962, 0.02158026324696319, 1.4314689344010532, 1.0], [-0.004651361323787351, 0.02158026324696316, 1.4314689344010674, 1.0], [-0.004651361323786962, 0.021580263246963022, 1.4314689344010532, 1.0], [-0.004651361323787018, 0.02158026324696316, 1.4314689344010532, 1.0], [-0.004651361323787295, 0.021580263246962994, 1.4314689344010674, 1.0], [-0.004651361323786962, 0.02158026324696316, 1.4314689344010532, 1.0], [-0.0046513613237873785, 0.021580263246963216, 1.4314689344010532, 1.0], [-0.004167324473972139, 0.021660873808895587, 1.5101851216023476, 1.0], [-0.0038517277233927616, 0.021713432682085088, 1.56150884397654, 1.0], [-0.0038517277233924008, 0.021713432682085032, 1.561508843976526, 1.0], [-0.0038517277233927616, 0.02171343268208492, 1.56150884397654, 1.0], [-0.0038517277233924008, 0.021713432682085032, 1.561508843976526, 1.0], [-0.0038517277233924008, 0.021713432682085088, 1.561508843976526, 1.0], [-0.0038517277233927616, 0.021713432682085088, 1.56150884397654, 1.0], [-0.003851727723392373, 0.02171343268208492, 1.561508843976526, 1.0], [-0.0038517277233927616, 0.02171343268208481, 1.56150884397654, 1.0], [-0.003851727723392373, 0.021713432682085143, 1.561508843976526, 1.0], [-0.0038517277233924008, 0.021713432682085032, 1.56150884397654, 1.0], [-0.004561112296493169, 0.021592056659105352, 1.785360490937606, 1.0], [-0.004839154628970416, 0.021544483489605804, 1.8730988438848755, 1.0], [-0.004839154628970388, 0.021544483489606248, 1.8730988438848755, 1.0], 