{"text": "た", "text_ids": [16], "strokes": [[[0.0, 0.0, 0.0, 1.0], [-0.003810782006843714, -0.0036728627545505464, 7.083788705392597, 1.0], [-0.0038107820068441233, -0.003672862754550417, 6.095838588574355, 1.0], [-0.0038107820068437126, -0.003672862754550546, 1.0898136469834778, 1.0], [-0.0007328008360820443, -0.002582571583086047, 3.524903967355373, 1.0], [0.0055221877141649394, -0.0004081955832283997, 8.307273051155978, 1.0], [0.00539465833249067, -0.0017029176499748014, 3.1773254749525996, 1.0], [0.00539465833249108, -0.0017029176499749402, 3.1773254749526103, 1.0], [0.00539465833249108, -0.0017029176499749332, 3.177325474952603, 1.0], [0.005394658332491082, -0.0017029176499749332, 3.177325474952596, 1.0], [0.00539465833249108, -0.0017029176499749367, 3.1773254749526103, 1.0], [0.005459812657028031, -0.0013247004746060505, 2.348767053055191, 1.0], [0.0054902527569623966, -0.0011479974131158519, 1.961664564570654, 1.0], [0.0054902527569623966, -0.0011479974131158553, 1.961664564570654, 1.0], [0.005490252756961994, -0.0011479974131158206, 1.9616645645706612, 1.0], [0.00549025275696239, -0.0011479974131157547, 1.961664564570647, 1.0], [0.0054902527569624035, -0.0011479974131158519, 1.961664564570654, 1.0], [0.00549025275696239, -0.0011479974131158484, 1.961664564570654, 1.0], [0.005490252756961994, -0.001147997413115824, 1.961664564570654, 1.0], [0.0054902527569623966, -0.0011479974131157547, 1.9616645645706612, 1.0], [0.005457028292965127, -0.0013577441989925457, 1.6459593267691943, 1.0], [0.005424551463782623, -0.001562771149525112, 1.3373582585667236, 1.0], [0.005424551463783053, -0.0015627711495251467, 1.3373582585667307, 1.0], [0.005424551463782637, -0.0015627711495250149, 1.3373582585667236, 1.0], [0.005424551463783053, -0.0015627711495251398, 1.3373582585667236, 1.0], [0.005424551463782637, -0.001562771149525119, 1.3373582585667236, 1.0], [0.005424551463783053, -0.0015627711495250357, 1.3373582585667236, 1.0], [0.005424551463782637, -0.001562771149525119, 1.3373582585667378, 1.0], [0.005424551463782651, -0.001562771149525112, 1.3373582585667236, 1.0], [0.005424551463783039, -0.0015627711495251467, 1.3373582585667236, 1.0], [0.005424551463782609, -0.0015627711495250149, 1.3373582585667378, 1.0], [0.005424551463783095, -0.0015627711495251329, 1.3373582585667236, 1.0], [0.005436160379079624, -0.001500943371445379, 1.308776101788311, 1.0], [0.005445977837153587, -0.001448656693184773, 1.284604668140176, 1.0], [0.005445977837153559, -0.0014486566931848702, 1.2846046681401617, 1.0], [0.005445977837153587, -0.001448656693184773, 1.2846046681401617, 1.0], [0.005445977837153559, -0.0014486566931848771, 1.284604668140176, 1.0], [0.005445977837153587, -0.001448656693184766, 1.2846046681401617, 1.0], [0.005445977837153559, -0.00144865669318478, 1.284604668140176, 1.0], [0.005445977837153559, -0.0014486566931848632, 1.2846046681401617, 1.0], [0.005445977837153559, -0.00144865669318478, 1.2846046681401617, 1.0], [0.005445977837153587, -0.0014486566931848771, 1.2846046681401617, 1.0], [0.005445977837153559, -0.001448656693184766, 1.284604668140176, 1.0], [0.005445977837153587, -0.00144865669318478, 1.2846046681401617, 1.0], [0.005445977837153559, -0.0014486566931848632, 1.2846046681401617, 1.0], [0.005416845742938409, -0.0015811819432244162, 1.4106514854148742, 1.0], [0.005351442723696059, -0.0018787078064326918, 1.6936329406705113, 1.0], [0.0053514427236955875, -0.001878707806432664, 1.693632940670497, 1.0], [0.005351442723696004, -0.0018787078064328028, 1.6936329406704829, 1.0], [0.005351442723696032, -0.0018787078064326918, 1.6936329406705113, 1.0], [0.005351442723695643, -0.0018787078064327611, 1.693632940670497, 1.0], [0.005351442723696004, -0.0018787078064327056, 1.693632940670497, 1.0], [0.005351442723696059, -0.0018787078064326918, 1.6936329406704829, 1.0], [0.005351442723696004, -0.001878707806432789, 1.6936329406705113, 1.0], [0.005351442723695643, -0.0018787078064326779, 1.693632940670497, 1.0], [0.0055020844150919235, -0.0005757449366940309, 3.055309054006784, 1.0], [0.005526401143260917, -0.00036541940447096244, 3.275112135049568, 1.0], [0.005526401143261028, -0.0003654194044709763, 3.2751121350495396, 1.0], [0.005526401143260917, -0.0003654194044709763, 3.2751121350495396, 1.0], [0.005526401143260973, -0.00036541940447096244, 3.275112135049568, 1.0], [0.004506345053844452, -0.0029289969549337186, 7.289385261948198, 1.0], [0.004004729441069832, -0.004189643832307563, 9.263415999359552, 1.0], [-0.002522599227850253, -0.0037580406075052863, 1.5268319987191603, 1.0], [-0.003810782006843705, -0.003672862754550532, 0.0, 0.0]], [[0.0, 0.0, 0.0, 1.0], [-0.017398286646363503, 0.0011504180352311377, 13.426058786774167, 1.0], [-0.011439039712773325, 0.006893988795312389, 19.816940588368904, 1.0], [-0.000431750766086203, 0.017502903587146956, 14.102800249942774, 1.0], [-0.00043175076608617524, 0.017502903587146956, 8.248599875028617, 1.0], [-0.000431750766086203, 0.01750290358714693, 6.006850239528482, 1.0], [-0.000431750766086203, 0.017502903587146845, 3.4369166145952548, 1.0], [-0.00043175076608617524, 0.017502903587146956, 3.436916614595262, 1.0], [-0.000431750766086203, 0.017502903587146942, 3.436916614595262, 1.0], [-0.000431750766086203, 0.017502903587146942, 3.4369166145952477, 1.0], [-0.00043175076608617524, 0.01750290358714683, 2.6595540961610027, 1.0], [-0.000431750766086203, 0.017502903587146956, 1.9408470294185065, 1.0], [-0.000431750766086203, 0.01750290358714684, 1.9408470294184923, 1.0], [-0.00043175076608617524, 0.017502903587146946, 1.9408470294184923, 1.0], [-0.000431750766086203, 0.017502903587146946, 1.9408470294185065, 1.0], [-0.000431750766086203, 0.017502903587146946, 1.9408470294184923, 1.0], [-0.00043175076608617524, 0.017502903587146946, 1.9408470294184923, 1.0], [-0.000431750766086203, 0.017502903587146845, 1.9408470294185065, 1.0], [-0.001051332609354999, 0.0175033936305452, 1.8959679748368927, 1.0], [-0.00267840443619885, 0.017504680523981297, 1.778111962562818, 1.0], [-0.0026784044361987946, 0.017504680523981395, 1.778111962562832, 1.0], [-0.002678404436198878, 0.017504680523981284, 1.778111962562818, 1.0], [-0.00267840443619885, 0.017504680523981284, 1.778111962562832, 1.0], [-0.00267840443619885, 0.017504680523981325, 1.778111962562818, 1.0], [-0.0026784044361988085, 0.017504680523981297, 1.778111962562832, 1.0], [-0.002678404436198864, 0.01750468052398138, 1.778111962562818, 1.0], [-0.00267840443619885, 0.017504680523981297, 1.778111962562818, 1.0], [-0.00267840443619885, 0.01750468052398127, 1.778111962562832, 1.0], [-0.002678404436198864, 0.017504680523981436, 1.703318603705199, 1.0], [-0.0026784044361988085, 0.01750468052398116, 1.6735171412356067, 1.0], [-0.002678404436198864, 0.01750468052398141, 1.6735171412355925, 1.0], [-0.0026784044361988363, 0.017504680523981186, 1.6735171412356067, 1.0], [-0.00267840443619885, 0.01750468052398141, 1.6735171412355925, 1.0], [-0.00267840443619885, 0.017504680523981353, 1.6735171412356067, 1.0], [-0.0026784044361988363, 0.017504680523981186, 1.6735171412355925, 1.0], [-0.00267840443619885, 0.017504680523981464, 1.6735171412356067, 1.0], [-0.00267840443619885, 0.017504680523981353, 1.6735171412355925, 1.0], [-0.0025984999755211263, 0.017508668066549826, 1.731932180881941, 1.0], [-0.0021608022950641848, 0.017530510878805305, 2.0519159107037126, 1.0], [-0.0021608022950637684, 0.017530510878805305, 2.051915910703741, 1.0], [-0.0021608022950641848, 0.01753051087880536, 2.051915910703741, 1.0], [-0.0021608022950637823, 0.01753051087880525, 2.051915910703741, 1.0], [-0.0021608022950641848, 0.01753051087880525, 2.051915910703741, 1.0], [-0.002160802295063796, 0.017530510878805527, 2.0519159107037126, 1.0], [-0.0021608022950641848, 0.017530510878805305, 2.051915910703741, 1.0], [-0.0021608022950637823, 0.017530510878805305, 2.051915910703741, 1.0], [-0.0025308390511799422, 0.017513056917996206, 2.4917334923406145, 1.0], [-0.0025864085999300207, 0.0175104358034448, 2.5577822405799395, 