{"text": "ち", "text_ids": [17], "strokes": [[[0.0, 0.0, 0.0, 1.0], [-0.011331331730682199, -0.0006169406948045807, 10.32756208022983, 1.0], [-0.010962939376479758, -0.0026400152501171994, 3.243711865304883, 1.0], [-0.010834331965798659, -0.0033462795827150283, 0.7707082228400228, 1.0], [-0.010354085905343972, -0.00409212924712383, 2.465021519632776, 1.0], [-0.0031082394527484555, -0.007761796674262985, 11.111789908563932, 1.0], [0.00979114043440478, -0.005771040019181432, 7.4913778547184116, 1.0], [0.00979114043440477, -0.005771040019181325, 7.491377854718394, 1.0], [0.010825794299882056, -0.0034314793616650567, 3.2182501168769235, 1.0], [0.010839572657071483, -0.003400323722584482, 3.1613454048244733, 1.0], [0.010839572657071484, -0.003400323722584482, 3.1613454048244662, 1.0], [0.010839572657071483, -0.003400323722584482, 3.1613454048244733, 1.0], [0.010839572657071486, -0.003400323722584482, 3.1613454048244662, 1.0], [0.011029771748693618, -0.002637911562692545, 2.56555123208571, 1.0], [0.01115168102456146, -0.0021492388065168164, 2.1836732980467275, 1.0], [0.011151681024561051, -0.002149238806516726, 2.1836732980467346, 1.0], [0.01115168102456146, -0.0021492388065168094, 2.1836732980467275, 1.0], [0.011151681024561474, -0.0021492388065168094, 2.1836732980467275, 1.0], [0.01115168102456146, -0.0021492388065168164, 2.1836732980467275, 1.0], [0.01115168102456146, -0.0021492388065168025, 2.1836732980467275, 1.0], [0.011151681024561044, -0.00214923880651674, 2.1836732980467275, 1.0], [0.011224149378511322, -0.001710402376205622, 1.8391441597899956, 1.0], [0.011239590345823586, -0.0016168986796701451, 1.765734693834034, 1.0], [0.011239590345824002, -0.0016168986796702006, 1.765734693834034, 1.0], [0.011239590345823558, -0.0016168986796701451, 1.7657346938340481, 1.0], [0.011239590345824002, -0.0016168986796702145, 1.765734693834034, 1.0], [0.011239590345824002, -0.0016168986796701174, 1.7657346938340481, 1.0], [0.011239590345823586, -0.0016168986796701451, 1.765734693834034, 1.0], [0.011239590345823974, -0.0016168986796702006, 1.765734693834034, 1.0], [0.011239590345823613, -0.0016168986796701451, 1.765734693834034, 1.0], [0.011257399374911742, -0.0014387719640052976, 1.710562683820342, 1.0], [0.011330160221046631, -0.0007110146849676896, 1.4851510618931627, 1.0], [0.011330160221047048, -0.000711014684967759, 1.4851510618931485, 1.0], [0.011330160221047048, -0.0007110146849677729, 1.4851510618931627, 1.0], [0.011330160221047103, -0.0007110146849676757, 1.4851510618931485, 1.0], [0.011330160221046659, -0.0007110146849677867, 1.4851510618931485, 1.0], [0.011330160221047048, -0.0007110146849677451, 1.4851510618931627, 1.0], [0.011330160221047048, -0.0007110146849676896, 1.4851510618931485, 1.0], [0.011330160221046603, -0.0007110146849677867, 1.4851510618931485, 1.0], [0.011330160221047048, -0.0007110146849676618, 1.4851510618931627, 1.0], [0.011330160221047048, -0.0007110146849677729, 1.4851510618931485, 1.0], [0.011321612683353854, -0.000829734417075581, 1.6649694390714842, 1.0], [0.011309968464071729, -0.0009914650398017422, 1.9099340932387747, 1.0], [0.01130996846407123, -0.000991465039801645, 1.9099340932387605, 1.0], [0.01130996846407134, -0.000991465039801659, 1.9099340932387463, 1.0], [0.01130996846407123, -0.000991465039801659, 1.9099340932387605, 1.0], [0.011309968464071785, -0.0009914650398016311, 1.9099340932387605, 1.0], [0.01130996846407123, -0.000991465039801659, 1.9099340932387747, 1.0], [0.011309968464071285, -0.000991465039801645, 1.9099340932387605, 1.0], [0.01130996846407134, -0.00099146503980177, 1.9099340932387605, 1.0], [0.011321130503414989, -0.0001510931801302906, 2.3878524879264376, 1.0], [0.011331331730682181, 0.0006169406948045714, 2.8246323638235253, 1.0], [0.011331331730682237, 0.0006169406948045852, 2.8246323638235538, 1.0], [0.011331331730681793, 0.0006169406948045575, 2.8246323638235538, 1.0], [0.01133133173068207, 0.0006169406948045852, 2.8246323638235253, 1.0], [0.011331331730681904, 0.0006169406948045575, 2.8246323638235538, 1.0], [0.011313001331985983, -0.000763125327757963, 3.6785780528670387, 1.0], [0.011309968464071729, -0.000991465039801645, 3.8198681864906234, 1.0], [0.011309968464071285, -0.000991465039801645, 3.819868186490595, 1.0], [0.011309968464071396, -0.000991465039801659, 3.819868186490595, 1.0], [0.01131867651962748, -0.0003358496440244718, 5.0153179276140065, 1.0], [0.011331331730681793, 0.0006169406948045575, 6.752636744765653, 1.0], [0.011331331730682126, 0.0006169406948045714, 6.752636744765709, 1.0], [0.008789024442462878, -0.006674373779015405, 16.742229104680007, 0.0]], [[0.0, 0.0, 0.0, 1.0], [-0.036350479598846575, -0.01837157254932975, 14.937582713442309, 1.0], [-0.03948739332981194, -0.007216154259899021, 10.580012278040408, 1.0], [-0.027389575104130093, 0.02864336137484852, 19.773481065843427, 1.0], [-0.015118984920047207, 0.03795201285806393, 10.23948685931861, 1.0], [-0.01345516727052326, 0.038536851210375395, 7.78850670490813, 1.0], [-0.012166386654851258, 0.03898986259174669, 5.8899959436450615, 1.0], [-0.012166386654851646, 0.038989862591746666, 5.889995943645076, 1.0], [-0.01065615588049068, 0.03940969194598849, 4.978428440592353, 1.0], [-0.009936473137460128, 0.03960975669529373, 4.544031650252833, 1.0], [-0.009936473137460211, 0.03960975669529372, 4.544031650252833, 1.0], [-0.009936473137460156, 0.03960975669529362, 4.544031650252833, 1.0], [-0.013232678228442069, 0.038633917345009455, 4.2089914125649415, 1.0], [-0.013457726189188779, 0.03856729204417507, 4.186116585247248, 1.0], [-0.013457726189189168, 0.03856729204417508, 4.186116585247248, 1.0], [-0.013310603318942238, 0.03861543568896211, 4.246030339848943, 1.0], [-0.012166386654851258, 0.03898986259174669, 4.711996754916058, 1.0], [-0.012166386654851619, 0.03898986259174664, 4.7119967549160435, 1.0], [-0.01216638665485123, 0.03898986259174664, 4.711996754916058, 1.0], [-0.012819956965866963, 0.03877599198927667, 5.703799221692279, 1.0], [-0.013457726189189154, 0.03856729204417503, 6.6716233077378035, 1.0], [-0.013457726189189181, 0.03856729204417508, 6.6716233077378035, 1.0], [-0.009206725013416753, 0.03977256109906857, 14.67940719170889, 1.0], [0.012324149645239507, 0.021660627411690336, 29.920080966845973, 1.0], [0.03442209631980998, -0.021327274794772533, 17.318565541798648, 1.0], [0.03019484419785684, -0.027372311397516447, 9.964629300607811, 1.0], [0.028832592622211356, -0.028978772408699782, 8.067062962866771, 1.0], [0.03129721281842307, -0.026104592342704958, 7.343504217109228, 1.0], [0.03303009507906146, -0.024083747241337772, 6.83476777285685, 1.0], [0.03341687571915691, -0.023432426630935477, 6.926445535539983, 1.0], [0.036902519797257616, -0.017562764105856, 7.7526400692457855, 1.0], [0.036902519797258004, -0.017562764105855888, 7.752640069245814, 1.0], [0.039558189644143094, -0.009850076640774308, 6.416090238846152, 1.0], [0.039830234866391145, -0.009059993574526637, 6.279174877893695, 1.0], [0.04016106027307825, -0.005011217582553851, 6.34983716743551, 1.0], [0.040751821248177, 0.00221875570435609, 6.476020109340027, 1.0], [0.040751821248177555, 0.0022187557043561457, 6.476020109340027, 1.0], [0.03944003832478493, 0.009422582342285102, 7.147797911657335, 1.0], [0.03896441919691851, 0.012034506679562185, 7.391367458691889, 1.0], [0.033232804619497736, 0.02153645102172086, 7.775985089224378, 1.0], [0.028895129871141068, 0.028727503992315495, 8.067062962866771, 1.0], [0.021291558806655564, 0.03339145943060973, 7.562319290408084, 1.0], [0.012433011325936771, 0.038825205015110276, 6.974267209333675, 1.0], [0.012072962884552285, 0.03887194191060045, 6.943581955079139, 1.0], [-0.0023528690029700483, 0.040744519374611654, 5.714135390613706, 1.0], [-0.0023528690029700483, 0.040744519374611377, 5.714135390613649, 1.0], [-0.004224424462909937, 0.04044599174400232, 5.554639488525595, 1.0], [-0.010697701755952416, 0.039413453743428195, 5.002980067568103, 1.0], [-0.010697701755952305, 0.03941345374342775, 5.002980067568046, 1.0], 