{"text": "ち", "text_ids": [17], "strokes": [[[0.0, 0.0, 0.0, 1.0], [0.010837309848273127, -0.004038639535566035, 4.535654585542805, 1.0], [0.01083730984827313, -0.004038639535566136, 4.535654585542805, 1.0], [0.011087859466698657, -0.003271506602406207, 3.257740825123049, 1.0], [0.011544486049994737, -0.0018734071265244442, 0.9287434878481537, 1.0], [0.011544486049994737, -0.0018734071265244425, 0.9287434878481555, 1.0], [0.011544486049994737, -0.0018734071265245397, 0.9287434878481537, 1.0], [0.011559061356616135, -0.0017715711605181574, 0.9963375501934735, 1.0], [0.01185197144932093, 0.0002749574661658448, 2.3547297667022704, 1.0], [0.011851971449320917, 0.0002749574661659489, 2.354729766702267, 1.0], [0.011851971449320944, 0.0002749574661658448, 2.3547297667022704, 1.0], [0.011851971449320514, 0.0002749574661657997, 2.354729766702267, 1.0], [0.01185197144932093, 0.00027495746616583785, 2.3547297667022704, 1.0], [0.011852762685910845, 0.00039719016268319196, 2.3099851250525916, 1.0], [0.01185973467709775, 0.001474245109276148, 1.9157171509716733, 1.0], [0.011859734677098138, 0.0014742451092761948, 1.915717150971659, 1.0], [0.011859734677097722, 0.0014742451092761462, 1.9157171509716662, 1.0], [0.011859734677098166, 0.0014742451092761948, 1.9157171509716662, 1.0], [0.011859734677098138, 0.0014742451092761948, 1.9157171509716662, 1.0], [0.011859734677097777, 0.0014742451092761497, 1.9157171509716662, 1.0], [0.011859734677098138, 0.0014742451092761913, 1.9157171509716662, 1.0], [0.011859734677097722, 0.0014742451092761462, 1.9157171509716662, 1.0], [0.011859734677098221, 0.0014742451092761948, 1.8643399360004267, 1.0], [0.01185973467709811, 0.0014742451092761982, 1.690338662622061, 1.0], [0.011859734677097722, 0.0014742451092761427, 1.6903386626220538, 1.0], [0.011859734677098166, 0.0014742451092761982, 1.690338662622061, 1.0], [0.011859734677097722, 0.0014742451092761427, 1.6903386626220538, 1.0], [0.011859734677098166, 0.0014742451092761982, 1.690338662622061, 1.0], [0.011859734677097777, 0.0014742451092761427, 1.690338662622061, 1.0], [0.01185973467709811, 0.0014742451092761913, 1.6903386626220538, 1.0], [0.011859734677098166, 0.0014742451092761982, 1.690338662622061, 1.0], [0.011859734677097722, 0.0014742451092761497, 1.6903386626220538, 1.0], [0.011801070319087004, -4.249121298672762e-05, 1.6021831106803575, 1.0], [0.011782787814806406, -0.0005151758079376453, 1.5747097979162277, 1.0], [0.01178278781480635, -0.0005151758079376331, 1.5747097979162277, 1.0], [0.01178278781480635, -0.0005151758079377511, 1.5747097979162419, 1.0], [0.011782787814806406, -0.0005151758079376392, 1.5747097979162135, 1.0], [0.011782787814806295, -0.0005151758079376392, 1.5747097979162419, 1.0], [0.011782787814806406, -0.0005151758079376461, 1.5747097979162277, 1.0], [0.011782787814806794, -0.0005151758079375906, 1.5747097979162419, 1.0], [0.011782787814805962, -0.00051517580793768, 1.5747097979162277, 1.0], [0.01178278781480635, -0.0005151758079376461, 1.5747097979162135, 1.0], [0.01178278781480635, -0.0005151758079376392, 1.5747097979162277, 1.0], [0.01170668528792046, -0.001050071909288755, 1.9926236897974263, 1.0], [0.011704068741891227, -0.0010684626293773398, 2.006992344545978, 1.0], [0.011704068741891338, -0.0010684626293773326, 2.006992344545992, 1.0], [0.011704068741891116, -0.0010684626293773537, 2.0069923445460063, 1.0], [0.011704068741891227, -0.0010684626293773257, 2.006992344545978, 1.0], [0.011704068741891116, -0.0010684626293773537, 2.006992344545992, 1.0], [0.011704068741891227, -0.001068462629377326, 2.006992344545992, 1.0], [0.011704068741891227, -0.001068462629377241, 2.006992344545992, 1.0], [0.011781337403948489, 0.0001936736543730784, 2.502401375593763, 1.0], [0.011859734677098221, 0.0014742451092761982, 3.0050465113281035, 1.0], [0.011859734677097666, 0.0014742451092761425, 3.0050465113281177, 1.0], [0.01185973467709811, 0.0014742451092761982, 3.0050465113280893, 1.0], [0.011859734677097777, 0.0014742451092761427, 3.0050465113281035, 1.0], [0.01185973467709811, 0.0014742451092761984, 3.7238080076178193, 1.0], [0.011859734677097777, 0.0014742451092761427, 7.1839393161437215, 1.0], [0.01185973467709811, 0.0014742451092761982, 7.1839393161437215, 1.0], [-0.007248868372024098, -0.0009010832903268845, 23.865388761479267, 1.0], [-0.011716852256420274, 0.0003614957260508374, 14.868985614431665, 1.0], [-0.011630172792621463, 0.0014751458904671009, 6.969444849056032, 1.0], [-0.011672227347563124, 0.0009348326493238846, 8.169969145936278, 1.0], [-0.011859734677098221, -0.0014742451092761982, 13.522709301173336, 0.0]], [[0.0, 0.0, 0.0, 1.0], [-0.017252232855451632, -0.007626385685386788, 16.845869165724025, 1.0], [-0.013172535005234576, 0.028536638121907237, 6.352789696567164, 1.0], [-0.013172535005234576, 0.02853663812190721, 6.352789696567168, 1.0], [-0.008317913098053187, 0.030652500717960753, 4.160311175832685, 1.0], [-0.00794910215945932, 0.03081324511472454, 3.993746183431874, 1.0], [-0.007949102159459431, 0.030813245114724434, 3.993746183431881, 1.0], [-0.00794910215945932, 0.030813245114724427, 3.993746183431874, 1.0], [-0.00643411279733791, 0.031270053970450545, 3.518286308728918, 1.0], [-0.00569712656072513, 0.03149227456674661, 3.2869926822000934, 1.0], [-0.005697126560724741, 0.031492274566746664, 3.2869926822000934, 1.0], [-0.00569712656072513, 0.03149227456674661, 3.2869926822000934, 1.0], [-0.00569712656072513, 0.03149227456674661, 3.2869926822000934, 1.0], [-0.006955266259442816, 0.03112767119489196, 4.475697317397092, 1.0], [-0.007259903736371531, 0.031039388588918637, 4.763522255477625, 1.0], [-0.007259903736371864, 0.031039388588918526, 4.763522255477625, 1.0], [-0.007850067303657421, 0.030826978557281226, 5.244959821716932, 1.0], [-0.009757645908820195, 0.03014040816504887, 6.801104680510534, 1.0], [-0.009757645908820195, 0.03014040816504876, 6.801104680510562, 1.0], [-0.009471665349453373, 0.02745439157439028, 21.031719019015014, 1.0], [0.025213460918072472, -0.017748844878586745, 34.31159763622912, 1.0], [0.0273975244354345, -0.014621211155337488, 10.75349069767529, 1.0], [0.029428564553020342, -0.010301282431232406, 8.327153529498617, 1.0], [0.029808348087344005, -0.009493500357081686, 7.873453527606728, 1.0], [0.03131683125909129, -0.0019901889810108875, 6.557351407326848, 1.0], [0.03201594966591148, 0.00148727977260793, 5.9473935140105425, 1.0], [0.03201594966591115, 0.0014872797726076525, 5.9473935140105425, 1.0], [0.030820098008621344, 0.0103023206786641, 5.1618144138358275, 1.0], [0.030566288633777694, 0.01217323836979417, 4.995081910610679, 1.0], [0.03056628863377736, 0.012173238369793893, 4.995081910610679, 1.0], [0.027671250211823595, 0.01705406566762402, 4.858990983472296, 1.0], [0.023699019170749236, 0.023750962521061736, 4.672263028123467, 1.0], [0.02369901917074957, 0.023750962521061958, 4.672263028123524, 1.0], [0.023699019170749125, 0.023750962521061902, 4.672263028123496, 1.0], [0.01470141254394064, 0.030022609149211954, 4.526641261572109, 1.0], [0.014675295979089675, 0.030040813308683467, 4.5262185780221955, 1.0], [0.014675295979089342, 0.030040813308683023, 4.5262185780221955, 1.0], [0.010859121767875846, 0.03109686795861777, 4.607375523792001, 1.0], [0.006417790785575028, 0.03232592302166415, 4.701827411396465, 1.0], [0.006417790785575139, 0.03232592302166393, 4.7018274113964935, 1.0], [0.006417790785574695, 0.03232592302166393, 4.701827411396437, 1.0], [-0.001689090109329383, 0.032097234090614934, 4.362850180109092, 1.0], [-0.0031588037354641774, 0.0320557745894251, 4.301396279128994, 1.0], [-0.0031588037354642884, 0.03205577458942499, 4.301396279128994, 1.0], [-0.0031588037354641774, 0.0320557745894251, 4.301396279129051, 1.0], [-0.01499458503924922, 0.02715524189959828, 4.875232927125467, 1.0], [-0.01639311219626216, 0.026576190303877367, 4.943038010314638, 1.0], [-0.016393112196262383, 0.0265761903038777, 4.9430380103146945, 1.0], [-0.02169437479449765, 0.021597171390755343, 4.574890838922954, 1.0], 