{"text": "ち", "text_ids": [17], "strokes": [[[0.0, 0.0, 0.0, 1.0], [-0.00805259545901276, -0.0011604257708427667, 5.634692088885598, 1.0], [-0.008052595459013113, -0.0011604257708428178, 5.634692088885598, 1.0], [-0.007301336091304112, -0.0035991440598429135, 2.133528741686721, 1.0], [-0.006968314587739392, -0.0046801896564538335, 0.5815179019859293, 1.0], [-0.006968314587739392, -0.004680189656453743, 0.5815179019859311, 1.0], [-0.006968314587739402, -0.0046801896564538335, 2.0561841561429937, 1.0], [-0.006968314587739381, -0.0046801896564538335, 6.396696921845237, 1.0], [-0.0029680128659539187, -0.006529894745967334, 14.784347366502267, 1.0], [0.006282568398234281, -0.001027072788667576, 22.105330502551183, 1.0], [0.008052595459013115, 0.0011604257708428163, 4.494259964133072, 1.0], [0.008052595459012754, 0.0011604257708427677, 4.421066100510245, 1.0], [0.008052595459012758, 0.0011604257708427677, 4.421066100510231, 1.0], [0.008035506403986627, 0.000857657953883751, 4.135148316312566, 1.0], [0.007939148452541692, -0.0008495216742939286, 2.522978894151052, 1.0], [0.007939148452541692, -0.0008495216742939252, 2.522978894151038, 1.0], [0.00793914845254169, -0.0008495216742939252, 2.522978894151052, 1.0], [0.007939148452541693, -0.0008495216742939217, 2.522978894151038, 1.0], [0.007939148452541688, -0.0008495216742939321, 2.522978894151052, 1.0], [0.007939148452542052, -0.0008495216742939599, 2.522978894151052, 1.0], [0.008011916478418063, -0.00031948795183021905, 1.9519329973235386, 1.0], [0.00802910492100379, -0.0001942893622417577, 1.817046974334815, 1.0], [0.008029104921003796, -0.00019428936224176463, 1.817046974334815, 1.0], [0.00802910492100345, -0.00019428936224180626, 1.8170469743348292, 1.0], [0.008029104921003782, -0.0001942893622417577, 1.817046974334815, 1.0], [0.008029104921003796, -0.0001942893622417577, 1.817046974334815, 1.0], [0.008029104921003435, -0.00019428936224180626, 1.8170469743348292, 1.0], [0.008029104921003796, -0.0001942893622417577, 1.8170469743348292, 1.0], [0.008029104921003796, -0.0001942893622417577, 1.817046974334815, 1.0], [0.007948170329370785, -0.000688942620444874, 1.7301312789634693, 1.0], [0.00785047500147408, -0.0012860335710580817, 1.6252162211691967, 1.0], [0.007850475001474427, -0.00128603357105804, 1.6252162211691825, 1.0], [0.007850475001474094, -0.0012860335710579915, 1.6252162211691825, 1.0], [0.007850475001474094, -0.0012860335710580956, 1.6252162211691967, 1.0], [0.007850475001474122, -0.0012860335710580886, 1.6252162211691825, 1.0], [0.007850475001474067, -0.0012860335710580748, 1.6252162211691967, 1.0], [0.007850475001474067, -0.0012860335710580956, 1.6252162211691825, 1.0], [0.007850475001474122, -0.0012860335710580886, 1.6252162211691967, 1.0], [0.007850475001474427, -0.00128603357105804, 1.6252162211691825, 1.0], [0.007850475001474067, -0.0012860335710580817, 1.6252162211691967, 1.0], [0.008065398096033488, 0.00040626856713846943, 1.8817732113336803, 1.0], [0.008066926533386337, 0.0004183034664366689, 1.8835977304140386, 1.0], [0.00806692653338631, 0.00041830346643668276, 1.8835977304140101, 1.0], [0.00806692653338631, 0.0004183034664366689, 1.8835977304140386, 1.0], [0.008066926533386337, 0.00041830346643668276, 1.8835977304140386, 1.0], [0.008066926533386337, 0.0004183034664367591, 1.8835977304140386, 1.0], [0.008066926533386365, 0.0004183034664366897, 1.8835977304140386, 1.0], [0.008066926533386337, 0.0004183034664366758, 1.8835977304140386, 1.0], [0.007771218161815807, 0.0020426232904239144, 2.6870515081981523, 1.0], [0.007473796771072794, 0.0036763526924597154, 3.4951596409428305, 1.0], [0.007473796771072461, 0.003676352692459507, 3.4951596409427736, 1.0], [0.00747379677107235, 0.0036763526924595766, 3.4951596409428305, 1.0], [0.007473796771072849, 0.003676352692459632, 3.495159640942802, 1.0], [0.006619597591682125, 0.005033699918873574, 4.0828200233367795, 1.0], [0.006127936880467977, 0.005814963023316175, 4.421066100517862, 1.0], [0.006127936880467921, 0.005814963023316171, 4.421066100517805, 1.0], [0.006127936880467977, 0.005814963023316092, 4.421066100517805, 1.0], [0.006127936880468254, 0.005814963023316225, 4.2157569463249445, 1.0], [0.006127936880468032, 0.005814963023316079, 4.16100338870794, 1.0], [0.006127936880467977, 0.005814963023316183, 4.16100338870794, 1.0], [0.006127936880467921, 0.0058149630233161696, 4.16100338870794, 1.0], [0.005368670024648026, 0.0065368501958662575, 7.611621908320217, 1.0], [0.005323827919696822, 0.00657948466635104, 7.81541454936189, 1.0], [0.000826917393323856, 0.007782952861069142, 18.805006909276244, 0.0]], [[0.23084097092372305, -0.18798394437586935, 0.0, 1.0], [-0.0266843653462292, -0.007947237052404216, 27.989656412866076, 1.0], [-0.020558098762644528, 0.019360050573277887, 17.510425368554486, 1.0], [-0.014811429578120289, 0.02462403310679434, 11.993456620829619, 1.0], [-0.009120043331974859, 0.02748298751928624, 8.746945395838324, 1.0], [-0.007616380577939619, 0.028238322525491563, 7.8892179813822025, 1.0], [-0.007032056977791301, 0.028433166666322576, 6.830042369521024, 1.0], [-0.006697884871115667, 0.028544597176742383, 6.224304477940038, 1.0], [-0.006697884871116, 0.028544597176742327, 6.105201489019592, 1.0], [-0.006697884871116014, 0.028544597176742417, 4.408882338548409, 1.0], [-0.006697884871115695, 0.028544597176742466, 4.408882338548423, 1.0], [-0.006697884871116, 0.028544597176742327, 4.408882338548395, 1.0], [-0.0066465691484254436, 0.028560583039952514, 4.361425706108477, 1.0], [-0.006453237373231599, 0.028620809714164655, 4.18263303763645, 1.0], [-0.00645323737323128, 0.028620809714164697, 4.182633037636435, 1.0], [-0.006453237373231252, 0.028620809714164586, 4.18263303763645, 1.0], [-0.006528325019760098, 0.02859703538720912, 4.212253957486624, 1.0], [-0.006969913352141116, 0.028457219240623027, 4.386453752058841, 1.0], [-0.006969913352140783, 0.028457219240623277, 4.386453752058856, 1.0], [-0.006969913352140783, 0.02845721924062322, 4.386453752058856, 1.0], [-0.007291682622164994, 0.028348266716152037, 4.820988673988751, 1.0], [-0.007616380577939563, 0.028238322525491577, 5.259478654254792, 1.0], [-0.007616380577939938, 0.02823832252549152, 5.259478654254792, 1.0], [-0.007061460703107578, 0.028411191048949513, 6.512437353911622, 1.0], [-0.0055260926145039475, 0.028889488595098933, 9.979159111489452, 1.0], [-0.008094135238359817, 0.02208762357927202, 25.104368030954276, 1.0], [0.015249419419882573, -0.02429128906767325, 46.87928164882334, 1.0], [0.017842807357264658, -0.022321073562627747, 11.157039065788382, 1.0], [0.017842807357264658, -0.022321073562627802, 11.157039065800234, 1.0], [0.018533434860253092, -0.021493095302579035, 10.92845554579867, 1.0], [0.024956672477753558, -0.013792415727258478, 8.802495809026368, 1.0], [0.025400594258737905, -0.012929340754467389, 8.52641676424696, 1.0], [0.026545423399028267, -0.01070355814718843, 7.814436976307036, 1.0], [0.026832630178043188, -0.009151817928852335, 7.762419294541132, 1.0], [0.02930822350780421, 0.0042234852140759505, 7.314050260737304, 1.0], [0.02930822350780421, 0.004223485214076006, 7.314050260737247, 1.0], [0.028112146199930355, 0.010188340866070678, 6.789496041104655, 1.0], [0.02777412508685423, 0.011874057277166283, 6.641252779551735, 1.0], [0.025747284740017973, 0.015315821794463114, 7.161478046590105, 1.0], [0.022303236844396168, 0.021164137307582764, 8.045455286824733, 1.0], [0.02033825630420466, 0.022668475946861832, 7.889052446235382, 1.0], [0.014671747304318694, 0.027006609716632324, 7.438026043846207, 1.0], [0.014671747304319138, 0.027006609716632546, 7.438026043846207, 1.0], [0.008405995229812613, 0.02923653662245096, 6.496551101393379, 1.0], [0.008225039980949644, 0.029300937028561846, 6.469361255627973, 1.0], [0.0031725568994199205, 0.029471160811226582, 6.108972089160659, 1.0], [-0.0019055699364117773, 0.029642248560536877, 5.746753776293531, 1.0], [-0.0019055699364118328, 0.029642248560536877, 5.746753776293588, 1.0], [-0.004992505941581071, 