{"text": "つ", "text_ids": [18], "strokes": [[[0.0, 0.0, 0.0, 1.0], [-0.017805393149087998, -0.029022695067541446, 12.615134054035313, 1.0], [-0.02133374680212721, -0.027644998587124103, 8.568574946139744, 1.0], [0.006581349949534299, -0.02335592658902584, 20.219272263842974, 1.0], [0.026549761997586564, -0.017949401669286477, 10.278161919707628, 1.0], [0.0277510315032376, -0.01643220526592172, 6.767028911297963, 1.0], [0.02822746114632511, -0.015589611683152288, 6.2164761001522635, 1.0], [0.03040410136730852, -0.011740096631328079, 3.701193077981955, 1.0], [0.03040410136730891, -0.011740096631328106, 3.701193077981955, 1.0], [0.030404101367308506, -0.011740096631328079, 3.7011930779819693, 1.0], [0.030404101367308922, -0.011740096631328023, 3.701193077981955, 1.0], [0.03123704407933922, -0.009813541138101706, 3.1375784414928063, 1.0], [0.031376431081188566, -0.009491145863830874, 3.0432615656213926, 1.0], [0.031376431081188566, -0.009491145863830763, 3.0432615656213926, 1.0], [0.03137643108118848, -0.009491145863830874, 3.0432615656213784, 1.0], [0.03137643108118854, -0.009491145863830847, 3.0432615656213926, 1.0], [0.03174518025748413, -0.008347993143489024, 3.0921628572959605, 1.0], [0.03273947123483484, -0.005265609483710992, 3.2240197297133335, 1.0], [0.03273947123483456, -0.005265609483710965, 3.2240197297133477, 1.0], [0.03273947123483478, -0.005265609483710992, 3.2240197297133335, 1.0], [0.03273947123483495, -0.00526560948371102, 3.2240197297133477, 1.0], [0.032739471234834505, -0.005265609483711076, 3.2240197297133335, 1.0], [0.033621534478659565, -0.00029403727844801164, 3.7104897607301837, 1.0], [0.03362364432733822, -0.0002821455403863582, 3.7116533713436723, 1.0], [0.03362364432733822, -0.0002821455403864137, 3.711653371343658, 1.0], [0.03362364432733811, -0.0002821455403863027, 3.7116533713436723, 1.0], [0.03370647762894319, 0.0032303391450084207, 4.219697092786163, 1.0], [0.0337442402721323, 0.00483163600644021, 4.451307730121783, 1.0], [0.03374424027213274, 0.0048316360064401265, 4.45130773012184, 1.0], [0.03374424027213252, 0.004831636006440182, 4.451307730121812, 1.0], [0.03279148360104667, 0.010636992573554965, 5.761020963718835, 1.0], [0.03264629581937184, 0.011521653754516414, 5.960604304132062, 1.0], [0.03264319546590089, 0.01153228546429133, 5.978054460590926, 1.0], [0.03244887373099259, 0.012198652156916429, 7.071782872249571, 1.0], [0.032448873730992034, 0.0121986521569164, 7.071782872249514, 1.0], [0.026349940416505846, 0.021999645199400453, 7.7428450233996955, 1.0], [0.024351417685196663, 0.025211273589939298, 7.962741338712675, 1.0], [0.013655490337639797, 0.030085767965293733, 6.773521087676244, 1.0], [0.007051038440426316, 0.03309563916011053, 6.039209074519533, 1.0], [0.007051038440426538, 0.033095639160110345, 6.039209074519562, 1.0], [-0.003422928987601992, 0.03231454654713178, 5.529139205069811, 1.0], [-0.0059874740541898674, 0.032123296457714556, 5.404248882820781, 1.0], [-0.005987474054189423, 0.03212329645771436, 5.404248882820752, 1.0], [-0.01354985346679305, 0.02899216023551903, 4.7904717954410785, 1.0], [-0.014961711463135408, 0.02840759293576478, 4.6758827168576715, 1.0], [-0.01496171146313574, 0.028407592935764822, 4.675882716857643, 1.0], [-0.016052031420839996, 0.02765225653376166, 4.815384442630233, 1.0], [-0.020228973193600286, 0.024758614032110576, 5.349806087977754, 1.0], [-0.020228973193600397, 0.024758614032110632, 5.3498060879777825, 1.0], [-0.020319293305847252, 0.02467551422658007, 5.333667779593384, 1.0], [-0.023310086145944764, 0.021923809238483694, 4.799275871005648, 1.0], [-0.02331008614594432, 0.021923809238483416, 4.799275871005591, 1.0], [-0.023310086145944875, 0.021923809238483694, 4.799275871005648, 1.0], [-0.02829654791727154, 0.014729040747615219, 5.228215250777282, 1.0], [-0.030479921712065705, 0.011578737044716514, 5.416030788987939, 1.0], [-0.03047992171206637, 0.01157873704471668, 5.416030788987996, 1.0], [-0.03161132015144896, 0.008536457630858418, 5.740829082479934, 1.0], [-0.032512442782469564, 0.006113379487662385, 5.999520523615388, 1.0], [-0.032512442782469675, 0.00611337948766244, 5.999520523615388, 1.0], [-0.03277086493349646, 0.005117330371215534, 7.255263623378653, 1.0], [-0.03286982961583562, 0.004735885963253417, 7.736159771301857, 1.0], [-0.032762794181424804, 0.0051672830444761675, 9.235721609984978, 1.0], [-0.032706386407087895, 0.005394629710945065, 10.025992105608566, 1.0], [-0.03173836386532136, 0.008071314957401543, 17.408201773455687, 0.0]]]}