{"text": "つ", "text_ids": [18], "strokes": [[[0.0, 0.0, 0.0, 1.0], [0.003383365461305728, -0.02985215413963315, 16.759242285617994, 1.0], [0.024096487704594924, -0.01916387221926709, 7.308070492124273, 1.0], [0.024465973567959584, -0.018666578284659043, 6.906519312405386, 1.0], [0.026059743179975253, -0.01652151120685326, 5.174436623023887, 1.0], [0.02605974317997524, -0.016521511206853245, 5.174436623023887, 1.0], [0.02605974317997528, -0.01652151120685312, 5.174436623023887, 1.0], [0.025522420278258406, -0.01729842510037237, 4.3299643345674, 1.0], [0.02546458176888375, -0.017382053662211322, 4.239063652283917, 1.0], [0.02546458176888361, -0.01738205366221121, 4.239063652283917, 1.0], [0.025464581768883637, -0.01738205366221124, 4.239063652283917, 1.0], [0.027229912367910947, -0.014596629484692841, 3.6516945657367756, 1.0], [0.027442545005438912, -0.014261127403764617, 3.580946436098216, 1.0], [0.027442545005439023, -0.014261127403764617, 3.580946436098202, 1.0], [0.027442545005438912, -0.01426112740376459, 3.580946436098202, 1.0], [0.027395041902386785, -0.014344331514423742, 3.502116770111556, 1.0], [0.027115277958113693, -0.01483435234847652, 3.0378587140031215, 1.0], [0.02711527795811358, -0.014834352348476465, 3.0378587140031073, 1.0], [0.02711527795811397, -0.014834352348476576, 3.0378587140031073, 1.0], [0.02711527795811336, -0.01483435234847641, 3.037858714003093, 1.0], [0.02711527795811408, -0.014834352348476632, 3.0378587140031215, 1.0], [0.02918025170545102, -0.010506807176961563, 3.66850948512797, 1.0], [0.029466425993101897, -0.009907074537100935, 3.7559081919714004, 1.0], [0.029466425993102008, -0.00990707453710099, 3.7559081919714004, 1.0], [0.029466425993101675, -0.00990707453710099, 3.755908191971386, 1.0], [0.02985993556023514, -0.008647933671844132, 3.844870419207055, 1.0], [0.03058409387339245, -0.006330792231920956, 4.008583685135889, 1.0], [0.030584093873392115, -0.006330792231920956, 4.008583685135875, 1.0], [0.030584093873392004, -0.006330792231920956, 4.008583685135861, 1.0], [0.030820612630262367, -0.005097845431830006, 4.759123279592217, 1.0], [0.031239913128272123, -0.0029120771057177808, 6.08968001807807, 1.0], [0.03123991312827179, -0.0029120771057177253, 6.08968001807807, 1.0], [0.03125672691510073, 0.0017065484555619514, 6.865543456203312, 1.0], [0.031269460859697173, 0.0052044708815438545, 7.453144698977667, 1.0], [0.03032922496126733, 0.008159296752057787, 7.876139507927206, 1.0], [0.028006132545008056, 0.015459947134175145, 8.92125598819328, 1.0], [0.021643072918743456, 0.021662651471100358, 8.617441212665426, 1.0], [0.015142431330405937, 0.027999470570885032, 8.307057359464267, 1.0], [0.00930627558054753, 0.029453601344049174, 8.03341040104084, 1.0], [0.0021210998252250146, 0.031243852602621747, 7.696510294968419, 1.0], [4.261131818728003e-06, 0.031003686111135936, 6.967607337599787, 1.0], [-0.006720932085732767, 0.03024067754338078, 4.651883782272165, 1.0], [-0.006720932085732545, 0.030240677543381056, 4.6518837822721935, 1.0], [-0.006720932085732656, 0.03024067754338089, 4.6518837822721935, 1.0], [-0.010286773780988967, 0.029048001432052564, 4.32165264365122, 1.0], [-0.011178571175434526, 0.028749719696799486, 4.239063652283932, 1.0], [-0.011178571175434082, 0.02874971969679946, 4.239063652283932, 1.0], [-0.011178571175434304, 0.028749719696799216, 4.239063652283903, 1.0], [-0.013269924484938134, 0.027769200993552453, 4.059226175985202, 1.0], [-0.013827128047244508, 0.0275079593793908, 4.01131170740905, 1.0], [-0.013827128047244175, 0.027507959379390642, 4.01131170740905, 1.0], [-0.013827128047244508, 0.027507959379390816, 4.01131170740905, 1.0], [-0.01603984385300783, 0.026140914190795964, 3.9197472807651934, 1.0], [-0.017838543596366163, 0.025029653619745337, 3.8453152591400226, 1.0], [-0.017838543596366385, 0.0250296536197456, 3.8453152591399657, 1.0], [-0.017838543596366496, 0.02502965361974563, 3.8453152591400226, 1.0], [-0.01833690712889402, 0.024652239741902865, 4.223250007752426, 1.0], [-0.019114117427200705, 0.024063653432035648, 4.8126486285133865, 1.0], [-0.019114117427200705, 0.024063653432035537, 4.8126486285133865, 1.0], [-0.019114117427200927, 0.024063653432035648, 4.812648628513443, 1.0], [-0.02050893293001621, 0.02287910907361157, 5.353064057245433, 1.0], [-0.020739134316722474, 0.02268361099277344, 5.442254621044242, 1.0], [-0.02073913431672214, 0.02268361099277355, 5.442254621044299, 1.0], [-0.022008371822578532, 0.021447583501840728, 17.444190930417562, 0.0]]]}