{"text": "つ", "text_ids": [18], "strokes": [[[0.0, 0.0, 0.0, 1.0], [-0.0037470880712068997, -0.027171820259005525, 16.24611203090343, 1.0], [0.021813360452132176, -0.017153753943916293, 18.32455373840062, 1.0], [0.02128375081157653, -0.017825585250883333, 7.559478420136678, 1.0], [0.02230795698304884, -0.016386243239080202, 6.26562983576887, 1.0], [0.02416239424037714, -0.0137801571530239, 3.9229755079345665, 1.0], [0.024162394240377458, -0.013780157153023886, 3.9229755079345736, 1.0], [0.02416239424037714, -0.013780157153023914, 3.9229755079345736, 1.0], [0.024217245018276795, -0.013659545172925475, 3.9057922432061147, 1.0], [0.026616636208681377, -0.008383497437826543, 3.1541278987674986, 1.0], [0.02661663620868135, -0.008383497437826543, 3.1541278987674986, 1.0], [0.026616636208681432, -0.008383497437826598, 3.1541278987674986, 1.0], [0.02661663620868132, -0.008383497437826543, 3.1541278987674843, 1.0], [0.026616636208681654, -0.008383497437826654, 3.1541278987674986, 1.0], [0.027182953264857757, -0.00644453149749466, 3.3692894209251847, 1.0], [0.027212990553951433, -0.006341689317735322, 3.380701524396798, 1.0], [0.027212990553951433, -0.0063416893177352385, 3.3807015243968266, 1.0], [0.027212990553951433, -0.006341689317735266, 3.3807015243968124, 1.0], [0.027212990553951155, -0.006341689317735266, 3.3807015243968124, 1.0], [0.027443351927501858, -0.005342294670365122, 3.2721687089966878, 1.0], [0.02746308712469886, -0.00525667593081941, 3.2628706375307672, 1.0], [0.027463087124698693, -0.005256675930819382, 3.262870637530753, 1.0], [0.027463087124698915, -0.00525667593081941, 3.2628706375307672, 1.0], [0.027463087124698804, -0.00525667593081941, 3.262870637530753, 1.0], [0.027600938344559012, -0.004532954956128626, 3.668172481498914, 1.0], [0.027656983344361175, -0.004238717865411801, 3.8329526103079985, 1.0], [0.027656983344361397, -0.0042387178654118285, 3.83295261030797, 1.0], [0.027656983344360953, -0.004238717865411773, 3.83295261030797, 1.0], [0.02775426931512126, -0.003391710299106454, 4.039314287964885, 1.0], [0.028009813250633453, -0.0011668504841503835, 4.581370607447866, 1.0], [0.028009813250634008, -0.0011668504841504945, 4.5813706074478375, 1.0], [0.028009813250633675, -0.001166850484150439, 4.581370607447866, 1.0], [0.027716630694585187, 0.0038871392858874088, 5.6378987249791805, 1.0], [0.027635534078763735, 0.0052851128634069655, 5.930142765711452, 1.0], [0.02763553407876418, 0.00528511286340691, 5.93014276571148, 1.0], [0.020718982011288856, 0.018602163300609376, 6.435524094105972, 1.0], [0.020089785765249557, 0.019813610573999746, 6.481498451205027, 1.0], [0.01807465808572617, 0.021286181573793528, 6.5044198014536505, 1.0], [0.013230138981458528, 0.02482635345142767, 6.559524458246926, 1.0], [0.013230138981458084, 0.02482635345142764, 6.559524458246898, 1.0], [0.005963486045543642, 0.027181384671370212, 7.2320392590469, 1.0], [0.004726796532542377, 0.027582180256101915, 7.346492503039997, 1.0], [-0.0026088802184204285, 0.026906364863793296, 6.013653674987523, 1.0], [-0.00884434816275026, 0.02633190863322502, 4.880714742504097, 1.0], [-0.00884434816275037, 0.02633190863322487, 4.880714742504068, 1.0], [-0.01003162869356733, 0.025800759643767747, 4.899268250156524, 1.0], [-0.01337031357414753, 0.024307145409888927, 4.951441526710113, 1.0], [-0.013370313574147974, 0.02430714540988898, 4.951441526710084, 1.0], [-0.013370313574147752, 0.024307145409888764, 4.951441526710113, 1.0], [-0.017046059670520974, 0.02178738525529815, 4.528568916316573, 1.0], [-0.017804356978184277, 0.021267564981784906, 4.4413313450756675, 1.0], [-0.017804356978183833, 0.02126756498178453, 4.441331345075611, 1.0], [-0.017808886441206817, 0.021263084224312945, 4.441724319454579, 1.0], [-0.02128375081157674, 0.017825585250883486, 4.743202146035117, 1.0], [-0.02128375081157663, 0.01782558525088318, 4.74320214603506, 1.0], [-0.021283750811577185, 0.017825585250883458, 4.743202146035117, 1.0], [-0.022941575982683426, 0.015535533764996168, 5.191403198386865, 1.0], [-0.023923376214232017, 0.01417931531790817, 5.456837639031335, 1.0], [-0.02392337621423235, 0.014179315317908447, 5.4568376390313915, 1.0], [-0.024700304154522512, 0.012727052451036946, 6.623283209825956, 1.0], [-0.025438754493864346, 0.011346713360059102, 7.731960196337127, 1.0], [-0.02613534367787651, 0.00911459345030885, 9.026139674264527, 1.0], [-0.027656983344361286, 0.004238717865411801, 11.853164374566518, 1.0], [-0.027656983344360953, 0.004238717865411801, 17.424592946078178, 0.0]]]}