{"text": "つ", "text_ids": [18], "strokes": [[[0.0, 0.0, 0.0, 1.0], [-0.025262092619660472, -0.0027225444277293666, 16.380453630380625, 1.0], [0.0198153661861536, -0.016695739820411563, 21.856826862565494, 1.0], [0.018653515482336628, -0.01791778436561974, 11.814922835939115, 1.0], [0.018013594067286788, -0.018590859203939776, 6.284066407137217, 1.0], [0.0180135940672868, -0.018590859203939776, 6.2840664071372245, 1.0], [0.020106639180764857, -0.016336055834515043, 3.8942728509846063, 1.0], [0.02024122580059512, -0.016191067863678396, 3.740604764834245, 1.0], [0.02024122580059512, -0.01619106786367845, 3.740604764834231, 1.0], [0.020241225800595133, -0.01619106786367845, 3.740604764834245, 1.0], [0.022129214943163528, -0.013411095931758071, 3.6582189324262373, 1.0], [0.02309231227606781, -0.011992982080987397, 3.6161924325527792, 1.0], [0.02309231227606781, -0.011992982080987313, 3.6161924325527792, 1.0], [0.023092312276067922, -0.011992982080987424, 3.6161924325527792, 1.0], [0.02309231227606784, -0.011992982080987341, 3.6161924325527792, 1.0], [0.022817433014927502, -0.01247921717682518, 3.2479580388321523, 1.0], [0.02280631416056761, -0.012498885365661211, 3.2330629733511955, 1.0], [0.022806314160567664, -0.012498885365661266, 3.2330629733511955, 1.0], [0.022806314160567553, -0.012498885365661183, 3.2330629733511955, 1.0], [0.022828754219925862, -0.012452116834687943, 3.2360143269332156, 1.0], [0.024637376175700276, -0.008682670836041517, 3.4738872666817855, 1.0], [0.024637376175700054, -0.008682670836041462, 3.473887266681757, 1.0], [0.024637376175700165, -0.008682670836041573, 3.4738872666817855, 1.0], [0.024637376175700054, -0.008682670836041406, 3.4738872666817855, 1.0], [0.024773556609754277, -0.008235942202391655, 3.520699903128616, 1.0], [0.025785590949556625, -0.004916047380743527, 3.8685912573448036, 1.0], [0.02578559094955646, -0.004916047380743638, 3.868591257344832, 1.0], [0.02578559094955657, -0.004916047380743582, 3.8685912573448036, 1.0], [0.025785590949556347, -0.004916047380743582, 3.8685912573448036, 1.0], [0.026175005101785498, -0.002462758902972262, 3.8765096296872628, 1.0], [0.026323279488531304, -0.0015286381411306338, 3.8795246505753767, 1.0], [0.026323279488531304, -0.0015286381411306893, 3.879524650575405, 1.0], [0.026323279488531304, -0.0015286381411306893, 3.8795246505753767, 1.0], [0.026294231062911178, 0.00038597107383542273, 4.0160846927947205, 1.0], [0.026238406414370696, 0.004065426474135436, 4.278522886908405, 1.0], [0.026238406414370807, 0.004065426474135492, 4.278522886908405, 1.0], [0.026238406414370474, 0.004065426474135381, 4.278522886908377, 1.0], [0.02434380267978209, 0.009768540907410583, 5.288382484577255, 1.0], [0.023094612782537993, 0.013528838009548017, 5.954224308918725, 1.0], [0.023094612782537993, 0.013528838009548128, 5.954224308918754, 1.0], [0.01950355067918652, 0.01802359519219504, 6.123139227765705, 1.0], [0.01829072885681171, 0.019541625078757646, 6.180187447430626, 1.0], [0.01624988276667705, 0.020541448498155007, 6.209233995990218, 1.0], [0.005424050129695601, 0.02584509244134875, 6.363313754825697, 1.0], [0.005424050129696156, 0.02584509244134875, 6.363313754825668, 1.0], [-0.0010383440836575497, 0.025326097978006473, 5.891996584326705, 1.0], [-0.00784436846521075, 0.024779506597972747, 5.395617680787694, 1.0], [-0.00784436846521075, 0.02477950659797261, 5.395617680787723, 1.0], [-0.008984699518573502, 0.024302595402693222, 5.064402884414477, 1.0], [-0.011234722141751363, 0.02336158710912717, 4.4108726812571035, 1.0], [-0.01123472214175103, 0.023361587109127127, 4.4108726812571035, 1.0], [-0.011234722141751474, 0.023361587109127314, 4.4108726812571035, 1.0], [-0.01385542683734331, 0.021642097381514513, 4.132101833603656, 1.0], [-0.016669240106986227, 0.01979590577484127, 3.832789548768062, 1.0], [-0.01666924010698645, 0.019795905774841256, 3.832789548768119, 1.0], [-0.01666924010698634, 0.019795905774841104, 3.832789548768062, 1.0], [-0.016669240106986227, 0.019795905774841388, 3.9065055710985916, 1.0], [-0.01666924010698656, 0.019795905774841263, 4.072338895566077, 1.0], [-0.016669240106986005, 0.019795905774840916, 4.072338895566077, 1.0], [-0.01666924010698656, 0.019795905774841277, 4.072338895566077, 1.0], [-0.0167617240071547, 0.01971563542104085, 4.5832914413362005, 1.0], [-0.017363445402069133, 0.019193378150628326, 7.90766550012728, 1.0], [-0.017721812120523817, 0.01881111748717318, 7.137847188181638, 1.0], [-0.02062519333027335, 0.015714154598742952, 0.9010068045036519, 0.0]]]}