{"text": "つ", "text_ids": [18], "strokes": [[[0.0, 0.0, 0.0, 1.0], [-0.00046142700867461657, -0.02964786990472452, 13.157641270329076, 1.0], [0.008818937212383204, -0.025262994316035323, 7.255426134858002, 1.0], [0.0215296734629237, -0.018422935409543137, 10.808078584946536, 1.0], [0.02507234316781475, -0.013748159012887812, 5.613138847254781, 1.0], [0.02507234316781476, -0.013748159012887812, 5.613138847254781, 1.0], [0.02552624321001465, -0.012806834713658968, 5.233793146612399, 1.0], [0.027474656923973398, -0.008766101064442394, 3.6054117922510187, 1.0], [0.027474656923973384, -0.008766101064442325, 3.605411792251026, 1.0], [0.027474656923973356, -0.008766101064442394, 3.6054117922510187, 1.0], [0.027474656923973412, -0.008766101064442339, 3.605411792251026, 1.0], [0.028736185050416224, -0.004025196131673764, 3.504847353512325, 1.0], [0.029154075392325396, -0.002454736986303524, 3.471534653773375, 1.0], [0.029154075392325396, -0.0024547369863034962, 3.4715346537733893, 1.0], [0.02915407539232534, -0.002454736986303635, 3.471534653773375, 1.0], [0.02915407539232545, -0.002454736986303524, 3.4715346537733893, 1.0], [0.029381155288603855, -0.0005460678590288037, 3.295749228434701, 1.0], [0.029419914677755288, -0.00022028450842384584, 3.265745094121442, 1.0], [0.029419914677755343, -0.0002202845084238736, 3.2657450941214563, 1.0], [0.029419914677755288, -0.00022028450842390135, 3.265745094121442, 1.0], [0.02941991467775512, -0.0002202845084239291, 3.2657450941214563, 1.0], [0.029454898467086932, 0.0024287342100141607, 3.282847238421752, 1.0], [0.029473847929873398, 0.003863612551850887, 3.2921108560340855, 1.0], [0.029473847929874064, 0.0038636125518509146, 3.2921108560340713, 1.0], [0.029473847929873842, 0.0038636125518509146, 3.2921108560340855, 1.0], [0.029473847929873953, 0.0038636125518509146, 3.2921108560340997, 1.0], [0.02925021239546355, 0.006026065734113906, 3.8783682151658354, 1.0], [0.029190243025038032, 0.006605942077367949, 4.035577063157348, 1.0], [0.029190243025037588, 0.006605942077367893, 4.0355770631573336, 1.0], [0.02919024302503792, 0.006605942077367963, 4.035577063157348, 1.0], [0.028977096883052278, 0.007740181029990509, 4.331059799309315, 1.0], [0.02882020628619064, 0.008575060913824192, 4.548555937899039, 1.0], [0.02882020628619042, 0.008575060913824248, 4.548555937899039, 1.0], [0.02882020628619053, 0.008575060913824178, 4.548555937899039, 1.0], [0.026673860125608795, 0.01438301079008518, 5.292830639427734, 1.0], [0.02626065528560073, 0.015501130990577712, 5.436115033443656, 1.0], [0.02626065528560051, 0.015501130990577677, 5.4361150334436275, 1.0], [0.015766319971703302, 0.025678148647004323, 7.5850557200743935, 1.0], [0.014538875399589535, 0.026868478926059536, 7.836401374916107, 1.0], [0.001286242299331053, 0.028489545702149927, 7.187911942976427, 1.0], [-0.003717400712928809, 0.02910159308814727, 6.943069307546779, 1.0], [-0.007496940439993605, 0.02731579987023848, 6.298757084842691, 1.0], [-0.017340447344492915, 0.022664845219698665, 4.620697778460709, 1.0], [-0.017340447344492693, 0.022664845219698693, 4.620697778460709, 1.0], [-0.017340447344492804, 0.022664845219698693, 4.620697778460709, 1.0], [-0.01995111133322547, 0.020267717800089236, 4.391523450963263, 1.0], [-0.020544672565784183, 0.019722706296531556, 4.339418317216683, 1.0], [-0.020544672565784072, 0.019722706296531695, 4.339418317216769, 1.0], [-0.02054467256578374, 0.019722706296531584, 4.339418317216683, 1.0], [-0.023569204752014294, 0.01599120806397661, 4.054647469905149, 1.0], [-0.023915823266327685, 0.015563569575148373, 4.022012059885611, 1.0], [-0.023915823266327463, 0.015563569575148373, 4.022012059885554, 1.0], [-0.023915823266327796, 0.015563569575148373, 4.022012059885611, 1.0], [-0.024544504226735264, 0.014590672556704043, 3.834100674513479, 1.0], [-0.02485353617729469, 0.014112439108839081, 3.7417316899077946, 1.0], [-0.02485353617729491, 0.014112439108839026, 3.7417316899077946, 1.0], [-0.024853536177294466, 0.014112439108838803, 3.7417316899077377, 1.0], [-0.025139036676611215, 0.013619915653986903, 4.146641190908269, 1.0], [-0.02557752130000923, 0.012863475780386935, 4.768519578097255, 1.0], [-0.025577521300009565, 0.012863475780387046, 4.768519578097312, 1.0], [-0.025577521300009565, 0.01286347578038699, 4.768519578097312, 1.0], [-0.02813079321952694, 0.006305669640813083, 6.917329672751123, 1.0], [-0.028656356339862743, 0.004955816916187461, 7.359638746736778, 1.0], [-0.029102847473664206, 0.0014698145443681199, 19.537027132857872, 0.0]]]}