{"text": "つ", "text_ids": [18], "strokes": [[[0.0, 0.0, 0.0, 1.0], [-0.032165378570632716, 0.011811933734806447, 12.318709545197313, 1.0], [-0.03357205670557005, -3.151745544348328e-05, 3.573725211667748, 1.0], [-0.023315386902657304, -0.02147745650377277, 20.539250028815484, 1.0], [0.0059528469113865196, -0.024215629844770444, 43.521056865091765, 1.0], [0.027436512107396373, -0.020964077238691134, 11.10720700561518, 1.0], [0.02679571168711312, -0.02178221536732218, 7.230864600738784, 1.0], [0.02656503331944019, -0.022076732602438767, 5.835440518303159, 1.0], [0.026565033319439824, -0.022076732602438975, 5.835440518303159, 1.0], [0.027938030552182736, -0.02024185613681874, 4.174596928520685, 1.0], [0.02823520603658198, -0.01984471017797823, 3.815119147695981, 1.0], [0.02823520603658196, -0.019844710177978203, 3.8151191476959667, 1.0], [0.02823520603658193, -0.019844710177978092, 3.815119147695981, 1.0], [0.029801713612730346, -0.01709080394948534, 3.5930937238002087, 1.0], [0.030728736288560377, -0.015461106423733773, 3.4617042522804127, 1.0], [0.03072873628856032, -0.01546110642373369, 3.4617042522803843, 1.0], [0.030728736288559988, -0.01546110642373369, 3.461704252280356, 1.0], [0.030728736288560266, -0.015461106423733773, 3.4617042522803843, 1.0], [0.03262011662125752, -0.009207393709099398, 3.736754972999506, 1.0], [0.033365346919471295, -0.006743343454001183, 3.845128802991269, 1.0], [0.03336534691947096, -0.006743343454001238, 3.8451288029912405, 1.0], [0.033365346919471295, -0.006743343454001183, 3.845128802991269, 1.0], [0.03340196309471205, -0.004034515353072254, 3.9138808735433486, 1.0], [0.033488977278348264, 0.0024027071111017984, 4.0772623641830705, 1.0], [0.033488977278348264, 0.0024027071111019094, 4.077262364183042, 1.0], [0.03348897727834821, 0.0024027071111017984, 4.0772623641830705, 1.0], [0.03284771659565544, 0.005115521265129264, 4.287933635700597, 1.0], [0.031765032655888814, 0.009695749548902621, 4.643624243901854, 1.0], [0.0317650326558887, 0.009695749548902621, 4.643624243901883, 1.0], [0.03176503265588826, 0.009695749548902566, 4.643624243901854, 1.0], [0.030744161882437337, 0.01215753355495397, 4.935296344864497, 1.0], [0.030329288154175016, 0.013157982911844363, 5.053829557004008, 1.0], [0.030329288154175238, 0.013157982911844557, 5.053829557004036, 1.0], [0.027664229956678943, 0.017296548078472612, 5.451501223589105, 1.0], [0.025440378966388733, 0.02074996318694247, 5.783337327722251, 1.0], [0.025440378966388844, 0.020749963186942638, 5.783337327722279, 1.0], [0.019440012061764378, 0.025752551840317828, 5.722680900453014, 1.0], [0.01553296385783598, 0.02900991181910527, 5.683185384764471, 1.0], [0.01553296385783598, 0.029009911819105283, 5.6831853847644425, 1.0], [0.010209999029856642, 0.031167903659890937, 5.852032955328582, 1.0], [0.006868773977731113, 0.032522475150353614, 5.958018576310792, 1.0], [0.006868773977730558, 0.03252247515035322, 5.958018576310764, 1.0], [-0.0017409215532743216, 0.033278768069917135, 5.072491454757142, 1.0], [-0.0044439016596913294, 0.033516203262467244, 4.794483691923801, 1.0], [-0.004443901659690996, 0.03351620326246725, 4.794483691923688, 1.0], [-0.007663101402406003, 0.03286956491134481, 4.523227586992164, 1.0], [-0.012038185621303876, 0.03199074487175768, 4.154574381594784, 1.0], [-0.01203818562130421, 0.031990744871757876, 4.154574381594784, 1.0], [-0.012038185621303987, 0.03199074487175771, 4.154574381594784, 1.0], [-0.013566408044932032, 0.031353163259013245, 4.145179864694001, 1.0], [-0.01664095324617243, 0.030070448480356116, 4.126279561695867, 1.0], [-0.016640953246172208, 0.03007044848035595, 4.12627956169581, 1.0], [-0.016640953246172208, 0.030070448480355727, 4.12627956169581, 1.0], [-0.017233473900652108, 0.029727450557519464, 4.241056560591062, 1.0], [-0.019434697434388304, 0.028453207889245935, 4.667454913441077, 1.0], [-0.019434697434388415, 0.028453207889245935, 4.66745491344102, 1.0], [-0.019434697434388526, 0.0284532078892461, 4.667454913441134, 1.0], [-0.023176093341880533, 0.025466358087734453, 6.65650677667719, 1.0], [-0.02420630202727414, 0.024643916762740636, 7.204200353051135, 1.0], [-0.02616523359403289, 0.022227427857224646, 8.426484175553014, 1.0], [-0.028822488116407308, 0.01894950524807637, 10.08448962611783, 1.0], [-0.031100733794958257, 0.014242034193203024, 10.554464941830986, 1.0], [-0.032237406007678215, 0.011314133581743602, 13.261140929786166, 1.0], [-0.024305897193868664, -0.0091319983444631, 27.820435546333556, 0.0]]]}