{"text": "て", "text_ids": [19], "strokes": [[[0.0, 0.0, 0.0, 1.0], [0.013544317883730563, -0.005305481356696696, 104.60735497100748, 1.0], [0.04272890085054392, 0.0020377037952289518, 19.28546470941268, 1.0], [0.04303831861759649, 0.0005834261032051776, 13.386661891355118, 1.0], [0.04294335809654874, 0.0014823468277414611, 10.974408720444671, 1.0], [0.043217115447062776, -0.0013300291392150426, 8.426086189860314, 1.0], [0.043217115447062804, -0.0013300291392150357, 8.495215106857103, 1.0], [0.04321711544706275, -0.0013300291392150357, 8.952716576730523, 1.0], [0.04321711544706286, -0.0013300291392151402, 8.952716576729614, 1.0], [0.04321711544706275, -0.001330029139215043, 8.952716576726687, 1.0], [0.043051827235361884, 0.00011013934383605987, 8.376563171661871, 1.0], [0.04272155288114976, 0.0029878443586185254, 7.225309299249375, 1.0], [0.042787957454236525, 0.0020436372367840885, 7.41033487278969, 1.0], [0.0432791132597255, -0.004940110838317687, 8.77886087007974, 1.0], [0.04325999131171998, -0.0041682787025694714, 8.678205030927359, 1.0], [0.0431744091993298, -0.000713869948337123, 8.227710168342384, 1.0], [0.04317938191652071, -0.0007856155491245756, 8.250809080208768, 1.0], [0.04321711544706275, -0.0013300291392150422, 8.426086189862218, 1.0], [0.04323187181463284, -0.0016835250200904484, 8.954940958427187, 1.0], [0.04328493741020811, -0.0029547368791692334, 10.85676355354542, 1.0], [0.04310386123716481, -0.00038001341911164666, 11.872434351168693, 1.0], [0.04273884248766491, 0.0024616396730037585, 13.34325340597644, 1.0], [0.04238301791664534, 0.0034885540848211462, 17.95985584762144, 1.0], [0.043183591795332155, -0.005498875553993287, 27.52599041988202, 1.0], [0.042116317702131645, -0.001103257792980615, 59.65274193569894, 1.0], [-0.039366572942630906, 0.009635011773856976, 124.07117587494201, 1.0], [-0.04139138919679153, 0.015882253185771515, 17.0186305421945, 1.0], [-0.042212674101795744, 0.01300702931517021, 14.043476983103687, 1.0], [-0.041797216281230676, 0.014567240035491306, 10.120068742151261, 1.0], [-0.04189058461631312, 0.014161464082935414, 9.69705175793456, 1.0], [-0.042605849439065535, 0.011184325539345688, 9.565221614512438, 1.0], [-0.04124614430742568, 0.0154371777093536, 9.781360897560376, 1.0], [-0.03981131830801876, 0.019924991076512064, 10.009441424429383, 1.0], [-0.03858932328190201, 0.02228439982899856, 8.671887506714484, 1.0], [-0.038260883587012184, 0.02291854601963418, 8.312388661592763, 1.0], [-0.03732779587806234, 0.024420369566054506, 7.08567115381959, 1.0], [-0.037005083786920356, 0.0249397812060784, 6.661406030212106, 1.0], [-0.03579405643903455, 0.026479451002075605, 7.803512425501367, 1.0], [-0.03345500960748299, 0.029453256477443013, 10.00944142442927, 1.0], [-0.032442164329361145, 0.030487329703859978, 9.523723569588128, 1.0], [-0.03187916295945864, 0.031062130866118365, 9.253731870393153, 1.0], [-0.025555529321698578, 0.03572178593420189, 8.688105012583947, 1.0], [-0.024029901248869834, 0.03684596563669429, 8.551642930424919, 1.0], [-0.024954415449811362, 0.03631238298645567, 8.711269902960908, 1.0], [-0.02516051214537235, 0.03619343443930417, 8.746854636573971, 1.0], [-0.021477349204080287, 0.03813872533898327, 6.896076151935631, 1.0], [-0.02143443639910489, 0.03816139006773084, 6.8745125943549965, 1.0], [-0.01917397928648701, 0.039044790601499124, 7.322662721459096, 1.0], [-0.017050141365123783, 0.03987479951558037, 7.743727217261721, 1.0], [-0.014005794593776127, 0.04058526693253495, 7.72388346222283, 1.0], [-0.010275773932769489, 0.041455751914454275, 7.6995703264841495, 1.0], [-0.009252913682596592, 0.041554697132971885, 8.24535485731451, 1.0], [-0.006039917724422417, 0.041865502628759654, 9.959766470529303, 1.0], [-0.001611966759058614, 0.0416619865750919, 9.459147874030464, 1.0], [0.0022426748638710026, 0.041484820780452014, 9.02334691454098, 1.0], [0.009247478653104657, 0.039777697254059996, 9.55534529488159, 1.0], [0.011546418407528958, 0.03919483949422997, 9.736582062371326, 1.0], [0.01956859017481896, 0.03550107225563415, 10.856763553550081, 1.0], [0.02391558690592993, 0.032211806954348665, 11.843397343619586, 1.0], [0.029293829534349558, 0.02814222329606242, 13.245560323133304, 1.0], [0.029293829534349503, 0.02814222329606242, 13.880597805586717, 1.0], [0.03663133790804912, 0.019000351522013847, 15.821488639020572, 1.0], [0.03664958957696268, 0.01897761159336664, 14.966706882903395, 1.0], [0.041241822534631156, 0.008114636761268779, 36.24624606861846, 0.0]]]}