{"text": "て", "text_ids": [19], "strokes": [[[0.0, 0.0, 0.0, 1.0], [0.03450635546843622, 0.0007134628895624206, 28.41018316149121, 1.0], [0.04452691555467876, 0.005800312528031358, 6.9127667001440045, 1.0], [0.04465657843884174, 0.0052155750436041854, 5.76402731299045, 1.0], [0.044656578438842257, 0.005215575043604342, 5.764027312990457, 1.0], [0.04462612205007413, -0.006520574978537641, 3.785714376229258, 1.0], [0.04462531388630908, -0.006831995064238752, 3.733219615754315, 1.0], [0.044625313886308526, -0.006831995064238778, 3.7332196157543223, 1.0], [0.044625313886308526, -0.006831995064238908, 3.7332196157543223, 1.0], [0.04477238322021798, -0.005580150868607116, 4.0585639337067505, 1.0], [0.044838982431370744, -0.005013262900197098, 4.205893593484987, 1.0], [0.04483898243137069, -0.005013262900197244, 4.205893593484973, 1.0], [0.044838982431370744, -0.005013262900197098, 4.205893593484973, 1.0], [0.04491403602032662, -0.004080090487942559, 4.7303711214392905, 1.0], [0.044955099977402435, -0.0035695252716256703, 5.0173277213094565, 1.0], [0.044955099977402324, -0.0035695252716256842, 5.0173277213094565, 1.0], [0.04497583799531191, -0.003091936086684975, 5.354409399590807, 1.0], [0.04503544847423446, -0.0017191279346692526, 6.3233351844101975, 1.0], [0.04503544847423502, -0.001719127934669093, 6.323335184410212, 1.0], [0.04500257870010527, -0.0026186179223282383, 8.223446366041046, 1.0], [0.04499028469514299, -0.0029550465916768215, 8.93412895864472, 1.0], [0.04496922108321122, 0.0011487044153598927, 18.2492233727817, 1.0], [-0.02428450405739846, 0.005074607544836358, 44.384790057633325, 1.0], [-0.040995788260031474, 0.018124181797572005, 11.561715237643597, 1.0], [-0.03957247080592152, 0.02210215287270708, 8.071145957431185, 1.0], [-0.03759736153965498, 0.025243281728881083, 6.816454768506418, 1.0], [-0.03681173321434372, 0.026492711238937792, 6.317383170609531, 1.0], [-0.03667267965247534, 0.02665167956031938, 6.279093375150637, 1.0], [-0.03112225349654374, 0.03299701812702663, 4.750727762900198, 1.0], [-0.03112225349654374, 0.032997018127026656, 4.750727762900169, 1.0], [-0.03112225349654374, 0.032997018127026656, 4.750727762900198, 1.0], [-0.028488699825363173, 0.035075516153955405, 3.96077941353974, 1.0], [-0.025217972177743797, 0.037656895465337265, 2.979707360701383, 1.0], [-0.025217972177743686, 0.037656895465337126, 2.9797073607014113, 1.0], [-0.025217972177743686, 0.0376568954653374, 2.979707360701383, 1.0], [-0.025217972177743797, 0.0376568954653374, 2.9797073607014113, 1.0], [-0.024650662336107354, 0.03795756881019746, 2.9846785025654867, 1.0], [-0.017791142003100557, 0.04159310405265576, 3.044786130165676, 1.0], [-0.017791142003100446, 0.041593104052656094, 3.0447861301657326, 1.0], [-0.017791142003100502, 0.04159310405265576, 3.0447861301657326, 1.0], [-0.017791142003100502, 0.041593104052655594, 3.044786130165676, 1.0], [-0.017791142003100613, 0.041593104052655705, 3.0447861301657326, 1.0], [-0.012942049205253991, 0.04297193063031379, 3.8739145214058226, 1.0], [-0.007956681493038853, 0.04438950661567198, 4.726344054782942, 1.0], [-0.007956681493038409, 0.0443895066156722, 4.726344054782885, 1.0], [-0.007956681493038853, 0.0443895066156722, 4.726344054782942, 1.0], [0.016329637268581554, 0.04082629042066854, 5.936705837121963, 1.0], [0.019142200048413993, 0.04041363960500055, 6.076876051165186, 1.0], [0.02482791576936344, 0.034660737092350846, 6.454598737439198, 1.0], [0.04073795311810352, 0.018562694500690147, 7.511560137029051, 1.0], [0.04073838820490089, 0.018560699139489878, 7.511383580680558, 1.0], [0.04504438823728357, -0.001187143001091684, 5.764027312990436, 1.0], [0.04504438823728352, -0.0011871430010913508, 5.764027312990493, 1.0], [0.04492837448132336, -0.001878978847638657, 5.710669060371117, 1.0], [0.042759495671296666, -0.014812859792823874, 4.713135772285796, 1.0], [0.042759495671296555, -0.014812859792823763, 4.713135772285796, 1.0], [0.042759495671296555, -0.014812859792823874, 4.713135772285796, 1.0], [0.03955145948758476, -0.0214586014884538, 4.474468389087065, 1.0], [0.03786924731735464, -0.024943458553768005, 4.349317314204427, 1.0], [0.03786924731735475, -0.024943458553768116, 4.349317314204484, 1.0], [0.03786924731735475, -0.024943458553768227, 4.349317314204427, 1.0], [0.03809492063795872, -0.024592378167355933, 7.713973327950214, 1.0], [0.038171213069486565, -0.02447368989587917, 8.851448452855777, 1.0], [0.0412381407527439, -0.018661338831104546, 1.5334445343556808, 0.0]]]}