{"text": "と", "text_ids": [20], "strokes": [[[0.0, 0.0, 0.0, 1.0], [0.004504465199986329, -0.008200960037892452, 8.468732656767749, 1.0], [0.0036432366543401994, -0.0020913413870460515, 6.441589765077506, 1.0], [0.002021537392857169, 0.009413112458693364, 2.6244657891091876, 1.0], [0.0020215373928571707, 0.009413112458693364, 2.624465789109191, 1.0], [0.00202153739285677, 0.009413112458693333, 2.6244657891091876, 1.0], [0.0020215373928571725, 0.009413112458693265, 2.6244657891091876, 1.0], [0.0020215373928571673, 0.009413112458693366, 2.6244657891091876, 1.0], [0.0024548512474385463, 0.009292722114022677, 2.294705895764448, 1.0], [0.0037521532747382125, 0.008932284439211916, 1.307434952001433, 1.0], [0.003752153274738608, 0.008932284439211846, 1.3074349520014366, 1.0], [0.0037521532747382125, 0.00893228443921193, 1.3074349520014295, 1.0], [0.0037521532747382055, 0.008932284439211916, 1.3074349520014366, 1.0], [0.003752153274738608, 0.008932284439211943, 1.3074349520014295, 1.0], [0.0037521532747382125, 0.008932284439211916, 1.3074349520014366, 1.0], [0.0037521532747382055, 0.008932284439211916, 1.3074349520014295, 1.0], [0.003752153274738608, 0.008932284439211943, 1.3074349520014366, 1.0], [0.0037521532747382125, 0.008932284439211916, 1.3074349520014295, 1.0], [0.0037521532747382055, 0.00893228443921193, 1.3074349520014366, 1.0], [0.003752153274738615, 0.00893228443921193, 1.3074349520014366, 1.0], [0.0037668853133483796, 0.008925326308998283, 1.3052565255531405, 1.0], [0.004914097274307222, 0.00838348343048459, 1.1356183007510552, 1.0], [0.004914097274306833, 0.008383483430484479, 1.1356183007510552, 1.0], [0.004914097274307222, 0.008383483430484562, 1.1356183007510552, 1.0], [0.004914097274307236, 0.008383483430484506, 1.1356183007510552, 1.0], [0.004914097274307222, 0.00838348343048459, 1.1356183007510552, 1.0], [0.004914097274306833, 0.008383483430484534, 1.1356183007510552, 1.0], [0.004914097274307222, 0.008383483430484506, 1.1356183007510552, 1.0], [0.00491409727430725, 0.00838348343048459, 1.1356183007510623, 1.0], [0.004914097274307208, 0.008383483430484479, 1.1356183007510552, 1.0], [0.004914097274306833, 0.008383483430484562, 1.1356183007510552, 1.0], [0.004914097274307236, 0.008383483430484617, 1.1356183007510552, 1.0], [0.004914097274307222, 0.00838348343048445, 1.1356183007510552, 1.0], [0.004914097274307236, 0.008383483430484617, 1.1356183007510623, 1.0], [0.004914097274306833, 0.00838348343048445, 1.1356183007510552, 1.0], [0.004982410653375902, 0.008334405980326864, 1.150298986944449, 1.0], [0.0065079642410759975, 0.007238423301912267, 1.4781436024143844, 1.0], [0.006507964241075609, 0.007238423301912156, 1.4781436024143915, 1.0], [0.00650796424107597, 0.007238423301912267, 1.4781436024143915, 1.0], [0.0065079642410759975, 0.007238423301912267, 1.4781436024143773, 1.0], [0.00650796424107597, 0.007238423301912211, 1.4781436024143915, 1.0], [0.006507964241075581, 0.0072384233019121, 1.4781436024143915, 1.0], [0.0065079642410759975, 0.007238423301912267, 1.4781436024143773, 1.0], [0.0065079642410759975, 0.007238423301912211, 1.4781436024143915, 1.0], [0.00650796424107597, 0.007238423301912267, 1.4781436024143915, 1.0], [0.006507964241075609, 0.007238423301912156, 1.4781436024143915, 1.0], [0.0065079642410759975, 0.007238423301912267, 1.4781436024143773, 1.0], [0.006863489417151286, 0.006882902002124214, 1.5023009910148772, 1.0], [0.007163977920030179, 0.006582416775468614, 1.5227187223669603, 1.0], [0.007163977920029763, 0.006582416775468614, 1.5227187223669745, 1.0], [0.0071639779200301235, 0.006582416775468614, 1.5227187223669745, 1.0], [0.007163977920030179, 0.006582416775468614, 1.5227187223669745, 1.0], [0.007163977920030151, 0.006582416775468669, 1.5227187223669745, 1.0], [0.007163977920029818, 0.006582416775468614, 1.5227187223669745, 1.0], [0.007163977920030151, 0.006582416775468669, 1.5227187223669745, 1.0], [0.007163977920030151, 0.006582416775468614, 1.5227187223669745, 1.0], [0.007163977920030151, 0.006582416775468558, 1.5227187223669745, 1.0], [0.007172820351478593, 0.006572156149620201, 1.6286198362539892, 1.0], [0.0074208303076205295, 0.006284369087726116, 4.598903605209799, 1.0], [0.0074208303076205295, 0.006284369087726116, 4.598903605209813, 1.0], [0.0074208303076205295, 0.0062843690877262826, 4.598903605209813, 1.0], [0.007925522387326966, 0.005406842440784265, 3.044966771056906, 1.0], [0.008914475463504878, 0.0036873134213746828, 0.0, 1.0], [0.008914475463505267, 0.0036873134213749603, 0.0, 0.0]], [[0.0, 0.0, 0.0, 1.0], [-0.00862006074382804, -0.02662602122912025, 13.340482514334573, 1.0], [-0.02205155572947093, -0.01096300554755078, 7.386675070743562, 1.0], [-0.02765007355737048, -0.00029057960880957134, 10.081098518894741, 1.0], [-0.024940360797218397, 0.011831418433145502, 6.212204548861113, 1.0], [-0.02494036079721823, 0.01183141843314553, 6.212204548861116, 1.0], [-0.022446541855332958, 0.015483228730095888, 4.81706323944465, 1.0], [-0.020443205753167104, 0.018416803130093806, 3.6963175005157822, 1.0], [-0.020443205753167104, 0.018416803130093834, 3.6963175005157822, 1.0], [-0.02044320575316666, 0.01841680313009375, 3.6963175005157822, 1.0], [-0.02044320575316705, 0.018416803130093806, 3.6963175005157893, 1.0], [-0.017648364848601994, 0.021130178877174333, 3.4111242421373333, 1.0], [-0.01751777525869147, 0.021256961988694534, 3.3977985209501043, 1.0], [-0.017517775258691415, 0.021256961988694423, 3.3977985209501185, 1.0], [-0.01751777525869147, 0.02125696198869448, 3.3977985209501043, 1.0], [-0.017517775258691415, 0.02125696198869448, 3.3977985209501185, 1.0], [-0.014345125556216143, 0.02358730527302927, 2.592709661727554, 1.0], [-0.014185583512826117, 0.023704490516988863, 2.552224410043209, 1.0], [-0.01418558351282656, 0.023704490516989085, 2.552224410043209, 1.0], [-0.0141855835128257, 0.023704490516988752, 2.552224410043209, 1.0], [-0.014185583512826588, 0.023704490516988974, 2.552224410043209, 1.0], [-0.0141855835128262, 0.023704490516988974, 2.552224410043209, 1.0], [-0.011536893809197729, 0.025117059536301833, 2.5558667793743126, 1.0], [-0.010308013458459664, 0.02577243200576007, 2.557556685177545, 1.0], [-0.010308013458459664, 0.025772432005760182, 2.5575566851775307, 1.0], [-0.010308013458460052, 0.02577243200575996, 2.557556685177545, 1.0], [-0.010308013458459636, 0.02577243200576007, 2.557556685177545, 1.0], [-0.010308013458459692, 0.02577243200575996, 2.5575566851775307, 1.0], [-0.010132815364255976, 0.025831930550770377, 2.56605775885248, 1.0], [-0.00545632968882076, 0.027420099044916935, 2.7929731796356947, 1.0], [-0.005456329688821149, 0.027420099044917046, 2.792973179635709, 1.0], [-0.00545632968882076, 0.027420099044917046, 2.7929731796356947, 1.0], [-0.0054563296888207186, 0.027420099044916935, 2.792973179635709, 1.0], [-0.005456329688821135, 0.027420099044917046, 2.7929731796356947, 1.0], [-0.005456329688820746, 0.027420099044916935, 2.7929731796356947, 1.0], [0.006780725134810664, 0.027517612065389163, 4.605727232791082, 1.0], [0.007432824182096967, 0.027522808425841983, 4.70232688099594, 1.0], [0.007432824182096551, 0.027522808425842094, 4.70232688099594, 1.0], [0.01688104738012483, 0.020385132733524824, 4.900725733866182, 1.0], [0.024710795403029673, 0.014470136763517494, 5.065138977864507, 1.0], [0.024710795403030006, 0.014470136763517827, 5.065138977864535, 1.0], [0.025348139611599874, 0.012113561544290441, 4.909280684390808, 1.0], [0.028055359044592165, 0.002103638894936699, 4.247248151245827, 1.0], [0.02805535904459211, 0.002103638894936921, 4.247248151245799, 1.0], [0.02805535904459211, 0.002103638894936699, 4.247248151245799, 1.0], [0.027785813284483096, 0.0002500819755224537, 4.042631973892327, 1.0], [0.026621373052248765, -0.007757301441781772, 3.1586881530735127, 1.0], [0.02662137305224832, -0.00775730144178155, 3.1586881530734843, 1.0], [0.026621373052248376, -0.007757301441781772, 3.1586881530735127, 1.0], [0.02662137305224871, -0.00775730144178155, 3.1586881530734843, 1.0], 