{"text": "と", "text_ids": [20], "strokes": [[[0.0, 0.0, 0.0, 1.0], [-0.0055173034730331616, 0.0004920227386738522, 18.49470548401313, 1.0], [0.004634625651149417, 0.0047964578561428845, 23.000802138423005, 1.0], [0.0046346256511497624, 0.004796457856142802, 9.21892799712603, 1.0], [0.004634625651149418, 0.0047964578561428845, 6.741614419882602, 1.0], [0.004392869984470506, 0.004999802850942885, 5.714008081562703, 1.0], [0.0038930094860192884, 0.005420244414339581, 3.5893016639578406, 1.0], [0.00389300948601895, 0.005420244414339494, 3.5893016639578406, 1.0], [0.0038930094860189467, 0.005420244414339494, 3.5893016639578406, 1.0], [0.0038930094860189467, 0.005420244414339498, 3.5893016639578263, 1.0], [0.0036219053965952756, 0.005606889808985591, 2.7687446197549974, 1.0], [0.0035807830734721977, 0.005635201046357209, 2.644278729238451, 1.0], [0.0035807830734721907, 0.005635201046357216, 2.644278729238465, 1.0], [0.0035807830734718576, 0.005635201046357292, 2.644278729238451, 1.0], [0.0035807830734721977, 0.005635201046357202, 2.644278729238451, 1.0], [0.0035807830734721977, 0.00563520104635723, 2.644278729238451, 1.0], [0.0035807830734721838, 0.0056352010463572855, 2.2570514718976113, 1.0], [0.0035807830734718507, 0.005635201046357216, 1.7628524861604689, 1.0], [0.0035807830734722046, 0.005635201046357202, 1.762852486160483, 1.0], [0.0035807830734721977, 0.005635201046357313, 1.762852486160483, 1.0], [0.0035807830734721907, 0.005635201046357202, 1.762852486160483, 1.0], [0.0035807830734718576, 0.005635201046357216, 1.7628524861604689, 1.0], [0.0035807830734721907, 0.005635201046357299, 1.762852486160483, 1.0], [0.0035807830734721907, 0.005635201046357216, 1.762852486160483, 1.0], [0.0035807830734718576, 0.005635201046357202, 1.7628524861604689, 1.0], [0.0035807830734721907, 0.0056352010463572855, 1.762852486160483, 1.0], [0.004183443797676753, 0.005183161928108443, 1.546000344948368, 1.0], [0.0043380300964443175, 0.005067211026744123, 1.4903763951146658, 1.0], [0.0043380300964446505, 0.005067211026744178, 1.49037639511468, 1.0], [0.004338030096444304, 0.005067211026744095, 1.49037639511468, 1.0], [0.0043380300964446505, 0.005067211026744095, 1.4903763951146658, 1.0], [0.0043380300964446505, 0.005067211026744206, 1.49037639511468, 1.0], [0.0043380300964443175, 0.005067211026744095, 1.4903763951146658, 1.0], [0.004338030096444637, 0.005067211026744095, 1.49037639511468, 1.0], [0.004338030096444637, 0.005067211026744206, 1.49037639511468, 1.0], [0.0043380300964443175, 0.005067211026744067, 1.4903763951146658, 1.0], [0.0043323610293306, 0.005072009544002165, 1.5252294738959762, 1.0], [0.004244038191743765, 0.00514676940341538, 2.0682328913434276, 1.0], [0.004244038191743432, 0.005146769403415297, 2.068232891343399, 1.0], [0.004244038191743432, 0.005146769403415297, 2.0682328913434276, 1.0], [0.00424403819174346, 0.005146769403415269, 2.0682328913434276, 1.0], [0.0042440381917437375, 0.00514676940341538, 2.068232891343399, 1.0], [0.00424403819174346, 0.005146769403415297, 2.0682328913434276, 1.0], [0.0042440381917434045, 0.005146769403415297, 2.068232891343399, 1.0], [0.004244038191743793, 0.005146769403415269, 2.0682328913434276, 1.0], [0.004572419590613802, 0.004852249461303609, 2.3298370363472145, 1.0], [0.004634625651149443, 0.004796457856142883, 2.37939332466442, 1.0], [0.004634625651149776, 0.0047964578561427995, 2.3793933246644485, 1.0], [0.004634625651149388, 0.0047964578561429105, 2.3793933246644485, 1.0], [0.004634625651149443, 0.004796457856142855, 2.379393324664477, 1.0], [0.004634625651149388, 0.0047964578561427995, 2.37939332466442, 1.0], [0.0046346256511494155, 0.0047964578561429105, 2.3793933246644485, 1.0], [0.0046346256511494155, 0.004796457856142855, 2.5434427508519946, 1.0], [0.004634625651149776, 0.0047964578561429105, 2.9742416558305536, 1.0], [0.0046346256511494155, 0.0047964578561427995, 2.9742416558305536, 1.0], [0.0046346256511494155, 0.0047964578561427995, 2.9742416558305536, 1.0], [0.0046346256511494155, 0.004796457856142855, 2.974241655830582, 1.0], [0.005031844466124785, 0.0041847054909270875, 3.6846210247442457, 1.0], [0.0063432314827605585, 0.0021650526474686904, 6.029883248380116, 1.0], [0.006343231482760614, 0.002165052647468746, 6.0298832483800595, 1.0], [0.005637253470919895, 0.003252321684713566, 9.109527485111386, 1.0], [0.00322232618702048, 0.003334843613735261, 15.416741875662638, 1.0], [-0.0046346256511494155, -0.0047964578561429105, 26.173326571308735, 1.0], [-0.0065226619782440265, -0.000548440949987572, 18.83880279215296, 0.0]], [[0.5529737979814454, 0.2373756677508866, 0.0, 1.0], [0.0007757076477008518, -0.026450223983123716, 17.445564411216672, 1.0], [-0.0035468074117954718, -0.023846513245037865, 32.54903176173176, 1.0], [-0.024673185660991193, 0.0015967516352334288, 18.4599460461216, 1.0], [-0.024670256236921317, 0.009708954768052364, 10.142814347465062, 1.0], [-0.022440742951753967, 0.014568805378760208, 6.9062173449535464, 1.0], [-0.02244074295175369, 0.014568805378760208, 6.9062173449535464, 1.0], [-0.021097072103672454, 0.016433032256884944, 4.9668086716957305, 1.0], [-0.020695131984440673, 0.016990689345850407, 4.386662012652181, 1.0], [-0.02069513198444034, 0.016990689345850407, 4.386662012652181, 1.0], [-0.020695131984440562, 0.016990689345850463, 4.386662012652181, 1.0], [-0.019406065000797112, 0.01844383575294678, 3.8378541476293577, 1.0], [-0.01925380041438801, 0.01861548140012892, 3.773028965039046, 1.0], [-0.01925380041438801, 0.01861548140012892, 3.773028965039046, 1.0], [-0.019253800414388067, 0.01861548140012892, 3.773028965039046, 1.0], [-0.018320641035233787, 0.019465540498901535, 3.5048985599712523, 1.0], [-0.01685304829223655, 0.02080244027438044, 3.0832061401713986, 1.0], [-0.016853048292236217, 0.02080244027438055, 3.08320614017137, 1.0], [-0.01685304829223619, 0.02080244027438055, 3.0832061401713986, 1.0], [-0.01685304829223616, 0.02080244027438055, 3.08320614017137, 1.0], [-0.016170469441685098, 0.02126358631910913, 3.1209828111907996, 1.0], [-0.01342801805484653, 0.023116369494092903, 3.2727611496841007, 1.0], [-0.01342801805484689, 0.023116369494093014, 3.2727611496840723, 1.0], [-0.013428018054846558, 0.023116369494092792, 3.2727611496841007, 1.0], [-0.013428018054846502, 0.023116369494093014, 3.2727611496840723, 1.0], [-0.013426227877838842, 0.023117359528103565, 3.274635031792002, 1.0], [-0.013062724998642278, 0.023318390047342596, 3.655134579343269, 1.0], [-0.013062724998641903, 0.023318390047342485, 3.655134579343297, 1.0], [-0.01306272499864225, 0.023318390047342485, 3.655134579343269, 1.0], [-0.01306272499864225, 0.023318390047342374, 3.655134579343297, 1.0], [-0.008598607914590273, 0.024946040564615024, 4.425888053675891, 1.0], [-0.005948558577427772, 0.025912268397177418, 4.883433116969002, 1.0], [-0.005948558577428126, 0.025912268397177307, 4.883433116968973, 1.0], [-0.004553608637458691, 0.02594130948646789, 5.067388493336182, 1.0], [0.0035837388079453386, 0.02611071874408888, 6.140479913364288, 1.0], [0.0035837388079456717, 0.0261107187440891, 6.140479913364288, 1.0], [0.006437350606978795, 0.02520488692029077, 5.800422409640703, 1.0], [0.011136451566196831, 0.023713235114834585, 5.240442757721041, 1.0], [0.011136451566196484, 0.023713235114834252, 5.2404427577209844, 1.0], [0.013818331618494231, 0.02169964777908806, 5.954774738992455, 1.0], [0.019397313480261774, 0.017510882060952526, 7.440764078217427, 1.0], [0.019397313480261788, 0.017510882060952526, 7.4407640782173985, 1.0], [0.02457469280997912, 0.00864404843163824, 6.801010100137205, 1.0], [0.025114747070751897, 0.007719145893864465, 6.73427713743439, 1.0], [0.025750904939091906, 0.004770697160392023, 6.023552789573785, 1.0], [0.026315865450859677, 0.002152232171927393, 5.392371110816725, 1.0], [0.02631586545085962, 0.002152232171927615, 5.392371110816725, 1.0], [0.026110222184422938, -0.002335839231860648, 5.5086884979088495, 1.0], [0.025950266444363768, -0.005826801008875115, 5.599163785801579, 1.0], 