{"text": "と", "text_ids": [20], "strokes": [[[0.0, 0.0, 0.0, 1.0], [-0.005488540188503353, -0.0060668592186004875, 12.912440346951513, 1.0], [0.00017629144242106362, 0.006531026442719317, 32.004586314086936, 1.0], [0.004304384721924655, 0.006932798059698001, 6.149963461825571, 1.0], [0.004304384721924653, 0.006932798059698003, 6.149963461825578, 1.0], [0.0047601269026656635, 0.006599526908258536, 5.79453911651688, 1.0], [0.005488540188503182, 0.006066859218600472, 5.226463949956326, 1.0], [0.005488540188503355, 0.006066859218600444, 5.226463949956326, 1.0], [0.005221624657942958, 0.006235390881528455, 4.972533155206293, 1.0], [0.003469354210191001, 0.0073417822999645305, 3.305506038123042, 1.0], [0.003469354210191001, 0.007341782299964565, 3.305506038123042, 1.0], [0.0034693542101909974, 0.007341782299964482, 3.3055060381230277, 1.0], [0.0034693542101910044, 0.007341782299964558, 3.305506038123042, 1.0], [0.0034693542101910113, 0.007341782299964572, 3.305506038123042, 1.0], [0.003212600423586516, 0.007440799016383642, 1.7441432417357703, 1.0], [0.003209811766388862, 0.007441874457889658, 1.727184950066757, 1.0], [0.003209811766388869, 0.007441874457889644, 1.727184950066757, 1.0], [0.003209811766388862, 0.00744187445788963, 1.727184950066757, 1.0], [0.0032098117663890355, 0.007441874457889658, 1.7271849500667713, 1.0], [0.003209811766388862, 0.007441874457889561, 1.727184950066757, 1.0], [0.003209811766388876, 0.007441874457889644, 1.727184950066757, 1.0], [0.003209811766388862, 0.007441874457889658, 1.727184950066757, 1.0], [0.003209811766388862, 0.00744187445788963, 1.727184950066757, 1.0], [0.0033981427270057124, 0.007369244902676653, 1.6731751439581188, 1.0], [0.0034693542101910113, 0.007341782299964489, 1.6527530190618762, 1.0], [0.0034693542101909974, 0.0073417822999646, 1.6527530190618762, 1.0], [0.0034693542101910113, 0.007341782299964544, 1.652753019061862, 1.0], [0.0034693542101909974, 0.007341782299964489, 1.6527530190618762, 1.0], [0.003469354210190831, 0.007341782299964544, 1.6527530190618762, 1.0], [0.0034693542101909974, 0.007341782299964461, 1.652753019061862, 1.0], [0.0034693542101909974, 0.0073417822999646, 1.6527530190618904, 1.0], [0.0034693542101910113, 0.007341782299964544, 1.652753019061862, 1.0], [0.0034693542101909974, 0.007341782299964489, 1.6527530190618762, 1.0], [0.004075712546028218, 0.007008407753714335, 1.687382305153264, 1.0], [0.004848198257213748, 0.006583696723567872, 1.7314991699065274, 1.0], [0.004848198257213915, 0.0065836967235678445, 1.7314991699065558, 1.0], [0.004848198257213734, 0.006583696723567872, 1.7314991699065558, 1.0], [0.004848198257213901, 0.006583696723567761, 1.7314991699065274, 1.0], [0.004848198257213748, 0.006583696723567872, 1.7314991699065274, 1.0], [0.004848198257213915, 0.0065836967235678445, 1.7314991699065558, 1.0], [0.004848198257213748, 0.0065836967235679, 1.7314991699065558, 1.0], [0.004848198257213915, 0.0065836967235678445, 1.7314991699065274, 1.0], [0.0048481982572137206, 0.0065836967235678445, 1.7314991699065558, 1.0], [0.004176596340379535, 0.0069739751674500194, 1.9152301519112598, 1.0], [0.0037678913139881087, 0.00721148009069178, 2.0270401005830934, 1.0], [0.003767891313988081, 0.007211480090691891, 2.0270401005830934, 1.0], [0.0037678913139882753, 0.007211480090691946, 2.027040100583065, 1.0], [0.003767891313988081, 0.00721148009069178, 2.0270401005830934, 1.0], [0.0037678913139882753, 0.007211480090691946, 2.0270401005830934, 1.0], [0.0037678913139881087, 0.007211480090691835, 2.0270401005830934, 1.0], [0.0037678913139881087, 0.00721148009069178, 2.0270401005830934, 1.0], [0.004308849091389205, 0.0069182920582051, 2.4281203739475643, 1.0], [0.0045105627160269834, 0.006808967406256583, 2.577676141681792, 1.0], [0.004510562716026567, 0.0068089674062565275, 2.5776761416817635, 1.0], [0.0045105627160269834, 0.006808967406256472, 2.577676141681792, 1.0], [0.00451056271602665, 0.0068089674062564165, 2.577676141681792, 1.0], [0.004510562716026956, 0.0068089674062565275, 2.5776761416817635, 1.0], [0.004529994442217605, 0.006796478054459876, 2.790467934744271, 1.0], [0.004656329559286826, 0.006715278694926219, 4.17393103131144, 1.0], [0.004656329559286881, 0.006715278694926385, 4.173931031311497, 1.0], [0.004656329559286826, 0.006715278694926219, 4.17393103131144, 1.0], [0.0032582000511799936, 0.007051750882268615, 6.247784490092272, 1.0], [-4.2561201989976816e-06, 0.007836889710772399, 11.087004301921013, 1.0], [0.005953086369127281, 0.0023982221100858903, 19.587004301921127, 0.0]], [[0.5892907177411747, 0.3568020840886928, 0.0, 1.0], [-0.02506648182343829, -0.010831449672980886, 8.421473650328535, 1.0], [-0.025849002905546814, -0.006056445120961151, 10.385079264445066, 1.0], [-0.026287417983583583, -0.0012230856092518838, 11.020693816170802, 1.0], [-0.02580105145693895, 0.003317112087095453, 8.184201289795489, 1.0], [-0.025695074618072467, 0.003714127150103941, 7.860023680864707, 1.0], [-0.025075641611680466, 0.006034674136528861, 5.96521050231604, 1.0], [-0.025075641611680077, 0.0060346741365289724, 5.965210502316047, 1.0], [-0.02465145079329445, 0.007110082077387669, 5.542140274548942, 1.0], [-0.023643700617757057, 0.009664928844932918, 4.537052286271347, 1.0], [-0.02364370061775678, 0.00966492884493303, 4.537052286271333, 1.0], [-0.023643700617756724, 0.00966492884493303, 4.537052286271347, 1.0], [-0.023398353371149372, 0.010168225161143463, 4.461199879859805, 1.0], [-0.02332495030033066, 0.01031880152037512, 4.43850633168843, 1.0], [-0.023324950300330244, 0.010318801520375176, 4.43850633168843, 1.0], [-0.023324950300330632, 0.01031880152037512, 4.43850633168843, 1.0], [-0.01897663451456741, 0.01666151170674346, 4.124382740258824, 1.0], [-0.018697107044102462, 0.017069246982110098, 4.1041895948545175, 1.0], [-0.018697107044102462, 0.017069246982110098, 4.1041895948545175, 1.0], [-0.018697107044102435, 0.017069246982109987, 4.104189594854532, 1.0], [-0.01869710704410249, 0.017069246982110098, 4.104189594853111, 1.0], [-0.018697107044102462, 0.01706924698211021, 4.10418959485277, 1.0], [-0.018697107044102435, 0.017069246982110098, 4.10418959485277, 1.0], [-0.018697107044102462, 0.017069246982109987, 4.104189594852755, 1.0], [-0.013394214801364428, 0.02123041053975916, 4.079403434262517, 1.0], [-0.01060579590335333, 0.023418474443518522, 4.066370131786158, 1.0], [-0.010605795903353504, 0.023418474443518522, 4.066370131786158, 1.0], [-0.010605795903353508, 0.023418474443518522, 4.066370131786158, 1.0], [-0.006103853956442723, 0.025199061499160846, 5.605688317149259, 1.0], [-0.004358893958323496, 0.025889219928990403, 6.202330541662917, 1.0], [-0.004358893958323331, 0.025889219928990737, 6.202330541662974, 1.0], [-0.00010240185580844344, 0.026651929306318656, 6.286152603262082, 1.0], [-1.4482896864351572e-05, 0.02666768326822344, 6.287883969893272, 1.0], [0.0043650511419789685, 0.02561370980650568, 6.635164448272292, 1.0], [0.015844745359736734, 0.022851020226555496, 7.5454607638687605, 1.0], [0.015996495339158312, 0.022698911187819415, 7.545049581604985, 1.0], [0.022402561363399666, 0.016277687615075753, 7.527691683175249, 1.0], [0.022402561363399673, 0.016277687615075753, 7.527691683175249, 1.0], [0.025690407162787227, 0.007839892090833689, 6.01047191570882, 1.0], [0.026065267727564012, 0.006877864979867421, 5.8374875686239704, 1.0], [0.02610962772722511, 0.006515480210961044, 5.882950359310655, 1.0], [0.02634826691648509, 0.004565994004640084, 6.127522126529527, 1.0], [0.02634826691648562, 0.004565994004639973, 6.127522126529584, 1.0], [0.026315179927945243, 0.003341952155620498, 5.813071134041536, 1.0], [0.02619731138177142, -0.001018554483603551, 4.692876067546763, 1.0], [0.02619731138177117, -0.001018554483603551, 4.6928760675467345, 1.0], [0.026197311381771116, -0.001018554483603662, 4.69287606754682, 1.0], [0.02597021375341485, -0.002421367724890433, 4.652057417839899, 1.0], [0.025916861046484663, -0.002750934723370624, 4.642467773637804, 1.0], [0.025916861046484718, 