{"text": "な", "text_ids": [21], "strokes": [[[0.0, 0.0, 0.0, 1.0], [-0.006009108534633564, -0.0043174182579641205, 9.086241753935065, 1.0], [-0.003582230539455741, -0.0018360056040069477, 13.5690669330862, 1.0], [0.00457240615971405, 0.005436610131961197, 24.886111143805703, 1.0], [0.007580349652712943, 0.0010826402348947462, 4.317459022131587, 1.0], [0.007580349652712943, 0.001082640234894746, 4.317459022131594, 1.0], [0.007580349652712941, 0.0010826402348947462, 4.317459022131587, 1.0], [0.007616385866106169, 0.0007352829751716464, 3.969164188577757, 1.0], [0.007772132382337885, -0.0007659758418788452, 2.4638532294151503, 1.0], [0.007772132382337885, -0.0007659758418788439, 2.4638532294151503, 1.0], [0.007772132382338252, -0.0007659758418788805, 2.4638532294151645, 1.0], [0.007772132382337885, -0.0007659758418788462, 2.4638532294151503, 1.0], [0.007772132382337885, -0.0007659758418788462, 2.4638532294151503, 1.0], [0.007772132382337885, -0.0007659758418788437, 2.4638532294151645, 1.0], [0.0077474058550147384, -0.0011650965927906475, 1.9383311952551594, 1.0], [0.007736503787794002, -0.0013410712130215432, 1.706625526800309, 1.0], [0.007736503787794349, -0.0013410712130214096, 1.706625526800309, 1.0], [0.007736503787794349, -0.0013410712130214946, 1.7066255268003232, 1.0], [0.0077365037877943355, -0.0013410712130214114, 1.706625526800309, 1.0], [0.007736503787794349, -0.0013410712130214938, 1.7066255268003232, 1.0], [0.007736503787794322, -0.0013410712130214088, 1.706625526800309, 1.0], [0.007736503787794363, -0.001341071213021499, 1.706625526800309, 1.0], [0.0077365037877943355, -0.0013410712130214088, 1.7066255268003232, 1.0], [0.007736503787794363, -0.0013410712130214903, 1.7066255268003232, 1.0], [0.0076005852879212354, -0.0021029665450800414, 1.4666501030379777, 1.0], [0.007551033158712972, -0.002380732529643225, 1.3791616947913496, 1.0], [0.007551033158713, -0.002380732529643312, 1.3791616947913496, 1.0], [0.0075510331587130275, -0.002380732529643305, 1.3791616947913639, 1.0], [0.007551033158712972, -0.0023807325296432216, 1.3791616947913496, 1.0], [0.007551033158712667, -0.0023807325296433673, 1.3791616947913496, 1.0], [0.007551033158713, -0.0023807325296432216, 1.3791616947913496, 1.0], [0.007551033158713, -0.0023807325296433084, 1.3791616947913639, 1.0], [0.0075510331587130275, -0.002380732529643305, 1.3791616947913496, 1.0], [0.007551033158712972, -0.0023807325296432216, 1.3791616947913496, 1.0], [0.007551033158712667, -0.0023807325296433604, 1.3791616947913639, 1.0], [0.007551033158713, -0.0023807325296433188, 1.3791616947913496, 1.0], [0.007551033158713, -0.0023807325296432216, 1.4341256006044318, 1.0], [0.007551033158713, -0.0023807325296433188, 1.5143736256558356, 1.0], [0.0075510331587130275, -0.0023807325296432147, 1.5143736256558498, 1.0], [0.007551033158712639, -0.0023807325296433535, 1.5143736256558498, 1.0], [0.0075510331587130275, -0.0023807325296433188, 1.5143736256558498, 1.0], [0.0075510331587130275, -0.0023807325296432216, 1.5143736256558356, 1.0], [0.0075510331587129165, -0.0023807325296433188, 1.5143736256558356, 1.0], [0.0075510331587130275, -0.0023807325296432216, 1.5143736256558498, 1.0], [0.007551033158712694, -0.0023807325296433535, 1.5143736256558498, 1.0], [0.007551033158712972, -0.0023807325296432286, 1.5143736256558498, 1.0], [0.007551033158712972, -0.002380732529643298, 1.5143736256558498, 1.0], [0.007615064224003598, -0.0021043644776586323, 2.0841902827136494, 1.0], [0.007627162960151701, -0.0020521444478088374, 2.1918577306214218, 1.0], [0.007627162960151701, -0.0020521444478089346, 2.1918577306214218, 1.0], [0.007627162960151979, -0.002052144447808782, 2.19185773062145, 1.0], [0.007627162960151701, -0.0020521444478089207, 2.1918577306214218, 1.0], [0.0076271629601516455, -0.0020521444478088235, 2.1918577306214218, 1.0], [0.007627162960152034, -0.002052144447808879, 2.1918577306214218, 1.0], [0.007620684338159545, -0.0020801071895096557, 2.416113113973381, 1.0], [0.007551033158712972, -0.0023807325296432563, 4.82706593177798, 1.0], [0.007551033158712694, -0.002380732529643298, 4.827065931778009, 1.0], [0.0075510331587130275, -0.002380732529643312, 4.827065931778009, 1.0], [0.00700355991226187, -0.003591290241072756, 10.200610418517613, 1.0], [0.0017593191356720106, -0.005218183501798604, 14.770309634966566, 1.0], [-0.005296371632170116, -0.004388676924131085, 13.762735511873274, 1.0], [-0.0075803496527129255, -0.0010826402348947523, 10.793647555328988, 1.0], [-0.007558042613386162, 0.001552654164976519, 9.494475547974702, 1.0], [-0.0075510331587130275, 0.0023807325296432563, 9.086241753935099, 0.0]], [[0.0, 0.0, 0.0, 1.0], [-0.008192783641492285, -0.009492832265023565, 16.049496238166824, 1.0], [-0.011244628845559934, -0.0019376462877427059, 33.064760223149875, 1.0], [-0.009220156044342842, 0.01241379139194182, 24.274784853708354, 1.0], [-0.008946024812271802, 0.012899672305369009, 9.900003920713317, 1.0], [-0.009817012151718985, 0.012368857463819466, 6.405481046603612, 1.0], [-0.00981701215171904, 0.012368857463819494, 6.405481046603626, 1.0], [-0.008583006515084146, 0.013145438044718238, 3.8696947607977137, 1.0], [-0.008381281263245388, 0.013272387151435472, 3.455164946729454, 1.0], [-0.008381281263245388, 0.013272387151435583, 3.455164946729454, 1.0], [-0.008381281263245055, 0.013272387151435555, 3.4551649467294396, 1.0], [-0.00847472668005203, 0.013219184801794903, 3.2732111210709007, 1.0], [-0.008789789489813488, 0.013039806483022817, 2.6597312360416083, 1.0], [-0.008789789489813515, 0.013039806483022776, 2.6597312360416225, 1.0], [-0.00878978948981382, 0.013039806483022734, 2.6597312360416225, 1.0], [-0.008789789489813488, 0.01303980648302279, 2.6597312360416225, 1.0], [-0.008789789489813515, 0.013039806483022776, 2.6597312360416083, 1.0], [-0.00878978948981382, 0.013039806483022741, 2.6597312360416367, 1.0], [-0.00878978948981346, 0.013039806483022783, 2.1030995602181406, 1.0], [-0.008789789489813515, 0.013039806483022793, 1.9947984270312134, 1.0], [-0.008789789489813488, 0.01303980648302278, 1.9947984270312134, 1.0], [-0.008789789489813793, 0.013039806483022737, 1.9947984270312134, 1.0], [-0.008789789489813515, 0.013039806483022784, 1.9947984270312134, 1.0], [-0.00878978948981346, 0.01303980648302279, 1.9947984270312134, 1.0], [-0.008789789489813848, 0.013039806483022734, 1.9947984270312134, 1.0], [-0.008789789489813488, 0.01303980648302279, 1.9947984270312134, 1.0], [-0.009046766058520908, 0.012875363374035574, 1.866122733506046, 1.0], [-0.009605690777785322, 0.012517699175357916, 1.586252758428202, 1.0], [-0.009605690777785642, 0.012517699175357874, 1.586252758428202, 1.0], [-0.00960569077778535, 0.012517699175358013, 1.5862527584282304, 1.0], [-0.009605690777785642, 0.012517699175357874, 1.5862527584282304, 1.0], [-0.009605690777785336, 0.012517699175358, 1.586252758428202, 1.0], [-0.009605690777785315, 0.012517699175357944, 1.5862527584282304, 1.0], [-0.00960569077778567, 0.01251769917535786, 1.586252758428202, 1.0], [-0.009605690777785302, 0.012517699175357888, 1.5862527584282304, 1.0], [-0.009605690777785343, 0.012517699175358027, 1.586252758428202, 1.0], [-0.00952763006198842, 0.012569892878278699, 1.722130022073685, 1.0], [-0.009263762344136495, 0.01274632263728459, 2.1814343353875927, 1.0], [-0.009263762344136827, 0.012746322637284535, 2.181434335387621, 1.0], [-0.009263762344136506, 0.012746322637284646, 2.1814343353876495, 1.0], [-0.009263762344136816, 0.012746322637284452, 2.181434335387621, 1.0], [-0.009263762344136516, 0.012746322637284646, 2.181434335387621, 1.0], [-0.009263762344136808, 0.01274632263728448, 2.181434335387621, 1.0], [-0.009263762344136513, 0.012746322637284646, 2.181434335387621, 1.0], [-0.009339871072190836, 0.012696234978400944, 2.5382020333260016, 1.0], [-0.009438621313547918, 0.012631246789394979, 3.0011042152524965, 1.0], [-0.00943862131354778, 0.012631246789395145, 3.001104215252468, 1.0], [-0.009438621313548098, 0.012631246789395034, 3.0011042152524965, 1.0], 