{"text": "な", "text_ids": [21], "strokes": [[[0.0, 0.0, 0.0, 1.0], [-0.006328411149842239, -0.00352385820583782, 9.086241753935065, 1.0], [-0.0036283774503903963, -0.0014113640293950051, 13.5690669330862, 1.0], [0.0052358838439823694, 0.004691560064864033, 24.886111143805703, 1.0], [0.007130222567238111, 0.0003680153690128103, 4.317459022131587, 1.0], [0.007130222567238112, 0.0003680153690128103, 4.317459022131594, 1.0], [0.007130222567238113, 0.0003680153690128104, 4.317459022131587, 1.0], [0.00709521892084939, 4.0399257899425005e-05, 3.969164188577757, 1.0], [0.006943935101959592, -0.0013755394094220384, 2.4638532294151503, 1.0], [0.006943935101959595, -0.0013755394094220378, 2.4638532294151503, 1.0], [0.006943935101959911, -0.0013755394094221015, 2.4638532294151645, 1.0], [0.006943935101959592, -0.0013755394094220395, 2.4638532294151503, 1.0], [0.006943935101959585, -0.0013755394094220382, 2.4638532294151503, 1.0], [0.006943935101959606, -0.0013755394094220382, 2.4638532294151645, 1.0], [0.0068433554662536145, -0.0017463625855143102, 1.9383311952551594, 1.0], [0.006799009330012498, -0.0019098606432738953, 1.706625526800309, 1.0], [0.006799009330012817, -0.0019098606432737981, 1.706625526800309, 1.0], [0.0067990093300128035, -0.0019098606432738762, 1.7066255268003232, 1.0], [0.006799009330012817, -0.0019098606432737999, 1.706625526800309, 1.0], [0.0067990093300128035, -0.001909860643273878, 1.7066255268003232, 1.0], [0.006799009330012817, -0.0019098606432737947, 1.706625526800309, 1.0], [0.006799009330012817, -0.0019098606432738814, 1.706625526800309, 1.0], [0.0067990093300128035, -0.0019098606432737947, 1.7066255268003232, 1.0], [0.006799009330012817, -0.001909860643273878, 1.7066255268003232, 1.0], [0.006526036928662854, -0.0026102058065065777, 1.4666501030379777, 1.0], [0.006426518734195835, -0.002865532300335885, 1.3791616947913496, 1.0], [0.006426518734195863, -0.0028655323003359615, 1.3791616947913496, 1.0], [0.006426518734195863, -0.0028655323003359615, 1.3791616947913639, 1.0], [0.006426518734195891, -0.002865532300335885, 1.3791616947913496, 1.0], [0.006426518734195502, -0.0028655323003359823, 1.3791616947913496, 1.0], [0.006426518734195863, -0.002865532300335878, 1.3791616947913496, 1.0], [0.006426518734195891, -0.0028655323003359684, 1.3791616947913639, 1.0], [0.0064265187341958074, -0.0028655323003359615, 1.3791616947913496, 1.0], [0.006426518734195891, -0.002865532300335878, 1.3791616947913496, 1.0], [0.006426518734195558, -0.0028655323003359823, 1.3791616947913639, 1.0], [0.006426518734195835, -0.0028655323003359684, 1.3791616947913496, 1.0], [0.006426518734195863, -0.002865532300335878, 1.4341256006044318, 1.0], [0.006426518734195835, -0.0028655323003359684, 1.5143736256558356, 1.0], [0.0064265187341959185, -0.002865532300335885, 1.5143736256558498, 1.0], [0.006426518734195502, -0.0028655323003359684, 1.5143736256558498, 1.0], [0.006426518734195863, -0.0028655323003359684, 1.5143736256558498, 1.0], [0.006426518734195891, -0.002865532300335885, 1.5143736256558356, 1.0], [0.0064265187341958074, -0.0028655323003359684, 1.5143736256558356, 1.0], [0.006426518734195863, -0.002865532300335885, 1.5143736256558498, 1.0], [0.006426518734195585, -0.0028655323003359823, 1.5143736256558498, 1.0], [0.0064265187341958074, -0.002865532300335885, 1.5143736256558498, 1.0], [0.006426518734195863, -0.0028655323003359545, 1.5143736256558498, 1.0], [0.006538978664945516, -0.0026127412184522025, 2.0841902827136494, 1.0], [0.006560228085413622, -0.0025649760815380784, 2.1918577306214218, 1.0], [0.006560228085413622, -0.0025649760815381756, 2.1918577306214218, 1.0], [0.0065602280854138995, -0.0025649760815380646, 2.19185773062145, 1.0], [0.006560228085413677, -0.0025649760815381756, 2.1918577306214218, 1.0], [0.006560228085413622, -0.0025649760815380646, 2.1918577306214218, 1.0], [0.006560228085413955, -0.0025649760815381617, 2.1918577306214218, 1.0], [0.006548849461970596, -0.0025905533205721476, 2.416113113973381, 1.0], [0.0064265187341958074, -0.002865532300335899, 4.82706593177798, 1.0], [0.006426518734195585, -0.0028655323003359268, 4.827065931778009, 1.0], [0.006426518734195863, -0.0028655323003359684, 4.827065931778009, 1.0], [0.005690223913418946, -0.003950149218342136, 10.200610418517613, 1.0], [0.0005857968785268342, -0.005025024901590597, 14.770309634966566, 1.0], [-0.005691821873391956, -0.0036509497323551077, 13.762735511873274, 1.0], [-0.007130222567238109, -0.00036801536901279186, 10.793647555328988, 1.0], [-0.0065947714632240695, 0.0020924041827035944, 9.494475547974702, 1.0], [-0.006426518734195863, 0.0028655323003359268, 9.086241753935099, 0.0]], [[0.0, 0.0, 0.0, 1.0], [-0.009333038923339143, -0.008174166748391498, 16.049496238166824, 1.0], [-0.010641741141790506, -0.0008558069588525119, 33.064760223149875, 1.0], [-0.005988883587786681, 0.01238172608884261, 24.274784853708354, 1.0], [-0.005643713391087102, 0.01281244039792398, 9.900003920713317, 1.0], [-0.0065424189275746225, 0.012390413811173534, 6.405481046603612, 1.0], [-0.006542418927574595, 0.012390413811173534, 6.405481046603626, 1.0], [-0.005264348281946718, 0.013011254341717848, 3.8696947607977137, 1.0], [-0.005055419639156983, 0.013112744325764675, 3.455164946729454, 1.0], [-0.0050554196391570105, 0.013112744325764758, 3.455164946729454, 1.0], [-0.005055419639156705, 0.013112744325764675, 3.4551649467294396, 1.0], [-0.0051511064561693964, 0.01307096755902143, 3.2732111210709007, 1.0], [-0.005473726424652714, 0.012930112009731543, 2.6597312360416083, 1.0], [-0.005473726424652686, 0.012930112009731501, 2.6597312360416225, 1.0], [-0.005473726424653019, 0.012930112009731501, 2.6597312360416225, 1.0], [-0.005473726424652714, 0.012930112009731501, 2.6597312360416225, 1.0], [-0.005473726424652686, 0.012930112009731515, 2.6597312360416083, 1.0], [-0.005473726424653019, 0.012930112009731487, 2.6597312360416367, 1.0], [-0.005473726424652714, 0.012930112009731508, 2.1030995602181406, 1.0], [-0.005473726424652686, 0.012930112009731508, 1.9947984270312134, 1.0], [-0.005473726424652714, 0.012930112009731508, 1.9947984270312134, 1.0], [-0.005473726424653019, 0.012930112009731492, 1.9947984270312134, 1.0], [-0.005473726424652686, 0.01293011200973151, 1.9947984270312134, 1.0], [-0.005473726424652714, 0.012930112009731511, 1.9947984270312134, 1.0], [-0.005473726424653047, 0.01293011200973149, 1.9947984270312134, 1.0], [-0.0054737264246526585, 0.012930112009731515, 1.9947984270312134, 1.0], [-0.005740411664668751, 0.0127982798872385, 1.866122733506046, 1.0], [-0.006320452769807985, 0.01251154467077465, 1.586252758428202, 1.0], [-0.006320452769808291, 0.01251154467077463, 1.586252758428202, 1.0], [-0.0063204527698079715, 0.012511544670774727, 1.5862527584282304, 1.0], [-0.006320452769808305, 0.012511544670774644, 1.5862527584282304, 1.0], [-0.006320452769807958, 0.012511544670774727, 1.586252758428202, 1.0], [-0.006320452769807985, 0.012511544670774657, 1.5862527584282304, 1.0], [-0.006320452769808291, 0.012511544670774616, 1.586252758428202, 1.0], [-0.006320452769807958, 0.012511544670774644, 1.5862527584282304, 1.0], [-0.006320452769807999, 0.012511544670774755, 1.586252758428202, 1.0], [-0.0062390047708452065, 0.012553685136369813, 1.722130022073685, 1.0], [-0.005963687059618812, 0.012696132055697085, 2.1814343353875927, 1.0], [-0.005963687059619124, 0.01269613205569703, 2.181434335387621, 1.0], [-0.005963687059618805, 0.012696132055697168, 2.1814343353876495, 1.0], [-0.005963687059619121, 0.012696132055696974, 2.181434335387621, 1.0], [-0.005963687059618816, 0.01269613205569714, 2.181434335387621, 1.0], [-0.005963687059619121, 0.012696132055696974, 2.181434335387621, 1.0], [-0.005963687059618809, 0.01269613205569714, 2.181434335387621, 1.0], [-0.006042941827926015, 0.012655793672364302, 2.5382020333260016, 1.0], [-0.006145774022066119, 0.01260345506164362, 3.0011042152524965, 1.0], [-0.00614577402206596, 0.012603455061643676, 3.001104215252468, 1.0], [-0.006145774022066279, 0.01260345506164362, 