{"text": "な", "text_ids": [21], "strokes": [[[0.0, 0.0, 0.0, 1.0], [-0.008902121124649831, -0.0010585454384906534, 12.563100757731105, 1.0], [-0.008119434249354709, -0.004163643717618354, 2.351955139730938, 1.0], [0.0011828946203566726, -0.0018769698331708431, 10.29259322661009, 1.0], [0.009107172370758594, -0.0008022835270012551, 5.949573040917848, 1.0], [0.009095388786308597, -0.0010541779318254726, 2.772338702232993, 1.0], [0.0090953887863084, -0.001054177931825476, 2.772338702232993, 1.0], [0.009095388786308596, -0.0010541779318254743, 2.772338702232993, 1.0], [0.0090953887863084, -0.001054177931825476, 2.772338702232986, 1.0], [0.009095388786308597, -0.0010541779318254743, 2.772338702232993, 1.0], [0.0088951788073997, -0.0020612037392203925, 2.0428485266244536, 1.0], [0.0087855222035386, -0.00261275981370266, 1.643300933427433, 1.0], [0.008785522203538787, -0.002612759813702653, 1.643300933427433, 1.0], [0.008785522203538787, -0.002612759813702653, 1.643300933427433, 1.0], [0.008785522203538787, -0.002612759813702653, 1.643300933427433, 1.0], [0.008785522203538815, -0.0026127598137026566, 1.643300933427433, 1.0], [0.008785522203538593, -0.002612759813702653, 1.643300933427433, 1.0], [0.008785522203538787, -0.0026127598137026566, 1.643300933427433, 1.0], [0.008785522203538787, -0.002612759813702556, 1.6433009334274402, 1.0], [0.008785522203538829, -0.00261275981370266, 1.643300933427426, 1.0], [0.008754230820798514, -0.002712935043435158, 1.4474372406708298, 1.0], [0.008681593527863324, -0.002945473744819481, 0.9927750563805304, 1.0], [0.00868159352786313, -0.002945473744819585, 0.9927750563805233, 1.0], [0.008681593527863352, -0.002945473744819481, 0.9927750563805375, 1.0], [0.008681593527863324, -0.002945473744819481, 0.9927750563805233, 1.0], [0.008681593527863157, -0.002945473744819481, 0.9927750563805375, 1.0], [0.008681593527863324, -0.002945473744819578, 0.9927750563805233, 1.0], [0.008681593527863157, -0.002945473744819474, 0.9927750563805375, 1.0], [0.008681593527863324, -0.002945473744819481, 0.9927750563805233, 1.0], [0.008681593527863352, -0.002945473744819488, 0.9927750563805233, 1.0], [0.00868159352786313, -0.002945473744819585, 0.9927750563805375, 1.0], [0.008681593527863352, -0.002945473744819488, 0.9927750563805233, 1.0], [0.008681593527863324, -0.00294547374481946, 0.9927750563805233, 1.0], [0.00868159352786313, -0.002945473744819488, 0.9927750563805375, 1.0], [0.008681593527863324, -0.002945473744819585, 0.9927750563805233, 1.0], [0.008681593527863185, -0.002945473744819488, 0.9927750563805375, 1.0], [0.008669417382749456, -0.0029806747075876994, 1.050981812592056, 1.0], [0.008615649913588985, -0.003136115256492364, 1.3080114340563256, 1.0], [0.00861564991358893, -0.003136115256492475, 1.3080114340563114, 1.0], [0.008615649913589263, -0.003136115256492364, 1.3080114340563256, 1.0], [0.008615649913588985, -0.003136115256492364, 1.3080114340563114, 1.0], [0.008615649913588985, -0.003136115256492475, 1.3080114340563256, 1.0], [0.008615649913588985, -0.003136115256492364, 1.3080114340563114, 1.0], [0.008615649913589207, -0.003136115256492461, 1.3080114340563114, 1.0], [0.00861564991358904, -0.003136115256492364, 1.3080114340563256, 1.0], [0.008615649913588985, -0.003136115256492475, 1.3080114340563114, 1.0], [0.008615649913588985, -0.003136115256492364, 1.3080114340563256, 1.0], [0.008615649913589207, -0.003136115256492475, 1.3080114340563114, 1.0], [0.008615649913588985, -0.0031361152564923778, 1.3080114340563256, 1.0], [0.008650893517833158, -0.0030262125191333755, 1.4644354886651456, 1.0], [0.00880329903905852, -0.0025509551119922147, 2.1408671444577863, 1.0], [0.008803299039058576, -0.002550955111992187, 2.1408671444578005, 1.0], [0.008803299039058576, -0.0025509551119922147, 2.1408671444577863, 1.0], [0.008803299039058798, -0.002550955111992159, 2.1408671444577863, 1.0], [0.008803299039058632, -0.0025509551119922147, 2.1408671444578005, 1.0], [0.00880329903905852, -0.002550955111992159, 2.1408671444577863, 1.0], [0.008803299039058576, -0.0025509551119922147, 2.1408671444578005, 1.0], [0.008739885447168028, -0.0027415257549688044, 2.637473718710112, 1.0], [0.008546677006276593, -0.003322156116875419, 4.150533917434416, 1.0], [0.008546677006276593, -0.0033221561168753078, 4.150533917434416, 1.0], [0.008546677006276537, -0.0033221561168753078, 4.150533917434402, 1.0], [0.008247543828638848, -0.0037893796614346664, 5.772623533486595, 1.0], [0.006568941224827707, -0.006411230786917577, 14.875070392178714, 1.0], [0.006568941224827596, -0.006411230786917604, 14.875070392178714, 0.0]], [[0.0, 0.0, 0.0, 1.0], [-0.010981286720506578, -0.011251904927543577, 9.083422327701825, 1.0], [-0.011596909220215279, -0.009824465341784161, 11.70225613920051, 1.0], [-0.005099473844936975, 0.010797385287128203, 28.58637147218735, 1.0], [-0.00024377882538229034, 0.015772742010593865, 9.634424286448883, 1.0], [-0.002083099059994653, 0.015529553862017098, 7.244692217131558, 1.0], [-0.0040621755201457055, 0.015267887659917545, 4.6733822323582075, 1.0], [-0.0040621755201458165, 0.0152678876599176, 4.673382232358222, 1.0], [-0.0040621755201457055, 0.01526788765991749, 4.6733822323582075, 1.0], [-0.005038911037708649, 0.014973493252400077, 3.1490414539122185, 1.0], [-0.005219339250905175, 0.014919111021009596, 2.867456441376092, 1.0], [-0.0052193392509050085, 0.014919111021009651, 2.867456441376092, 1.0], [-0.0052193392509051195, 0.014919111021009651, 2.867456441376092, 1.0], [-0.005219339250905175, 0.014919111021009568, 2.867456441376092, 1.0], [-0.00534152709239083, 0.014874929466984849, 2.612692345300772, 1.0], [-0.005681788161620238, 0.014751895434875678, 1.903241202881432, 1.0], [-0.005681788161620238, 0.014751895434875623, 1.9032412028814463, 1.0], [-0.005681788161620349, 0.014751895434875706, 1.9032412028814463, 1.0], [-0.005681788161620238, 0.014751895434875706, 1.903241202881432, 1.0], [-0.005681788161620266, 0.014751895434875609, 1.903241202881432, 1.0], [-0.00568178816162046, 0.014751895434875692, 1.9032412028814463, 1.0], [-0.005681788161620266, 0.014751895434875616, 1.9032412028814463, 1.0], [-0.005681788161620266, 0.014751895434875699, 1.9032412028814463, 1.0], [-0.005884372482835409, 0.014670124919859827, 1.7634248293143884, 1.0], [-0.006291820237979889, 0.014505663955751678, 1.4822191209918145, 1.0], [-0.0062918202379798616, 0.01450566395575168, 1.4822191209918145, 1.0], [-0.006291820237979834, 0.01450566395575168, 1.4822191209918145, 1.0], [-0.006291820237979889, 0.01450566395575158, 1.4822191209918287, 1.0], [-0.0062918202379798616, 0.014505663955751775, 1.4822191209918145, 1.0], [-0.006291820237980056, 0.014505663955751584, 1.4822191209918145, 1.0], [-0.0062918202379798616, 0.014505663955751681, 1.4822191209918287, 1.0], [-0.006291820237979889, 0.014505663955751674, 1.4822191209918145, 1.0], [-0.0062918202379798616, 0.014505663955751674, 1.4822191209918145, 1.0], [-0.0062918202379798616, 0.014505663955751688, 1.4822191209918287, 1.0], [-0.006291820237980028, 0.01450566395575166, 1.4822191209918287, 1.0], [-0.006112974381028757, 0.014580743552617542, 1.7469676301095944, 1.0], [-0.006084534489856741, 0.014592682635806348, 1.7890676760133317, 1.0], [-0.006084534489856547, 0.014592682635806431, 1.7890676760133317, 1.0], [-0.006084534489856547, 0.014592682635806348, 1.7890676760133033, 1.0], [-0.006084534489856741, 0.014592682635806431, 1.7890676760133317, 1.0], [-0.006084534489856561, 0.014592682635806375, 1.7890676760133317, 1.0], [-0.006084534489856561, 0.014592682635806514, 1.7890676760133317, 1.0], [-0.006084534489856741, 0.01459268263580632, 1.7890676760133317, 1.0], [-0.006084534489856561, 0.014592682635806348, 1.7890676760133033, 1.0], [-0.006137441399315491, 0.014570602959017409, 1.855354645718677, 1.0], [-0.006231236222803568, 0.014531459501039956, 1.972870007826657, 1.0], [-0.006231236222803568, 0.0145314595010399, 1.9728700078266286, 1.0], [-0.006231236222803582, 0.014531459501040067, 1.972870007826657, 1.0], 