{"text": "な", "text_ids": [21], "strokes": [[[0.0, 0.0, 0.0, 1.0], [-0.0006931060372241606, -0.007259432629038084, 9.793272775354868, 1.0], [-0.0006931060372241606, -0.007259432629038084, 5.004805160460808, 1.0], [-0.0006931060372241536, -0.007259432629038011, 1.3990389679078383, 1.0], [-0.000693106037224161, -0.007259432629038089, 1.3990389679078383, 1.0], [0.004196628123567755, -0.004861780443178098, 5.744620077328555, 1.0], [0.006302510044868558, -0.003530369432986541, 7.107360569224131, 1.0], [0.0072569568336499435, -0.0007181249967952372, 3.963943742407235, 1.0], [0.007256956833649641, -0.0007181249967952094, 3.9639437424072455, 1.0], [0.007256956833649943, -0.0007181249967952441, 3.9639437424072383, 1.0], [0.007256956833649641, -0.0007181249967952094, 3.9639437424072383, 1.0], [0.007256956833649936, -0.0007181249967952372, 2.478555001399819, 1.0], [0.007256956833649644, -0.0007181249967952094, 2.1621511322202807, 1.0], [0.007256956833649644, -0.0007181249967952164, 2.1621511322202807, 1.0], [0.00725695683364995, -0.0007181249967952372, 2.1621511322202807, 1.0], [0.007256956833649644, -0.0007181249967952094, 2.1621511322202736, 1.0], [0.007256956833649936, -0.0007181249967952372, 2.1621511322202807, 1.0], [0.00725695683364963, -0.0007181249967952164, 2.1621511322202807, 1.0], [0.00725695683364995, -0.0007181249967952372, 2.1621511322202736, 1.0], [0.007014543157061973, -0.001993092735038185, 1.4050995724611681, 1.0], [0.007004929537342705, -0.002043655290593277, 1.3750764899939156, 1.0], [0.0070049295373429965, -0.0020436552905933117, 1.3750764899939156, 1.0], [0.007004929537342719, -0.0020436552905932076, 1.3750764899939014, 1.0], [0.0070049295373429965, -0.0020436552905933117, 1.3750764899939156, 1.0], [0.007004929537342691, -0.0020436552905932007, 1.3750764899939156, 1.0], [0.007004929537343024, -0.0020436552905933117, 1.3750764899939156, 1.0], [0.007004929537342719, -0.002043655290593284, 1.3750764899939156, 1.0], [0.0070049295373429965, -0.0020436552905932423, 1.3750764899939156, 1.0], [0.007004929537342691, -0.002043655290593277, 1.3750764899939156, 1.0], [0.0070049295373429965, -0.0020436552905933048, 1.3750764899939156, 1.0], [0.00693396094400453, -0.002252761795120753, 1.459348118176905, 1.0], [0.0067873269102512734, -0.002684813901562458, 1.6334686437531047, 1.0], [0.0067873269102512734, -0.002684813901562458, 1.633468643753119, 1.0], [0.006787326910251246, -0.0026848139015624717, 1.6334686437531047, 1.0], [0.006787326910251301, -0.002684813901562458, 1.6334686437531047, 1.0], [0.0067873269102512734, -0.002684813901562444, 1.6334686437531047, 1.0], [0.0067873269102512734, -0.0026848139015624717, 1.6334686437531047, 1.0], [0.006787326910251218, -0.002684813901562458, 1.633468643753119, 1.0], [0.006787326910251301, -0.002684813901562458, 1.6334686437530905, 1.0], [0.0067873269102512734, -0.002684813901562458, 1.6334686437531047, 1.0], [0.006787326910251579, -0.0026848139015624856, 1.633468643753119, 1.0], [0.006904879709744405, -0.0023607153362372735, 1.6742005415301122, 1.0], [0.006915263364624169, -0.0023320871141638555, 1.6777984649391726, 1.0], [0.0069152633646242245, -0.0023320871141638555, 1.6777984649391868, 1.0], [0.006915263364623947, -0.002332087114163897, 1.6777984649391868, 1.0], [0.006915263364624169, -0.0023320871141638694, 1.6777984649391726, 1.0], [0.0069152633646238915, -0.0023320871141638277, 1.6777984649391726, 1.0], [0.00691526336462428, -0.0023320871141638416, 1.6777984649391868, 1.0], [0.006915263364624169, -0.0023320871141639388, 1.6777984649391868, 1.0], [0.0069152633646238915, -0.0023320871141638277, 1.6777984649391868, 1.0], [0.006991649146274537, -0.002057014411668362, 2.1644552750492494, 1.0], [0.00711494849492722, -0.0016130013464459164, 2.9500002600949387, 1.0], [0.00711494849492772, -0.0016130013464459997, 2.950000260094953, 1.0], [0.007114948494927498, -0.0016130013464459442, 2.950000260094953, 1.0], [0.007114948494927165, -0.0016130013464459303, 2.9500002600949387, 1.0], [0.007114948494927442, -0.0016130013464459303, 2.950000260094967, 1.0], [0.00696447536853706, -0.002136348208260447, 4.696891167758366, 1.0], [0.006872179340089435, -0.0024573546099007637, 5.76838543903915, 1.0], [0.006872179340089046, -0.0024573546099006527, 5.76838543903915, 1.0], [0.006872179340089102, -0.0024573546099006527, 5.768385439039093, 1.0], [0.006872179340089102, -0.0024573546099006527, 5.768385439039179, 1.0], [0.006872179340089046, -0.0024573546099006527, 5.76838543903915, 1.0], [0.0071230125699241476, -0.0012487254363312272, 17.58271335761529, 1.0], [0.00464134340884953, -0.005640985094533202, 0.0, 0.0]], [[0.0, 0.0, 0.0, 1.0], [-0.005904972967877731, -0.0048586087142127865, 14.078294831294944, 1.0], [-0.006034406215698507, -0.004435700259872777, 2.143156393267102, 1.0], [-0.007622841475247111, 0.0007543317585408937, 4.099756698616474, 1.0], [-0.00255925484264502, 0.005677586958299868, 3.2321825136023286, 1.0], [-0.0005350419600969603, 0.007645701127663274, 2.1743718007636907, 1.0], [-0.0005350419600966272, 0.007645701127663246, 2.1743718007636943, 1.0], [-0.0005350419600969603, 0.007645701127663274, 2.1743718007636943, 1.0], [0.0001915932994819569, 0.007634046465315708, 2.4264653485981924, 1.0], [0.0007280513813721357, 0.00762544209644464, 2.612580210690858, 1.0], [0.0007280513813721079, 0.00762544209644464, 2.612580210690851, 1.0], [0.0007280513813721357, 0.007625442096444723, 2.612580210690858, 1.0], [0.0007280513813721357, 0.007625442096444723, 2.612580210690858, 1.0], [0.0007280513813721079, 0.00762544209644464, 2.612580210690858, 1.0], [0.0004986035206206163, 0.007640457375835422, 2.1837272669844765, 1.0], [0.00021937499017726791, 0.007658730348112305, 1.6618310206849856, 1.0], [0.00021937499017693485, 0.007658730348112319, 1.6618310206849856, 1.0], [0.0002193749901772124, 0.007658730348112222, 1.6618310206849785, 1.0], [0.0002193749901769626, 0.007658730348112333, 1.6618310206849856, 1.0], [0.0002193749901772124, 0.007658730348112222, 1.6618310206849856, 1.0], [0.00021937499017693485, 0.007658730348112319, 1.6618310206849785, 1.0], [0.0002193749901772124, 0.007658730348112298, 1.6618310206849856, 1.0], [0.00021937499017693485, 0.00765873034811225, 1.6618310206849856, 1.0], [0.00021937499017724016, 0.007658730348112298, 1.6618310206849785, 1.0], [7.350290127097758e-05, 0.007657123593703238, 1.7144275254955659, 1.0], [-0.00043952243095674026, 0.0076514727133965565, 1.8994069794596413, 1.0], [-0.0004395224309567125, 0.007651472713396629, 1.8994069794596555, 1.0], [-0.00043952243095643495, 0.007651472713396448, 1.899406979459627, 1.0], [-0.0004395224309567125, 0.007651472713396626, 1.8994069794596413, 1.0], [-0.00043952243095643495, 0.00765147271339653, 1.8994069794596555, 1.0], [-0.00043952243095674026, 0.0076514727133965565, 1.8994069794596413, 1.0], [-0.0004395224309567125, 0.007651472713396553, 1.8994069794596413, 1.0], [-0.0004395224309564627, 0.007651472713396598, 1.8994069794596555, 1.0], [-0.0006984334750160248, 0.007621042035296087, 1.8222397831278414, 1.0], [-0.0013941167695605272, 0.007539276058595133, 1.6148947099582927, 1.0], [-0.0013941167695604995, 0.007539276058595223, 1.6148947099583069, 1.0], [-0.0013941167695605272, 0.00753927605859514, 1.6148947099582927, 1.0], [-0.0013941167695608048, 0.007539276058595154, 1.6148947099582927, 1.0], [-0.0013941167695605272, 0.007539276058595154, 1.6148947099582927, 1.0], [-0.0013941167695604995, 0.00753927605859514, 1.6148947099583069, 1.0], [-0.0013941167695605272, 0.007539276058595279, 1.6148947099582927, 1.0], [-0.0013941167695605272, 0.007539276058595154, 1.6148947099583069, 1.0], [-0.0013941167695605272, 0.007539276058595126, 1.6148947099582927, 1.0], [-0.0017708464723985573, 0.007443069813396416, 1.9499041670989783, 1.0], [-0.0024306273834386327, 0.007274580194375463, 2.536618841239104, 1.0], [-0.002430627383438938, 0.007274580194375352, 2.5366188412390756, 1.0], [-0.002430627383438605, 0.007274580194375491, 2.536618841239104, 1.0], [-0.0024306273834389103, 