{"text": "な", "text_ids": [21], "strokes": [[[0.0, 0.0, 0.0, 1.0], [-0.0068193164275643205, -0.0048698961730353745, 11.299902498096172, 1.0], [-0.005316767875070836, -0.006356167906996044, 2.6341666982555765, 1.0], [-0.004759576723688973, -0.006610324833117827, 1.3577715525047562, 1.0], [0.004486325516820629, -0.006322636257906768, 9.561455959927532, 1.0], [0.007297555611291346, -0.002638253115466612, 3.747626843363175, 1.0], [0.007680650269995176, -0.0021361713025041633, 2.95535911488669, 1.0], [0.007680650269994789, -0.0021361713025042084, 2.9553591148866865, 1.0], [0.0076806502699951745, -0.0021361713025041633, 2.955359114886697, 1.0], [0.007680650269995159, -0.00213617130250425, 2.95535911488669, 1.0], [0.007666539541659304, -0.002173268573230802, 2.8165305394668962, 1.0], [0.0075702447684730945, -0.002426428664295467, 1.8691332213562362, 1.0], [0.007570244768473081, -0.0024264286642955712, 1.8691332213562362, 1.0], [0.0075702447684730945, -0.0024264286642954602, 1.8691332213562362, 1.0], [0.007570244768473081, -0.0024264286642955643, 1.869133221356229, 1.0], [0.0075702447684730945, -0.002426428664295467, 1.8691332213562433, 1.0], [0.007570244768473081, -0.0024264286642955643, 1.869133221356229, 1.0], [0.007570244768473455, -0.0024264286642955157, 1.8691332213562362, 1.0], [0.007570244768473067, -0.0024264286642955574, 1.8691332213562362, 1.0], [0.007561389675416932, -0.0024462136090046063, 1.8520396952834588, 1.0], [0.007299308897991658, -0.0030317809946655006, 1.3461291900311494, 1.0], [0.007299308897992032, -0.0030317809946656463, 1.3461291900311423, 1.0], [0.0072993088979916715, -0.0030317809946655006, 1.3461291900311494, 1.0], [0.0072993088979916715, -0.0030317809946655977, 1.3461291900311494, 1.0], [0.007299308897992018, -0.0030317809946656393, 1.3461291900311352, 1.0], [0.007299308897991658, -0.0030317809946655006, 1.3461291900311494, 1.0], [0.007299308897991685, -0.0030317809946655977, 1.3461291900311494, 1.0], [0.007299308897991991, -0.0030317809946656393, 1.3461291900311494, 1.0], [0.007299308897991685, -0.0030317809946655006, 1.3461291900311352, 1.0], [0.007299308897992046, -0.0030317809946656393, 1.3461291900311494, 1.0], [0.007299308897991658, -0.0030317809946655977, 1.3461291900311494, 1.0], [0.007299308897991658, -0.0030317809946655144, 1.3461291900311494, 1.0], [0.007368727287205695, -0.0028827241685913246, 1.3919367816228743, 1.0], [0.007471187384625877, -0.0026627193961719225, 1.459547833250852, 1.0], [0.007471187384626238, -0.0026627193961720474, 1.4595478332508662, 1.0], [0.007471187384625849, -0.002662719396171992, 1.4595478332508662, 1.0], [0.007471187384625849, -0.002662719396172006, 1.459547833250852, 1.0], [0.007471187384625877, -0.0026627193961719225, 1.459547833250852, 1.0], [0.007471187384625877, -0.002662719396172006, 1.4595478332508662, 1.0], [0.007471187384626238, -0.0026627193961720336, 1.459547833250852, 1.0], [0.007471187384625794, -0.002662719396172006, 1.4595478332508662, 1.0], [0.007471187384625877, -0.0026627193961719087, 1.4595478332508662, 1.0], [0.0074711873846258214, -0.0026627193961720197, 1.459547833250852, 1.0], [0.0074711873846259325, -0.002662719396171992, 1.4595478332508662, 1.0], [0.007712707263058283, -0.002017424133263307, 1.9284148673176276, 1.0], [0.007790473246001295, -0.0018096481906193507, 2.079383417030556, 1.0], [0.007790473246001239, -0.0018096481906192396, 2.07938341703057, 1.0], [0.007790473246001295, -0.0018096481906192674, 2.07938341703057, 1.0], [0.007790473246001128, -0.001809648190619323, 2.079383417030556, 1.0], [0.007790473246001295, -0.0018096481906192674, 2.07938341703057, 1.0], [0.007790473246001239, -0.0018096481906193507, 2.079383417030556, 1.0], [0.007790473246001239, -0.0018096481906192396, 2.07938341703057, 1.0], [0.007908881541447033, -0.0013551194401385802, 2.299646534292563, 1.0], [0.007994296084541663, -0.001027242365314096, 2.458534671738647, 1.0], [0.007994296084541275, -0.0010272423653140128, 2.458534671738647, 1.0], [0.007994296084541663, -0.001027242365314096, 2.458534671738633, 1.0], [0.007994296084541663, -0.0010272423653140683, 2.458534671738647, 1.0], [0.007994296084541719, -0.001027242365314096, 2.458534671738647, 1.0], [0.007994296084541275, -0.0010272423653140406, 2.7875494316335505, 1.0], [0.007994296084541663, -0.0010272423653140683, 6.965848236592905, 1.0], [0.007994296084541663, -0.001027242365314096, 6.965848236592848, 1.0], [0.00792710766099114, 0.0012800798570502536, 8.471125080549967, 1.0], [0.007888072294760018, 0.0026205960234238768, 9.34566610678118, 1.0], [0.002813180593586928, 0.006926998221446989, 18.743034983281888, 0.0]], [[0.0, 0.0, 0.0, 1.0], [-0.011775244096239673, -0.007438746825168152, 14.354146428839611, 1.0], [-0.012635108679529855, -0.005903420830815964, 1.1386109693923476, 1.0], [-0.013031004269293489, -0.0016787749390893003, 4.301294307060431, 1.0], [-0.012526749821443472, 0.0026916485009214064, 6.762441597273462, 1.0], [-0.004505933071393964, 0.012214731698626191, 5.9844811978164465, 1.0], [-0.004505933071394047, 0.012214731698626191, 5.984481197816436, 1.0], [-0.003900887761530386, 0.012406896793596522, 5.505017797294741, 1.0], [-0.0021078975705318137, 0.012976358492938794, 4.084176812225465, 1.0], [-0.0021078975705318415, 0.012976358492938683, 4.084176812225458, 1.0], [-0.002107897570531869, 0.012976358492938767, 4.084176812225465, 1.0], [-0.00199523743944921, 0.012996570581133626, 3.9921461531947813, 1.0], [-0.0008547711413093295, 0.013201178947729458, 3.0605134273017853, 1.0], [-0.0008547711413093018, 0.013201178947729375, 3.0605134273017995, 1.0], [-0.0008547711413097459, 0.013201178947729403, 3.0605134273017853, 1.0], [-0.000854771141309274, 0.013201178947729458, 3.0605134273017995, 1.0], [-0.0008547711413093573, 0.013201178947729375, 3.0605134273017853, 1.0], [-0.001257981393455343, 0.013136189871023052, 2.6036276994581584, 1.0], [-0.0016080413791349224, 0.013079767507900658, 2.2069676182840823, 1.0], [-0.0016080413791352555, 0.013079767507900714, 2.2069676182840823, 1.0], [-0.0016080413791352832, 0.013079767507900616, 2.2069676182840823, 1.0], [-0.0016080413791352832, 0.013079767507900728, 2.2069676182840823, 1.0], [-0.0016080413791349224, 0.013079767507900665, 2.2069676182840823, 1.0], [-0.0016080413791352832, 0.013079767507900623, 2.2069676182840823, 1.0], [-0.001608041379135311, 0.013079767507900714, 2.2069676182840823, 1.0], [-0.0010341711383199947, 0.013173587930690626, 1.9247254821636943, 1.0], [-0.0009186272037231269, 0.013192477881804516, 1.8678984076840806, 1.0], [-0.00091862720372346, 0.013192477881804561, 1.8678984076840806, 1.0], [-0.0009186272037230714, 0.013192477881804426, 1.8678984076840948, 1.0], [-0.0009186272037231269, 0.01319247788180452, 1.8678984076840806, 1.0], [-0.0009186272037230714, 0.013192477881804516, 1.8678984076840806, 1.0], [-0.0009186272037230991, 0.013192477881804512, 1.8678984076840948, 1.0], [-0.0009186272037234322, 0.013192477881804561, 1.8678984076840806, 1.0], [-0.0009186272037230991, 0.013192477881804526, 1.8678984076840806, 1.0], [-0.0011224373203878868, 0.013162189485297085, 1.6521568769216657, 1.0], [-0.0011973360390478416, 0.01315105872238033, 1.5728734513478457, 1.0], [-0.001197336039047453, 0.013151058722380204, 1.5728734513478315, 1.0], [-0.0011973360390478138, 0.01315105872238033, 1.5728734513478457, 1.0], [-0.0011973360390478416, 0.013151058722380232, 1.5728734513478457, 1.0], [-0.0011973360390478138, 0.013151058722380343, 1.5728734513478457, 1.0], [-0.001197336039047453, 0.013151058722380288, 1.5728734513478457, 1.0], [-0.0011973360390478416, 0.013151058722380149, 1.5728734513478315, 1.0], [-0.001197336039047786, 0.01315105872238051, 1.5728734513478457, 1.0], [-0.0011973360390478693, 0.013151058722380149, 1.5728734513478457, 1.0], [-0.0007383862744883007, 0.013210305016315621, 1.8104872170767266, 1.0], [-0.0003760235843337234, 0.01325708278615012, 1.9980945981371292, 1.0], [-0.00037602358433375116, 0.013257082786149899, 1.9980945981371292, 1.0], [-0.00037602358433369565,