{"text": "な", "text_ids": [21], "strokes": [[[0.0, 0.0, 0.0, 1.0], [-0.007573353423775809, -0.0029117452486449235, 9.086241753935065, 1.0], [-0.004277511302624807, -0.0009744978431155816, 13.5690669330862, 1.0], [0.006454434834970821, 0.004435660552330469, 24.886111143805703, 1.0], [0.00815050253734694, -0.0008298131350784097, 4.317459022131587, 1.0], [0.00815050253734694, -0.0008298131350784098, 4.317459022131594, 1.0], [0.00815050253734694, -0.0008298131350784098, 4.317459022131587, 1.0], [0.008075904477677379, -0.0011975091724646635, 3.969164188577757, 1.0], [0.007753495799928442, -0.0027866710588771546, 2.4638532294151503, 1.0], [0.007753495799928442, -0.002786671058877154, 2.4638532294151503, 1.0], [0.007753495799928803, -0.0027866710588772808, 2.4638532294151645, 1.0], [0.007753495799928435, -0.002786671058877156, 2.4638532294151503, 1.0], [0.007753495799928442, -0.002786671058877154, 2.4638532294151503, 1.0], [0.007753495799928442, -0.002786671058877154, 2.4638532294151645, 1.0], [0.007599711056535771, -0.0031921753988556276, 1.9383311952551594, 1.0], [0.0075319064842244154, -0.0033709645799908892, 1.706625526800309, 1.0], [0.007531906484224818, -0.0033709645799908407, 1.706625526800309, 1.0], [0.00753190648422479, -0.003370964579990931, 1.7066255268003232, 1.0], [0.007531906484224804, -0.003370964579990837, 1.706625526800309, 1.0], [0.00753190648422479, -0.0033709645799909274, 1.7066255268003232, 1.0], [0.007531906484224818, -0.003370964579990837, 1.706625526800309, 1.0], [0.007531906484224776, -0.0033709645799909274, 1.706625526800309, 1.0], [0.007531906484224804, -0.003370964579990837, 1.7066255268003232, 1.0], [0.007531906484224804, -0.0033709645799909274, 1.7066255268003232, 1.0], [0.007147025666399215, -0.004122258946214, 1.4666501030379777, 1.0], [0.007006708755658175, -0.004396160111570881, 1.3791616947913496, 1.0], [0.00700670875565812, -0.004396160111570971, 1.3791616947913496, 1.0], [0.0070067087556581475, -0.004396160111570957, 1.3791616947913639, 1.0], [0.007006708755658175, -0.004396160111570874, 1.3791616947913496, 1.0], [0.007006708755657759, -0.004396160111570943, 1.3791616947913496, 1.0], [0.0070067087556581475, -0.004396160111570874, 1.3791616947913496, 1.0], [0.0070067087556581475, -0.004396160111570971, 1.3791616947913639, 1.0], [0.0070067087556581475, -0.004396160111570957, 1.3791616947913496, 1.0], [0.0070067087556581475, -0.004396160111570874, 1.3791616947913496, 1.0], [0.007006708755657787, -0.004396160111570943, 1.3791616947913639, 1.0], [0.00700670875565812, -0.004396160111570971, 1.3791616947913496, 1.0], [0.007006708755658175, -0.004396160111570874, 1.4341256006044318, 1.0], [0.007006708755658092, -0.004396160111570971, 1.5143736256558356, 1.0], [0.007006708755658231, -0.004396160111570888, 1.5143736256558498, 1.0], [0.007006708755657731, -0.004396160111570915, 1.5143736256558498, 1.0], [0.007006708755658175, -0.004396160111570985, 1.5143736256558498, 1.0], [0.007006708755658175, -0.004396160111570874, 1.5143736256558356, 1.0], [0.007006708755658064, -0.004396160111570957, 1.5143736256558356, 1.0], [0.007006708755658175, -0.004396160111570874, 1.5143736256558498, 1.0], [0.007006708755657787, -0.004396160111570957, 1.5143736256558498, 1.0], [0.00700670875565812, -0.004396160111570874, 1.5143736256558498, 1.0], [0.007006708755658175, -0.004396160111570957, 1.5143736256558498, 1.0], [0.0071614792170838215, -0.004127420365748535, 2.0841902827136494, 1.0], [0.007190723256173759, -0.0040766417122540255, 2.1918577306214218, 1.0], [0.007190723256173759, -0.004076641712254109, 2.1918577306214218, 1.0], [0.007190723256174092, -0.0040766417122540255, 2.19185773062145, 1.0], [0.007190723256173703, -0.0040766417122541365, 2.1918577306214218, 1.0], [0.007190723256173759, -0.004076641712253998, 2.1918577306214218, 1.0], [0.007190723256174092, -0.004076641712254164, 2.1918577306214218, 1.0], [0.007175063680457117, -0.0041038326268449665, 2.416113113973381, 1.0], [0.007006708755658064, -0.004396160111570874, 4.82706593177798, 1.0], [0.007006708755657787, -0.0043961601115709015, 4.827065931778009, 1.0], [0.007006708755658175, -0.004396160111570957, 4.827065931778009, 1.0], [0.006053954543014717, -0.005504725143657574, 10.200610418517613, 1.0], [0.00013298874228145907, -0.005836554819677098, 14.770309634966566, 1.0], [-0.006862652096473909, -0.003168342481135511, 13.762735511873274, 1.0], [-0.008150502537346949, 0.0008298131350784055, 10.793647555328988, 1.0], [-0.007280185204383116, 0.003543461030961814, 9.494475547974702, 1.0], [-0.007006708755658175, 0.004396160111570929, 9.086241753935099, 0.0]], [[0.0, 0.0, 0.0, 1.0], [-0.011485102526007873, -0.007691416294625497, 16.049496238166824, 1.0], [-0.01219703360547969, 0.0008886891233070293, 33.064760223149875, 1.0], [-0.00549867634324816, 0.015178049381117054, 24.274784853708354, 1.0], [-0.0050602844798998126, 0.015609023030410007, 9.900003920713317, 1.0], [-0.006127463323693266, 0.015284982985868167, 6.405481046603612, 1.0], [-0.0061274633236932385, 0.015284982985868112, 6.405481046603626, 1.0], [-0.004607608953325348, 0.015769389818741764, 3.8696947607977137, 1.0], [-0.004359155464525477, 0.015848576726364277, 3.455164946729454, 1.0], [-0.004359155464525477, 0.01584857672636436, 3.455164946729454, 1.0], [-0.004359155464525116, 0.01584857672636425, 3.4551649467294396, 1.0], [-0.004472444798205855, 0.015817678131975293, 3.2732111210709007, 1.0], [-0.0048544138343033505, 0.01571349968964386, 2.6597312360416083, 1.0], [-0.004854413834303406, 0.015713499689643834, 2.6597312360416225, 1.0], [-0.004854413834303711, 0.01571349968964389, 2.6597312360416225, 1.0], [-0.004854413834303378, 0.015713499689643834, 2.6597312360416225, 1.0], [-0.004854413834303406, 0.015713499689643848, 2.6597312360416083, 1.0], [-0.004854413834303711, 0.015713499689643876, 2.6597312360416367, 1.0], [-0.004854413834303378, 0.015713499689643834, 2.1030995602181406, 1.0], [-0.004854413834303378, 0.015713499689643848, 1.9947984270312134, 1.0], [-0.004854413834303378, 0.015713499689643848, 1.9947984270312134, 1.0], [-0.004854413834303739, 0.015713499689643876, 1.9947984270312134, 1.0], [-0.004854413834303378, 0.015713499689643844, 1.9947984270312134, 1.0], [-0.0048544138343033505, 0.01571349968964384, 1.9947984270312134, 1.0], [-0.004854413834303767, 0.015713499689643882, 1.9947984270312134, 1.0], [-0.0048544138343033505, 0.015713499689643844, 1.9947984270312134, 1.0], [-0.00517179291081965, 0.01560981366029535, 1.866122733506046, 1.0], [-0.0058620932449494345, 0.01538429627115448, 1.586252758428202, 1.0], [-0.005862093244949851, 0.015384296271154514, 1.586252758428202, 1.0], [-0.0058620932449494345, 0.015384296271154577, 1.5862527584282304, 1.0], [-0.005862093244949837, 0.015384296271154521, 1.5862527584282304, 1.0], [-0.0058620932449494345, 0.015384296271154563, 1.586252758428202, 1.0], [-0.005862093244949476, 0.015384296271154493, 1.5862527584282304, 1.0], [-0.005862093244949823, 0.015384296271154507, 1.586252758428202, 1.0], [-0.005862093244949448, 0.01538429627115448, 1.5862527584282304, 1.0], [-0.005862093244949462, 0.01538429627115459, 1.586252758428202, 1.0], [-0.005764963573453394, 0.015418105564053819, 1.722130022073685, 1.0], [-0.005436637289333329, 0.015532390718479921, 2.1814343353875927, 1.0], [-0.005436637289333704, 0.01553239071847995, 2.181434335387621, 1.0], [-0.005436637289333308, 0.015532390718480005, 2.1814343353876495, 1.0], [-0.005436637289333704, 0.015532390718479866, 2.181434335387621, 1.0], [-0.005436637289333322, 0.015532390718480005, 2.181434335387621, 1.0], [-0.005436637289333697, 0.015532390718479838, 2.181434335387621, 1.0], [-0.005436637289333322, 0.015532390718480005, 2.181434335387621, 1.0], [-0.005531080615797226, 0.015500253302219491, 2.5382020333260016, 1.0], [-0.00565361979785034, 0.015458555356484938, 3.0011042152524965, 1.0], [-0.005653619797850153, 0.015458555356485049, 3.001104215252468, 1.0], [-0.005653619797850524, 0.015458555356484993, 3.0011042152524965, 1.0], 