{"text": "な", "text_ids": [21], "strokes": [[[0.0, 0.0, 0.0, 1.0], [-0.009764168842454193, -0.0008797141549208083, 12.563100757731105, 1.0], [-0.008868959214909915, -0.004316158493970921, 2.351955139730938, 1.0], [0.001320613707058136, -0.0020998495488587536, 10.29259322661009, 1.0], [0.010010727756861302, -0.0011712830843960105, 5.949573040917848, 1.0], [0.010000679959952147, -0.0014476616253378486, 2.772338702232993, 1.0], [0.01000067995995193, -0.0014476616253378434, 2.772338702232993, 1.0], [0.010000679959952147, -0.0014476616253378486, 2.772338702232993, 1.0], [0.010000679959951932, -0.0014476616253378434, 2.772338702232986, 1.0], [0.010000679959952151, -0.0014476616253378469, 2.772338702232993, 1.0], [0.009792374480204091, -0.002547698097850548, 2.0428485266244536, 1.0], [0.009678283905901489, -0.003150196856185228, 1.643300933427433, 1.0], [0.009678283905901704, -0.0031501968561852244, 1.643300933427433, 1.0], [0.009678283905901697, -0.0031501968561852313, 1.643300933427433, 1.0], [0.009678283905901683, -0.0031501968561852244, 1.643300933427433, 1.0], [0.00967828390590171, -0.003150196856185228, 1.643300933427433, 1.0], [0.009678283905901502, -0.003150196856185221, 1.643300933427433, 1.0], [0.009678283905901683, -0.0031501968561852348, 1.643300933427433, 1.0], [0.00967828390590171, -0.00315019685618511, 1.6433009334274402, 1.0], [0.009678283905901697, -0.0031501968561852348, 1.643300933427426, 1.0], [0.009645070143735807, -0.0032592624443443102, 1.4474372406708298, 1.0], [0.009567970394199349, -0.0035124385069693273, 0.9927750563805304, 1.0], [0.009567970394199155, -0.0035124385069694244, 0.9927750563805233, 1.0], [0.009567970394199404, -0.0035124385069693273, 0.9927750563805375, 1.0], [0.009567970394199377, -0.0035124385069693204, 0.9927750563805233, 1.0], [0.009567970394199155, -0.0035124385069693204, 0.9927750563805375, 1.0], [0.009567970394199404, -0.0035124385069694314, 0.9927750563805233, 1.0], [0.009567970394199155, -0.0035124385069693065, 0.9927750563805375, 1.0], [0.009567970394199349, -0.0035124385069693204, 0.9927750563805233, 1.0], [0.009567970394199404, -0.0035124385069693204, 0.9927750563805233, 1.0], [0.009567970394199155, -0.0035124385069694453, 0.9927750563805375, 1.0], [0.009567970394199349, -0.0035124385069693204, 0.9927750563805233, 1.0], [0.009567970394199377, -0.0035124385069693065, 0.9927750563805233, 1.0], [0.009567970394199155, -0.0035124385069693204, 0.9927750563805375, 1.0], [0.009567970394199432, -0.0035124385069694453, 0.9927750563805233, 1.0], [0.009567970394199155, -0.0035124385069693204, 0.9927750563805375, 1.0], [0.009555002805027302, -0.00355072591807859, 1.050981812592056, 1.0], [0.0094977404741029, -0.0037197956176249214, 1.3080114340563256, 1.0], [0.009497740474102845, -0.0037197956176250463, 1.3080114340563114, 1.0], [0.009497740474103178, -0.0037197956176249353, 1.3080114340563256, 1.0], [0.0094977404741029, -0.0037197956176249353, 1.3080114340563114, 1.0], [0.0094977404741029, -0.0037197956176250463, 1.3080114340563256, 1.0], [0.009497740474102845, -0.0037197956176249353, 1.3080114340563114, 1.0], [0.009497740474103178, -0.0037197956176250324, 1.3080114340563114, 1.0], [0.0094977404741029, -0.0037197956176249214, 1.3080114340563256, 1.0], [0.009497740474102956, -0.00371979561762506, 1.3080114340563114, 1.0], [0.0094977404741029, -0.0037197956176249214, 1.3080114340563256, 1.0], [0.009497740474103067, -0.00371979561762506, 1.3080114340563114, 1.0], [0.0094977404741029, -0.0037197956176249214, 1.3080114340563256, 1.0], [0.009535182854793045, -0.0036001683007273744, 1.4644354886651456, 1.0], [0.009697096645036263, -0.0030828584518717284, 2.1408671444577863, 1.0], [0.009697096645036318, -0.003082858451871673, 2.1408671444578005, 1.0], [0.009697096645036263, -0.0030828584518717284, 2.1408671444577863, 1.0], [0.00969709664503654, -0.003082858451871673, 2.1408671444577863, 1.0], [0.009697096645036318, -0.0030828584518717284, 2.1408671444578005, 1.0], [0.009697096645036263, -0.003082858451871673, 2.1408671444577863, 1.0], [0.009697096645036318, -0.0030828584518717284, 2.1408671444578005, 1.0], [0.009629644386328962, -0.003290218214374002, 2.637473718710112, 1.0], [0.00942413094116823, -0.0039220016415902614, 4.150533917434416, 1.0], [0.00942413094116834, -0.003922001641590178, 4.150533917434416, 1.0], [0.00942413094116823, -0.00392200164159015, 4.150533917434402, 1.0], [0.009100988297575774, -0.004425815370505071, 5.772623533486595, 1.0], [0.00728765522893926, -0.007252994367734522, 14.875070392178714, 1.0], [0.007287655228939038, -0.007252994367734522, 14.875070392178714, 0.0]], [[0.0, 0.0, 0.0, 1.0], [-0.011930443657255763, -0.012012876501021452, 9.083422327701825, 1.0], [-0.012622915296892856, -0.010424973412392624, 11.70225613920051, 1.0], [-0.005724257529405086, 0.01202524899498858, 28.58637147218735, 1.0], [-0.0004488651895042661, 0.01733709141210793, 9.634424286448883, 1.0], [-0.0024660171349106252, 0.017128437177015177, 7.244692217131558, 1.0], [-0.004636437411150829, 0.016903928862904427, 4.6733822323582075, 1.0], [-0.004636437411150884, 0.016903928862904538, 4.673382232358222, 1.0], [-0.004636437411150829, 0.01690392886290437, 4.6733822323582075, 1.0], [-0.005705709117183655, 0.016611564317219385, 3.1490414539122185, 1.0], [-0.005903231148349786, 0.016557557053603567, 2.867456441376092, 1.0], [-0.005903231148349508, 0.01655755705360365, 2.867456441376092, 1.0], [-0.005903231148349675, 0.016557557053603622, 2.867456441376092, 1.0], [-0.00590323114834973, 0.01655755705360354, 2.867456441376092, 1.0], [-0.006036910647409355, 0.016512903739257068, 2.612692345300772, 1.0], [-0.006409172966892418, 0.016388555978469693, 1.903241202881432, 1.0], [-0.0064091729668923625, 0.01638855597846961, 1.9032412028814463, 1.0], [-0.006409172966892418, 0.016388555978469693, 1.9032412028814463, 1.0], [-0.006409172966892418, 0.016388555978469693, 1.903241202881432, 1.0], [-0.0064091729668923625, 0.016388555978469596, 1.903241202881432, 1.0], [-0.0064091729668925845, 0.016388555978469693, 1.9032412028814463, 1.0], [-0.006409172966892418, 0.016388555978469582, 1.9032412028814463, 1.0], [-0.006409172966892418, 0.0163885559784697, 1.9032412028814463, 1.0], [-0.006630712328190069, 0.016305162604664664, 1.7634248293143884, 1.0], [-0.0070762834113590745, 0.016137437665503605, 1.4822191209918145, 1.0], [-0.007076283411359019, 0.016137437665503605, 1.4822191209918145, 1.0], [-0.007076283411359102, 0.016137437665503605, 1.4822191209918145, 1.0], [-0.007076283411359047, 0.016137437665503497, 1.4822191209918287, 1.0], [-0.007076283411359047, 0.016137437665503712, 1.4822191209918145, 1.0], [-0.007076283411359269, 0.016137437665503497, 1.4822191209918145, 1.0], [-0.0070762834113590745, 0.016137437665503615, 1.4822191209918287, 1.0], [-0.0070762834113590745, 0.0161374376655036, 1.4822191209918145, 1.0], [-0.0070762834113590745, 0.0161374376655036, 1.4822191209918145, 1.0], [-0.007076283411359019, 0.0161374376655036, 1.4822191209918287, 1.0], [-0.0070762834113592965, 0.0161374376655036, 1.4822191209918287, 1.0], [-0.006880736831930939, 0.0162142352470917, 1.7469676301095944, 1.0], [-0.006849641208399093, 0.016226447522510762, 1.7890676760133317, 1.0], [-0.006849641208398816, 0.0162264475225109, 1.7890676760133317, 1.0], [-0.006849641208398871, 0.016226447522510762, 1.7890676760133033, 1.0], [-0.006849641208399065, 0.016226447522510873, 1.7890676760133317, 1.0], [-0.006849641208398871, 0.01622644752251079, 1.7890676760133317, 1.0], [-0.006849641208398857, 0.016226447522510956, 1.7890676760133317, 1.0], [-0.006849641208399065, 0.01622644752251079, 1.7890676760133317, 1.0], [-0.006849641208398857, 0.016226447522510734, 1.7890676760133033, 1.0], [-0.006907490094345978, 0.01620387252065325, 1.855354645718677, 1.0], [-0.007010046189606128, 0.0161638509367778, 1.972870007826657, 1.0], [-0.007010046189606142, 0.016163850936777746, 1.9728700078266286, 1.0], [-0.007010046189606156, 0.016163850936777913, 1.972870007826657, 1.0], 