{"text": "な", "text_ids": [21], "strokes": [[[0.0, 0.0, 0.0, 1.0], [-0.007917617691892287, -0.004987864772224902, 8.065090291566946, 1.0], [-0.007917617691892287, -0.00498786477222498, 3.86766981447294, 1.0], [-0.0035516571554575563, -0.004478702760786614, 2.663800530013061, 1.0], [0.008122255265667195, -0.003117281217900246, 5.8655202120176515, 1.0], [0.008122255265667191, -0.003117281217900166, 5.86552021201765, 1.0], [0.007831163028549113, -0.0036830379355162687, 4.075104177712955, 1.0], [0.007587541030008838, -0.004156533153381287, 2.5766625263185823, 1.0], [0.007587541030009146, -0.004156533153381246, 2.576662526318586, 1.0], [0.007587541030008839, -0.004156533153381284, 2.5766625263185787, 1.0], [0.007587541030009148, -0.004156533153381256, 2.5766625263185787, 1.0], [0.007587541030008839, -0.004156533153381277, 2.576662526318586, 1.0], [0.007587541030009151, -0.004156533153381173, 2.576662526318586, 1.0], [0.00788208701549669, -0.003618313033952242, 1.773680582515773, 1.0], [0.00789866809469069, -0.0035880146395968343, 1.7284777691774096, 1.0], [0.007898668094691003, -0.003588014639596869, 1.7284777691774096, 1.0], [0.007898668094690683, -0.0035880146395969106, 1.7284777691774025, 1.0], [0.007898668094690683, -0.0035880146395968343, 1.7284777691774096, 1.0], [0.007898668094691016, -0.003588014639596862, 1.7284777691774096, 1.0], [0.007898668094690683, -0.0035880146395969176, 1.7284777691774096, 1.0], [0.007898668094690989, -0.0035880146395967927, 1.7284777691774025, 1.0], [0.007898668094690683, -0.0035880146395969037, 1.7284777691774096, 1.0], [0.007923589737619197, -0.0035355453937148396, 1.6901832587305208, 1.0], [0.008122255265667233, -0.003117281217900239, 1.384914494504173, 1.0], [0.008122255265667483, -0.003117281217900128, 1.3849144945041587, 1.0], [0.008122255265667178, -0.003117281217900253, 1.384914494504173, 1.0], [0.008122255265667205, -0.0031172812179001697, 1.3849144945041587, 1.0], [0.008122255265667205, -0.0031172812179001558, 1.384914494504173, 1.0], [0.00812225526566751, -0.003117281217900225, 1.3849144945041587, 1.0], [0.008122255265667178, -0.003117281217900225, 1.384914494504173, 1.0], [0.008122255265667205, -0.0031172812179001835, 1.384914494504173, 1.0], [0.00812225526566715, -0.0031172812179001697, 1.3849144945041587, 1.0], [0.008122255265667233, -0.003117281217900253, 1.384914494504173, 1.0], [0.00812225526566751, -0.003117281217900114, 1.384914494504173, 1.0], [0.00812225526566715, -0.003117281217900253, 1.3849144945041587, 1.0], [0.007740839069718508, -0.003872795350699454, 1.544803514648052, 1.0], [0.007666199474166191, -0.004020642426689119, 1.5760923060615966, 1.0], [0.0076661994741662465, -0.004020642426689147, 1.5760923060615966, 1.0], [0.007666199474166191, -0.004020642426689147, 1.5760923060615823, 1.0], [0.007666199474166302, -0.004020642426689203, 1.5760923060615966, 1.0], [0.0076661994741661355, -0.004020642426689119, 1.5760923060615823, 1.0], [0.0076661994741665795, -0.004020642426689064, 1.5760923060615823, 1.0], [0.0076661994741662465, -0.0040206424266892304, 1.5760923060615966, 1.0], [0.007666199474166191, -0.004020642426689119, 1.5760923060615966, 1.0], [0.0076661994741662465, -0.004020642426689147, 1.5760923060615823, 1.0], [0.007896972752798548, -0.003578956708801123, 1.7894015934333396, 1.0], [0.008003268463124047, -0.0033755133231467838, 1.887653272980316, 1.0], [0.008003268463124102, -0.0033755133231467838, 1.8876532729803017, 1.0], [0.008003268463124047, -0.0033755133231468115, 1.8876532729803017, 1.0], [0.008003268463123991, -0.0033755133231468115, 1.887653272980316, 1.0], [0.008003268463124047, -0.0033755133231467838, 1.8876532729803017, 1.0], [0.008003268463124102, -0.0033755133231467838, 1.887653272980316, 1.0], [0.008003268463124047, -0.0033755133231468115, 1.8876532729803017, 1.0], [0.008003268463123991, -0.0033755133231468115, 1.887653272980316, 1.0], [0.007814316373035035, -0.0037423839897809674, 2.6116499835456466, 1.0], [0.007724888396667573, -0.003916017958530638, 2.954305948304224, 1.0], [0.0077248883966678505, -0.003916017958530582, 2.9543059483042384, 1.0], [0.007724888396667906, -0.00391601795853061, 2.9543059483042384, 1.0], [0.0077248883966675175, -0.00391601795853061, 2.954305948304224, 1.0], [0.007724888396667795, -0.003916017958530582, 2.9543059483042526, 1.0], [0.005357603203786199, -0.006729871397072373, 6.9488032711131495, 1.0], [0.00516411971646491, -0.006959853900970592, 7.275282427252392, 1.0], [0.006134441847132521, -0.006023174919509655, 2.419494595294651, 1.0], [0.006502096697698578, -0.005668267451079123, 0.5796376103665466, 0.0]], [[0.38139569235673293, -0.3324854872940643, 0.0, 1.0], [-0.014260857182406605, -0.007206704047256041, 13.265995345673982, 1.0], [-0.016268408108931542, 0.0010482334377212021, 10.172606586279478, 1.0], [-0.011778734716683559, 0.00898498187272545, 12.510998545186748, 1.0], [-0.007658538638687595, 0.014279511868867889, 11.293739551444403, 1.0], [-0.00403044686080678, 0.01602019819965378, 5.288263426566722, 1.0], [-0.004030446860806447, 0.01602019819965378, 5.288263426566722, 1.0], [-0.0040871270477009225, 0.01599524362386523, 5.2616115179694845, 1.0], [-0.006802470395359472, 0.014799759891828523, 3.984814692177082, 1.0], [-0.006802470395359417, 0.014799759891828523, 3.984814692177096, 1.0], [-0.006802470395359472, 0.014799759891828496, 3.984814692177082, 1.0], [-0.006802470395359861, 0.014799759891828523, 3.984814692177096, 1.0], [-0.005951035733823051, 0.015225310484690197, 3.038547224390385, 1.0], [-0.00567362301354446, 0.015363962518622098, 2.7302362708795016, 1.0], [-0.005673623013544182, 0.015363962518622154, 2.730236270879516, 1.0], [-0.005673623013544182, 0.015363962518622098, 2.7302362708795016, 1.0], [-0.005673623013544127, 0.015363962518622154, 2.730236270879516, 1.0], [-0.005673623013544182, 0.01536396251862221, 2.7302362708795016, 1.0], [-0.0062172397966986925, 0.015094330478152021, 2.371895544500063, 1.0], [-0.006703816794227435, 0.014852989973673347, 2.051154242654377, 1.0], [-0.006703816794227435, 0.014852989973673278, 2.051154242654377, 1.0], [-0.006703816794227463, 0.014852989973673347, 2.051154242654391, 1.0], [-0.006703816794227435, 0.014852989973673347, 2.051154242654377, 1.0], [-0.006703816794227407, 0.014852989973673274, 2.051154242654377, 1.0], [-0.006703816794227435, 0.014852989973673424, 2.051154242654377, 1.0], [-0.006703816794227463, 0.014852989973673273, 2.051154242654377, 1.0], [-0.006548111237344972, 0.01493508199250655, 1.811776771788331, 1.0], [-0.006489699648666886, 0.014965878101096713, 1.7219763905624745, 1.0], [-0.006489699648666886, 0.014965878101096626, 1.7219763905624745, 1.0], [-0.00648969964866683, 0.014965878101096633, 1.7219763905624603, 1.0], [-0.006489699648666913, 0.014965878101096633, 1.7219763905624745, 1.0], [-0.00648969964866683, 0.014965878101096702, 1.7219763905624745, 1.0], [-0.006489699648666886, 0.014965878101096647, 1.7219763905624745, 1.0], [-0.006489699648666913, 0.014965878101096702, 1.7219763905624603, 1.0], [-0.006489699648666525, 0.014965878101096744, 1.7219763905624887, 1.0], [-0.006489699648666858, 0.014965878101096564, 1.7219763905624745, 1.0], [-0.0066538972845552324, 0.014879451073667477, 1.7688529152087256, 1.0], [-0.006681783869954855, 0.014864772697403328, 1.7768142125849806, 1.0], [-0.006681783869954563, 0.014864772697403356, 1.7768142125849806, 1.0], [-0.006681783869954869, 0.0148647726974033, 1.7768142125849806, 1.0], [-0.006681783869954563, 0.014864772697403356, 1.7768142125849522, 1.0], [-0.006681783869954855, 0.014864772697403467, 1.7768142125849806, 1.0], [-0.006681783869954563, 0.014864772697403356, 1.7768142125849806, 1.0], [-0.006681783869954869, 0.014864772697403494, 1.7768142125849806, 1.0], [-0.0066817838699545495, 0.014864772697403161, 1.7768142125849806, 1.0], [-0.006392305286602756, 0.015008107723110231, 2.0044608100500625, 1.0], [-0.0056736230135441545, 0.015363962518622154, 2.569634137298351, 1.0], [-0.005673623013544175, 0.015363962518622154, 