{"text": "な", "text_ids": [21], "strokes": [[[0.0, 0.0, 0.0, 1.0], [-0.00940353027254841, -0.001089354916368277, 12.563100757731105, 1.0], [-0.008646206380049109, -0.00436451712103642, 2.351955139730938, 1.0], [0.0012057084072322408, -0.0019818730412846392, 10.29259322661009, 1.0], [0.009579193966335192, -0.0008726080782567201, 5.949573040917848, 1.0], [0.009561307263780742, -0.001138075516375625, 2.772338702232993, 1.0], [0.009561307263780534, -0.0011380755163756286, 2.772338702232993, 1.0], [0.00956130726378074, -0.0011380755163756286, 2.772338702232993, 1.0], [0.009561307263780534, -0.0011380755163756268, 2.772338702232986, 1.0], [0.009561307263780738, -0.0011380755163756268, 2.772338702232993, 1.0], [0.009328470113610536, -0.0021989101054830425, 2.0428485266244536, 1.0], [0.009200943347564702, -0.0027799376793013475, 1.643300933427433, 1.0], [0.009200943347564917, -0.0027799376793013406, 1.643300933427433, 1.0], [0.009200943347564897, -0.0027799376793013475, 1.643300933427433, 1.0], [0.009200943347564897, -0.002779937679301344, 1.643300933427433, 1.0], [0.00920094334756491, -0.002779937679301344, 1.643300933427433, 1.0], [0.009200943347564716, -0.0027799376793013406, 1.643300933427433, 1.0], [0.009200943347564897, -0.0027799376793013475, 1.643300933427433, 1.0], [0.009200943347564897, -0.0027799376793012365, 1.6433009334274402, 1.0], [0.009200943347564924, -0.0027799376793013544, 1.643300933427426, 1.0], [0.009165794999356908, -0.0028854319058855965, 1.4474372406708298, 1.0], [0.00908420445776395, -0.003130317697702119, 0.9927750563805304, 1.0], [0.009084204457763728, -0.00313031769770223, 0.9927750563805233, 1.0], [0.009084204457763978, -0.003130317697702119, 0.9927750563805375, 1.0], [0.009084204457763922, -0.003130317697702119, 0.9927750563805233, 1.0], [0.009084204457763728, -0.003130317697702119, 0.9927750563805375, 1.0], [0.00908420445776395, -0.003130317697702216, 0.9927750563805233, 1.0], [0.009084204457763728, -0.003130317697702112, 0.9927750563805375, 1.0], [0.009084204457763922, -0.0031303176977021258, 0.9927750563805233, 1.0], [0.009084204457763978, -0.003130317697702112, 0.9927750563805233, 1.0], [0.009084204457763728, -0.0031303176977022368, 0.9927750563805375, 1.0], [0.00908420445776395, -0.0031303176977021258, 0.9927750563805233, 1.0], [0.009084204457763978, -0.003130317697702098, 0.9927750563805233, 1.0], [0.0090842044577637, -0.0031303176977021258, 0.9927750563805375, 1.0], [0.009084204457763922, -0.0031303176977022368, 0.9927750563805233, 1.0], [0.009084204457763811, -0.003130317697702112, 0.9927750563805375, 1.0], [0.009070609553056497, -0.0031673842256325496, 1.050981812592056, 1.0], [0.009010577119740903, -0.0033310627444683993, 1.3080114340563256, 1.0], [0.009010577119740792, -0.0033310627444685104, 1.3080114340563114, 1.0], [0.00901057711974107, -0.0033310627444683855, 1.3080114340563256, 1.0], [0.009010577119740792, -0.0033310627444683993, 1.3080114340563114, 1.0], [0.009010577119740903, -0.0033310627444685104, 1.3080114340563256, 1.0], [0.009010577119740848, -0.0033310627444683855, 1.3080114340563114, 1.0], [0.009010577119741014, -0.0033310627444684965, 1.3080114340563114, 1.0], [0.009010577119740848, -0.0033310627444683993, 1.3080114340563256, 1.0], [0.009010577119740848, -0.0033310627444685104, 1.3080114340563114, 1.0], [0.009010577119740903, -0.0033310627444683855, 1.3080114340563256, 1.0], [0.009010577119741014, -0.0033310627444685104, 1.3080114340563114, 1.0], [0.009010577119740792, -0.0033310627444683993, 1.3080114340563256, 1.0], [0.00905010132299705, -0.0032153272165825475, 1.4644354886651456, 1.0], [0.009221017633274042, -0.0027148468080056276, 2.1408671444577863, 1.0], [0.009221017633274098, -0.002714846808005572, 2.1408671444578005, 1.0], [0.009221017633274098, -0.0027148468080056276, 2.1408671444577863, 1.0], [0.009221017633274264, -0.002714846808005572, 2.1408671444577863, 1.0], [0.009221017633274153, -0.0027148468080056, 2.1408671444578005, 1.0], [0.009221017633274098, -0.002714846808005572, 2.1408671444577863, 1.0], [0.009221017633274042, -0.0027148468080056276, 2.1408671444578005, 1.0], [0.009150057826488922, -0.0029155246536716195, 2.637473718710112, 1.0], [0.008933857588871108, -0.003526949626247222, 4.150533917434416, 1.0], [0.008933857588871164, -0.003526949626247139, 4.150533917434416, 1.0], [0.008933857588871108, -0.003526949626247111, 4.150533917434402, 1.0], [0.008608502551741504, -0.00401852743043235, 5.772623533486595, 1.0], [0.00678275451268473, -0.006777043849764297, 14.875070392178714, 1.0], [0.00678275451268473, -0.006777043849764325, 14.875070392178714, 0.0]], [[0.3576026798893351, -0.3351864780236702, 0.0, 1.0], [-0.011815782420196597, -0.01182722412443038, 9.083422327701825, 1.0], [-0.012433493495562331, -0.010320846790467464, 11.70225613920051, 1.0], [-0.005139069663104956, 0.011395795226796734, 28.58637147218735, 1.0], [8.562187898458751e-05, 0.016625546050888285, 9.634424286448883, 1.0], [-0.00185782897092851, 0.016374669932018415, 7.244692217131558, 1.0], [-0.00394894815514929, 0.01610473160810627, 4.6733822323582075, 1.0], [-0.00394894815514929, 0.01610473160810627, 4.673382232358222, 1.0], [-0.00394894815514929, 0.016104731608106215, 4.6733822323582075, 1.0], [-0.004984568685623969, 0.01579732722880678, 3.1490414539122185, 1.0], [-0.005175874477727549, 0.015740541720459383, 2.867456441376092, 1.0], [-0.005175874477727382, 0.015740541720459467, 2.867456441376092, 1.0], [-0.005175874477727549, 0.01574054172045944, 2.867456441376092, 1.0], [-0.0051758744777276045, 0.015740541720459328, 2.867456441376092, 1.0], [-0.0053055884040205115, 0.015694335396898046, 2.612692345300772, 1.0], [-0.005666807644148897, 0.015565662913048617, 1.903241202881432, 1.0], [-0.005666807644148841, 0.015565662913048534, 1.9032412028814463, 1.0], [-0.005666807644148841, 0.01556566291304863, 1.9032412028814463, 1.0], [-0.005666807644148841, 0.015565662913048617, 1.903241202881432, 1.0], [-0.005666807644148841, 0.015565662913048534, 1.903241202881432, 1.0], [-0.005666807644149063, 0.015565662913048617, 1.9032412028814463, 1.0], [-0.005666807644148869, 0.015565662913048527, 1.9032412028814463, 1.0], [-0.005666807644148869, 0.01556566291304863, 1.9032412028814463, 1.0], [-0.005882055002113029, 0.015480075184983719, 1.7634248293143884, 1.0], [-0.006314971292363081, 0.01530793685039395, 1.4822191209918145, 1.0], [-0.006314971292363053, 0.015307936850393954, 1.4822191209918145, 1.0], [-0.006314971292363081, 0.015307936850393954, 1.4822191209918145, 1.0], [-0.0063149712923631085, 0.01530793685039385, 1.4822191209918287, 1.0], [-0.006314971292363053, 0.015307936850394051, 1.4822191209918145, 1.0], [-0.006314971292363275, 0.015307936850393854, 1.4822191209918145, 1.0], [-0.006314971292363081, 0.015307936850393958, 1.4822191209918287, 1.0], [-0.006314971292363081, 0.015307936850393958, 1.4822191209918145, 1.0], [-0.006314971292363081, 0.015307936850393944, 1.4822191209918145, 1.0], [-0.006314971292363053, 0.015307936850393958, 1.4822191209918287, 1.0], [-0.006314971292363303, 0.015307936850393944, 1.4822191209918287, 1.0], [-0.0061248834571811794, 0.015386542534368108, 1.7469676301095944, 1.0], [-0.006094655877756927, 0.015399042332439133, 1.7890676760133317, 1.0], [-0.006094655877756705, 0.015399042332439272, 1.7890676760133317, 1.0], [-0.006094655877756705, 0.015399042332439133, 1.7890676760133033, 1.0], [-0.006094655877756927, 0.015399042332439272, 1.7890676760133317, 1.0], [-0.006094655877756733, 0.015399042332439161, 1.7890676760133317, 1.0], [-0.006094655877756691, 0.015399042332439355, 1.7890676760133317, 1.0], [-0.006094655877756927, 0.015399042332439161, 1.7890676760133317, 1.0], [-0.006094655877756719, 0.015399042332439106, 1.7890676760133033, 1.0], [-0.006150885597394046, 0.015375926613598434, 1.855354645718677, 1.0], [-0.006250571190109716, 0.015334946431790897, 1.972870007826657, 1.0], [-0.006250571190109716, 0.015334946431790897, 1.9728700078266286, 1.0], [-0.006250571190109744, 0.015334946431791063, 