{"text": "な", "text_ids": [21], "strokes": [[[0.0, 0.0, 0.0, 1.0], [-0.006495010308615904, -0.0001966609033038504, 10.246921717861149, 1.0], [-0.005272381735774897, -0.00015964121771211981, 6.23460858931724, 1.0], [0.006495010308615904, 0.00019666090330385042, 14.148120073479642, 1.0], [0.0064950103086159035, 0.00019666090330385037, 4.459883460151435, 1.0], [0.0064950103086159035, 0.00019666090330385037, 4.459883460151438, 1.0], [0.006495010308615904, 0.00019666090330385042, 4.459883460151431, 1.0], [0.006498719419356038, -0.00010608933473005592, 3.772907333513551, 1.0], [0.00650626975545893, -0.0007223734557792767, 2.3744857133149324, 1.0], [0.006506269755458927, -0.0007223734557792768, 2.3744857133149395, 1.0], [0.00650626975545876, -0.0007223734557792818, 2.3744857133149324, 1.0], [0.006506269755458927, -0.0007223734557792773, 2.3744857133149395, 1.0], [0.006506269755458927, -0.0007223734557792764, 2.3744857133149324, 1.0], [0.006506269755458753, -0.0007223734557792829, 2.3744857133149395, 1.0], [0.0064625721292564525, -0.0011122641543469041, 1.8234162962506488, 1.0], [0.006432346421714169, -0.0013819520814155007, 1.442240830139255, 1.0], [0.006432346421714169, -0.0013819520814155892, 1.442240830139255, 1.0], [0.006432346421714183, -0.0013819520814155016, 1.4422408301392409, 1.0], [0.006432346421714183, -0.0013819520814155883, 1.442240830139255, 1.0], [0.006432346421714155, -0.0013819520814154999, 1.442240830139255, 1.0], [0.006432346421714183, -0.00138195208141559, 1.442240830139255, 1.0], [0.006432346421714183, -0.0013819520814154981, 1.442240830139255, 1.0], [0.006432346421714183, -0.0013819520814155918, 1.4422408301392409, 1.0], [0.006432346421714155, -0.0013819520814155016, 1.442240830139255, 1.0], [0.006432346421714169, -0.0013819520814155849, 1.442240830139255, 1.0], [0.006432346421714169, -0.0013819520814155016, 1.442240830139255, 1.0], [0.006194746985682009, -0.002284219512071639, 1.4697099536280547, 1.0], [0.00613679083659513, -0.00250430398112814, 1.4764103256608792, 1.0], [0.00613679083659513, -0.00250430398112806, 1.476410325660865, 1.0], [0.006136790836595352, -0.0025043039811281365, 1.4764103256608792, 1.0], [0.00613679083659513, -0.0025043039811281434, 1.4764103256608792, 1.0], [0.006136790836595157, -0.0025043039811281365, 1.476410325660865, 1.0], [0.006136790836595102, -0.00250430398112806, 1.4764103256608792, 1.0], [0.006136790836595157, -0.0025043039811281434, 1.476410325660865, 1.0], [0.006136790836595324, -0.0025043039811281365, 1.4764103256608792, 1.0], [0.00613679083659513, -0.0025043039811281434, 1.4764103256608792, 1.0], [0.006136790836595157, -0.00250430398112806, 1.476410325660865, 1.0], [0.006053150616991937, -0.0026963391398559314, 1.4657954974288288, 1.0], [0.005847871772309915, -0.0031676525308175912, 1.4397434415362227, 1.0], [0.005847871772309915, -0.0031676525308175912, 1.4397434415362227, 1.0], [0.005847871772309776, -0.0031676525308175912, 1.439743441536237, 1.0], [0.005847871772309887, -0.0031676525308175774, 1.4397434415362227, 1.0], [0.0058478717723099705, -0.0031676525308175912, 1.439743441536237, 1.0], [0.005847871772309721, -0.0031676525308175912, 1.4397434415362227, 1.0], [0.005847871772309943, -0.0031676525308175912, 1.4397434415362227, 1.0], [0.005847871772309943, -0.0031676525308175774, 1.4397434415362227, 1.0], [0.005847871772309887, -0.0031676525308176884, 1.439743441536237, 1.0], [0.005847871772309776, -0.0031676525308175912, 1.4397434415362227, 1.0], [0.005822559526445781, -0.0032145248676258564, 1.6478416477419273, 1.0], [0.0057043803624332035, -0.0034333649345655998, 2.619421655845329, 1.0], [0.00570438036243337, -0.0034333649345655165, 2.619421655845329, 1.0], [0.00570438036243337, -0.0034333649345656275, 2.6194216558453576, 1.0], [0.005704380362433148, -0.0034333649345655165, 2.6194216558453434, 1.0], [0.00570438036243337, -0.0034333649345655998, 2.619421655845329, 1.0], [0.0057043803624332035, -0.0034333649345655165, 2.619421655845329, 1.0], [0.005482277583133688, -0.0037419406312353687, 3.629904507011787, 1.0], [0.004975353778701397, -0.004446228828818954, 5.936214283244141, 1.0], [0.004975353778701286, -0.004446228828818913, 5.936214283244169, 1.0], [0.004008562391987158, -0.005217529335054094, 6.894437302874934, 1.0], [0.0033887231294030817, -0.005712033468609157, 7.508783125604765, 1.0], [0.0006089769778024889, -0.005796200754441372, 7.733341821587572, 1.0], [-0.0024205906964475665, -0.005887932327930723, 7.978082070955139, 1.0], [-0.0030426894870778654, -0.005483400782262976, 9.58996474535212, 1.0], [-0.004209977887496497, -0.004724349345459761, 12.614455351985612, 0.0]], [[0.0, 0.0, 0.0, 1.0], [-0.0075368499247825405, -0.01388276509492059, 12.006859770450937, 1.0], [-0.0069724044580924405, -0.013526568280782802, 8.295539605373811, 1.0], [-0.014626857608199983, -0.0031301928189028383, 28.505735742139628, 1.0], [-0.008129219626459294, 0.014853246071442922, 18.658861273566693, 1.0], [-0.006565127213417232, 0.015572248713350306, 13.087822612986045, 1.0], [-0.006565127213417371, 0.015572248713350306, 7.212977171516243, 1.0], [-0.006565127213417399, 0.015572248713350306, 7.212977171516229, 1.0], [-0.007605649862356928, 0.015123317314025692, 5.354452232831335, 1.0], [-0.008010184323052477, 0.014948781736448175, 4.631894790639947, 1.0], [-0.008010184323052505, 0.014948781736448175, 4.631894790639947, 1.0], [-0.007989912492414764, 0.014958401181167605, 4.5174084935160295, 1.0], [-0.0076035453460832625, 0.015141741180004734, 2.335378429038485, 1.0], [-0.007603545346083429, 0.015141741180004706, 2.3353784290384993, 1.0], [-0.0076035453460832625, 0.015141741180004623, 2.3353784290384993, 1.0], [-0.007603545346083457, 0.01514174118000463, 2.3353784290384993, 1.0], [-0.007603545346083429, 0.01514174118000472, 2.3353784290384993, 1.0], [-0.00760354534608329, 0.015141741180004713, 2.335378429038485, 1.0], [-0.007573700914626863, 0.015155193288537695, 2.2921431239201695, 1.0], [-0.007453357567980073, 0.015209436967553072, 2.1178030190061463, 1.0], [-0.007453357567979907, 0.015209436967552989, 2.1178030190061463, 1.0], [-0.007453357567980101, 0.015209436967553069, 2.1178030190061747, 1.0], [-0.007453357567979907, 0.015209436967553079, 2.1178030190061463, 1.0], [-0.007453357567980101, 0.015209436967553072, 2.1178030190061463, 1.0], [-0.007453357567979921, 0.015209436967553079, 2.1178030190061747, 1.0], [-0.007453357567980087, 0.015209436967553058, 2.1178030190061463, 1.0], [-0.007609004279255593, 0.015134181451703144, 2.1048400278148733, 1.0], [-0.008360772942739986, 0.014770699704439685, 2.04222919278493, 1.0], [-0.008360772942739986, 0.014770699704439505, 2.0422291927849017, 1.0], [-0.008360772942739986, 0.0147706997044397, 2.0422291927849017, 1.0], [-0.008360772942739979, 0.014770699704439616, 2.04222919278493, 1.0], [-0.008360772942739986, 0.0147706997044397, 2.0422291927849017, 1.0], [-0.008360772942739986, 0.014770699704439588, 2.04222919278493, 1.0], [-0.008360772942739993, 0.0147706997044397, 2.04222919278493, 1.0], [-0.008055018030359018, 0.014918532854695604, 2.0676939019548115, 1.0], [-0.007453357567979914, 0.015209436967553086, 2.1178030190061747, 1.0], [-0.007453357567980087, 0.015209436967553058, 2.1178030190061463, 1.0], [-0.007453357567979905, 0.015209436967552892, 2.1178030190061463, 1.0], [-0.007453357567980089, 0.015209436967553114, 2.1178030190061463, 1.0], [-0.007453357567979914, 0.015209436967553058, 2.1178030190061747, 1.0], [-0.007453357567980094, 0.015209436967553058, 2.1178030190061463, 1.0], [-0.007453357567979914, 0.015209436967553058, 2.1178030190061463, 1.0], [-0.007625842919816682, 0.015128695141059245, 2.1791811804340284, 1.0], [-0.008010184323052498, 0.014948781736448258, 2.3159473953041356, 1.0], [-0.008010184323052491, 0.014948781736448091, 2.315947395304079, 1.0], [-0.008010184323052505, 0.014948781736448202, 2.3159473953041356, 1.0], [-0.008010184323052491, 0.014948781736448091, 2.315947395304107, 1.0], [-0.008010184323052505, 0.014948781736448258, 2.315947395304107,