{"text": "に", "text_ids": [22], "strokes": [[[0.0, 0.0, 0.0, 1.0], [-0.00531815825182978, 0.018521439900862705, 11.818747313996596, 1.0], [-0.007078298093638721, 0.01802339591374509, 1.2308290058426632, 1.0], [-0.0072563397831068785, 0.017940956153333597, 1.5242383806545874, 1.0], [-0.007859805631391811, 0.01766152957578406, 2.5187388136411517, 1.0], [-0.007859805631391818, 0.01766152957578415, 2.518738813641157, 1.0], [-0.007859805631391811, 0.01766152957578415, 2.51873881364115, 1.0], [-0.007859805631391818, 0.017661529575784055, 2.518738813641157, 1.0], [-0.007859805631391818, 0.01766152957578415, 2.51873881364115, 1.0], [-0.007859805631391797, 0.01766152957578404, 2.518738813641157, 1.0], [-0.005979671447506052, 0.01845060677418278, 1.7264765635370054, 1.0], [-0.005712142973501519, 0.018562886323466282, 1.6137438061634128, 1.0], [-0.005712142973501533, 0.018562886323466338, 1.6137438061634057, 1.0], [-0.005712142973501491, 0.018562886323466282, 1.6137438061634057, 1.0], [-0.005712142973501505, 0.018562886323466227, 1.6137438061634128, 1.0], [-0.005712142973501519, 0.018562886323466365, 1.6137438061634057, 1.0], [-0.005712142973501519, 0.01856288632346631, 1.6137438061634128, 1.0], [-0.005712142973501505, 0.018562886323466365, 1.6137438061634057, 1.0], [-0.005712142973501505, 0.018562886323466143, 1.6137438061634128, 1.0], [-0.005712142973501519, 0.018562886323466365, 1.6137438061634057, 1.0], [-0.004271310685074831, 0.01900930870111095, 1.5760601008482737, 1.0], [-0.004212213372649765, 0.019027619203267898, 1.5745144624528535, 1.0], [-0.004212213372649376, 0.01902761920326812, 1.5745144624528606, 1.0], [-0.004212213372649765, 0.01902761920326801, 1.5745144624528606, 1.0], [-0.004212213372649709, 0.019027619203267843, 1.5745144624528535, 1.0], [-0.004212213372649404, 0.019027619203268065, 1.5745144624528606, 1.0], [-0.004212213372649765, 0.01902761920326812, 1.5745144624528606, 1.0], [-0.004212213372649737, 0.019027619203267787, 1.5745144624528535, 1.0], [-0.004212213372649404, 0.019027619203268176, 1.5745144624528606, 1.0], [-0.004212213372649737, 0.01902761920326801, 1.5745144624528606, 1.0], [-0.003820963448502107, 0.019106707350418972, 1.6245986023322914, 1.0], [-0.0018210124279430528, 0.01951098198626322, 1.8806135444027703, 1.0], [-0.001821012427943025, 0.01951098198626333, 1.8806135444027632, 1.0], [-0.0018210124279430528, 0.01951098198626333, 1.8806135444027632, 1.0], [-0.001821012427943025, 0.01951098198626322, 1.8806135444027632, 1.0], [-0.0018210124279430528, 0.01951098198626333, 1.8806135444027774, 1.0], [-0.001821012427943025, 0.01951098198626333, 1.8806135444027632, 1.0], [-0.0018210124279430528, 0.01951098198626322, 1.8806135444027632, 1.0], [-0.001821012427943025, 0.01951098198626333, 1.8806135444027774, 1.0], [-0.0012309881286282909, 0.019519415264155238, 2.0067472730958684, 1.0], [0.0029365730265523138, 0.019578982643658094, 2.897676729170584, 1.0], [0.0029365730265522583, 0.019578982643658316, 2.897676729170584, 1.0], [0.002936573026552286, 0.019578982643658316, 2.8976767291705983, 1.0], [0.002936573026552286, 0.019578982643658094, 2.897676729170584, 1.0], [0.002936573026552286, 0.019578982643658316, 2.897676729170584, 1.0], [0.006734356103947542, 0.018460413748717763, 3.9798746099374256, 1.0], [0.009241489338424919, 0.017721982618132626, 4.694295159468183, 1.0], [0.009241489338424946, 0.017721982618132848, 4.694295159468169, 1.0], [0.009241489338424919, 0.017721982618132848, 4.694295159468183, 1.0], [0.015568507152909875, 0.012440993225955599, 8.631588689884282, 1.0], [0.015797792044977013, 0.012060916566876467, 8.654063386583033, 1.0], [0.019391850477586903, 0.0026822855368846543, 6.827101270436913, 1.0], [0.019391850477586903, 0.0026822855368846543, 6.827101270436941, 1.0], [0.017259870545447364, -0.006071082824385066, 4.866174164960881, 1.0], [0.016280068640601678, -0.010093900705968828, 3.9649836404886116, 1.0], [0.016280068640601702, -0.01009390070596905, 3.9649836404886116, 1.0], [0.01628006864060169, -0.010093900705968828, 3.9649836404886116, 1.0], [0.015529300711062288, -0.01110330536690085, 3.7465503165706764, 1.0], [0.014391810311104331, -0.012632656936550468, 3.415601431819937, 1.0], [0.01439181031110398, -0.01263265693655058, 3.415601431819937, 1.0], [0.014391810311104335, -0.012632656936550468, 3.415601431819937, 1.0], [0.014391810311104349, -0.012632656936550468, 3.415601431819937, 1.0], [0.01464741427075715, -0.012324488876055417, 6.715415213595378, 1.0], [0.0149997592088809, -0.01189968537788555, 11.264142409901496, 0.0]], [[0.48305744761919417, 0.17929898531689814, 0.0, 1.0], [0.004227111892742996, -0.004061340229114252, 1.755444176062489, 1.0], [0.004227111892743385, -0.004061340229114169, 1.755444176062489, 1.0], [0.004227111892742996, -0.00406134022911428, 1.7554441760624893, 1.0], [0.004227111892742941, -0.0040613402291141965, 1.7554441760624888, 1.0], [0.004227111892743107, -0.00406134022911428, 1.7554441760624888, 1.0], [0.004227111892743385, -0.004061340229114224, 1.7554441760624897, 1.0], [0.004227111892742941, -0.004061340229114224, 1.7554441760624897, 1.0], [0.004227111892743052, -0.00406134022911428, 1.755444176062488, 1.0], [0.0050041208739287635, -0.001839202177899707, 2.0658458138785196, 1.0], [0.005934245827970086, 0.0008208263453289011, 2.4374146323847654, 1.0], [0.005934245827969531, 0.0008208263453288456, 2.437414632384762, 1.0], [0.005934245827970197, 0.0008208263453289011, 2.4374146323847583, 1.0], [0.005934245827969642, 0.0008208263453288456, 2.4374146323847583, 1.0], [0.005934245827969975, 0.0008208263453289011, 2.437414632384762, 1.0], [0.005934245827969753, 0.0008208263453288456, 2.437414632384762, 1.0], [0.005656008780059785, 0.0020890001418428505, 1.3193489885130774, 1.0], [0.005621908271307374, 0.002244426502106406, 1.1823197626762862, 1.0], [0.005621908271307485, 0.0022444265021064613, 1.1823197626762791, 1.0], [0.005621908271307818, 0.0022444265021065724, 1.1823197626762862, 1.0], [0.005621908271307374, 0.0022444265021064336, 1.1823197626762862, 1.0], [0.005621908271307596, 0.0022444265021064613, 1.1823197626762791, 1.0], [0.005621908271307374, 0.0022444265021064336, 1.1823197626762862, 1.0], [0.005621908271307596, 0.0022444265021064336, 1.1823197626762862, 1.0], [0.005621908271307707, 0.0022444265021065724, 1.1823197626762791, 1.0], [0.005621908271307596, 0.0022444265021064613, 1.1823197626762862, 1.0], [0.005621908271307485, 0.0022444265021064336, 1.1823197626762791, 1.0], [0.005621908271307374, 0.0022444265021064336, 1.1823197626762862, 1.0], [0.005621908271307818, 0.0022444265021066, 1.1823197626762862, 1.0], [0.0056787023176507745, 0.0020563301646891463, 1.1819802468371563, 1.0], [0.005780504979527534, 0.001719169686239752, 1.1813716686780609, 1.0], [0.005780504979527201, 0.0017191696862396688, 1.1813716686780467, 1.0], [0.005780504979527423, 0.0017191696862397798, 1.1813716686780538, 1.0], [0.005780504979527534, 0.0017191696862396133, 1.1813716686780538, 1.0], [0.00578050497952709, 0.0017191696862397243, 1.1813716686780538, 1.0], [0.005780504979527423, 0.0017191696862397243, 1.1813716686780609, 1.0], [0.005780504979527201, 0.0017191696862396966, 1.1813716686780467, 1.0], [0.005780504979527534, 0.0017191696862396688, 1.1813716686780538, 1.0], [0.005780504979527423, 0.0017191696862397243, 1.1813716686780609, 1.0], [0.005780504979527201, 0.0017191696862396966, 1.1813716686780467, 1.0], [0.005780504979527423, 0.001719169686239752, 1.1813716686780609, 1.0], [0.005780504979527534, 0.001719169686239752, 1.1813716686780538, 1.0], [0.005780504979527201, 0.0017191696862395855, 1.1813716686780467, 1.0], [0.005780504979527312, 0.0017191696862397243, 1.1813716686780609, 1.0], [0.005081601764429067, 0.003350509384143524, 1.3831480872437467, 1.0], [0.0050585358218147025, 0.0034043485811081353, 1.389807325878067, 1.0], [0.005058535821814258, 0.0034043485811081353, 1.3898073258780812, 1.0], [0.0050585358218147025, 0.0034043485811082186, 1.389807325878067, 1.0], [0.005058535821814258, 