{"text": "に", "text_ids": [22], "strokes": [[[0.0, 0.0, 0.0, 1.0], [-0.003044766957726522, 0.019746729624715693, 11.818747313996596, 1.0], [-0.004922598944786269, 0.01944688674446334, 1.2308290058426632, 1.0], [-0.005116754391614516, 0.01938349251287795, 1.5242383806545874, 1.0], [-0.005774837235971685, 0.019168620064439493, 2.5187388136411517, 1.0], [-0.005774837235971688, 0.01916862006443959, 2.518738813641157, 1.0], [-0.005774837235971678, 0.01916862006443959, 2.51873881364115, 1.0], [-0.0057748372359716915, 0.01916862006443948, 2.518738813641157, 1.0], [-0.0057748372359716915, 0.01916862006443959, 2.51873881364115, 1.0], [-0.005774837235971678, 0.01916862006443948, 2.518738813641157, 1.0], [-0.003735238706423616, 0.019754025817934784, 1.7264765635370054, 1.0], [-0.0034450196960633395, 0.0198373245044052, 1.6137438061634128, 1.0], [-0.0034450196960633256, 0.019837324504405313, 1.6137438061634057, 1.0], [-0.0034450196960633256, 0.0198373245044052, 1.6137438061634057, 1.0], [-0.0034450196960633256, 0.019837324504405174, 1.6137438061634128, 1.0], [-0.0034450196960633117, 0.019837324504405285, 1.6137438061634057, 1.0], [-0.0034450196960633395, 0.01983732450440523, 1.6137438061634128, 1.0], [-0.0034450196960633256, 0.019837324504405285, 1.6137438061634057, 1.0], [-0.0034450196960633256, 0.01983732450440512, 1.6137438061634128, 1.0], [-0.0034450196960633395, 0.019837324504405285, 1.6137438061634057, 1.0], [-0.0019027616341242837, 0.02012271296843171, 1.5760601008482737, 1.0], [-0.0018395042326497246, 0.02013441848846781, 1.5745144624528535, 1.0], [-0.0018395042326493638, 0.02013441848846803, 1.5745144624528606, 1.0], [-0.0018395042326497385, 0.020134418488467976, 1.5745144624528606, 1.0], [-0.0018395042326497246, 0.020134418488467754, 1.5745144624528535, 1.0], [-0.0018395042326493638, 0.020134418488467976, 1.5745144624528606, 1.0], [-0.0018395042326497246, 0.02013441848846803, 1.5745144624528606, 1.0], [-0.0018395042326497246, 0.020134418488467754, 1.5745144624528535, 1.0], [-0.0018395042326493638, 0.020134418488467976, 1.5745144624528606, 1.0], [-0.0018395042326497246, 0.020134418488468087, 1.5745144624528606, 1.0], [-0.0014262441211020244, 0.02016846075320866, 1.6245986023322914, 1.0], [0.0006862163059429133, 0.020342474492020757, 1.8806135444027703, 1.0], [0.0006862163059429133, 0.020342474492020646, 1.8806135444027632, 1.0], [0.0006862163059429272, 0.020342474492020757, 1.8806135444027632, 1.0], [0.0006862163059429133, 0.020342474492020646, 1.8806135444027632, 1.0], [0.0006862163059429133, 0.020342474492020757, 1.8806135444027774, 1.0], [0.0006862163059429133, 0.020342474492020646, 1.8806135444027632, 1.0], [0.0006862163059429133, 0.020342474492020757, 1.8806135444027632, 1.0], [0.0006862163059429133, 0.020342474492020646, 1.8806135444027774, 1.0], [0.0012948828704640453, 0.020279509320411337, 2.0067472730958684, 1.0], [0.005594121280986353, 0.019834762886012713, 2.897676729170584, 1.0], [0.005594121280986353, 0.019834762886013046, 2.897676729170584, 1.0], [0.005594121280986367, 0.019834762886013046, 2.8976767291705983, 1.0], [0.005594121280986325, 0.019834762886012824, 2.897676729170584, 1.0], [0.005594121280986367, 0.019834762886012935, 2.897676729170584, 1.0], [0.009357929537034758, 0.01821993907789743, 3.9798746099374256, 1.0], [0.011842634054021382, 0.017153901772804847, 4.694295159468183, 1.0], [0.011842634054021403, 0.01715390177280518, 4.694295159468169, 1.0], [0.01184263405402139, 0.01715390177280507, 4.694295159468183, 1.0], [0.01766441325283787, 0.010939261849346904, 8.631588689884282, 1.0], [0.017850616934187276, 0.010519447968150186, 8.654063386583033, 1.0], [0.020320287700250583, 0.00041092447002955, 6.827101270436913, 1.0], [0.020320287700250586, 0.00041092447002955, 6.827101270436941, 1.0], [0.01697582844787359, -0.008357313435454872, 4.866174164960881, 1.0], [0.015438802936160956, -0.01238696496848446, 3.9649836404886116, 1.0], [0.015438802936160956, -0.012386964968484793, 3.9649836404886116, 1.0], [0.015438802936160984, -0.01238696496848446, 3.9649836404886116, 1.0], [0.01453321076327245, -0.013336759001562726, 3.7465503165706764, 1.0], [0.0131611457583517, -0.014775794357304695, 3.415601431819937, 1.0], [0.013161145758351311, -0.014775794357304695, 3.415601431819937, 1.0], [0.0131611457583517, -0.014775794357304695, 3.415601431819937, 1.0], [0.0131611457583517, -0.014775794357304695, 3.415601431819937, 1.0], [0.013464801570711032, -0.014489031304274036, 6.715415213595378, 1.0], [0.013883385025215828, -0.01409373418010873, 11.264142409901496, 0.0]], [[0.0, 0.0, 0.0, 1.0], [0.003819577527266471, -0.004701792086663062, 1.755444176062489, 1.0], [0.0038195775272668042, -0.004701792086662979, 1.755444176062489, 1.0], [0.00381957752726636, -0.004701792086663062, 1.7554441760624893, 1.0], [0.003819577527266249, -0.004701792086662965, 1.7554441760624888, 1.0], [0.003819577527266582, -0.004701792086663076, 1.7554441760624888, 1.0], [0.003819577527266693, -0.004701792086663062, 1.7554441760624897, 1.0], [0.00381957752726636, -0.004701792086662965, 1.7554441760624897, 1.0], [0.00381957752726636, -0.004701792086663076, 1.755444176062488, 1.0], [0.004911394928842738, -0.0025045165559789972, 2.0658458138785196, 1.0], [0.006218363876502542, 0.00012575008376337904, 2.4374146323847654, 1.0], [0.006218363876501876, 0.00012575008376337904, 2.437414632384762, 1.0], [0.006218363876502542, 0.00012575008376337904, 2.4374146323847583, 1.0], [0.006218363876502098, 0.00012575008376337904, 2.4374146323847583, 1.0], [0.006218363876502431, 0.00012575008376337904, 2.437414632384762, 1.0], [0.006218363876501987, 0.00012575008376336516, 2.437414632384762, 1.0], [0.006098340163732452, 0.0014673870320774801, 1.3193489885130774, 1.0], [0.006083630154053332, 0.0016318169771250973, 1.1823197626762862, 1.0], [0.006083630154053443, 0.001631816977125125, 1.1823197626762791, 1.0], [0.006083630154053887, 0.0016318169771252222, 1.1823197626762862, 1.0], [0.006083630154053332, 0.0016318169771250973, 1.1823197626762862, 1.0], [0.006083630154053443, 0.001631816977125125, 1.1823197626762791, 1.0], [0.006083630154053443, 0.0016318169771251112, 1.1823197626762862, 1.0], [0.006083630154053332, 0.0016318169771251112, 1.1823197626762862, 1.0], [0.006083630154053887, 0.0016318169771252222, 1.1823197626762791, 1.0], [0.006083630154053443, 0.001631816977125125, 1.1823197626762862, 1.0], [0.006083630154053443, 0.0016318169771250973, 1.1823197626762791, 1.0], [0.006083630154053443, 0.001631816977125125, 1.1823197626762862, 1.0], [0.006083630154053665, 0.0016318169771252222, 1.1823197626762862, 1.0], [0.00611741931475096, 0.0014309388361902486, 1.1819802468371563, 1.0], [0.006177985988954471, 0.00107086712486619, 1.1813716686780609, 1.0], [0.006177985988954249, 0.0010708671248661483, 1.1813716686780467, 1.0], [0.006177985988954582, 0.00107086712486619, 1.1813716686780538, 1.0], [0.006177985988954582, 0.001070867124866065, 1.1813716686780538, 1.0], [0.006177985988954138, 0.001070867124866176, 1.1813716686780538, 1.0], [0.006177985988954693, 0.0010708671248661622, 1.1813716686780609, 1.0], [0.006177985988954249, 0.001070867124866176, 1.1813716686780467, 1.0], [0.006177985988954582, 0.001070867124866079, 1.1813716686780538, 1.0], [0.006177985988954582, 0.0010708671248661622, 1.1813716686780609, 1.0], [0.006177985988954138, 0.0010708671248661622, 1.1813716686780467, 1.0], [0.006177985988954693, 0.00107086712486619, 1.1813716686780609, 1.0], [0.006177985988954693, 0.0010708671248661622, 1.1813716686780538, 1.0], [0.006177985988954138, 0.001070867124866065, 1.1813716686780467, 1.0], [0.006177985988954582, 0.001070867124866176, 1.1813716686780609, 1.0], [0.005672469585388362, 0.002838122702675236, 1.3831480872437467, 1.0], [0.005655785998729845, 0.002896447539165542, 1.389807325878067, 1.0], [0.00565578599872929, 0.0028964475391656253, 1.3898073258780812, 1.0], [0.005655785998729845, 0.0028964475391656253, 1.389807325878067, 1.0], [0.005655785998729179, 0.0028964475391656253, 