{"text": "に", "text_ids": [22], "strokes": [[[0.0, 0.0, 0.0, 1.0], [-0.004860164512823045, -0.017636185073042474, 13.718093516440245, 1.0], [-0.008044244678987638, -0.017072092547853523, 1.165307111969307, 1.0], [-0.00848096469072356, -0.01640408889351154, 1.8789961016412686, 1.0], [-0.01349018473302541, 0.004293768734227696, 17.287115105065286, 1.0], [-0.0005978473680797805, 0.018495062528790223, 13.364504607521596, 1.0], [-0.0030615191435887784, 0.018160528703629275, 3.367838590264583, 1.0], [-0.003061519143588376, 0.0181605287036293, 3.3678385902645758, 1.0], [-0.0030615191435887854, 0.018160528703629174, 3.3678385902645758, 1.0], [-0.003061519143588369, 0.0181605287036293, 3.367838590264583, 1.0], [-0.0030987344199491645, 0.0181520533793798, 3.2548101222784425, 1.0], [-0.0035565049018172618, 0.01804780174819346, 1.8644913791508912, 1.0], [-0.003556504901817255, 0.01804780174819337, 1.8644913791508912, 1.0], [-0.0035565049018172618, 0.018047801748193454, 1.8644913791508912, 1.0], [-0.0035565049018176573, 0.018047801748193343, 1.8644913791508912, 1.0], [-0.0035565049018172618, 0.018047801748193454, 1.8644913791508912, 1.0], [-0.003556504901817248, 0.01804780174819337, 1.8644913791508912, 1.0], [-0.0035565049018172756, 0.01804780174819337, 1.8644913791508912, 1.0], [-0.0035565049018172618, 0.01804780174819348, 1.8644913791508912, 1.0], [-0.0034747221083808177, 0.018067194596929376, 1.6871254149621393, 1.0], [-0.003390870793215983, 0.01808707794650702, 1.5052733561386589, 1.0], [-0.0033908707932159554, 0.018087077946506797, 1.505273356138673, 1.0], [-0.003390870793215567, 0.018087077946507046, 1.5052733561386589, 1.0], [-0.0033908707932159554, 0.01808707794650699, 1.5052733561386589, 1.0], [-0.0033908707932159693, 0.018087077946506824, 1.505273356138673, 1.0], [-0.0033908707932159693, 0.01808707794650699, 1.5052733561386589, 1.0], [-0.0033908707932159693, 0.018087077946506935, 1.5052733561386589, 1.0], [-0.0033908707932159693, 0.018087077946506824, 1.5052733561386589, 1.0], [-0.003390870793215553, 0.018087077946507046, 1.505273356138673, 1.0], [-0.0033908707932159554, 0.018087077946506824, 1.5052733561386589, 1.0], [-0.003083219834600373, 0.018145254811062717, 1.5880139833348323, 1.0], [-0.001853584266111985, 0.01837777916997496, 1.9187160835892456, 1.0], [-0.0018535842661115687, 0.018377779169974906, 1.9187160835892598, 1.0], [-0.0018535842661119711, 0.01837777916997496, 1.9187160835892456, 1.0], [-0.0018535842661115964, 0.018377779169975128, 1.9187160835892456, 1.0], [-0.001853584266111985, 0.01837777916997496, 1.9187160835892598, 1.0], [-0.0018535842661115687, 0.01837777916997485, 1.9187160835892456, 1.0], [-0.001853584266111985, 0.018377779169975073, 1.9187160835892456, 1.0], [-0.0018535842661115687, 0.018377779169975073, 1.9187160835892456, 1.0], [-0.0009397729474192595, 0.018444497304010876, 2.0987579053359724, 1.0], [0.0008338233610175605, 0.018573989064302854, 2.4481971209400797, 1.0], [0.0008338233610171719, 0.018573989064302854, 2.4481971209400797, 1.0], [0.0008338233610171719, 0.018573989064302632, 2.4481971209400797, 1.0], [0.0008338233610175605, 0.018573989064302965, 2.4481971209400797, 1.0], [0.0008338233610171719, 0.018573989064302632, 2.4481971209400797, 1.0], [0.0008338233610171997, 0.018573989064302854, 2.448197120940094, 1.0], [0.007876647622948735, 0.01674550195101654, 4.256384344011877, 1.0], [0.00958688088134052, 0.016301484131263644, 4.695472671547293, 1.0], [0.00958688088134052, 0.016301484131263977, 4.695472671547321, 1.0], [0.010196404784843446, 0.015856085171001566, 4.792123531937165, 1.0], [0.012897634604442085, 0.013882208599198642, 5.220451583839122, 1.0], [0.012897634604442515, 0.013882208599198531, 5.22045158383915, 1.0], [0.012897634604442085, 0.013882208599198642, 5.22045158383915, 1.0], [0.017133493976778116, 0.007403069874248991, 6.492785475172923, 1.0], [0.017463707800413942, 0.006897977286376977, 6.591972488307192, 1.0], [0.016203405253235496, -0.001685756831889984, 7.726789201013048, 1.0], [0.014945552414495751, -0.010252806348541643, 8.859400117908109, 1.0], [0.012624021185955363, -0.012696535202452619, 6.70160026681333, 1.0], [0.01095406511365226, -0.014454392167063568, 5.149421721958788, 1.0], [0.010954065113651872, -0.014454392167063679, 5.149421721958845, 1.0], [0.009874531869638915, -0.015114839620254394, 5.8760331402702946, 1.0], [0.007102427480313596, -0.016810784876282403, 7.74187906322328, 1.0], [0.006885626307480255, -0.01690366182082248, 6.264238053189956, 1.0], [0.006087427876342477, -0.017245607532886065, 0.823996561038399, 0.0]], [[0.29584248586285855, 0.18124226358130274, 0.0, 1.0], [7.377810204822755e-05, -0.005417098908454848, 12.180263952802317, 1.0], [0.0017268723651575613, -0.004926754306945558, 4.520787624374531, 1.0], [0.002482133733519576, -0.004702726952323766, 1.0213461818383571, 1.0], [0.002482133733519576, -0.004702726952323905, 1.0213461818383607, 1.0], [0.004267350710537965, -0.0027812308617718162, 1.5314062636329808, 1.0], [0.004865283756180672, -0.0021376530645606517, 1.702243636397263, 1.0], [0.004865283756180283, -0.0021376530645606517, 1.7022436363972666, 1.0], [0.004865283756180672, -0.002137653064560624, 1.7022436363972702, 1.0], [0.004865283756180283, -0.002137653064560735, 1.7022436363972666, 1.0], [0.004865283756180672, -0.0021376530645606517, 1.7022436363972666, 1.0], [0.005057055468058624, -0.0016707758636908265, 1.5382293587107156, 1.0], [0.005084576742647062, -0.001603774033658134, 1.5146915703243877, 1.0], [0.005084576742647118, -0.0016037740336582729, 1.5146915703243877, 1.0], [0.005084576742647451, -0.0016037740336581063, 1.5146915703243877, 1.0], [0.005084576742647062, -0.0016037740336582729, 1.5146915703243877, 1.0], [0.005084576742647506, -0.001603774033658134, 1.5146915703243877, 1.0], [0.005084576742647062, -0.0016037740336582451, 1.5146915703243877, 1.0], [0.005084576742647118, -0.0016037740336581618, 1.5146915703243948, 1.0], [0.005084576742647451, -0.0016037740336582451, 1.5146915703243806, 1.0], [0.005084576742647062, -0.0016037740336582451, 1.5146915703243948, 1.0], [0.005084576742647118, -0.0016037740336581618, 1.5146915703243877, 1.0], [0.005126357781433555, -0.0014781332045112616, 1.4166796283540037, 1.0], [0.005148747362391959, -0.0014108049236060405, 1.364157087665241, 1.0], [0.005148747362392347, -0.0014108049236061238, 1.364157087665241, 1.0], [0.005148747362392292, -0.0014108049236061238, 1.364157087665248, 1.0], [0.005148747362391959, -0.0014108049236060544, 1.364157087665241, 1.0], [0.005148747362392403, -0.0014108049236061238, 1.364157087665241, 1.0], [0.005148747362391903, -0.0014108049236061515, 1.364157087665241, 1.0], [0.005148747362392347, -0.0014108049236061238, 1.364157087665241, 1.0], [0.005148747362391959, -0.0014108049236060405, 1.364157087665248, 1.0], [0.005148747362392347, -0.0014108049236061238, 1.364157087665241, 1.0], [0.005148747362391959, -0.0014108049236061515, 1.364157087665241, 1.0], [0.005148747362392347, -0.0014108049236060127, 1.364157087665241, 1.0], [0.005161292493413294, -0.0013674935890620188, 1.4423848856998802, 1.0], [0.005215058790951466, -0.0011818685767814446, 1.7776559209539187, 1.0], [0.005215058790951521, -0.0011818685767815557, 1.7776559209539045, 1.0], [0.005215058790951521, -0.0011818685767815418, 1.7776559209539045, 1.0], [0.005215058790951577, -0.0011818685767815418, 1.7776559209539045, 1.0], [0.005215058790951521, -0.0011818685767815418, 1.7776559209539045, 1.0], [0.00521505879095141, -0.0011818685767814585, 1.7776559209539187, 1.0], [0.005215058790951577, -0.0011818685767815418, 1.7776559209539045, 1.0], [0.005215058790951521, -0.0011818685767815418, 1.7776559209539045, 1.0], [0.005215058790951632, -0.0011818685767815418, 1.7776559209539045, 1.0], [0.005275882421544531, -0.0009114976039612255, 2.2536806609568885, 1.0], [0.005312216553856053, -0.0007499864510803755, 2.538042934598195, 1.0], [0.005312216553855276, -0.0007499864510802923, 2.538042934598181, 1.0], [0.005312216553855609, 