{"text": "に", "text_ids": [22], "strokes": [[[0.0, 0.0, 0.0, 1.0], [-0.0025384226054103133, -0.025238309438614544, 8.213431232857868, 1.0], [0.0013979475585985464, -0.021681060231393597, 24.857396163601482, 1.0], [0.0032103989129380712, 0.021847989953036984, 29.606108957730754, 1.0], [-0.0033610759993847146, 0.024579862566834462, 13.804211989965168, 1.0], [-0.0024628714303534536, 0.024772898341742282, 5.909824868927785, 1.0], [-0.002462871430353634, 0.024772898341742376, 5.909824868927771, 1.0], [-0.0015709070297827733, 0.024914508655639732, 5.133315035683438, 1.0], [-0.0008210238894739326, 0.02503356182280385, 4.4804956721957865, 1.0], [-0.000821023889473747, 0.02503356182280385, 4.480495672195772, 1.0], [-0.0008210238894737574, 0.02503356182280375, 4.4804956721957865, 1.0], [-0.0008607181926067985, 0.025028478568419832, 3.730184241100929, 1.0], [-0.0008965090004394299, 0.0250238951958332, 3.053657633361638, 1.0], [-0.0008965090004394299, 0.025023895195833173, 3.0536576333616523, 1.0], [-0.0008965090004396277, 0.0250238951958332, 3.0536576333616523, 1.0], [-0.0008965090004394299, 0.025023895195833173, 3.053657633361638, 1.0], [-0.0008965090004396208, 0.0250238951958332, 3.053657633361638, 1.0], [-4.342528785870187e-06, 0.025114851307467656, 2.9273910042673776, 1.0], [0.0005167442602839068, 0.02516797595366732, 2.853642579044134, 1.0], [0.0005167442602837316, 0.025167975953667376, 2.853642579044134, 1.0], [0.0005167442602839085, 0.02516797595366732, 2.853642579044134, 1.0], [0.0005167442602839311, 0.025167975953667543, 2.853642579044134, 1.0], [0.0005167442602837143, 0.02516797595366732, 2.8536425790441626, 1.0], [0.0005167442602839068, 0.02516797595366732, 2.853642579044134, 1.0], [0.0004349851070925403, 0.02516176098326456, 1.9031354273577676, 1.0], [0.0004327274698490754, 0.025161589367633796, 1.8768888205601684, 1.0], [0.0004327274698492714, 0.025161589367633685, 1.8768888205601684, 1.0], [0.0004327274698490771, 0.025161589367633796, 1.8768888205601968, 1.0], [0.0004327274698490875, 0.025161589367633908, 1.8768888205601684, 1.0], [0.0004327274698490771, 0.025161589367633685, 1.8768888205601684, 1.0], [0.00073739475123593, 0.025182121581537542, 3.10414477394761, 1.0], [0.0009584061360105103, 0.02519701603625779, 3.9944193597061997, 1.0], [0.0009584061360105251, 0.02519701603625779, 3.9944193597061712, 1.0], [0.0009584061360104843, 0.02519701603625779, 3.9944193597061997, 1.0], [0.0020115108572861303, 0.025189577945108677, 3.918050962103024, 1.0], [0.004212428199190649, 0.025174032839792693, 3.7584461979589037, 1.0], [0.004212428199190677, 0.025174032839792804, 3.7584461979589037, 1.0], [0.004212428199190648, 0.025174032839792693, 3.7584461979589037, 1.0], [0.005286360630831205, 0.025024175841706242, 4.71975565540987, 1.0], [0.007441127737558327, 0.024723498703484004, 6.648552977543744, 1.0], [0.0074411277375581765, 0.024723498703484226, 6.648552977543773, 1.0], [0.006949599417348986, 0.02481773307768309, 5.589040333906382, 1.0], [0.0066550153718348826, 0.024874209870650144, 4.954050429961654, 1.0], [0.006655015371834924, 0.024874209870650366, 4.954050429961683, 1.0], [0.006257739927632497, 0.024934965552498856, 5.951457675402821, 1.0], [0.005650740124600019, 0.025027794564342454, 7.475402863461483, 1.0], [0.0076701281525790935, 0.024387090215173046, 9.22204056307956, 1.0], [0.013976500591906305, 0.022193908519413164, 16.423403875099865, 1.0], [0.01921920501991435, -0.0037110173949927994, 30.791984704235972, 1.0], [0.004496048449778384, -0.024301838637113216, 8.795940538336708, 1.0], [0.004915668746658761, -0.024165243815179815, 8.322210525129833, 1.0], [0.007020875562182782, -0.023479956777738176, 5.945538900959377, 1.0], [0.0070208755621827545, -0.02347995677773862, 5.945538900959377, 1.0], [0.0071275686569931, -0.023438641824239048, 5.543641771694581, 1.0], [0.0073685108680421885, -0.02334534135092181, 4.636048050550528, 1.0], [0.007368510868042161, -0.02334534135092181, 4.636048050550585, 1.0], [0.007368510868042355, -0.023345341350921922, 4.636048050550528, 1.0], [0.012613917158981358, -0.020482095328106742, 5.4748259926738, 1.0], [0.013498501259767731, -0.019999238182646928, 5.616277310367593, 1.0], [0.013498501259767565, -0.019999238182646928, 5.616277310367536, 1.0], [0.012168950960355834, -0.02088617015968164, 5.868059547139637, 1.0], [0.011894274669007249, -0.02106940443539007, 5.92007609066917, 1.0], [0.011894274669007388, -0.02106940443539007, 5.92007609066917, 1.0], [0.011894274669007082, -0.02106940443538985, 0.2534094239636602, 0.0]], [[0.0, 0.0, 0.0, 1.0], [0.004029894078188878, -0.004500511565046661, 7.351970685731397, 1.0], [0.004926476730110152, -0.00325721067534418, 4.40096246801993, 1.0], [0.005809525209784283, -0.0020326777691176134, 1.4945005656255592, 1.0], [0.005809525209784283, -0.0020326777691175024, 1.4945005656255574, 1.0], [0.005892831127690901, -0.0017161013113999868, 1.781436567355886, 1.0], [0.00633610046339228, -3.1603503347799045e-05, 3.3082180262506995, 1.0], [0.006336100463392169, -3.1603503347799045e-05, 3.308218026250696, 1.0], [0.006336100463392169, -3.1603503347799045e-05, 3.3082180262506995, 1.0], [0.00633610046339228, -3.1603503347799045e-05, 3.308218026250703, 1.0], [0.006017754760812566, -0.0014535513699065472, 2.0487708027839773, 1.0], [0.005992432523912794, -0.0015666576579593805, 1.9485903364005743, 1.0], [0.005992432523912461, -0.001566657657959325, 1.9485903364005708, 1.0], [0.005992432523912572, -0.0015666576579593527, 1.9485903364005779, 1.0], [0.005992432523912905, -0.001566657657959436, 1.9485903364005708, 1.0], [0.005992432523912572, -0.001566657657959325, 1.9485903364005708, 1.0], [0.005992432523912683, -0.0015666576579593527, 1.9485903364005708, 1.0], [0.00599243252391235, -0.001566657657959325, 1.9485903364005779, 1.0], [0.005955473869522776, -0.0016608227071220893, 1.8971002344715302, 1.0], [0.005809525209784505, -0.0020326777691176134, 1.693767307708967, 1.0], [0.005809525209784505, -0.0020326777691175857, 1.693767307708967, 1.0], [0.005809525209784505, -0.00203267776911753, 1.693767307708967, 1.0], [0.005809525209784061, -0.0020326777691175857, 1.693767307708967, 1.0], [0.005809525209784394, -0.002032677769117641, 1.693767307708967, 1.0], [0.005809525209784505, -0.0020326777691175857, 1.693767307708967, 1.0], [0.005809525209784394, -0.0020326777691176134, 1.693767307708967, 1.0], [0.005809525209784505, -0.0020326777691175024, 1.693767307708967, 1.0], [0.005809525209784394, -0.0020326777691176134, 1.69376730770896, 1.0], [0.005875406331317223, -0.0018317499324955744, 1.743228177662452, 1.0], [0.006208165958798806, -0.0008168814768703958, 1.9930505892677388, 1.0], [0.006208165958798362, -0.0008168814768704513, 1.9930505892677388, 1.0], [0.006208165958798695, -0.0008168814768705068, 1.9930505892677388, 1.0], [0.006208165958798695, -0.0008168814768704513, 1.9930505892677388, 1.0], [0.006208165958798362, -0.0008168814768705068, 1.9930505892677388, 1.0], [0.006208165958798806, -0.0008168814768704513, 1.993050589267753, 1.0], [0.006208165958798695, -0.0008168814768704236, 1.9930505892677246, 1.0], [0.006208165958798362, -0.0008168814768704513, 1.993050589267753, 1.0], [0.006045366808891561, 0.0014846291998136252, 2.8756929719481263, 1.0], [0.005952042005787361, 0.0028039728872075176, 3.381668750211091, 1.0], [0.00595204200578725, 0.002803972887207601, 3.3816687502110767, 1.0], [0.005952042005787694, 0.0028039728872075176, 3.381668750211091, 1.0], [0.00595204200578725, 0.002803972887207601, 3.3816687502110625, 1.0], [0.0032325910002849456, 0.005574916439611999, 3.0219411690838456, 1.0], [0.0029445800658184362, 0.005868380833809694, 2.983843230719046, 1.0], [0.0029445800658187693, 0.005868380833809694, 2.9838432307190743, 1.0], [0.0029445800658188803, 0.005868380833809694, 2.98384323071906, 1.0], [0.0029445800658184362, 0.005868380833809805, 2.9838432307190743, 1.0], [0.0024671716998603266, 0.005964519998369583, 2.813500015111515, 1.0], [0.0006369696030904537, 0.006333080989558093, 