{"text": "に", "text_ids": [22], "strokes": [[[0.0, 0.0, 0.0, 1.0], [0.0009451541511663392, -0.020353231475443285, 9.337743396943646, 1.0], [0.003967140288054791, -0.019551988846913265, 11.930084687390918, 1.0], [0.011079263735449565, -0.01528395807723263, 20.298008982264637, 1.0], [0.0001644419812253696, 0.005109643636936646, 43.57675438779317, 1.0], [-0.00668938876267385, 0.01886710328005524, 13.273756412171622, 1.0], [-0.005825035472655068, 0.019205765719306638, 9.588998924765605, 1.0], [-0.0041097190919869905, 0.019621934845817788, 8.170991055176643, 1.0], [-0.001248912798587985, 0.02031602211138539, 5.806036179721332, 1.0], [-0.0012489127985881206, 0.020316022111385466, 5.806036179721332, 1.0], [-0.001182668484821668, 0.020324449461212944, 4.53956786255236, 1.0], [-0.0011419097051530913, 0.020329634638253602, 3.7603356513327526, 1.0], [-0.0011419097051530887, 0.020329634638253616, 3.7603356513327526, 1.0], [-0.0011419097051531641, 0.020329634638253602, 3.7603356513327526, 1.0], [-0.0006599028003792719, 0.020374446448332417, 3.3699134226983176, 1.0], [0.0001817449966610117, 0.020452693794709847, 2.688184581490134, 1.0], [0.0001817449966610811, 0.020452693794709847, 2.688184581490134, 1.0], [0.0001817449966610915, 0.020452693794709847, 2.688184581490134, 1.0], [0.00018174499666102038, 0.02045269379470996, 2.688184581490134, 1.0], [0.00018174499666107763, 0.02045269379470982, 2.688184581490134, 1.0], [0.0001817449966610915, 0.020452693794709875, 2.688184581490134, 1.0], [0.001264024516523467, 0.02047711168646338, 2.4652270521056607, 1.0], [0.001801488054450448, 0.02048923769111366, 2.3545056161445643, 1.0], [0.001801488054450354, 0.020489237691113438, 2.3545056161445928, 1.0], [0.0018014880544504413, 0.02048923769111366, 2.3545056161445643, 1.0], [0.00180148805445036, 0.020489237691113493, 2.3545056161445928, 1.0], [0.0018014880544504226, 0.02048923769111355, 2.3545056161445643, 1.0], [0.0018014880544503535, 0.020489237691113438, 2.3545056161445928, 1.0], [0.0018475650151473823, 0.02048625509587443, 2.342267723872965, 1.0], [0.0037822057568088416, 0.02036102439101739, 1.8284333775397101, 1.0], [0.003782205756808753, 0.02036102439101728, 1.8284333775397386, 1.0], [0.0037822057568088416, 0.02036102439101739, 1.8284333775397101, 1.0], [0.0037822057568087583, 0.02036102439101728, 1.8284333775397386, 1.0], [0.0037822057568088416, 0.0203610243910175, 1.8284333775397386, 1.0], [0.003782205756808755, 0.02036102439101717, 1.8284333775397101, 1.0], [0.0037822057568087583, 0.02036102439101728, 1.8284333775397386, 1.0], [0.004631283571106044, 0.020213751263057578, 2.288683908294928, 1.0], [0.006099338456122393, 0.019959116138581368, 3.0844567204320583, 1.0], [0.006099338456122413, 0.01995911613858159, 3.0844567204320867, 1.0], [0.0060993384561223996, 0.01995911613858148, 3.0844567204320583, 1.0], [0.006099338456122393, 0.019959116138581368, 3.0844567204320583, 1.0], [0.006099338456122344, 0.01995911613858159, 3.0844567204320867, 1.0], [0.006011709187011022, 0.0199794532611961, 3.8632116995527213, 1.0], [0.005996839601650747, 0.01998290421524107, 3.995356629599172, 1.0], [0.005996839601650761, 0.01998290421524107, 3.9953566295992005, 1.0], [0.005996839601650761, 0.019982904215241182, 3.9953566295992005, 1.0], [0.007206290085868608, 0.01963685228959211, 4.273102749138644, 1.0], [0.008012624211970465, 0.019406141333918603, 4.458274591640219, 1.0], [0.008012624211970465, 0.019406141333918603, 4.4582745916401905, 1.0], [0.007999783842011388, 0.01941013320605134, 4.491999927160862, 1.0], [0.006861806588117927, 0.019763912707908782, 7.480906385875102, 1.0], [0.006861806588117775, 0.01976391270790867, 7.480906385875045, 1.0], [0.010206848012558556, 0.01835803450714013, 13.347246977362943, 1.0], [0.01189119392799906, 0.01548160993019454, 24.237095961582156, 1.0], [0.010896969523498723, -0.01502813493932853, 21.210911148465243, 1.0], [0.005494351627489069, -0.019319395668451533, 11.522193457254389, 1.0], [0.006089151678296212, -0.019108791168864325, 6.590963053159101, 1.0], [0.006089151678296129, -0.019108791168864103, 6.590963053159044, 1.0], [0.005504888178651052, -0.019315664927201937, 6.445092015031662, 1.0], [0.005339318108797453, -0.019374289336632988, 6.403754710909368, 1.0], [0.005115407869216354, -0.01943863998171247, 6.380576469442133, 1.0], [0.003540818391110895, -0.019891168855967645, 6.217581622920136, 1.0], [0.003540818391110756, -0.019891168855967645, 6.217581622920193, 1.0], [0.005436642191368024, -0.019263873905933537, 3.7907581281280045, 0.0]], [[0.0, 0.0, 0.0, 1.0], [-0.0004749030186317338, -0.00394332087143931, 4.299027299750607, 1.0], [-0.0004749030186317338, -0.003943320871439421, 4.299027299750607, 1.0], [-0.0004749030186317893, -0.0039433208714393375, 2.9768187034257068, 1.0], [-0.0004749030186317338, -0.00394332087143931, 1.3027355452907337, 1.0], [-0.0004749030186317338, -0.0039433208714393375, 1.3027355452907337, 1.0], [-0.0004749030186317338, -0.003943320871439393, 1.3027355452907354, 1.0], [0.001296800590315006, -0.0033286137943886185, 3.0173696203821, 1.0], [0.002462251203733945, -0.0029242511592368348, 4.145279122012621, 1.0], [0.002462251203733945, -0.0029242511592368348, 4.145279122012621, 1.0], [0.002462251203733945, -0.0029242511592368348, 4.145279122012621, 1.0], [0.003020326013306096, -0.0023561447005754077, 3.4790131642919633, 1.0], [0.0030290375377052814, -0.0023472765825540143, 3.468612780602335, 1.0], [0.003029037537705337, -0.0023472765825540975, 3.468612780602328, 1.0], [0.0030290375377051704, -0.0023472765825540975, 3.468612780602328, 1.0], [0.003242758612144181, -0.002005948131745622, 2.9600873442401507, 1.0], [0.0036038116828508437, -0.0014293195254760221, 2.101001871207721, 1.0], [0.0036038116828510103, -0.0014293195254759805, 2.101001871207714, 1.0], [0.0036038116828511213, -0.0014293195254759944, 2.101001871207721, 1.0], [0.0036038116828509548, -0.0014293195254760221, 2.101001871207714, 1.0], [0.0036038116828509548, -0.0014293195254759805, 2.101001871207721, 1.0], [0.0036038116828509548, -0.0014293195254760638, 2.101001871207714, 1.0], [0.0036038116828509548, -0.0014293195254759528, 2.101001871207721, 1.0], [0.0036658843552895837, -0.001263439903716343, 2.0883854586601345, 1.0], [0.0038251385377949254, -0.0008378577188383751, 2.056016682071629, 1.0], [0.0038251385377950364, -0.000837857718838389, 2.0560166820716432, 1.0], [0.0038251385377948144, -0.0008378577188383612, 2.056016682071629, 1.0], [0.0038251385377949254, -0.0008378577188383057, 2.0560166820716432, 1.0], [0.0038251385377950364, -0.0008378577188383751, 2.056016682071629, 1.0], [0.0038251385377948144, -0.0008378577188384029, 2.0560166820716432, 1.0], [0.0038251385377949254, -0.0008378577188383751, 2.056016682071629, 1.0], [0.0038908867467509767, -0.0005160470380746046, 2.1350827554502416, 1.0], [0.003957052064921807, -0.00019219477773864402, 2.214650427097382, 1.0], [0.003957052064921696, -0.00019219477773863014, 2.214650427097368, 1.0], [0.003957052064921807, -0.00019219477773863014, 2.214650427097382, 1.0], [0.003957052064921807, -0.00019219477773863014, 2.214650427097368, 1.0], [0.003957052064921585, -0.00019219477773863014, 2.214650427097382, 1.0], [0.003957052064921807, -0.00019219477773863014, 2.214650427097368, 1.0], [0.003957052064921585, -0.00019219477773863014, 2.214650427097382, 1.0], [0.003694279252156152, 0.001498553439535255, 2.2674447592355307, 1.0], [0.0036374797396723224, 0.001864016188374562, 2.2788564889947196, 1.0], [0.0036374797396723224, 0.001864016188374562, 2.2788564889947196, 1.0], [0.0036374797396724334, 0.001864016188374576, 2.2788564889947196, 1.0], [0.0036374797396723224, 0.0018640161883744927, 2.2788564889947054, 1.0], [0.0036374797396723224, 0.0018640161883745482, 2.278856488994734, 1.0], [0.0036374797396722114, 0.0018640161883746037, 2.2788564889947054, 1.0], [0.003114538272837253, 0.0024355092672907336, 2.4664358587441058, 1.0], [0.002194413654486249, 0.0034410612926639994, 2.796485026666531, 1.0], [0.002194413654486471, 