{"text": "に", "text_ids": [22], "strokes": [[[0.0, 0.0, 0.0, 1.0], [-0.005159952182721989, 0.018608720430198962, 30.031844539958044, 1.0], [-0.0028256069283650494, 0.01912389845431265, 3.5461620200096817, 1.0], [-0.002825606928365053, 0.019123898454312574, 3.546162020009689, 1.0], [-0.002825606928365391, 0.019123898454312657, 3.5461620200096817, 1.0], [-0.002825606928365051, 0.019123898454312574, 3.5461620200096817, 1.0], [-0.0028820110497213836, 0.01911467362004793, 3.166949644416235, 1.0], [-0.0030878726282810506, 0.019081005177068316, 1.78291499637524, 1.0], [-0.003087872628281054, 0.019081005177068316, 1.7829149963752329, 1.0], [-0.0030878726282810437, 0.019081005177068372, 1.7829149963752258, 1.0], [-0.0030878726282813906, 0.019081005177068344, 1.78291499637524, 1.0], [-0.0030878726282810506, 0.019081005177068316, 1.7829149963752329, 1.0], [-0.0030878726282810506, 0.01908100517706829, 1.7829149963752329, 1.0], [-0.0030878726282810506, 0.01908100517706829, 1.7829149963752329, 1.0], [-0.0030878726282810437, 0.019081005177068455, 1.7829149963752329, 1.0], [-0.0026036788950108067, 0.019137882891000824, 1.8174767545567647, 1.0], [-0.001078745301235362, 0.019317015190229603, 1.92632654440213, 1.0], [-0.001078745301235369, 0.019317015190229547, 1.92632654440213, 1.0], [-0.001078745301235362, 0.01931701519022966, 1.9263265444021442, 1.0], [-0.001078745301235362, 0.019317015190229547, 1.92632654440213, 1.0], [-0.001078745301235709, 0.019317015190229603, 1.9263265444021442, 1.0], [-0.001078745301235362, 0.019317015190229603, 1.92632654440213, 1.0], [-0.001078745301235369, 0.019317015190229603, 1.9263265444021442, 1.0], [-0.001078745301235369, 0.019317015190229436, 1.92632654440213, 1.0], [-0.00021911050586952835, 0.01932698086926743, 2.0276036234740076, 1.0], [0.0009881331614872146, 0.019340976350806616, 2.1698339205920547, 1.0], [0.0009881331614872216, 0.019340976350806782, 2.1698339205920547, 1.0], [0.0009881331614872285, 0.019340976350806838, 2.169833920592069, 1.0], [0.0009881331614872216, 0.019340976350806782, 2.1698339205920547, 1.0], [0.0009881331614872216, 0.019340976350806782, 2.1698339205920547, 1.0], [0.0009881331614872077, 0.01934097635080656, 2.169833920592069, 1.0], [0.0009881331614872285, 0.019340976350806893, 2.1698339205920547, 1.0], [0.0025727164484768764, 0.019161562827303413, 2.3075326574352033, 1.0], [0.003714491714992413, 0.019032285985059905, 2.406751810665483, 1.0], [0.0037144917149924198, 0.01903228598505957, 2.406751810665469, 1.0], [0.003714491714992406, 0.019032285985059794, 2.406751810665469, 1.0], [0.0037144917149924198, 0.01903228598505957, 2.406751810665469, 1.0], [0.0037144917149924267, 0.019032285985059794, 2.406751810665469, 1.0], [0.0037144917149920693, 0.019032285985059683, 2.406751810665469, 1.0], [0.007590705134274154, 0.01784649122795101, 3.7953011124917992, 1.0], [0.007867973112396093, 0.017761670584913958, 3.8946249153364505, 1.0], [0.007867973112396084, 0.017761670584913847, 3.8946249153364505, 1.0], [0.007867973112396435, 0.017761670584913958, 3.8946249153364505, 1.0], [0.009963020947689652, 0.016558482380575335, 4.531299976714479, 1.0], [0.011554788060787236, 0.015644328831300514, 5.015030423035739, 1.0], [0.011554788060787236, 0.015644328831300625, 5.015030423035739, 1.0], [0.012659881270692432, 0.014267149805326174, 6.157286619279574, 1.0], [0.017747722746642908, 0.007926627118768681, 11.41622622665588, 1.0], [0.017061061546257375, -0.005513563490451401, 8.829256150956041, 1.0], [0.016863909578680364, -0.009372468029879233, 8.086493577214554, 1.0], [0.011488025051696785, -0.014595082441642981, 5.265208369775962, 1.0], [0.008895615261533235, -0.01711358086982695, 3.904701581377367, 1.0], [0.008895615261533235, -0.017113580869827172, 3.9047015813773953, 1.0], [0.008895615261533235, -0.017113580869827172, 3.9047015813773953, 1.0], [0.009983075837116717, -0.016388678591936157, 3.7537420291219803, 1.0], [0.012284043956524077, -0.014854851004468705, 3.4343252844062135, 1.0], [0.012284043956524104, -0.014854851004468816, 3.4343252844062135, 1.0], [0.012284043956524049, -0.014854851004468705, 3.4343252844061567, 1.0], [0.012284043956524437, -0.014854851004468705, 3.4343252844062135, 1.0], [0.011991097790534394, -0.015090497062912878, 5.056079088843433, 1.0], [0.011841584192449933, -0.015210765884159927, 5.883788322346362, 1.0], [0.011841584192449572, -0.015210765884159816, 5.883788322346362, 1.0], [0.012723453345359154, -0.014466482459497887, 1.3368527962970234, 1.0], [0.012982733301338756, -0.014247654334094362, 0.0, 0.0]], [[0.0, 0.0, 0.0, 1.0], [0.0018736391510804085, -0.004259120058651783, 3.785652884893001, 1.0], [0.0018736391510806305, -0.004259120058651783, 3.785652884893001, 1.0], [0.00196137965643417, -0.0042071594202926915, 3.4565661299078316, 1.0], [0.0028041533517066952, -0.003708062007735699, 0.29558980038821225, 1.0], [0.0028041533517066952, -0.003708062007735602, 0.29558980038821225, 1.0], [0.0028041533517068062, -0.003708062007735713, 0.29558980038821225, 1.0], [0.0028041533517070283, -0.003708062007735713, 0.29558980038821225, 1.0], [0.0028041533517066952, -0.003708062007735602, 0.29558980038821225, 1.0], [0.0028041533517068062, -0.003708062007735699, 0.29558980038821225, 1.0], [0.0028041533517066952, -0.003708062007735699, 0.29558980038821225, 1.0], [0.0028041533517068062, -0.003708062007735699, 0.29558980038821225, 1.0], [0.0028041533517066952, -0.0037080620077356227, 0.29558980038821225, 1.0], [0.0028041533517068062, -0.003708062007735699, 0.29558980038821225, 1.0], [0.004540975483988685, 0.0003394019033991086, 1.9292810840125618, 1.0], [0.004641880483092886, 0.0005745493803557822, 2.024194440105413, 1.0], [0.00464188048309333, 0.0005745493803558724, 2.0241944401054113, 1.0], [0.004641880483092997, 0.0005745493803558724, 2.0241944401054113, 1.0], [0.004641880483093219, 0.0005745493803558724, 2.0241944401054113, 1.0], [0.00464188048309333, 0.0005745493803557614, 2.024194440105415, 1.0], [0.004641880483092886, 0.0005745493803558863, 2.0241944401054113, 1.0], [0.004629856774484464, 0.0006225153651769205, 1.9832696790655469, 1.0], [0.004346555725328161, 0.0017526836240494004, 1.0190058137085636, 1.0], [0.00434655572532805, 0.0017526836240494004, 1.0190058137085707, 1.0], [0.004346555725328383, 0.0017526836240493934, 1.0190058137085671, 1.0], [0.004346555725328161, 0.0017526836240494906, 1.0190058137085671, 1.0], [0.004346555725328272, 0.0017526836240493865, 1.0190058137085671, 1.0], [0.004346555725328161, 0.0017526836240494004, 1.0190058137085671, 1.0], [0.0043465557253279385, 0.0017526836240494073, 1.0190058137085671, 1.0], [0.004346555725328494, 0.0017526836240494767, 1.0190058137085742, 1.0], [0.0043465557253279385, 0.0017526836240494073, 1.01900581370856, 1.0], [0.004346555725328494, 0.0017526836240493934, 1.0190058137085742, 1.0], [0.00434655572532805, 0.0017526836240494004, 1.01900581370856, 1.0], [0.00434655572532805, 0.0017526836240494836, 1.0190058137085671, 1.0], [0.004346555725328494, 0.0017526836240493865, 1.0190058137085671, 1.0], [0.0043465557253279385, 0.0017526836240494142, 1.0190058137085671, 1.0], [0.004346555725328161, 0.0017526836240494004, 1.0190058137085742, 1.0], [0.004440074634773916, 0.001403693476506887, 1.108474019244035, 1.0], [0.004622313067708772, 0.0007236233390872648, 1.2828189262898348, 1.0], [0.004622313067709105, 0.0007236233390871538, 1.2828189262898348, 1.0], [0.004622313067708994, 0.0007236233390872648, 1.282818926289842, 1.0], [0.004622313067708772, 0.0007236233390871677, 1.2828189262898348, 1.0], [0.004622313067709216, 0.0007236233390872371, 1.282818926289842, 1.0], [0.004622313067708772, 0.0007236233390871816, 1.2828189262898348, 1.0], [0.004622313067708883, 0.0007236233390872371, 1.2828189262898348, 1.0], [0.004622313067709105, 0.0007236233390871677, 1.282818926289842, 1.0], [0.004622313067708883, 0.0007236233390871677, 1.2828189262898348, 1.0], [0.004622313067708772, 0.0007236233390872648, 1.2828189262898348, 1.0], [0.004622313067708994, 