{"text": "に", "text_ids": [22], "strokes": [[[0.0, 0.0, 0.0, 1.0], [-0.007600409487273257, -0.017139932794455928, 13.599357576254862, 1.0], [-0.01756198003368841, -0.004611405014159353, 18.734994443192463, 1.0], [-0.013489389756190184, 0.010632083617329514, 16.843446776233677, 1.0], [-0.009849537391524062, 0.01641307458577944, 10.444057987936986, 1.0], [-0.005118620715655789, 0.01834368239603515, 6.268774278584402, 1.0], [-0.004940895780708214, 0.018416208963505126, 6.1119226414762124, 1.0], [-0.0043964591518871055, 0.018504170888783728, 5.583308414714608, 1.0], [-0.0019551396693241324, 0.01889860276668911, 3.212938490581706, 1.0], [-0.0019551396693237855, 0.018898602766689143, 3.212938490581692, 1.0], [-0.0019551396693241463, 0.018898602766689185, 3.212938490581692, 1.0], [-0.0019551396693237716, 0.018898602766689157, 3.212938490581692, 1.0], [-0.001484848669873709, 0.01890623312025244, 2.952926698932785, 1.0], [0.00036751875231978703, 0.018936287317286055, 1.9288004179714022, 1.0], [0.000367518752320134, 0.01893628731728611, 1.9288004179714022, 1.0], [0.00036751875232014786, 0.01893628731728597, 1.9288004179714022, 1.0], [0.00036751875231977316, 0.018936287317286, 1.9288004179714022, 1.0], [0.00036751875232014786, 0.01893628731728611, 1.9288004179714022, 1.0], [0.00036751875231978703, 0.018936287317286, 1.9288004179714022, 1.0], [0.000367518752320134, 0.018936287317286138, 1.9288004179714164, 1.0], [0.000367518752320134, 0.01893628731728597, 1.9288004179714022, 1.0], [0.0009080781846603353, 0.018891355803612897, 1.6865193121739281, 1.0], [0.0017581637255068006, 0.01882069635746031, 1.3055072484921197, 1.0], [0.0017581637255067867, 0.01882069635746031, 1.3055072484921197, 1.0], [0.0017581637255067867, 0.018820696357460087, 1.3055072484921197, 1.0], [0.0017581637255067797, 0.018820696357460087, 1.3055072484921197, 1.0], [0.0017581637255068144, 0.018820696357460476, 1.305507248492134, 1.0], [0.0017581637255067797, 0.018820696357460087, 1.3055072484921197, 1.0], [0.0017581637255067797, 0.018820696357460087, 1.305507248492134, 1.0], [0.0017581637255068006, 0.018820696357460365, 1.3055072484921197, 1.0], [0.0017581637255067936, 0.018820696357460254, 1.3055072484921197, 1.0], [0.0017581637255067728, 0.018820696357460087, 1.305507248492134, 1.0], [0.0017581637255068075, 0.01882069635746031, 1.3055072484921197, 1.0], [0.0017581637255067936, 0.01882069635746031, 1.3055072484921197, 1.0], [0.0022979565852685457, 0.018733980067138667, 1.2995856076356773, 1.0], [0.0032291777578681777, 0.018584381857203125, 1.2893699161119514, 1.0], [0.003229177757868164, 0.018584381857203014, 1.289369916111923, 1.0], [0.0032291777578681777, 0.018584381857202903, 1.289369916111923, 1.0], [0.003229177757868164, 0.018584381857203125, 1.2893699161119514, 1.0], [0.0032291777578681846, 0.018584381857203125, 1.289369916111923, 1.0], [0.0032291777578681603, 0.018584381857203014, 1.289369916111923, 1.0], [0.0032291777578681603, 0.018584381857202903, 1.2893699161119514, 1.0], [0.003229177757868181, 0.018584381857203125, 1.289369916111923, 1.0], [0.0032291777578678064, 0.018584381857202903, 1.289369916111923, 1.0], [0.003229177757868195, 0.018584381857203125, 1.2893699161119514, 1.0], [0.0032291777578681603, 0.018584381857202903, 1.289369916111923, 1.0], [0.003229177757868168, 0.018584381857203236, 1.289369916111923, 1.0], [0.005598812726272364, 0.017939293854428606, 2.1794045134103897, 1.0], [0.005703240371163248, 0.017910865416388422, 2.2186275237502286, 1.0], [0.005703240371163258, 0.017910865416388644, 2.218627523750257, 1.0], [0.005703240371163215, 0.01791086541638831, 2.218627523750257, 1.0], [0.0057032403711632824, 0.017910865416388644, 2.218627523750257, 1.0], [0.005703240371163251, 0.017910865416388644, 2.218627523750257, 1.0], [0.005703240371163234, 0.01791086541638831, 2.2186275237502286, 1.0], [0.00674380130129084, 0.017429216268768255, 3.129493482301797, 1.0], [0.00922583422068056, 0.01628034645694243, 5.302167113242518, 1.0], [0.009225834220680545, 0.016280346456942207, 5.302167113242433, 1.0], [0.009835435333038982, 0.01567435958415775, 5.705842327510226, 1.0], [0.016062989397877203, 0.009483727814727949, 9.829701635705362, 1.0], [0.016980337941962964, 0.002381364938866093, 10.01960266539669, 1.0], [0.018051000941497017, -0.005908000307820127, 10.241241438766423, 1.0], [0.011477648930215772, -0.014327662324596147, 9.91139835948485, 1.0], [0.009692074772067655, -0.01650009496884086, 8.269680217109226, 1.0], [0.008943358245754401, -0.016913866816081646, 0.8519589727881112, 0.0]], [[0.0, 0.0, 0.0, 1.0], [0.007954399250215904, -0.00302639200672819, 12.667460439389318, 1.0], [0.00692284092835338, -0.0049624701340363064, 2.815750081990398, 1.0], [0.008989651070242743, -0.0010833817449432126, 4.121504247969037, 1.0], [0.0089896510702423, -0.0010833817449431848, 4.121504247969032, 1.0], [0.00898965107024241, -0.0010833817449431848, 4.121504247969032, 1.0], [0.008989651070242521, -0.0010833817449431848, 2.160516845601908, 1.0], [0.0089896510702423, -0.0010833817449431848, 2.0852848873810963, 1.0], [0.00898965107024241, -0.0010833817449431848, 2.0852848873810927, 1.0], [0.0089896510702423, -0.001083381744943157, 2.0852848873811, 1.0], [0.008989651070242743, -0.0010833817449432126, 2.0852848873810927, 1.0], [0.00898965107024241, -0.0010833817449431848, 2.0852848873810927, 1.0], [0.00898965107024241, -0.0010833817449431848, 2.0852848873811, 1.0], [0.0089896510702423, -0.0010833817449431848, 2.0852848873810927, 1.0], [0.00893696781047093, -0.0015112035942115298, 1.586014151320697, 1.0], [0.008924665351785266, -0.0016111074469385978, 1.4694257391773107, 1.0], [0.008924665351785488, -0.0016111074469388198, 1.4694257391773178, 1.0], [0.008924665351785488, -0.001611107446938792, 1.4694257391773107, 1.0], [0.008924665351785377, -0.001611107446938792, 1.4694257391773107, 1.0], [0.008924665351785155, -0.0016111074469387643, 1.4694257391773107, 1.0], [0.008924665351785377, -0.0016111074469387643, 1.4694257391773178, 1.0], [0.008924665351785488, -0.0016111074469388198, 1.4694257391773178, 1.0], [0.008924665351785377, -0.001611107446938792, 1.4694257391773036, 1.0], [0.008924665351785044, -0.0016111074469387643, 1.4694257391773178, 1.0], [0.008924665351785488, -0.0016111074469387643, 1.4694257391773178, 1.0], [0.00892201638496859, -0.0016279644825376305, 1.5165528232655063, 1.0], [0.008913698562774575, -0.0016808959967961612, 1.6645330484195426, 1.0], [0.008913698562774353, -0.001680895996796078, 1.6645330484195426, 1.0], [0.008913698562774575, -0.0016808959967959392, 1.6645330484195284, 1.0], [0.00891369856277402, -0.0016808959967960502, 1.6645330484195426, 1.0], [0.008913698562774575, -0.001680895996795967, 1.6645330484195284, 1.0], [0.008913698562774353, -0.0016808959967961057, 1.6645330484195426, 1.0], [0.008913698562774575, -0.0016808959967961057, 1.6645330484195426, 1.0], [0.008913698562774464, -0.0016808959967959114, 1.6645330484195426, 1.0], [0.008913698562774464, -0.0016808959967961196, 1.6645330484195284, 1.0], [0.008915860926882235, -0.0016638847957810843, 1.6819089193327983, 1.0], [0.0089896510702423, -0.001083381744943171, 2.2748562407638104, 1.0], [0.00898965107024241, -0.0010833817449431848, 2.2748562407637962, 1.0], [0.00898965107024241, -0.0010833817449431848, 2.2748562407637962, 1.0], [0.0089896510702423, -0.001083381744943171, 2.2748562407637962, 1.0], [0.008989651070242521, -0.0010833817449431848, 2.2748562407637962, 1.0], [0.008989651070242743, -0.0010833817449432265, 2.2748562407638104, 1.0], [0.0089896510702423, -0.001083381744943171, 2.2748562407637962, 1.0], [0.008518818140292095, 0.0015797997875679343, 3.2548083059054846, 1.0], [0.00814202164643063, 0.0037110811830117357, 4.03904084107694, 1.0], [0.008142021646431297, 0.003711081183011694, 4.039040841076968, 1.0], [0.008142021646430742, 0.003711081183011569, 4.03904084107694, 1.0], [0.004842872530130493, 0.00663421616385107, 4.555019434854486, 1.0], [0.0025891486970990307, 0.008631076184798692, 4.9074961532861465, 