{"text": "ぬ", "text_ids": [23], "strokes": [[[0.0, 0.0, 0.0, 1.0], [-0.003974730543230211, -0.010906557592318093, 13.312731433074832, 1.0], [-0.00675513332388111, 0.016479897680071864, 3.4171370647554493, 1.0], [-0.0044494821655767375, 0.017752120275848885, 2.4844379402218806, 1.0], [-0.004449482165577142, 0.0177521202758489, 2.4844379402218735, 1.0], [-0.004449482165577126, 0.017752120275849, 2.484437940221877, 1.0], [-0.00444948216557714, 0.017752120275848896, 2.484437940221877, 1.0], [-0.004449482165576734, 0.017752120275848896, 2.4844379402218735, 1.0], [-0.0017622933321190318, 0.018215876450288604, 1.820601026011694, 1.0], [-0.00036994068004599784, 0.018456169254187124, 1.4766374472202557, 1.0], [-0.0003699406800456023, 0.018456169254187083, 1.4766374472202486, 1.0], [-0.0003699406800459909, 0.01845616925418725, 1.4766374472202486, 1.0], [-0.00036994068004599784, 0.01845616925418711, 1.4766374472202557, 1.0], [-0.0003699406800456023, 0.018456169254187138, 1.4766374472202557, 1.0], [-0.0003699406800460048, 0.018456169254187, 1.4766374472202415, 1.0], [-0.00036994068004558844, 0.01845616925418722, 1.4766374472202557, 1.0], [-0.00036994068004599784, 0.018456169254187138, 1.4766374472202557, 1.0], [-0.0003699406800456023, 0.018456169254187083, 1.4766374472202486, 1.0], [-0.00036994068004599784, 0.018456169254187138, 1.4766374472202557, 1.0], [0.00017710009414323435, 0.018434439266222735, 1.4839969381646796, 1.0], [0.0033754880126418765, 0.018307390361911757, 1.52702573607813, 1.0], [0.0033754880126418696, 0.018307390361911757, 1.527025736078123, 1.0], [0.003375488012641887, 0.018307390361911757, 1.52702573607813, 1.0], [0.00337548801264188, 0.018307390361911757, 1.527025736078123, 1.0], [0.0033754880126418557, 0.018307390361911535, 1.52702573607813, 1.0], [0.003375488012641873, 0.018307390361911757, 1.527025736078123, 1.0], [0.0033754880126418765, 0.018307390361911813, 1.52702573607813, 1.0], [0.003375488012641859, 0.018307390361911535, 1.5270257360781159, 1.0], [0.0033754880126418783, 0.018307390361911757, 1.52702573607813, 1.0], [0.0033754880126418765, 0.018307390361911757, 1.527025736078123, 1.0], [0.003454197075759821, 0.018281756846060426, 1.5306766827763383, 1.0], [0.00929221291530272, 0.016380465360223084, 1.8014750357140343, 1.0], [0.009292212915303131, 0.016380465360223195, 1.8014750357140343, 1.0], [0.009292212915303116, 0.016380465360223084, 1.8014750357140485, 1.0], [0.009292212915302737, 0.016380465360223306, 1.8014750357140343, 1.0], [0.009292212915303126, 0.016380465360223195, 1.8014750357140343, 1.0], [0.009292212915303119, 0.016380465360222973, 1.8014750357140343, 1.0], [0.00929221291530273, 0.016380465360223195, 1.8014750357140343, 1.0], [0.009292212915303119, 0.016380465360223084, 1.8014750357140201, 1.0], [0.009877540604756652, 0.015935168673088196, 1.831562111943981, 1.0], [0.013736881684983826, 0.012999117930038162, 2.0299403731645214, 1.0], [0.013736881684983437, 0.012999117930038384, 2.0299403731645214, 1.0], [0.013736881684983812, 0.012999117930038162, 2.0299403731645214, 1.0], [0.013736881684983424, 0.012999117930038384, 2.0299403731645214, 1.0], [0.013736881684983854, 0.012999117930038162, 2.0299403731645214, 1.0], [0.013736881684983437, 0.012999117930038273, 2.0299403731645214, 1.0], [0.013736881684983798, 0.012999117930038273, 2.0299403731645356, 1.0], [0.013736881684983437, 0.012999117930038273, 2.0299403731645214, 1.0], [0.014036346020986329, 0.012673002830688729, 2.4792034374516874, 1.0], [0.01413244293531743, 0.01256835379240051, 2.62337016787842, 1.0], [0.01413244293531743, 0.012568353792400622, 2.6233701678784342, 1.0], [0.014132442935317402, 0.0125683537924004, 2.62337016787842, 1.0], [0.014132442935317402, 0.012568353792400844, 2.6233701678784485, 1.0], [0.014132442935317402, 0.0125683537924004, 2.623370167878406, 1.0], [0.014652220774752034, 0.01186284909684332, 2.8474268246451118, 1.0], [0.016009928191471123, 0.010020006087742672, 3.4326833738433464, 1.0], [0.016009928191471456, 0.01002000608774245, 3.432683373843318, 1.0], [0.016009928191471068, 0.010020006087742672, 3.4326833738433464, 1.0], [0.016009928191471123, 0.01002000608774245, 3.432683373843318, 1.0], [0.016985058347266102, 0.007933856187185895, 4.918593769706092, 1.0], [0.017593519528555035, 0.0066321415132059025, 5.845771325833226, 1.0], [0.01759351952855487, 0.0066321415132060135, 5.845771325833283, 1.0], [0.016389423900925848, -0.004354654905959321, 14.96999449366362, 1.0], [0.00826029448888388, -0.015679945983540167, 3.7388044262529263, 0.0]], [[0.0, 0.0, 0.0, 1.0], [-0.04608820989721396, 0.0311235392298278, 12.778151158178941, 1.0], [-0.03197331967194322, 0.05391477206166076, 1.3961826013164735, 1.0], [-0.027270784609141896, 0.056221298642744805, 2.6438375260445106, 1.0], [-0.02046515253235326, 0.059559364404415116, 4.449476455493482, 1.0], [-0.020465152532353148, 0.059559364404415116, 4.449476455493482, 1.0], [-0.02048697216356049, 0.05955102273033186, 4.4934663799723005, 1.0], [-0.021047898962898548, 0.05933657966755984, 5.624334601637653, 1.0], [-0.021047898962898492, 0.0593365796675599, 5.624334601637649, 1.0], [-0.02104395738153947, 0.059338098021495034, 5.631777899761467, 1.0], [-0.02078270443626501, 0.05943873642049413, 6.125129014512133, 1.0], [-0.020782704436265398, 0.05943873642049402, 6.12512901451214, 1.0], [-0.022625471616476045, 0.05859660766004404, 6.142782226440623, 1.0], [-0.028479783286929905, 0.05592123755183276, 6.198864951227506, 1.0], [-0.028479783286929905, 0.05592123755183276, 6.198864951227492, 1.0], [-0.03595955958928508, 0.05088262570426361, 7.046741547796259, 1.0], [-0.03984215551427828, 0.048267187349397944, 7.486856610822699, 1.0], [-0.047045075600157846, 0.03875554109324242, 8.590323491510887, 1.0], [-0.05842325487205277, 0.02373035478227159, 10.333428210065406, 1.0], [-0.06248482745719641, 0.0006935490180965953, 11.332753961981567, 1.0], [-0.05896939681934449, -0.01827057853750791, 11.118718389563227, 1.0], [-0.04673289787337537, -0.045544360022578556, 9.725579491826267, 1.0], [-0.03209094319234215, -0.054906526963671376, 9.365194307597477, 1.0], [-0.023918686528619865, -0.060131924312450624, 9.164049017403698, 1.0], [-0.009116202514107052, -0.06298483535151345, 9.507876747314128, 1.0], [-0.004589055442337564, -0.06364572663150381, 9.573342508182321, 1.0], [0.02686030178480009, -0.05676029015458883, 7.875836183952742, 1.0], [0.026860301784799534, -0.056760290154589055, 7.875836183952771, 1.0], [0.04132049707363075, -0.046954294860792056, 5.750395742172202, 1.0], [0.04154736339451878, -0.04680044838565711, 5.717049660486396, 1.0], [0.04166873512960713, -0.04666220001061305, 5.711405902003975, 1.0], [0.05258958454115863, -0.034222815468996415, 5.203588851709526, 1.0], [0.05258958454115901, -0.03422281546899669, 5.203588851709526, 1.0], [0.05258958454115903, -0.034222815468996415, 5.203588851709526, 1.0], [0.05881088950983172, -0.022613021198782057, 5.221901945406557, 1.0], [0.05923492436054316, -0.02182171496882651, 5.223150138509283, 1.0], [0.059234924360543534, -0.021821714968826678, 5.223150138509254, 1.0], [0.0625251478452743, -0.004991684278822461, 6.0105432279594595, 1.0], [0.06406319402737215, 0.0028756732327487877, 6.378617597575669, 1.0], [0.06402893129109033, 0.0031347011975459416, 6.385862396600714, 1.0], [0.061960609885125806, 0.018771312352347747, 6.823205543461086, 1.0], [0.061960609885125306, 0.018771312352347747, 6.823205543461086, 1.0], [0.0582792941823842, 0.02794503808474752, 8.439008426512828, 1.0], [0.0564772119086967, 0.03243577179544582, 9.229978277631858, 1.0], [0.04099629922964221, 0.04951768497449488, 9.921671857118895, 1.0], [0.03496848999487001, 0.05429305608163987, 9.977908203181471, 1.0], [0.01752801861815645, 0.062044055534623443, 9.451564361055432, 1.0], [0.009769893267242535, 0.0628103966767829, 10.494329708309863, 1.0], [8.802241691241441e-05, 0.06373444488294688, 11.777097285612285, 1.0], [-0.02212760301694272, 0.05890721274943156, 10.729108394874743, 1.0], [-0.032692199594757, 