{"text": "ぬ", "text_ids": [23], "strokes": [[[0.0, 0.0, 0.0, 1.0], [-0.005565821514149723, -0.016243256333799493, 8.479334929376709, 1.0], [-0.007504837275714431, -0.005841251625032705, 9.833630475403272, 1.0], [-0.003710663579230276, 0.01649198307295381, 4.085464455895156, 1.0], [-0.001651770285757248, 0.01730413721298868, 1.7868709794209146, 1.0], [-0.0016517702857572515, 0.017304137212988683, 1.7868709794209146, 1.0], [-0.001651770285757248, 0.017304137212988683, 1.7868709794209146, 1.0], [-0.000924883950822953, 0.017302468464402594, 1.7809029048460552, 1.0], [0.0007274554248239834, 0.01729867510791172, 1.7673364307731347, 1.0], [0.0007274554248239765, 0.017298675107911624, 1.7673364307731347, 1.0], [0.0007274554248239799, 0.017298675107911637, 1.7673364307731418, 1.0], [0.0007274554248239903, 0.01729867510791172, 1.7673364307731347, 1.0], [0.000727455424823973, 0.017298675107911665, 1.7673364307731347, 1.0], [0.0007274554248239799, 0.01729867510791161, 1.7673364307731347, 1.0], [0.0007274554248239869, 0.01729867510791175, 1.7673364307731418, 1.0], [0.0007274554248239799, 0.01729867510791161, 1.7673364307731418, 1.0], [0.0007274554248239799, 0.017298675107911637, 1.7673364307731347, 1.0], [0.001976165867435405, 0.017142024828946, 1.492227720719967, 1.0], [0.0025463569716413295, 0.017070494558605015, 1.3666064927643546, 1.0], [0.002546356971640948, 0.017070494558605098, 1.3666064927643546, 1.0], [0.002546356971641332, 0.017070494558605043, 1.3666064927643546, 1.0], [0.002546356971640935, 0.017070494558604987, 1.3666064927643546, 1.0], [0.0025463569716413365, 0.017070494558605043, 1.3666064927643475, 1.0], [0.002546356971640948, 0.017070494558605098, 1.3666064927643546, 1.0], [0.0025463569716413226, 0.01707049455860493, 1.3666064927643546, 1.0], [0.0025463569716413365, 0.017070494558605043, 1.3666064927643546, 1.0], [0.0025463569716409496, 0.017070494558605154, 1.3666064927643475, 1.0], [0.0025463569716413365, 0.017070494558605098, 1.3666064927643617, 1.0], [0.002546356971640929, 0.017070494558604876, 1.3666064927643546, 1.0], [0.003853296885947906, 0.016610696258735624, 1.444231856861144, 1.0], [0.007838749791979075, 0.015208562579640816, 1.6809468194502983, 1.0], [0.007838749791979044, 0.015208562579640539, 1.6809468194502841, 1.0], [0.007838749791979065, 0.01520856257964065, 1.6809468194502983, 1.0], [0.007838749791979065, 0.01520856257964076, 1.6809468194502983, 1.0], [0.007838749791979446, 0.015208562579640539, 1.6809468194502841, 1.0], [0.007838749791979058, 0.01520856257964065, 1.6809468194502983, 1.0], [0.007838749791979058, 0.01520856257964065, 1.6809468194502841, 1.0], [0.007838749791979058, 0.01520856257964065, 1.6809468194502983, 1.0], [0.007838749791979058, 0.01520856257964065, 1.6809468194502983, 1.0], [0.012271550063931158, 0.011274027495208117, 2.014453680615688, 1.0], [0.013923567028864964, 0.009807704108220072, 2.1387450898301523, 1.0], [0.013923567028864964, 0.009807704108219961, 2.138745089830138, 1.0], [0.013923567028864936, 0.009807704108219961, 2.1387450898301523, 1.0], [0.013923567028865352, 0.009807704108219961, 2.1387450898301523, 1.0], [0.013923567028864964, 0.009807704108219961, 2.138745089830138, 1.0], [0.013923567028864964, 0.009807704108220072, 2.1387450898301523, 1.0], [0.013923567028864964, 0.00980770410821985, 2.138745089830138, 1.0], [0.014016544108613777, 0.00967516199221019, 2.4149706615845616, 1.0], [0.014042781334692223, 0.009637759898360132, 2.49291882681338, 1.0], [0.014042781334692223, 0.009637759898360021, 2.492918826813394, 1.0], [0.014042781334692167, 0.009637759898360132, 2.492918826813394, 1.0], [0.014042781334692223, 0.009637759898360021, 2.49291882681338, 1.0], [0.014042781334691834, 0.009637759898360132, 2.49291882681338, 1.0], [0.014042781334692223, 0.009637759898360243, 2.4929188268134084, 1.0], [0.01683404632291985, 0.002922383209359669, 3.4644921740771792, 1.0], [0.016948533072578542, 0.0026469447780026467, 3.5043423047715976, 1.0], [0.016948533072578875, 0.0026469447780024247, 3.50434230477164, 1.0], [0.01694853307257893, 0.0026469447780024247, 3.5043423047715976, 1.0], [0.017037484505953993, 0.0008295104793324404, 3.983137785092566, 1.0], [0.017173820147435293, -0.001956066565995118, 4.7169864311563, 1.0], [0.01717382014743568, -0.001956066565995118, 4.716986431156272, 1.0], [0.017173820147434904, -0.001956066565995007, 4.7169864311562435, 1.0], [0.015229370869295655, -0.007887333755645431, 16.0011007910239, 1.0], [0.007259847127570385, -0.015573253909078932, 1.9855041563472753, 0.0]], [[0.4848693557227663, -0.013427514801544475, 0.0, 1.0], [-0.040138240317299456, -0.02874703872554925, 21.086028111827954, 1.0], [-0.03892000204143531, 0.05000186895733433, 17.902217601714955, 1.0], [-0.022025048014340798, 0.0620274469486855, 11.140642592210575, 1.0], [-0.01703917295182239, 0.06367817608095533, 6.445245768713775, 1.0], [-0.01704513966724408, 0.06367662031574192, 6.440784221779893, 1.0], [-0.019023551616015377, 0.06316076791282593, 4.961448081142571, 1.0], [-0.019023551616015377, 0.06316076791282593, 4.961448081142578, 1.0], [-0.019023551616015433, 0.06316076791282599, 4.961448081142578, 1.0], [-0.01972954249490494, 0.06295673989184825, 5.182265176617491, 1.0], [-0.02024798063231753, 0.06280691372505426, 5.344420251293229, 1.0], [-0.020247980632317475, 0.06280691372505431, 5.3444202512932435, 1.0], [-0.024634785167680806, 0.061180100645446545, 6.485254695970923, 1.0], [-0.02777495308061484, 0.060015593270716705, 7.301888236004089, 1.0], [-0.03241212773642657, 0.05687214753872616, 7.839649849877645, 1.0], [-0.04598520490117941, 0.04767123649905747, 9.413685857384976, 1.0], [-0.049813125587130726, 0.0430412247137234, 10.061626014384487, 1.0], [-0.05451510518868458, 0.03735400631092456, 10.85751538910958, 1.0], [-0.06364223958354397, 0.01089176905657574, 12.372583894642332, 1.0], [-0.05706201468700797, -0.020144789457920198, 13.024847177275603, 1.0], [-0.044439040735689106, -0.044369215093290726, 13.545048892718455, 1.0], [-0.022438549070568192, -0.05914628307319092, 13.10494818361127, 1.0], [0.005901636776512786, -0.06536514880056721, 9.286468038650213, 1.0], [0.015578446408538282, -0.06254367496937907, 8.305172514526646, 1.0], [0.03272370511360262, -0.057544620466416396, 6.566524523401711, 1.0], [0.03272370511360295, -0.05754462046641651, 6.566524523401682, 1.0], [0.0415944324062908, -0.051204306063889427, 5.470979371964916, 1.0], [0.044215931253552346, -0.0493306009719528, 5.147221211348153, 1.0], [0.04421593125355197, -0.04933060097195252, 5.147221211348153, 1.0], [0.04804317712639533, -0.0451384015646486, 5.051046240898415, 1.0], [0.05237399696077703, -0.04039460904489883, 4.942216946039082, 1.0], [0.0523739969607778, -0.040394609044899, 4.94221694603911, 1.0], [0.05485312539833223, -0.03520147729345019, 5.323738155780575, 1.0], [0.06307267348436307, -0.017983653681930167, 6.588671380621236, 1.0], [0.06307267348436307, -0.01798365368193028, 6.588671380621236, 1.0], [0.06437522301734172, -0.006836682709534553, 7.186688182498415, 1.0], [0.06507186988940994, -0.0008749113800493868, 7.506527485284039, 1.0], [0.06369147728541186, 0.008265473186068545, 7.9194397944649495, 1.0], [0.0624175663737071, 0.016700780360439316, 8.300500584503368, 1.0], [0.058335850376758924, 0.02547987331004606, 8.053009513651887, 1.0], [0.0537696625878058, 0.03530098459131886, 7.776142944188962, 1.0], [0.04997954748711564, 0.039515228638325905, 8.730567731509609, 1.0], [0.040508946120975664, 0.05004562794508116, 11.115449576662456, 1.0], [0.025765366022373004, 0.05858678981252924, 9.627551443144057, 1.0], [0.02079870446741372, 0.061365980810300536, 9.163709585970366, 1.0], [-0.00825772242943923, 0.06517489328627646, 11.196486733867744, 1.0], [-0.01764151873248443, 0.06272323750614683, 10.296788312875435, 1.0], [-0.02744199874000275, 0.060162716936164595, 9.357139144993312, 1.0], [-0.045748549064948185, 0.04619795071046662, 10.727242108083374, 1.0], [-0.05396756657181234, 0.03618131575667716, 11.630536884706942, 1.0], 