{"text": "ぬ", "text_ids": [23], "strokes": [[[0.0, 0.0, 0.0, 1.0], [-0.011385219996179733, -0.013778401894239263, 7.382660463658395, 1.0], [-0.011385219996179733, -0.013778401894239263, 7.382660463658395, 1.0], [-0.009704113194899607, 0.0075059758774923095, 5.291492070039087, 1.0], [-0.008974364211251008, 0.016745277648615976, 4.3837401004914724, 1.0], [-0.008974364211251015, 0.016745277648615973, 4.3837401004914724, 1.0], [-0.00670942991078214, 0.01752242050017273, 3.7475788174212425, 1.0], [-0.005879357896458853, 0.01780723429458396, 3.514433124160554, 1.0], [-0.005879357896458853, 0.01780723429458396, 3.514433124160554, 1.0], [-0.005879357896458853, 0.017807234294583973, 3.514433124160547, 1.0], [-0.0058793578964592, 0.017807234294583807, 3.514433124160554, 1.0], [-0.0057057399523518515, 0.017846936076117814, 2.872935631443511, 1.0], [-0.0053460112352855665, 0.01792919641510493, 1.5437811408532696, 1.0], [-0.005346011235285511, 0.017929196415104764, 1.5437811408532696, 1.0], [-0.005346011235285511, 0.017929196415104737, 1.5437811408532625, 1.0], [-0.005346011235285941, 0.017929196415104903, 1.5437811408532696, 1.0], [-0.005346011235285525, 0.017929196415104737, 1.5437811408532696, 1.0], [-0.005346011235285497, 0.017929196415104737, 1.5437811408532696, 1.0], [-0.00534601123528558, 0.01792919641510496, 1.5437811408532696, 1.0], [-0.005346011235285511, 0.017929196415104737, 1.5437811408532696, 1.0], [-0.005346011235285525, 0.017929196415104764, 1.5437811408532696, 1.0], [-0.004935006204591058, 0.01800880990902326, 1.5067860280871201, 1.0], [-0.004671261655112918, 0.018059898395824336, 1.483046028280043, 1.0], [-0.004671261655112946, 0.018059898395824503, 1.483046028280043, 1.0], [-0.004671261655112918, 0.018059898395824336, 1.4830460282800573, 1.0], [-0.004671261655112974, 0.018059898395824447, 1.483046028280043, 1.0], [-0.004671261655112918, 0.018059898395824336, 1.483046028280043, 1.0], [-0.004671261655112918, 0.018059898395824336, 1.483046028280043, 1.0], [-0.004671261655112974, 0.018059898395824503, 1.483046028280043, 1.0], [-0.004671261655112918, 0.018059898395824336, 1.483046028280043, 1.0], [-0.004671261655112946, 0.018059898395824447, 1.483046028280043, 1.0], [-0.004671261655112918, 0.018059898395824336, 1.483046028280043, 1.0], [-0.00039485216970461257, 0.018210399249656617, 2.0421409104724972, 1.0], [0.0005405932554125026, 0.01824332063748768, 2.1644404123181005, 1.0], [0.0005405932554128634, 0.018243320637487792, 2.1644404123181147, 1.0], [0.0005405932554125026, 0.01824332063748757, 2.1644404123181147, 1.0], [0.0005405932554124748, 0.01824332063748768, 2.1644404123181147, 1.0], [0.0005405932554125026, 0.01824332063748768, 2.1644404123181005, 1.0], [0.0005405932554125026, 0.01824332063748757, 2.1644404123181005, 1.0], [0.0005405932554128912, 0.018243320637487792, 2.1644404123181147, 1.0], [0.004364757083810095, 0.017466785046440392, 2.759937894796124, 1.0], [0.004498159690334846, 0.017439696282320005, 2.780711303025086, 1.0], [0.004498159690335235, 0.017439696282320005, 2.780711303025086, 1.0], [0.004498159690335207, 0.017439696282320005, 2.780711303025086, 1.0], [0.004498159690335207, 0.017439696282320116, 2.780711303025086, 1.0], [0.004498159690335235, 0.017439696282319894, 2.780711303025086, 1.0], [0.009690434170384205, 0.014837235725035702, 3.5602055700608446, 1.0], [0.01058703234298522, 0.014387844732919208, 3.694808071924413, 1.0], [0.010587032342985137, 0.014387844732919763, 3.694808071924456, 1.0], [0.01058703234298515, 0.014387844732919541, 3.694808071924399, 1.0], [0.011424446234892485, 0.013714434990032776, 4.63527391017908, 1.0], [0.012190207076136259, 0.013098645335480774, 5.495269091083543, 1.0], [0.012190207076136217, 0.013098645335480885, 5.495269091083571, 1.0], [0.014817323848481237, 0.00885306526726759, 8.206321599274162, 1.0], [0.018317204945298787, 0.0031970451077592, 11.81802303781609, 1.0], [0.013477124922317237, -0.013676033308920421, 7.670846160875726, 1.0], [0.013429698019064046, -0.013841368975654245, 7.630208866537316, 1.0], [0.0070695794877062065, -0.017285226494688888, 4.6370730247193706, 1.0], [0.006310439563096502, -0.01769628325793593, 4.279814129920055, 1.0], [0.006310439563096501, -0.01769628325793593, 4.279814129920112, 1.0], [0.006310439563096475, -0.01769628325793593, 4.279814129920084, 1.0], [0.008764534862080287, -0.01682018550616371, 10.27789839053537, 1.0], [0.007087536081011207, -0.01732171369076685, 6.364031897511552, 1.0], [0.00467126165511297, -0.018059898395824447, 0.6951778257562751, 0.0]], [[0.2633572048058823, 0.0731174224308157, 0.0, 1.0], [0.015008250742115148, -0.004790249592942594, 39.491800827729236, 1.0], [-0.02313707243123886, 0.06341925420260912, 15.821550595799962, 1.0], [-0.027206112252054604, 0.0622570106906864, 10.577149461385986, 1.0], [-0.03043116308849264, 0.061067573372816875, 6.802784451781889, 1.0], [-0.030431163088493057, 0.06106757337281665, 6.802784451781889, 1.0], [-0.02948841157840934, 0.061446241362374476, 6.682510596875446, 1.0], [-0.029412988183959154, 0.06147653611643894, 6.672888270839763, 1.0], [-0.031907661127475964, 0.0603304538544846, 6.772235699652512, 1.0], [-0.03600740977564604, 0.058446980825944794, 6.93550338892328, 1.0], [-0.036690162756538, 0.05799828959711062, 7.005981338793788, 1.0], [-0.045579128078043776, 0.0521566442512873, 7.9235548534658875, 1.0], [-0.045579128078043415, 0.05215664425128719, 7.923554853465916, 1.0], [-0.054916897087497904, 0.0426238727882543, 9.129742421697216, 1.0], [-0.05590114702442478, 0.04152391214941231, 9.459850141269186, 1.0], [-0.058500652969881356, 0.03782273247976331, 12.029720407977521, 1.0], [-0.0648651739277879, 0.014398720823609712, 15.606523838394594, 1.0], [-0.03004690702315993, -0.046010513685559085, 16.735865102839767, 1.0], [-0.0037267568665249606, -0.06493406408697455, 13.807639543899683, 1.0], [0.007458801566482931, -0.06556091346035997, 10.915583666954944, 1.0], [0.01681124596634853, -0.06499515901173092, 8.005926471773279, 1.0], [0.02256325988691571, -0.06327383870305592, 7.957385204248794, 1.0], [0.031622780910519344, -0.06056272956108516, 7.880931871603394, 1.0], [0.03538988414932115, -0.058163639810436096, 8.053159593474106, 1.0], [0.04791354849622237, -0.05018791075004003, 8.625727437573403, 1.0], [0.04965904288700568, -0.048365237795476135, 8.402091769300455, 1.0], [0.05461684754293991, -0.04318821946296325, 7.766889523305792, 1.0], [0.056855520890436134, -0.03884394995056151, 7.866102326292946, 1.0], [0.06578973393549511, -0.021506615143603747, 8.262045896924178, 1.0], [0.06605794355821615, -0.02010269822087285, 8.282015173836953, 1.0], [0.0676684147587776, -0.011672844925144199, 8.401921182569083, 1.0], [0.06762666986530647, -0.009724973184433244, 8.39942124720858, 1.0], [0.06731884555597809, 0.004638514739114502, 8.380986875679298, 1.0], [0.06439371338394573, 0.01142657299340738, 8.434800897812465, 1.0], [0.05341183359157964, 0.03691111023414187, 8.636835912797778, 1.0], [0.04835966278282133, 0.04139964631866569, 8.574914908674941, 1.0], [0.032536961560712396, 0.05545712142757353, 8.380986875618305, 1.0], [0.025205216532448116, 0.0583920377312101, 8.069763579426876, 1.0], [0.010515648212775175, 0.06427230953397894, 7.446209997782546, 1.0], [0.009728095079979848, 0.06435878726984251, 7.438285428987228, 1.0], [-0.005267626281138416, 0.06600540129110954, 7.287394497805508, 1.0], [-0.0052676262811381935, 0.0660054012911091, 7.287394497805451, 1.0], [-0.016149217263105697, 0.06475152202312506, 8.828802672445022, 1.0], [-0.020442011227156276, 0.06425686592346369, 9.436889092821957, 1.0], [-0.04002085181580395, 0.055720345522177084, 9.191007640534053, 1.0], [-0.04402926934753498, 0.05290196777370404, 9.646125478565125, 1.0], [-0.0547549630980963, 0.04301760976745683, 11.970019193765722, 1.0], [-0.06109194304951471, 0.032442376248557614, 11.821553886354423, 1.0], [-0.06426489564677482, 0.013108444818444087, 13.217085856213941, 1.0], [-0.05565382338186725, -0.02464075077725747, 15.623115591242652, 1.0], 