{"text": "ぬ", "text_ids": [23], "strokes": [[[0.0, 0.0, 0.0, 1.0], [-0.010113706078910427, -0.014215664326202552, 10.510286337367214, 1.0], [-0.006429590451238646, -0.0004848442141865573, 18.477007517758572, 1.0], [0.004138504947872103, 0.016701207240684954, 10.528517550248601, 1.0], [0.00328443152878039, 0.016820232633744856, 7.675889163619715, 1.0], [0.0023558838973390585, 0.016949636903139862, 4.574514887618861, 1.0], [0.002355883897338749, 0.016949636903139782, 4.574514887618861, 1.0], [0.0023558838973387532, 0.01694963690313986, 4.574514887618868, 1.0], [0.002355883897339059, 0.01694963690313986, 2.469939831617509, 1.0], [0.0023558838973387537, 0.016949636903139872, 2.4302110340475167, 1.0], [0.0023558838973387532, 0.01694963690313986, 2.4302110340475167, 1.0], [0.0023558838973390585, 0.01694963690313986, 2.430211034047531, 1.0], [0.0023558838973387532, 0.01694963690313986, 2.4302110340475167, 1.0], [0.002355883897339055, 0.016949636903139775, 2.4302110340475167, 1.0], [0.0023558838973387567, 0.016949636903139942, 2.4302110340475167, 1.0], [0.0027947623068777516, 0.01690658590046773, 1.5800595060610902, 1.0], [0.0028009057732476007, 0.016905983267981567, 1.5681589951046249, 1.0], [0.002800905773247604, 0.016905983267981595, 1.5681589951046249, 1.0], [0.002800905773247292, 0.01690598326798154, 1.5681589951046249, 1.0], [0.002800905773247604, 0.016905983267981595, 1.5681589951046249, 1.0], [0.0028009057732472954, 0.016905983267981595, 1.5681589951046249, 1.0], [0.0028009057732476007, 0.01690598326798154, 1.5681589951046249, 1.0], [0.002800905773247604, 0.016905983267981595, 1.5681589951046249, 1.0], [0.002800905773247292, 0.016905983267981595, 1.5681589951046249, 1.0], [0.002800905773247604, 0.01690598326798154, 1.5681589951046249, 1.0], [0.002940742371588853, 0.016886225528852883, 1.5662373035340664, 1.0], [0.003762261856915604, 0.01677015171217866, 1.5549476476877118, 1.0], [0.003762261856915604, 0.016770151712178605, 1.5549476476877118, 1.0], [0.0037622618569152916, 0.01677015171217877, 1.554947647687726, 1.0], [0.0037622618569156177, 0.016770151712178827, 1.554947647687726, 1.0], [0.00376226185691559, 0.016770151712178605, 1.5549476476877118, 1.0], [0.0037622618569156108, 0.01677015171217866, 1.5549476476877118, 1.0], [0.0037622618569153055, 0.01677015171217877, 1.554947647687726, 1.0], [0.003762261856915597, 0.016770151712178605, 1.5549476476877118, 1.0], [0.003762261856915597, 0.01677015171217855, 1.5549476476877118, 1.0], [0.003762261856915597, 0.01677015171217877, 1.5549476476877118, 1.0], [0.004679346372896617, 0.016477498983270444, 1.6457105079954175, 1.0], [0.008075645976135429, 0.015393698821172808, 1.981838597697248, 1.0], [0.00807564597613572, 0.015393698821172919, 1.981838597697248, 1.0], [0.008075645976135429, 0.015393698821172808, 1.981838597697248, 1.0], [0.008075645976135706, 0.015393698821172697, 1.981838597697248, 1.0], [0.008075645976135443, 0.015393698821172808, 1.981838597697248, 1.0], [0.00807564597613572, 0.015393698821172808, 1.981838597697248, 1.0], [0.008075645976135415, 0.015393698821172808, 1.981838597697248, 1.0], [0.008706264901332084, 0.01493597013738912, 2.1864976441947306, 1.0], [0.012602625358414138, 0.012107834361077652, 3.4510099892826247, 1.0], [0.012602625358414082, 0.01210783436107754, 3.4510099892825963, 1.0], [0.012602625358414082, 0.01210783436107754, 3.4510099892826247, 1.0], [0.01260262535841411, 0.01210783436107743, 3.4510099892826247, 1.0], [0.012715632196201365, 0.011983756823250591, 3.4851748493996695, 1.0], [0.013132655687914968, 0.011525879679873952, 3.6112517270375974, 1.0], [0.013132655687914968, 0.011525879679874285, 3.6112517270375974, 1.0], [0.013132655687915301, 0.011525879679874063, 3.6112517270375974, 1.0], [0.013132655687914996, 0.011525879679874174, 3.6112517270375974, 1.0], [0.014779720090996318, 0.00847192907032579, 3.8050719231482617, 1.0], [0.016389659539228274, 0.0054868147359588, 3.9945233975404335, 1.0], [0.016389659539228496, 0.0054868147359589114, 3.9945233975404904, 1.0], [0.01638965953922833, 0.005486814735958689, 3.9945233975404335, 1.0], [0.01657987816466533, 0.001743435149679451, 5.327244475552533, 1.0], [0.016769933167165796, -0.0019967244429873743, 6.658819168791155, 1.0], [0.016769933167165796, -0.0019967244429873743, 6.658819168791183, 1.0], [0.011724343796247982, -0.011421513998849608, 7.119922399080934, 1.0], [0.011443142140964035, -0.011946777992603685, 7.145620683678061, 1.0], [0.008205446253069903, -0.014223784205395384, 3.0859764274178474, 0.0]], [[0.3410200014582965, 0.03997499348871915, 0.0, 1.0], [-0.003324149771295415, -0.06896273525195032, 14.5513941558674, 1.0], [0.032933418859443786, 0.013253272807385828, 50.66919749098034, 1.0], [0.0009827600502255729, 0.06873683441093259, 14.619586034173707, 1.0], [-0.009061362087058322, 0.06776776223226944, 9.734194305489353, 1.0], [-0.010336260092866423, 0.06750201872122881, 8.4571246778482, 1.0], [-0.011941694909431921, 0.06716737713974011, 6.848955213269903, 1.0], [-0.011941694909431977, 0.06716737713974008, 6.848955213269903, 1.0], [-0.01786197431252634, 0.06552407484639317, 5.329189800326915, 1.0], [-0.018105497784220936, 0.06545647961105516, 5.266676103874076, 1.0], [-0.018105497784220936, 0.06545647961105516, 5.266676103874076, 1.0], [-0.023032164730938665, 0.0636334273468363, 5.5567462403140695, 1.0], [-0.023445930107507562, 0.06348031857882563, 5.581107736744315, 1.0], [-0.023445930107507562, 0.06348031857882608, 5.581107736744315, 1.0], [-0.03082482628556274, 0.05984760390043564, 7.555725596742974, 1.0], [-0.031864216778201726, 0.059335900116010976, 7.8338700482644015, 1.0], [-0.03274500040826113, 0.05881874924885788, 9.160193191506949, 1.0], [-0.033893390637379714, 0.05800510283070659, 10.14652211552908, 1.0], [-0.04767099000578226, 0.046353021819186546, 17.703669016518063, 1.0], [-0.06623193633878832, 6.828021793237049e-05, 28.918299332218226, 1.0], [-0.029575673695397944, -0.06153313435382035, 20.246710288112638, 1.0], [-0.006762570721090003, -0.06889975113876423, 10.230194438500234, 1.0], [-0.0008357946343688499, -0.0686679009180502, 9.231961657104705, 1.0], [0.004599645342228523, -0.06845527132992124, 8.316483446597715, 1.0], [0.01130678106003647, -0.06693805706731559, 7.997245233616582, 1.0], [0.018646347586569266, -0.06527778128285111, 7.64790533644333, 1.0], [0.02375395017043895, -0.06263325694926392, 7.9174914715960085, 1.0], [0.038703106821340774, -0.054893146421719885, 8.70652806932111, 1.0], [0.0406267160638078, -0.05331823413587328, 8.319726592490724, 1.0], [0.045070575116408315, -0.04967992336879762, 7.426150492716943, 1.0], [0.04598229922364806, -0.04874039424216137, 7.460266435530173, 1.0], [0.051249609426897436, -0.043312445901555474, 7.65736471586149, 1.0], [0.05124960942689738, -0.04331244590155589, 7.657364715861547, 1.0], [0.05846829897546102, -0.033228421786543894, 7.951555152588639, 1.0], [0.05903284591335917, -0.03243978765876704, 7.974562695591544, 1.0], [0.06496354940537175, -0.018430551767776387, 8.854334418612382, 1.0], [0.06656841886184695, -0.014088510600957532, 9.139034384749891, 1.0], [0.06892601990235647, 0.007321493421734465, 10.829149033227111, 1.0], [0.06441678142881813, 0.02184545653632089, 11.406387815379105, 1.0], [0.059019464683809586, 0.03890572987257976, 11.995185747465825, 1.0], [0.055907627974098095, 0.04344123465234967, 10.664558757429745, 1.0], [0.04898641715631169, 0.05035342282209493, 11.240636276236614, 1.0], [0.042173101883102304, 0.05663679030747104, 11.634747100936465, 1.0], [0.031035767295617744, 0.06320647277016833, 11.050174858497826, 1.0], [0.01708728293910944, 0.06642904566088842, 9.836103285053639, 1.0], [0.006315460637812853, 0.06891770189367818, 8.898527350927395, 1.0], [-0.0028295683586659903, 0.06846261953777999, 9.270594630139954, 1.0], [-0.005620075907389999, 0.0683237560360983, 9.384126971226522, 1.0], [-0.02555939383575867, 0.06240772386938043, 9.72783746498584, 1.0], [-0.03071810011161058, 0.05956767990095335, 10.519797940814783, 1.0], 