{"text": "ぬ", "text_ids": [23], "strokes": [[[0.0, 0.0, 0.0, 1.0], [-0.00898126185288485, -0.016659476290226807, 10.510286337367214, 1.0], [-0.006870053030922148, -0.0013696516098363545, 18.477007517758572, 1.0], [0.0021983564897678047, 0.01855234518467369, 10.528517550248601, 1.0], [0.0012608867855337467, 0.018568181416293943, 7.675889163619715, 1.0], [0.0002416708095345256, 0.01858539854895883, 4.574514887618861, 1.0], [0.00024167080953419774, 0.018585398548958708, 4.574514887618861, 1.0], [0.00024167080953419427, 0.018585398548958784, 4.574514887618868, 1.0], [0.0002416708095345256, 0.018585398548958826, 2.469939831617509, 1.0], [0.00024167080953419254, 0.018585398548958798, 2.4302110340475167, 1.0], [0.00024167080953419254, 0.018585398548958798, 2.4302110340475167, 1.0], [0.00024167080953452387, 0.018585398548958826, 2.430211034047531, 1.0], [0.00024167080953419427, 0.018585398548958798, 2.4302110340475167, 1.0], [0.0002416708095345308, 0.018585398548958715, 2.4302110340475167, 1.0], [0.0002416708095341856, 0.01858539854895888, 2.4302110340475167, 1.0], [0.0007209462354179057, 0.018596789184785523, 1.5800595060610902, 1.0], [0.0007276551834928362, 0.018596948632110005, 1.5681589951046249, 1.0], [0.0007276551834928379, 0.018596948632110033, 1.5681589951046249, 1.0], [0.0007276551834925109, 0.018596948632109978, 1.5681589951046249, 1.0], [0.0007276551834928336, 0.018596948632110033, 1.5681589951046249, 1.0], [0.0007276551834925057, 0.018596948632110033, 1.5681589951046249, 1.0], [0.0007276551834928405, 0.018596948632109978, 1.5681589951046249, 1.0], [0.0007276551834928388, 0.018596948632110033, 1.5681589951046249, 1.0], [0.0007276551834925027, 0.018596948632110033, 1.5681589951046249, 1.0], [0.0007276551834928405, 0.018596948632109978, 1.5681589951046249, 1.0], [0.000881182783420206, 0.018594064852157643, 1.5662373035340664, 1.0], [0.0017831348930387693, 0.018577123068315993, 1.5549476476877118, 1.0], [0.0017831348930387807, 0.018577123068315993, 1.5549476476877118, 1.0], [0.001783134893038427, 0.018577123068316048, 1.554947647687726, 1.0], [0.0017831348930387628, 0.018577123068316215, 1.554947647687726, 1.0], [0.0017831348930387805, 0.018577123068315937, 1.5549476476877118, 1.0], [0.0017831348930387701, 0.018577123068316048, 1.5549476476877118, 1.0], [0.0017831348930384336, 0.018577123068316048, 1.554947647687726, 1.0], [0.0017831348930387736, 0.018577123068315937, 1.5549476476877118, 1.0], [0.0017831348930387736, 0.018577123068316048, 1.5549476476877118, 1.0], [0.001783134893038765, 0.018577123068316048, 1.5549476476877118, 1.0], [0.002812134554191211, 0.018382381666425696, 1.6457105079954175, 1.0], [0.006622896899433149, 0.01766118298250019, 1.981838597697248, 1.0], [0.006622896899433465, 0.01766118298250019, 1.981838597697248, 1.0], [0.006622896899433156, 0.01766118298250019, 1.981838597697248, 1.0], [0.006622896899433482, 0.01766118298250008, 1.981838597697248, 1.0], [0.006622896899433149, 0.01766118298250019, 1.981838597697248, 1.0], [0.006622896899433468, 0.01766118298250019, 1.981838597697248, 1.0], [0.006622896899433156, 0.01766118298250008, 1.981838597697248, 1.0], [0.007365272894017866, 0.01725072412536932, 2.1864976441947306, 1.0], [0.011952138834783799, 0.014714651076679575, 3.4510099892826247, 1.0], [0.011952138834783799, 0.014714651076679575, 3.4510099892825963, 1.0], [0.011952138834783757, 0.014714651076679575, 3.4510099892826247, 1.0], [0.011952138834783813, 0.014714651076679353, 3.4510099892826247, 1.0], [0.012090878178074388, 0.014595755802660149, 3.4851748493996695, 1.0], [0.012602861050173386, 0.014157002508691896, 3.6112517270375974, 1.0], [0.012602861050173303, 0.014157002508692118, 3.6112517270375974, 1.0], [0.012602861050173664, 0.014157002508692007, 3.6112517270375974, 1.0], [0.012602861050173358, 0.014157002508692118, 3.6112517270375974, 1.0], [0.014793966755054844, 0.011081183245929549, 3.8050719231482617, 1.0], [0.01693568477344895, 0.008074693179427772, 3.9945233975404335, 1.0], [0.016935684773449144, 0.008074693179427772, 3.9945233975404904, 1.0], [0.01693568477344895, 0.008074693179427661, 3.9945233975404335, 1.0], [0.01764877821184238, 0.00406363925240627, 5.327244475552533, 1.0], [0.018361258258976443, 5.603556806688115e-05, 6.658819168791155, 1.0], [0.0183612582589765, 5.603556806688115e-05, 6.658819168791183, 1.0], [0.014197140080440596, -0.010770360725022243, 7.119922399080934, 1.0], [0.013965064729372256, -0.011373739306704933, 7.145620683678061, 1.0], [0.010781384544250261, -0.014255268644861485, 3.0859764274178474, 0.0]], [[0.0, 0.0, 0.0, 1.0], [0.005770904702567636, -0.07479342143227406, 14.5513941558674, 1.0], [0.033728303175791174, 0.018627593863723, 50.66919749098034, 1.0], [-0.008265998101429473, 0.07424145208909314, 14.619586034173707, 1.0], [-0.01896948014740346, 0.07187360727921172, 9.734194305489353, 1.0], [-0.020308703822296437, 0.07141915577642627, 8.4571246778482, 1.0], [-0.021995141721679046, 0.0708468807695726, 6.848955213269903, 1.0], [-0.021995141721679046, 0.07084688076957252, 6.848955213269903, 1.0], [-0.02815860384684271, 0.06829526594453561, 5.329189800326915, 1.0], [-0.028412130343175634, 0.06819030838116541, 5.266676103874076, 1.0], [-0.028412130343175607, 0.06819030838116535, 5.266676103874076, 1.0], [-0.03347935781894312, 0.06557576393472286, 5.5567462403140695, 1.0], [-0.033904928150233354, 0.0653561818157895, 5.581107736744315, 1.0], [-0.03390492815023338, 0.06535618181578984, 5.581107736744315, 1.0], [-0.04137193267253263, 0.06046745788866892, 7.555725596742974, 1.0], [-0.04242373409671469, 0.05977883278155638, 7.8338700482644015, 1.0], [-0.043303701399245983, 0.0591052260158772, 9.160193191506949, 1.0], [-0.044432117613710576, 0.05807668935104904, 10.14652211552908, 1.0], [-0.057713580321952083, 0.0436986659530354, 17.703669016518063, 1.0], [-0.07145609463090061, -0.008650319906150283, 28.918299332218226, 1.0], [-0.02355562157453464, -0.07024062992819202, 20.246710288112638, 1.0], [0.0020532076997873405, -0.07517841401041525, 10.230194438500234, 1.0], [0.008415182291360263, -0.07414777005344686, 9.231961657104705, 1.0], [0.014249742348827005, -0.07320256758867083, 8.316483446597715, 1.0], [0.021279122861570132, -0.07068325763003869, 7.997245233616582, 1.0], [0.028971319364558684, -0.06792639630796371, 7.64790533644333, 1.0], [0.034122272359005085, -0.0644023087895893, 7.9174914715960085, 1.0], [0.049198308904720614, -0.05408785391597615, 8.70652806932111, 1.0], [0.05105969472652609, -0.05213641063180202, 8.319726592490724, 1.0], [0.055359807271215145, -0.04762825028791906, 7.426150492716943, 1.0], [0.05621584339210625, -0.04649516017157057, 7.460266435530173, 1.0], [0.06116142699367458, -0.03994895054120978, 7.65736471586149, 1.0], [0.06116142699367466, -0.039948950541210226, 7.657364715861547, 1.0], [0.06758030419986738, -0.02812553157077735, 7.951555152588639, 1.0], [0.0680823007807041, -0.027200865822189335, 7.974562695591544, 1.0], [0.07257921157649044, -0.011314937343662873, 8.854334418612382, 1.0], [0.07372132006260279, -0.006421961485987782, 9.139034384749891, 1.0], [0.07335966554575646, 0.016972827826629067, 10.829149033227111, 1.0], [0.06652478860048439, 0.0320386063273618, 11.406387815379105, 1.0], [0.05838778513461784, 0.049722056752340205, 11.995185747465825, 1.0], [0.05441555993479308, 0.054202349734551514, 10.664558757429745, 1.0], [0.04601155673431967, 0.06074341780053011, 11.240636276236614, 1.0], [0.037809262128035925, 0.06662070364948319, 11.634747100936465, 1.0], [0.024903641643596486, 0.07223714283156141, 11.050174858497826, 1.0], [0.009419662430034337, 0.07387445182241303, 9.836103285053639, 1.0], [-0.0025379573616549633, 0.07513887604593239, 8.898527350927395, 1.0], [-0.012341292074128929, 0.07344364145849169, 9.270594630139954, 1.0], [-0.015332674553983017, 0.07292635879979958, 9.384126971226522, 1.0], [-0.036039270894765885, 0.06392132972006992, 9.72783746498584, 1.0], [-0.04121882343741501, 0.06017970179640442, 10.519797940814783, 1.0], 