{"text": "ね", "text_ids": [24], "strokes": [[[0.0, 0.0, 0.0, 1.0], [-0.0027038691592482437, -0.019425049562019278, 13.451608550999676, 1.0], [-0.0028464390512061336, -0.01941476148642087, 5.150500550716558, 1.0], [0.005201099381016356, -0.011026952379369709, 35.5286308046696, 1.0], [0.003887150711932725, 0.019034643507132663, 29.8195086306987, 1.0], [0.0005655195270464247, 0.01957935635407628, 10.737865833739761, 1.0], [0.001882295807052195, 0.019527481861614147, 6.372463390890545, 1.0], [0.002065561615068475, 0.019520262092454534, 5.764897004593138, 1.0], [0.0020655616150682225, 0.019520262092454506, 5.764897004593152, 1.0], [-0.00015433839815580906, 0.01955717965354102, 3.39367705679922, 1.0], [-0.00032414009238363947, 0.019560003503435952, 3.2123007956507195, 1.0], [-0.00032414009238363774, 0.019560003503435952, 3.2123007956507195, 1.0], [-0.000324140092383636, 0.01956000350343602, 3.2123007956507053, 1.0], [-0.00032414009238363774, 0.019560003503435952, 3.2123007956507337, 1.0], [0.0005193380009485497, 0.019578351762929963, 2.262727462327092, 1.0], [0.0005655195270464243, 0.01957935635407626, 2.2107370834170013, 1.0], [0.0005655195270464243, 0.019579356354076316, 2.2107370834170297, 1.0], [0.000565519527046426, 0.019579356354076316, 2.2107370834170013, 1.0], [0.0005655195270464226, 0.019579356354076233, 2.2107370834170013, 1.0], [0.0005655195270464243, 0.01957935635407629, 2.2107370834170297, 1.0], [0.000565519527046426, 0.019579356354076316, 2.2107370834170013, 1.0], [0.0005655195270464278, 0.01957935635407637, 2.1644285112620025, 1.0], [0.0005655195270464226, 0.019579356354076205, 2.0314881307075154, 1.0], [0.000565519527046426, 0.019579356354076316, 2.031488130707544, 1.0], [0.000565519527046426, 0.019579356354076316, 2.0314881307075154, 1.0], [0.000565519527046426, 0.019579356354076316, 2.031488130707544, 1.0], [0.0005655195270464208, 0.01957935635407615, 2.0314881307075154, 1.0], [0.0005655195270464243, 0.01957935635407637, 2.0314881307075154, 1.0], [0.0005655195270464278, 0.019579356354076316, 2.031488130707544, 1.0], [0.0005655195270464243, 0.019579356354076316, 2.0314881307075154, 1.0], [0.0021900646106108035, 0.01950173015862916, 2.182446426007999, 1.0], [0.0023906499722572173, 0.01949214551943118, 2.201085505072456, 1.0], [0.002390649972257214, 0.01949214551943118, 2.2010855050724842, 1.0], [0.0023906499722572278, 0.019492145519431348, 2.201085505072456, 1.0], [0.002390649972257214, 0.019492145519431125, 2.2010855050724842, 1.0], [0.0023906499722572104, 0.019492145519431014, 2.201085505072456, 1.0], [0.002390649972257221, 0.019492145519431237, 2.2010855050724842, 1.0], [0.002225767127536353, 0.01950666132576495, 2.6953314742279133, 1.0], [0.0021251199608261426, 0.019515522009739716, 2.99702724213887, 1.0], [0.0021251199608261565, 0.01951552200974005, 2.99702724213887, 1.0], [0.0021251199608261495, 0.01951552200973994, 2.99702724213887, 1.0], [0.0021251199608261565, 0.01951552200973994, 2.99702724213887, 1.0], [0.0021251199608261495, 0.01951552200974005, 2.99702724213887, 1.0], [0.002693540402012508, 0.019460530379991403, 3.859495300309675, 1.0], [0.0027242960971383887, 0.019457554931403664, 3.906161117951939, 1.0], [0.002724296097138132, 0.019457554931403886, 3.906161117951939, 1.0], [0.002724296097138132, 0.019457554931403775, 3.9061611179519105, 1.0], [0.0008837732232995499, 0.019561400001616436, 4.848124601890106, 1.0], [0.0005655195270464278, 0.01957935635407637, 5.011004055745246, 1.0], [0.0005655195270464208, 0.01957935635407626, 5.011004055745218, 1.0], [0.0005655195270464278, 0.01957935635407637, 7.645607592591034, 1.0], [0.0005655195270464208, 0.01957935635407626, 10.737865833739704, 1.0], [-0.0023721958355138115, 0.012952163037867948, 27.86471478376697, 1.0], [-0.00222753013181317, -0.01888101771446815, 19.664082424766093, 1.0], [-0.0005655195270464208, -0.01957935635407626, 10.818178351825281, 1.0], [-0.0005655195270464278, -0.01957935635407637, 9.395632604522348, 1.0], [-0.0005655195270464278, -0.01957935635407626, 6.111244830799876, 1.0], [-0.0005655195270464208, -0.01957935635407637, 5.895298889112041, 1.0], [-0.0005655195270464278, -0.01957935635407626, 5.777245474895096, 1.0], [-0.0005655195270464208, -0.01957935635407615, 5.368932916869824, 1.0], [-0.0005655195270464208, -0.01957935635407626, 5.3689329168698805, 1.0], [-0.0005655195270464278, -0.01957935635407637, 6.082274060945963, 1.0], [-0.0011522662436314265, -0.019520534301762593, 14.975715280301074, 1.0], [-0.004394466862107982, -0.019195499855041098, 0.0, 0.0]], [[0.0, 0.0, 0.0, 1.0], [-0.0052033838518952755, -0.038345091531760245, 35.05538321669144, 1.0], [0.03570853753271766, -0.034136902103954175, 25.134527554465144, 1.0], [0.04139944507187021, -0.026970802329507507, 20.319030251703232, 1.0], [0.03603824912365854, 0.003579387920187166, 50.826080300869606, 1.0], [-0.0027113353269875573, 0.04982130963535773, 21.631131594744687, 1.0], [-0.01011040295098603, 0.04867724189194428, 12.548632735161164, 1.0], [-0.014488203697849561, 0.047601793327716524, 8.187579419485587, 1.0], [-0.014011253370767834, 0.04775341099235647, 7.310675101644534, 1.0], [-0.01348431567591113, 0.04792091913349489, 6.341865744326498, 1.0], [-0.013484315675911383, 0.04792091913349483, 6.341865744326498, 1.0], [-0.012612920275863505, 0.04817754327407309, 6.557114286823463, 1.0], [-0.01238753648936692, 0.04824391833240688, 6.612787671768075, 1.0], [-0.012329932920386689, 0.04826002518828015, 6.695188334580905, 1.0], [-0.012130064278092878, 0.04831591157643278, 6.981096115852125, 1.0], [-0.012130064278092878, 0.048315911576433, 6.981096115852154, 1.0], [-0.012965178720030258, 0.04807655314801218, 9.069503127981534, 1.0], [-0.013155609630149542, 0.04801858989809016, 9.832448212200518, 1.0], [-0.01448820369784981, 0.047601793327716746, 16.119296982112303, 1.0], [-0.007329465339446242, 0.048938434958375576, 30.426174799762634, 1.0], [0.013117987857414165, -0.04463601705214848, 36.64392774082876, 1.0], [0.012387536489366899, -0.04824391833240693, 13.22557534355883, 1.0], [0.011531776445533617, -0.04847608484200483, 10.360396188290963, 1.0], [0.011517935534342993, -0.04847904838955863, 9.457098770745347, 1.0], [0.012861364988540187, -0.048107633377316716, 6.43601387995011, 1.0], [0.012861364988540184, -0.04810763337731694, 6.436013879950167, 1.0], [0.016292191972757192, -0.04688500962423353, 6.36533465441255, 1.0], [0.018428175902399632, -0.04612382151984945, 6.321330777037701, 1.0], [0.018428175902399375, -0.04612382151984962, 6.321330777037701, 1.0], [0.028524952286390362, -0.04033077974473942, 8.80265724767321, 1.0], [0.029320140724669583, -0.03987453909258992, 8.978123256852143, 1.0], [0.029320140724669583, -0.03987453909258981, 8.468779525666037, 1.0], [0.029914400487463896, -0.03938259011938158, 8.436114313825101, 1.0], [0.03332435717602547, -0.0365597089541895, 8.248676151973598, 1.0], [0.0339899679622431, -0.03579906133413599, 8.40653628725272, 1.0], [0.04093379612389503, -0.027863783729584174, 10.053375063983992, 1.0], [0.044199281040690735, -0.021383111558648568, 12.08904594317164, 1.0], [0.04825518283030705, -0.00880732723037192, 16.256135409369108, 1.0], [0.04823635393104958, 0.012848147355266404, 19.84583138010737, 1.0], [0.04159047922469411, 0.028262327967333176, 18.222413342946425, 1.0], [0.02947834366467289, 0.0405745234814327, 16.22578477390266, 1.0], [0.018473879315175357, 0.04671158698549349, 12.820943140866916, 1.0], [0.012046906625774623, 0.048841468282820655, 10.660146801552855, 1.0], [0.0014488188792937118, 0.05016085170101664, 8.372490595658064, 1.0], [0.0003701563815998177, 0.05003942973544023, 8.26232986992352, 1.0], [-0.009867726583361658, 0.048886980405269675, 7.216764069855344, 1.0], [-0.00986772658336188, 0.04888698040527012, 7.216764069855344, 1.0], [-0.011731607014913215, 0.04841131324838399, 8.4004811629095, 1.0], [-0.012387536489366913, 0.04824391833240682, 8.817050229039182, 1.0], [-0.02151159526919527, 0.0444549081154636, 10.783548852439026, 1.0], 