{"text": "ね", "text_ids": [24], "strokes": [[[0.0, 0.0, 0.0, 1.0], [0.004109457917133734, -0.01901766438638917, 8.469963610727232, 1.0], [0.003028158968307444, -0.01923899207353672, 3.6281146459806255, 1.0], [0.002567593445158783, -0.019333263784545966, 1.5657907124607746, 1.0], [0.013468130667564754, 0.0035544409030917185, 15.764837841755217, 1.0], [0.004492870510370062, 0.01920630457649842, 5.292313612560385, 1.0], [0.004492870510370065, 0.019206304576498457, 5.292313612560385, 1.0], [0.004492870510370062, 0.019206304576498374, 5.292313612560385, 1.0], [0.000484451716116191, 0.01953070850110264, 2.568461199113102, 1.0], [-0.00012087200414871713, 0.01957969774114697, 2.157123821211698, 1.0], [-0.00012087200414837018, 0.019579697741146963, 2.157123821211691, 1.0], [-0.00012087200414837018, 0.01957969774114697, 2.157123821211698, 1.0], [-0.00012087200414871019, 0.019579697741146984, 2.157123821211698, 1.0], [-0.00012087200414837018, 0.019579697741146956, 2.157123821211698, 1.0], [-0.00012087200414836324, 0.019579697741146984, 2.157123821211691, 1.0], [-0.00012087200414872407, 0.019579697741146873, 2.157123821211698, 1.0], [-0.0022978593053428406, 0.01937408012536815, 1.3773082052579326, 1.0], [-0.0023244440794414623, 0.019371569179225417, 1.3677853100267896, 1.0], [-0.0023244440794418057, 0.019371569179225584, 1.3677853100267896, 1.0], [-0.0023244440794414588, 0.019371569179225556, 1.3677853100268038, 1.0], [-0.0023244440794414623, 0.0193715691792255, 1.3677853100267896, 1.0], [-0.0023244440794418023, 0.019371569179225556, 1.3677853100267896, 1.0], [-0.0023244440794414588, 0.019371569179225556, 1.3677853100267896, 1.0], [-0.002324444079441809, 0.019371569179225556, 1.3677853100268038, 1.0], [-0.0023244440794414553, 0.019371569179225556, 1.3677853100267896, 1.0], [-0.0023244440794414588, 0.019371569179225556, 1.3677853100268038, 1.0], [-0.0023244440794418075, 0.019371569179225556, 1.3677853100267896, 1.0], [-0.0023244440794414623, 0.01937156917922539, 1.3677853100267896, 1.0], [-0.0012625644116143432, 0.019480131398236955, 1.4399670436952903, 1.0], [-0.0004251252296797476, 0.019565747743131634, 1.4968923374224232, 1.0], [-0.00042512522967974066, 0.0195657477431318, 1.4968923374224232, 1.0], [-0.000425125229679745, 0.01956574774313169, 1.4968923374224232, 1.0], [-0.00042512522967974153, 0.019565747743131745, 1.4968923374224374, 1.0], [-0.00042512522968009715, 0.01956574774313169, 1.4968923374224232, 1.0], [-0.0004251252296797389, 0.0195657477431318, 1.4968923374224232, 1.0], [-0.00042512522967974673, 0.01956574774313169, 1.4968923374224374, 1.0], [-0.00042512522967974153, 0.0195657477431318, 1.4968923374224232, 1.0], [-0.00042512522967974456, 0.01956574774313169, 1.4968923374224232, 1.0], [-0.00042512522967974153, 0.01956574774313169, 1.4968923374224232, 1.0], [-0.0002051156587444163, 0.01957144212339368, 1.6050742522844388, 1.0], [0.00066283392756102, 0.019593906759689084, 2.0318577228896686, 1.0], [0.0006628339275610196, 0.019593906759689084, 2.031857722889697, 1.0], [0.00066283392756102, 0.019593906759689084, 2.0318577228896686, 1.0], [0.0006628339275610165, 0.019593906759688973, 2.0318577228896686, 1.0], [0.0006628339275610165, 0.019593906759688973, 2.031857722889683, 1.0], [0.0006628339275610235, 0.019593906759689195, 2.031857722889683, 1.0], [0.00066283392756102, 0.019593906759689084, 2.0318577228896686, 1.0], [0.0006628339275610157, 0.019593906759688973, 2.406341346993827, 1.0], [0.0006628339275610243, 0.019593906759689195, 3.174777692015141, 1.0], [0.0006628339275610157, 0.019593906759688973, 3.1747776920151125, 1.0], [0.0006628339275610174, 0.019593906759688973, 3.1747776920151125, 1.0], [0.0006628339275610191, 0.019593906759689084, 3.1747776920151125, 1.0], [0.0006628339275610243, 0.019593906759689195, 3.174777692015141, 1.0], [-0.002243636784600855, 0.01937758351681873, 3.8433928461521134, 1.0], [-0.0023244440794418135, 0.019371569179225334, 3.861982051840357, 1.0], [-0.0023244440794414596, 0.019371569179225556, 3.8619820518403287, 1.0], [-0.002324444079441798, 0.019371569179225778, 3.8619820518403856, 1.0], [-0.005016330508096219, 0.018731053975246548, 7.7394203638435215, 1.0], [-0.0055676840796444055, 0.018599863319658017, 8.533599285741246, 1.0], [-0.013126620992024584, 0.00659329346194526, 21.775479459945643, 1.0], [-0.0006628339275610157, -0.019593906759689084, 16.490774474218142, 1.0], [-0.0006628339275610191, -0.019593906759689084, 7.710174394893841, 1.0], [0.000762682471590552, -0.01942177919923005, 5.40709227043061, 1.0], [0.004109457917133737, -0.01901766438638941, 0.0, 0.0]], [[-0.2197165659910777, 0.4386270694283573, 0.0, 1.0], [-0.0005729267052360654, -0.060455069500471526, 13.159004618804623, 1.0], [0.016315016211826044, -0.05745100675465398, 2.3323723202260034, 1.0], [0.053972844130830255, -0.008785942911925693, 27.21100408367548, 1.0], [0.01301687739753632, 0.05657029473948094, 17.6870362675512, 1.0], [-0.009389089132077033, 0.05885274869636403, 9.093382716060809, 1.0], [-0.014694514570669115, 0.05836491544516936, 7.2013773621403345, 1.0], [-0.015729274963965534, 0.058055985662608, 6.381546994498251, 1.0], [-0.016612310249325163, 0.05779235371412261, 5.681926920781365, 1.0], [-0.016612310249324802, 0.057792353714122835, 5.681926920781365, 1.0], [-0.017711626022705984, 0.05742422097780209, 6.014525531672277, 1.0], [-0.018619773401618384, 0.057120105647451735, 6.289286036364686, 1.0], [-0.018619773401618883, 0.057120105647451624, 6.289286036364672, 1.0], [-0.02279371581414652, 0.05544045446758605, 10.83513245782737, 1.0], [-0.018585066317446053, 0.03653446777180802, 28.4053026518431, 1.0], [0.01678077143598672, -0.0574958522477359, 18.37635518978223, 1.0], [0.020627471080204685, -0.05637083033198831, 10.343879287811205, 1.0], [0.028784941453606827, -0.052466869303723795, 5.668187900281765, 1.0], [0.02879809691805707, -0.052460573427897894, 5.6606474632327775, 1.0], [0.03015033968130451, -0.05154898979536804, 5.384364417803766, 1.0], [0.036666464003677374, -0.04715629312784064, 4.053024571801558, 1.0], [0.0366664640036774, -0.04715629312784064, 4.053024571801586, 1.0], [0.03666646400367739, -0.04715629312784042, 4.053024571801586, 1.0], [0.036666464003677735, -0.0471562931278407, 4.053024571801558, 1.0], [0.04404963411273884, -0.04029063809000738, 3.5907675057878805, 1.0], [0.044219890892057044, -0.04013231526967609, 3.5801078029618623, 1.0], [0.04421989089205702, -0.04013231526967631, 3.5801078029618623, 1.0], [0.04421989089205702, -0.04013231526967631, 3.5801078029618623, 1.0], [0.047820732212589645, -0.035377283153064265, 4.287247332375415, 1.0], [0.05130369202268864, -0.030777917537186422, 4.971237084169189, 1.0], [0.05130369202268861, -0.030777917537186172, 4.971237084169189, 1.0], [0.05209270038839148, -0.02856929344823725, 5.232799917422511, 1.0], [0.06020410107240792, -0.005863532996785326, 7.921796684490687, 1.0], [0.06020410107240831, -0.005863532996785298, 7.921796684490687, 1.0], [0.055472265624859796, 0.025145599534416113, 9.26035459089104, 1.0], [0.053300376214634126, 0.029487113266238513, 9.131314607772481, 1.0], [0.03985214070461374, 0.047014885578025106, 7.6292227234957295, 1.0], [0.03937132623633066, 0.04728471001859241, 7.627169374234143, 1.0], [0.021133170978219984, 0.05751963505543228, 7.549282153484569, 1.0], [0.02113317097821943, 0.05751963505543228, 7.549282153484626, 1.0], [0.011031817850604031, 0.05971457700887073, 8.141077583366553, 1.0], [0.00807922746551093, 0.06035615090750407, 8.314057329162608, 1.0], [-0.0014936412556831868, 0.06029038807501774, 8.951545051536357, 1.0], [-0.0050507216393864685, 0.060265951964147524, 9.18842232815524, 1.0], [-0.028035109911131784, 0.05282274265823683, 10.349371779796172, 1.0], [-0.035624192932982246, 0.04613472423364262, 9.794171142982123, 1.0], [-0.04934371257037595, 0.03374606139259084, 8.724349961364737, 1.0], [-0.05502150181393872, 0.01854764166842071, 9.952437928034385, 1.0], [-0.06040108125752974, 0.0041474758968762515, 11.116024052317982, 1.0], 