{"text": "ね", "text_ids": [24], "strokes": [[[0.0, 0.0, 0.0, 1.0], [-0.01353154777403813, -0.007366462377746826, 14.647486068126153, 1.0], [-0.015149546648928935, -0.0020090136917341322, 10.84079215210837, 1.0], [-0.006479357954832985, 0.012579773815194534, 12.44414512188332, 1.0], [-0.003680732804327784, 0.014391903317449883, 11.250700647446216, 1.0], [-0.0016739477033956562, 0.015036126280840417, 10.504740755119748, 1.0], [0.000976775541414704, 0.015264491694465566, 6.826638175817223, 1.0], [0.001355134802200758, 0.015297088144984275, 6.301632717128115, 1.0], [0.001355134802200765, 0.015297088144984261, 5.308928800835645, 1.0], [0.001355134802200758, 0.015297088144984275, 3.34774238097431, 1.0], [0.001355134802200765, 0.015297088144984275, 3.34774238097431, 1.0], [0.001355134802200758, 0.015297088144984261, 3.3477423809743243, 1.0], [0.001355134802200758, 0.015297088144984261, 3.347742380974296, 1.0], [0.0010825001606312862, 0.01529100271774056, 2.959402990513354, 1.0], [0.0002984833308503215, 0.015273502823567098, 1.8426534240038421, 1.0], [0.00029848333085030765, 0.015273502823567042, 1.842653424003828, 1.0], [0.00029848333085030765, 0.015273502823567014, 1.842653424003828, 1.0], [0.0002984833308505956, 0.01527350282356707, 1.842653424003828, 1.0], [0.00029848333085031806, 0.01527350282356707, 1.842653424003828, 1.0], [0.0002984833308503146, 0.015273502823567098, 1.842653424003828, 1.0], [0.0002984833308503111, 0.015273502823567042, 1.842653424003828, 1.0], [0.0002984833308503215, 0.015273502823567153, 1.8426534240038421, 1.0], [0.00030719806785295053, 0.015273919285307913, 1.8274904874688644, 1.0], [0.000569198839409462, 0.015286439834971133, 1.3716303656930364, 1.0], [0.0005691988394097187, 0.015286439834970966, 1.3716303656930506, 1.0], [0.0005691988394094551, 0.015286439834971022, 1.3716303656930364, 1.0], [0.0005691988394094447, 0.015286439834971077, 1.3716303656930364, 1.0], [0.0005691988394094481, 0.015286439834971022, 1.3716303656930506, 1.0], [0.0005691988394097292, 0.015286439834971022, 1.3716303656930364, 1.0], [0.0005691988394094481, 0.015286439834971022, 1.3716303656930364, 1.0], [0.0005691988394094481, 0.015286439834970966, 1.3716303656930506, 1.0], [0.0005691988394094447, 0.015286439834971077, 1.3716303656930364, 1.0], [0.0005691988394097326, 0.015286439834971022, 1.3716303656930364, 1.0], [0.0005691988394094447, 0.015286439834971022, 1.3716303656930364, 1.0], [0.0005691988394094551, 0.015286439834971022, 1.3716303656930506, 1.0], [0.0016430675011078547, 0.01526949153422108, 1.440903787264304, 1.0], [0.002251898972090823, 0.015259882669334701, 1.4801784589812144, 1.0], [0.0022518989720908215, 0.015259882669334535, 1.480178458981186, 1.0], [0.0022518989720905647, 0.015259882669334646, 1.4801784589812144, 1.0], [0.002251898972090823, 0.015259882669334646, 1.4801784589812144, 1.0], [0.0022518989720908284, 0.015259882669334646, 1.480178458981186, 1.0], [0.002251898972090805, 0.015259882669334424, 1.4801784589812144, 1.0], [0.0022518989720908466, 0.015259882669334868, 1.4801784589812144, 1.0], [0.0022518989720905266, 0.015259882669334424, 1.480178458981186, 1.0], [0.0022518989720908293, 0.015259882669334646, 1.4801784589812144, 1.0], [0.0022518989720908223, 0.015259882669334646, 1.480178458981186, 1.0], [0.002517002234839817, 0.015238180148165803, 2.023418659908856, 1.0], [0.002571811412614162, 0.015233693227376777, 2.1357316825331623, 1.0], [0.0025718114126144463, 0.015233693227376666, 2.1357316825331907, 1.0], [0.0025718114126144446, 0.015233693227376777, 2.1357316825331623, 1.0], [0.0025718114126141688, 0.015233693227376888, 2.1357316825331907, 1.0], [0.002571811412614429, 0.015233693227376555, 2.1357316825331907, 1.0], [0.0025718114126141688, 0.015233693227376666, 2.1357316825331907, 1.0], [0.0025718114126144394, 0.015233693227376777, 2.1357316825331623, 1.0], [0.0047060813654598126, 0.014853144952967967, 2.9359717426083876, 1.0], [0.005028177084609779, 0.014795714087695533, 3.0567408596072596, 1.0], [0.005028177084609786, 0.014795714087695422, 3.056740859607288, 1.0], [0.005028177084609793, 0.014795714087695533, 3.056740859607231, 1.0], [0.005028177084609779, 0.014795714087695533, 3.056740859607288, 1.0], [0.005452962105712979, 0.014670931562462575, 4.372616846083957, 1.0], [0.005697614913632777, 0.014599063691278502, 5.130489037833684, 1.0], [0.005697614913632784, 0.014599063691278613, 5.130489037833655, 1.0], [0.005835585718900818, 0.014552459692171227, 8.921008374761954, 1.0], [0.004612794242300655, 0.014721500522653086, 11.562513487040462, 0.0]], [[0.0, 0.0, 0.0, 1.0], [-0.047318661451956595, -0.012782803476020788, 23.218942564268552, 1.0], [0.041191920654888386, -0.012415423205214826, 46.97965774391637, 1.0], [0.04468832338997336, -0.016616130535694662, 21.014338781007197, 1.0], [0.04383029962651709, -0.01853989908309428, 16.448451822378004, 1.0], [0.038620318080018104, -0.026713886071423637, 18.108068159492476, 1.0], [0.011194024965810439, 0.015216006248376907, 55.60241227058749, 1.0], [-0.01057677970472716, 0.046730225079475995, 20.839115328511014, 1.0], [-0.0101702227779451, 0.046853216768247274, 12.832734592927068, 1.0], [-0.010447414696270349, 0.04677389011666072, 10.1980424153804, 1.0], [-0.008546047559302127, 0.047282395246233844, 7.710215520779002, 1.0], [-0.008149942160227366, 0.047388330403818624, 7.191934939530341, 1.0], [-0.007511635737969556, 0.04753421421116333, 6.827687717679254, 1.0], [-0.006773783301538452, 0.04770284908452749, 6.406634927460772, 1.0], [-0.006773783301538702, 0.0477028490845276, 6.406634927460743, 1.0], [-0.005613920755129634, 0.047934030415586415, 7.607437968360671, 1.0], [-0.005342442379178122, 0.04798814090695469, 7.888498909926909, 1.0], [-0.0036323215001668463, 0.04826536978934348, 11.883760449302713, 1.0], [-0.0024985762070252188, 0.04842522965748508, 16.296425160882166, 1.0], [0.009787906092224019, 0.025724682891718587, 55.751797646867544, 1.0], [0.018075811717188223, -0.04386920764218405, 15.974879320535024, 1.0], [0.016892438090476157, -0.0444228563431861, 10.915717164984756, 1.0], [0.018337107159631952, -0.04365552224562119, 9.756621295939112, 1.0], [0.02350737388084208, -0.04094738248856844, 7.902182352838679, 1.0], [0.023899223338197082, -0.0406762193576361, 7.782391234878162, 1.0], [0.028168098579390677, -0.03772212166977451, 6.477366236174532, 1.0], [0.028168098579390385, -0.03772212166977473, 6.4773662361744755, 1.0], [0.03211211080109243, -0.03414568524056549, 6.725908856450644, 1.0], [0.034592251198448776, -0.03189669006305307, 6.882201625935409, 1.0], [0.03501789824335069, -0.03140513514396365, 6.840255320498386, 1.0], [0.0375523426537083, -0.028478253277892995, 6.590493033591372, 1.0], [0.037552342653707965, -0.02847825327789305, 6.590493033591372, 1.0], [0.040923063220317774, -0.02349587096887268, 7.134148516908169, 1.0], [0.04225968625435167, -0.02152016078257929, 7.349729259132346, 1.0], [0.04414073207056263, -0.017131927895964794, 7.93602380419037, 1.0], [0.046926767929987345, -0.010632472073970112, 8.80439054605256, 1.0], [0.04784242505592212, -0.005889299577043816, 8.89552137834653, 1.0], [0.048865936509910834, -0.0005874335822915744, 8.99738641933476, 1.0], [0.04726016477006467, 0.01147602274528231, 9.418484982208724, 1.0], [0.04611044362023686, 0.020113371713180117, 9.719988559513581, 1.0], [0.035334426926170726, 0.03605149230035093, 10.866447595863292, 1.0], [0.029470279192238102, 0.04034012701784084, 10.583730414308661, 1.0], [0.021207546794231535, 0.045506271317297176, 10.004112068749464, 1.0], [0.012815533541341462, 0.04758501221521089, 8.378271412688946, 1.0], [0.008938396987081543, 0.04854539705723393, 7.627127908852685, 1.0], [0.004547377444351519, 0.048677799075814376, 9.04074636599455, 1.0], [0.0014479738783442775, 0.0487712551136521, 10.038549733618652, 1.0], [-0.013480489840805854, 0.04549820855939202, 10.50696266093405, 1.0], [-0.021406575120446858, 0.04126090468629362, 10.724240194005233, 1.0], [-0.031495238047018814, 0.03493704314647139, 