{"text": "ね", "text_ids": [24], "strokes": [[[0.0, 0.0, 0.0, 1.0], [-0.011919003424604873, -0.011938261709000492, 22.175223283754015, 1.0], [-0.010684007154556599, 0.006588409584832595, 89.50661937302326, 1.0], [-0.0049985015736352355, 0.015662170915653608, 11.574047620387631, 1.0], [-0.0027772888439293875, 0.016222262362045936, 7.186586532441638, 1.0], [-0.00208699503679384, 0.016396323878848828, 5.823080382151431, 1.0], [-0.00208699503679384, 0.01639632387884872, 5.82308038215146, 1.0], [-0.0012044753029119906, 0.01650158772734934, 3.4450378263341292, 1.0], [-0.0007732542694492139, 0.016553022254866226, 2.283067244638403, 1.0], [-0.0007732542694496025, 0.016553022254866226, 2.2830672446384312, 1.0], [-0.000773254269449207, 0.016553022254866337, 2.2830672446384312, 1.0], [-0.0007732542694496095, 0.016553022254866212, 2.2830672446384312, 1.0], [-0.0007732542694491931, 0.01655302225486624, 2.283067244638403, 1.0], [-0.0007732542694496164, 0.016553022254866323, 2.2830672446384312, 1.0], [0.00035401500378631073, 0.016584721153862086, 1.7994059726289038, 1.0], [0.0009253486124885871, 0.016600787099049413, 1.554272049006613, 1.0], [0.0009253486124889965, 0.016600787099049358, 1.554272049006613, 1.0], [0.0009253486124889965, 0.016600787099049358, 1.5542720490066415, 1.0], [0.0009253486124885732, 0.016600787099049386, 1.554272049006613, 1.0], [0.0009253486124890034, 0.016600787099049386, 1.554272049006613, 1.0], [0.0009253486124889895, 0.01660078709904944, 1.554272049006613, 1.0], [0.0009253486124889965, 0.016600787099049275, 1.554272049006613, 1.0], [0.0009253486124885801, 0.01660078709904944, 1.5542720490066415, 1.0], [0.0009253486124890034, 0.016600787099049497, 1.554272049006613, 1.0], [0.0009253486124889895, 0.01660078709904933, 1.554272049006613, 1.0], [0.0017263808790753087, 0.0165553708053901, 1.4284309855189576, 1.0], [0.0020286246591516947, 0.016538234426688503, 1.3809489048289265, 1.0], [0.002028624659151705, 0.016538234426688614, 1.3809489048289265, 1.0], [0.0020286246591516947, 0.01653823442668828, 1.3809489048289265, 1.0], [0.0020286246591516947, 0.01653823442668856, 1.380948904828955, 1.0], [0.002028624659151698, 0.016538234426688503, 1.3809489048289265, 1.0], [0.0020286246591521076, 0.016538234426688392, 1.3809489048289265, 1.0], [0.0020286246591516947, 0.016538234426688503, 1.3809489048289265, 1.0], [0.0020286246591516965, 0.016538234426688336, 1.3809489048289265, 1.0], [0.0020286246591516965, 0.016538234426688447, 1.3809489048289265, 1.0], [0.0020286246591516947, 0.016538234426688336, 1.380948904828955, 1.0], [0.002028624659152113, 0.01653823442668867, 1.3809489048289265, 1.0], [0.0021491212578363082, 0.016526255796382117, 1.4359380449122625, 1.0], [0.0023185078092716593, 0.016509416990136416, 1.5132383248104873, 1.0], [0.002318507809271661, 0.01650941699013664, 1.5132383248104588, 1.0], [0.002318507809272072, 0.016509416990136416, 1.5132383248104873, 1.0], [0.00231850780927166, 0.016509416990136527, 1.5132383248104873, 1.0], [0.0023185078092716645, 0.01650941699013675, 1.5132383248104588, 1.0], [0.00231850780927166, 0.016509416990136527, 1.5132383248104873, 1.0], [0.0023185078092716593, 0.016509416990136416, 1.5132383248104873, 1.0], [0.002318507809271661, 0.01650941699013664, 1.5132383248104588, 1.0], [0.002318507809272072, 0.016509416990136527, 1.5132383248104873, 1.0], [0.0023185078092716575, 0.016509416990136416, 1.5132383248104873, 1.0], [0.002218155733890448, 0.016519922993729064, 2.1522368662136273, 1.0], [0.0021993703785456974, 0.016521889659689815, 2.2718538708381004, 1.0], [0.0021993703785461137, 0.016521889659689926, 2.2718538708381004, 1.0], [0.002199370378545701, 0.016521889659690037, 2.2718538708381004, 1.0], [0.0021993703785461137, 0.016521889659689815, 2.2718538708381004, 1.0], [0.002199370378545694, 0.016521889659689815, 2.2718538708381004, 1.0], [0.0021993703785461102, 0.016521889659689704, 2.2718538708381004, 1.0], [0.001503112505877785, 0.01655098919204523, 2.853054694118981, 1.0], [0.00026234160810630763, 0.016602846204084587, 3.888787424183988, 1.0], [0.00026234160810631457, 0.016602846204084587, 3.8887874241840166, 1.0], [0.00026234160810631457, 0.016602846204084698, 3.8887874241840166, 1.0], [0.00026234160810631457, 0.016602846204084476, 3.8887874241839597, 1.0], [0.007566131738810891, 0.01499512382930046, 8.132130301292165, 1.0], [0.007412396405899836, 0.01502896430528533, 9.19394734821364, 1.0], [0.006985613964241522, -0.00016388210298068362, 32.10244283502334, 1.0], [0.007284381262417122, -0.014653041273587575, 0.6185194709502184, 0.0]], [[0.0, 0.0, 0.0, 1.0], [-0.030654097017993764, -0.035716230629015355, 40.464765774136325, 1.0], [0.04651693474211992, -0.030120427618296197, 38.40978663116188, 1.0], [0.03193629835435069, -0.017684304369401743, 66.41126740579526, 1.0], [-0.022822377778180067, 0.05072674367044969, 19.58981907712422, 1.0], [-0.010215665487968623, 0.055766468096678845, 12.248612488515931, 1.0], [-0.005400620449745569, 0.05659378197822279, 7.378084318743305, 1.0], [-0.005400620449745597, 0.05659378197822279, 7.3780843187432765, 1.0], [-0.0023098682967395423, 0.056870485925950176, 5.401614261097734, 1.0], [-0.0010640584638326456, 0.05698201880915099, 4.604945453517445, 1.0], [-0.0010640584638326456, 0.05698201880915077, 4.604945453517416, 1.0], [-0.001067118012705287, 0.056981857729498264, 4.605991756426988, 1.0], [-0.0012095004291942935, 0.0569743615556666, 4.654683620110745, 1.0], [-0.0012095004291942935, 0.05697436155566682, 4.654683620110717, 1.0], [-0.0012095004291943212, 0.0569743615556666, 4.654683620110745, 1.0], [-0.002531307795540172, 0.05687678465844159, 7.919390583099727, 1.0], [-0.003474272071764456, 0.05680717426693438, 10.248400177707055, 1.0], [-0.005255841428334684, 0.056609819953019724, 14.417377215406304, 1.0], [0.012065211778243212, 0.01713793411363651, 39.85308508415079, 1.0], [0.026176639082822833, -0.04971411419072125, 14.943634888510019, 1.0], [0.020338843980820254, -0.052610933583177144, 7.784511124671781, 1.0], [0.02090535404322759, -0.052348681344214665, 7.743554965280566, 1.0], [0.0246927779143004, -0.05059538434915567, 7.469741054391193, 1.0], [0.024692777914299986, -0.05059538434915545, 7.469741054391136, 1.0], [0.031058656194415998, -0.04671383079074265, 6.574265750584345, 1.0], [0.032144647810335755, -0.04605165435008607, 6.421501492550249, 1.0], [0.03399096796305551, -0.04443147097187805, 6.361041129273588, 1.0], [0.04106794981929454, -0.03822127586867885, 6.129295354684814, 1.0], [0.04106794981929496, -0.03822127586867885, 6.129295354684871, 1.0], [0.04279312984426789, -0.036231755142032196, 6.622495455399871, 1.0], [0.0439601416600881, -0.03488592794590989, 6.956124605266041, 1.0], [0.04464202584065077, -0.033915261131493735, 7.060290827533095, 1.0], [0.04842840187214942, -0.028525328844694553, 7.6387064859782186, 1.0], [0.04842840187214903, -0.028525328844694497, 7.6387064859782186, 1.0], [0.05439124553740787, -0.014844253598361334, 8.067374961644077, 1.0], [0.0548601279762479, -0.013768455491356357, 8.101082892223474, 1.0], [0.05552936358514671, -0.01114352654696349, 9.273573072855015, 1.0], [0.05555925084206381, -0.0076470713025754145, 9.524453725278931, 1.0], [0.055533822975697755, 0.014771176147283627, 10.802762311457798, 1.0], [0.04633934849865018, 0.030412026109527424, 9.498116327062974, 1.0], [0.03902119223005229, 0.04286104475470809, 8.459709704386, 1.0], [0.027702137473543442, 0.04982584147852054, 8.334152666238651, 1.0], [0.022012763254105727, 0.053326605082592404, 8.2710430699629, 1.0], [0.013192983158440752, 0.05542810564070577, 7.987504176750008, 1.0], [0.007557265917469302, 0.05677093537101818, 7.806326753772055, 1.0], [0.001618099109058524, 0.0566490500117115, 7.803360498154461, 1.0], [-0.006177690273410752, 0.056489062488106145, 7.799466971537868, 1.0], [-0.012065549442622725, 0.05480043810623414, 8.170284412759656, 1.0], [-0.021631783733965015, 0.05205686425319089, 8.772765963370148, 1.0], [-0.026407213309526445, 0.04931178621717125, 