{"text": "ね", "text_ids": [24], "strokes": [[[0.0, 0.0, 0.0, 1.0], [-0.015088843799655886, -0.008208270121025889, 16.30167271499362, 1.0], [-0.015366495855004892, -0.003534236749121032, 16.363983198836834, 1.0], [-0.012711399364370834, 0.010933162218046792, 19.363983198836827, 1.0], [-0.0061249237565198095, 0.01629140950092487, 13.25003915080822, 1.0], [-0.004421453230567973, 0.016936705077422586, 8.774912729978624, 1.0], [-0.0034409136032306636, 0.01711822008463127, 6.227958869075451, 1.0], [-0.002945487167867869, 0.017209932168956228, 4.94108760231461, 1.0], [-0.0029454871678674874, 0.017209932168956263, 4.94108760231461, 1.0], [-0.002970257617305322, 0.0172063765243034, 4.385861661191413, 1.0], [-0.0030561686277543465, 0.017194044530663574, 2.4601791357171976, 1.0], [-0.003056168627754735, 0.01719404453066356, 2.4601791357171976, 1.0], [-0.0030561686277543465, 0.01719404453066356, 2.460179135717212, 1.0], [-0.0030561686277543604, 0.017194044530663588, 2.4601791357171976, 1.0], [-0.0030561686277543604, 0.01719404453066356, 2.4601791357171976, 1.0], [-0.003056168627754721, 0.01719404453066356, 2.4601791357171976, 1.0], [-0.0025943989491957614, 0.01725303239275558, 1.973217052616647, 1.0], [-0.002415007070396491, 0.01727594845653907, 1.7840382324219775, 1.0], [-0.002415007070396505, 0.017275948456539042, 1.7840382324219775, 1.0], [-0.0024150070703964632, 0.017275948456538903, 1.7840382324219775, 1.0], [-0.002415007070396491, 0.017275948456539014, 1.7840382324219775, 1.0], [-0.002415007070396491, 0.01727594845653896, 1.7840382324219775, 1.0], [-0.002415007070396477, 0.017275948456539014, 1.7840382324219775, 1.0], [-0.002415007070396491, 0.01727594845653896, 1.7840382324219775, 1.0], [-0.002415007070396491, 0.01727594845653907, 1.7840382324219775, 1.0], [-0.002150460731616455, 0.017294031555456113, 1.7597718955169057, 1.0], [-0.001031861105845397, 0.017370493576343793, 1.6571648607494325, 1.0], [-0.0010318611058454108, 0.017370493576343904, 1.6571648607494467, 1.0], [-0.0010318611058454108, 0.01737049357634396, 1.6571648607494183, 1.0], [-0.001031861105845397, 0.017370493576343626, 1.6571648607494467, 1.0], [-0.0010318611058454108, 0.017370493576343904, 1.6571648607494467, 1.0], [-0.0010318611058454108, 0.01737049357634396, 1.6571648607494183, 1.0], [-0.001031861105845397, 0.017370493576343626, 1.6571648607494467, 1.0], [-0.001031861105845397, 0.01737049357634385, 1.6571648607494183, 1.0], [-0.0010318611058454108, 0.017370493576343793, 1.6571648607494467, 1.0], [-0.001031861105845397, 0.017370493576343904, 1.6571648607494467, 1.0], [0.00044031846028920463, 0.017345490908462824, 1.8895505437193663, 1.0], [0.0005464102620261618, 0.01734368910510642, 1.906297288730201, 1.0], [0.0005464102620265365, 0.01734368910510642, 1.9062972887302294, 1.0], [0.0005464102620261618, 0.017343689105106308, 1.906297288730201, 1.0], [0.0005464102620265643, 0.017343689105106308, 1.906297288730201, 1.0], [0.000546410262026148, 0.017343689105106308, 1.9062972887302294, 1.0], [0.0005464102620261618, 0.01734368910510653, 1.906297288730201, 1.0], [0.0005464102620265504, 0.01734368910510642, 1.9062972887302294, 1.0], [0.0007341596114856519, 0.017330136148998476, 2.210733862880602, 1.0], [0.0008943872287837246, 0.01731856988860503, 2.470543801157305, 1.0], [0.0008943872287836968, 0.01731856988860525, 2.470543801157305, 1.0], [0.0008943872287837107, 0.01731856988860525, 2.470543801157305, 1.0], [0.0008943872287833221, 0.01731856988860514, 2.4705438011572767, 1.0], [0.0008943872287836968, 0.01731856988860525, 2.4705438011573335, 1.0], [0.0008943872287837246, 0.01731856988860503, 2.4705438011572767, 1.0], [-0.0003739879657851247, 0.017352760037587678, 2.948208551941889, 1.0], [-0.001031861105845397, 0.017370493576343793, 3.1959608028848265, 1.0], [-0.0010318611058454108, 0.017370493576343904, 3.195960802884855, 1.0], [-0.0010318611058454108, 0.017370493576343904, 3.195960802884855, 1.0], [-0.001031861105845397, 0.017370493576343682, 3.195960802884855, 1.0], [-0.0003783716810109583, 0.017352878204418443, 3.6893986138578327, 1.0], [0.0008943872287837107, 0.01731856988860514, 4.6504353903968365, 1.0], [0.0008943872287837107, 0.01731856988860503, 4.650435390396808, 1.0], [0.0008943872287836968, 0.01731856988860525, 4.650435390396865, 1.0], [-7.968545710694552e-05, 0.012602393112938537, 18.689224509304893, 1.0], [0.0044214532305675985, -0.01693670507742262, 8.774912729978553, 1.0], [0.0048355754917946, -0.01681316200132643, 9.690052662620218, 1.0], [0.006476772848694606, -0.0163235515917054, 13.3168203572543, 0.0]], [[-0.1983461739553692, 0.33154451495234355, 0.0, 1.0], [0.011099149427694438, -0.015649836627837255, 38.02559658252692, 1.0], [0.05232620477255423, -0.026992089395604824, 25.063899523497433, 1.0], [0.03228849454945831, -0.020111775055477343, 39.24291023579343, 1.0], [-0.04043991370679198, 0.04308020967940174, 23.10101933295563, 1.0], [-0.0339628455759908, 0.04827907929762193, 15.942709023481143, 1.0], [-0.01822192339742182, 0.05547819251526248, 11.700592180579264, 1.0], [-0.012480856443593702, 0.0569421178887497, 9.376006294388503, 1.0], [-0.0060924984625334855, 0.05800566960850234, 6.400228802979115, 1.0], [-0.00609249846253343, 0.05800566960850251, 6.400228802979143, 1.0], [-0.007550402397364486, 0.05787692973721603, 5.632871964099309, 1.0], [-0.007742989571529246, 0.05785992337114443, 5.531505144485692, 1.0], [-0.007742989571529607, 0.057859923371144206, 5.531505144485692, 1.0], [-0.009456798486304291, 0.05765180027087302, 7.748988373885908, 1.0], [-0.009858775181066037, 0.057602984655999334, 8.269102706095651, 1.0], [-0.013584480500471174, 0.056913291543089994, 12.456394232635034, 1.0], [-0.011359063274939019, 0.042063576881725906, 28.482930404421552, 1.0], [0.02070481638033822, -0.054970768229798184, 31.316410088920378, 1.0], [0.01930727687226852, -0.055451094863850026, 10.285546631757029, 1.0], [0.024748865033698497, -0.05329508555020823, 8.98952857266977, 1.0], [0.026488411784225285, -0.05260586047760285, 8.575222319343027, 1.0], [0.03270934932558378, -0.04897176763982647, 7.323741449341242, 1.0], [0.034512263019971956, -0.04791855729968875, 6.961044993414532, 1.0], [0.03942462321181821, -0.0434580787935156, 6.897828439458465, 1.0], [0.04481502708189338, -0.03856353123123024, 6.828460000706173, 1.0], [0.04481502708189376, -0.03856353123123035, 6.828460000706173, 1.0], [0.05231445442359064, -0.027215961343147965, 8.140946274911016, 1.0], [0.05241153899794365, -0.027069060260928646, 8.157937195079853, 1.0], [0.055189394281562346, -0.020266128017402518, 7.381227441074373, 1.0], [0.055486565704513297, -0.019538358983872017, 7.298136020085394, 1.0], [0.05655763255982302, -0.01558243996880121, 7.808877634022565, 1.0], [0.05699294835483332, -0.013974628073112783, 8.016459346232296, 1.0], [0.057760855750360496, -0.006895309472953859, 8.798893712249765, 1.0], [0.05829364383772451, -0.001983549749330127, 9.341760875382874, 1.0], [0.05666192071766152, 0.01017297127980632, 9.72909621973389, 1.0], [0.05487762986403766, 0.01652533159991737, 10.08294897532977, 1.0], [0.047239735523793125, 0.03260311985745079, 11.486053829299124, 1.0], [0.0398150357576571, 0.04054977864593173, 12.118590420487521, 1.0], [0.031654720369841516, 0.04721288743240404, 11.663413500683589, 1.0], [0.02124979948543304, 0.05347903673884635, 9.844404237976164, 1.0], [0.011880571345627922, 0.056150378078317686, 9.410460727024372, 1.0], [0.007329466944980045, 0.05744798265622908, 9.199672581741197, 1.0], [-0.004227644593910451, 0.05787011801336961, 8.463215650073266, 1.0], [-0.0066762873772130416, 0.057959557203461465, 8.307180126415574, 1.0], [-0.021800280022835516, 0.05393450404242306, 9.044394521295658, 1.0], [-0.02664047787346502, 0.05245575342730924, 9.341220076148147, 1.0], [-0.0370197587268436, 0.0460518971452748, 11.010560909928017, 1.0], [-0.04590047527841501, 0.0339422423807314, 13.132363663881733, 1.0], [-0.05527885203689209, 0.008488086415218588, 14.668946348743361, 1.0], [-0.05231561682590008, 