{"text": "ね", "text_ids": [24], "strokes": [[[0.0, 0.0, 0.0, 1.0], [-0.0148710660723905, -0.012092510148679353, 13.1981217306895, 1.0], [-0.005142781385413445, 0.009182554489407376, 6.789069899884694, 1.0], [-0.0006437851217336067, 0.019021538379797236, 7.293595815295831, 1.0], [0.001701703851130918, 0.018829848514884683, 6.684782230866617, 1.0], [0.004142228942092803, 0.01863039162959803, 6.051300323380403, 1.0], [0.004142228942093129, 0.018630391629597925, 6.051300323380403, 1.0], [0.0035274822967697175, 0.018744661734278176, 4.121873667212796, 1.0], [0.0032391962729654985, 0.018798248808512122, 3.2170672023713465, 1.0], [0.003239196272965499, 0.018798248808512108, 3.2170672023713536, 1.0], [0.003239196272965491, 0.018798248808512052, 3.2170672023713394, 1.0], [0.0032391962729654976, 0.018798248808512108, 3.2170672023713536, 1.0], [0.0024050472316863823, 0.018905931831452644, 2.4919646452045754, 1.0], [0.0020598268843089046, 0.01895049745311811, 2.19187420059356, 1.0], [0.0020598268843088907, 0.018950497453118026, 2.1918742005935457, 1.0], [0.002059826884308894, 0.018950497453118026, 2.19187420059356, 1.0], [0.002059826884308894, 0.018950497453118026, 2.1918742005935457, 1.0], [0.002059826884308901, 0.01895049745311811, 2.19187420059356, 1.0], [0.002059826884308908, 0.01895049745311811, 2.19187420059356, 1.0], [0.0020598268843088872, 0.018950497453117998, 2.1918742005935457, 1.0], [0.0014366750026965878, 0.019000413429809737, 1.7975016476462855, 1.0], [0.0014048182549698737, 0.019002965232546687, 1.7773405484020657, 1.0], [0.0014048182549701999, 0.01900296523254663, 1.7773405484020515, 1.0], [0.0014048182549702068, 0.01900296523254663, 1.7773405484020515, 1.0], [0.0014048182549698668, 0.01900296523254663, 1.7773405484020515, 1.0], [0.0014048182549702033, 0.019002965232546576, 1.7773405484020515, 1.0], [0.0014048182549702033, 0.019002965232546687, 1.7773405484020515, 1.0], [0.0014048182549702068, 0.019002965232546576, 1.7773405484020515, 1.0], [0.0014048182549698737, 0.019002965232546687, 1.7773405484020515, 1.0], [0.00086317286346662, 0.019028844219824148, 1.7646529024504076, 1.0], [0.0008341548378133778, 0.019030230656648772, 1.7639731764867577, 1.0], [0.0008341548378134056, 0.019030230656648994, 1.7639731764867435, 1.0], [0.0008341548378133917, 0.019030230656648994, 1.7639731764867577, 1.0], [0.0008341548378137109, 0.019030230656648772, 1.7639731764867435, 1.0], [0.0008341548378134125, 0.019030230656648994, 1.7639731764867577, 1.0], [0.0008341548378133917, 0.019030230656648994, 1.7639731764867435, 1.0], [0.0008341548378134056, 0.019030230656648994, 1.7639731764867435, 1.0], [0.0008341548378133778, 0.019030230656648883, 1.7639731764867577, 1.0], [0.0005069639862802927, 0.01903197415391822, 1.8925309959091408, 1.0], [-0.000215153917544543, 0.019035822093393606, 2.1762611266463807, 1.0], [-0.00021515391754485524, 0.019035822093393717, 2.1762611266463665, 1.0], [-0.00021515391754453606, 0.019035822093393495, 2.1762611266463665, 1.0], [-0.00021515391754452912, 0.019035822093393717, 2.176261126646395, 1.0], [-0.000215153917544883, 0.019035822093393495, 2.1762611266463665, 1.0], [-0.0002151539175445083, 0.019035822093393717, 2.1762611266463807, 1.0], [-0.00021515391754486912, 0.019035822093393606, 2.1762611266463807, 1.0], [-0.00019300638206249526, 0.019036286182781192, 2.594820596738856, 1.0], [-0.00017088125060275156, 0.01903674980270509, 3.012956660095824, 1.0], [-0.00017088125060275156, 0.019036749802704866, 3.0129566600957673, 1.0], [-0.00017088125060241155, 0.019036749802704866, 3.0129566600957958, 1.0], [-0.00017088125060274462, 0.019036749802704978, 3.0129566600957673, 1.0], [-4.9780294754941945e-06, 0.01903624328308584, 3.182147119175454, 1.0], [0.0007029618641781893, 0.019034081869686914, 3.9041142684224894, 1.0], [0.0007029618641784738, 0.01903408186968647, 3.904114268422461, 1.0], [0.0007029618641784738, 0.01903408186968636, 3.9041142684224326, 1.0], [0.0007029618641784877, 0.01903408186968658, 3.904114268422461, 1.0], [-0.0004222101634196382, 0.01902360211060805, 7.116788396780521, 1.0], [-0.0006437851217339433, 0.019021538379797365, 7.749445553737758, 1.0], [0.0010035799654835517, 0.01816884260419971, 19.942996820679696, 1.0], [-0.0003753485224842548, -0.01900952612972273, 20.665957012577735, 1.0], [0.00030914682283219447, -0.01903351269748854, 6.796713368088859, 1.0], [-0.00018798082160971508, -0.019016092000600837, 8.97798360544536, 1.0], [-0.0007582983482253766, -0.018917743142426224, 12.392443731506773, 1.0], [0.0026028265776888437, -0.018833156960067154, 0.0, 0.0]], [[0.0, 0.0, 0.0, 1.0], [-0.019496365261596232, -0.06266724694529696, 18.252549312069295, 1.0], [0.047703398865351646, -0.05007719364088492, 23.352934114955335, 1.0], [0.05571636678981784, -0.04074757133461476, 14.297192701595101, 1.0], [0.05793727735205084, -0.03807371612381824, 12.166970726986051, 1.0], [0.05646886644500291, -0.04023324738813208, 12.421191694701264, 1.0], [0.05759161882924435, -0.038627472257529355, 11.143111140022086, 1.0], [0.060195695448865494, -0.03415352593083602, 14.196811887291318, 1.0], [0.0653510122232317, -0.02232749878216579, 20.38793967011246, 1.0], [0.04244267842368332, 0.03346282323113048, 43.64353196633128, 1.0], [-0.017375745464582537, 0.06612823471246887, 20.043665831989017, 1.0], [-0.03159264669318357, 0.061498460140144956, 14.520558806669783, 1.0], [-0.03508739653349291, 0.059755307044869754, 12.29753241974106, 1.0], [-0.03383657613885516, 0.06048498443344236, 9.62511639476054, 1.0], [-0.03724923355267942, 0.05830132061607901, 8.695965455258403, 1.0], [-0.04044006464634323, 0.05625959724287194, 7.827210303785904, 1.0], [-0.041145274514257896, 0.055737040686382744, 8.444027048084791, 1.0], [-0.04193211405615324, 0.05515399699934809, 9.132241757774551, 1.0], [-0.04301694569434594, 0.054300229166746816, 9.36975371149805, 1.0], [-0.04370729991314265, 0.05375691700257512, 9.520899173609337, 1.0], [-0.043707299913142324, 0.0537569170025749, 15.304577710688648, 1.0], [-0.02006180879981466, 0.008466059550262806, 54.65943078762797, 1.0], [0.032792732755610246, -0.06092523091043145, 18.129065789168408, 1.0], [0.03795620656873423, -0.05796942276171546, 13.78453873344148, 1.0], [0.036919873399308176, -0.05864007705601426, 11.249165522544729, 1.0], [0.0429447677892759, -0.054016790546009386, 9.807574676823208, 1.0], [0.047012730980267495, -0.05089518241036728, 8.834223424952086, 1.0], [0.04993453541346876, -0.047958486366764363, 8.264491035611172, 1.0], [0.051356698495723635, -0.04652907492171504, 7.9871787139246635, 1.0], [0.05165656548424821, -0.0461971031322303, 8.678828055040924, 1.0], [0.05180466133858294, -0.04603315162152727, 9.020414171526454, 1.0], [0.05505746396326333, -0.04203948158538384, 9.910734872752812, 1.0], [0.05665057061017886, -0.039804422050434496, 10.251929525712455, 1.0], [0.06228175955617099, -0.03064888951470668, 11.031373109215906, 1.0], [0.06411564552751864, -0.026507796566289182, 12.266256500688883, 1.0], [0.06628178910334204, -0.020025593006407716, 13.082732243745397, 1.0], [0.06879549505981342, -0.009979236975606057, 14.141902891541974, 1.0], [0.06930980503060358, 0.0033411096730690676, 17.914639772101054, 1.0], [0.06664838239733384, 0.020328625800980243, 17.743812704322636, 1.0], [0.059251197169782555, 0.036525678588878396, 20.086507493710315, 1.0], [0.042342307122108624, 0.05412745788880602, 17.436568694671905, 1.0], [0.030533854242246417, 0.06279588027647137, 16.667128638732834, 1.0], [0.018953709875432656, 0.06679780951164221, 17.216483401442815, 1.0], [0.00439778215275477, 0.06906645665299532, 15.230456915956438, 1.0], [-0.008731494707025833, 0.06842728844750579, 14.286472796324233, 1.0], [-0.02144151251335613, 0.06591744831404123, 14.25354618095821, 1.0], [-0.026396313487887957, 0.0641058665529104, 13.597692305918827, 1.0], [-0.04044006464634298, 0.056259597242872106, 16.6328218955166, 1.0], [-0.04880212260316641, 0.0491741651170583, 14.121114021634412, 1.0], [-0.05170652528809505, 0.0460929127366434, 