{"text": "の", "text_ids": [25], "strokes": [[[0.0, 0.0, 0.0, 1.0], [0.02265312797101956, -0.02743787971815396, 151.8047603788986, 1.0], [-0.0020883824862605697, 0.07233363892515259, 35.25675071036301, 1.0], [-0.011209851249077562, 0.07190760021299133, 18.952702193169387, 1.0], [-0.014294970148587246, 0.07125729251582162, 12.881642873593364, 1.0], [-0.016678029254547276, 0.07075497097493613, 10.45003191316519, 1.0], [-0.0175963377710816, 0.07051755540079085, 12.217624433698262, 1.0], [-0.021797102398893244, 0.06916152507366863, 12.46933016916978, 1.0], [-0.02442498791686242, 0.06833701879499582, 12.180242007990671, 1.0], [-0.022849147476124015, 0.06891256239921023, 11.199824560537479, 1.0], [-0.03555741143960532, 0.06261855011965156, 13.225728356426032, 1.0], [-0.03414190386274865, 0.06365476442210316, 12.436761267582085, 1.0], [-0.031147424596636275, 0.0652859566161964, 11.715861161112286, 1.0], [-0.04210360958077086, 0.05883021129074828, 15.241631136990236, 1.0], [-0.04263305930501793, 0.05842140361979187, 19.749570132924134, 1.0], [-0.046627460681923305, 0.055099679379460254, 17.39632294009857, 1.0], [-0.05196082020989273, 0.050120529425554006, 26.418281890380854, 1.0], [-0.06644875494452274, 0.010586678565608687, 40.09897937324433, 1.0], [-0.03702415124955988, -0.058065661537470614, 32.13923245993209, 1.0], [-0.03137227486227728, -0.06581561124475832, 20.95540279651641, 1.0], [-0.023942151011924206, -0.06916407035303307, 18.120173000116324, 1.0], [-0.022430129358303574, -0.06958707990246149, 14.887794052293998, 1.0], [-0.012872558375533916, -0.07123806422238288, 13.552176616728843, 1.0], [0.004010209269732723, -0.07277177764347653, 12.779919881449246, 1.0], [0.0032203854584075264, -0.07282244108965158, 15.04648828150539, 1.0], [0.010241988342400088, -0.07201842621478294, 15.127865793398769, 1.0], [0.015683381734079682, -0.07094975901891215, 12.24838937510117, 1.0], [0.021670602270398076, -0.06880140480953129, 11.224060776833767, 1.0], [0.035047091284621745, -0.06338617927886003, 10.956020977378785, 1.0], [0.04414308811940593, -0.05701163412440011, 11.533001927540113, 1.0], [0.04837110765196395, -0.053596684861243055, 12.339953213124431, 1.0], [0.052335267602863, -0.049792826060710095, 13.484002618025556, 1.0], [0.0556687212739469, -0.04603820760137548, 12.063516344445816, 1.0], [0.05794292208626031, -0.0430843839212332, 12.047891083690615, 1.0], [0.05864509016054614, -0.04217237972440183, 11.793360759421375, 1.0], [0.05864509016054642, -0.042172379724402145, 11.334651035630031, 1.0], [0.06729453070197322, -0.026039196189119873, 16.570953841642677, 1.0], [0.07099338746807914, -0.013478234626892321, 21.06160368670146, 1.0], [0.07013639788402666, -0.016353312739331022, 18.8408838600061, 1.0], [0.07238445797916504, -0.003435627661742602, 16.5920512162038, 1.0], [0.07259226474175975, 0.0012997412544187015, 19.99008662982544, 1.0], [0.07203996478468372, 0.007936824553584493, 22.12112304716311, 1.0], [0.06911611875680201, 0.022931841157131205, 23.000824760230216, 1.0], [0.06813551133459445, 0.026130875573974505, 25.943010642013746, 1.0], [0.06041066084454444, 0.040730664207819706, 29.716319883567394, 1.0], [0.057572142934038006, 0.04494718882721107, 29.872059524953443, 1.0], [0.05065555374860142, 0.0529580392071498, 26.350983810871867, 1.0], [0.03575864650275207, 0.06370702812377559, 20.841991754865035, 1.0], [0.022747413876298195, 0.06934714894219488, 24.772955185860155, 1.0], [0.02412765456586241, 0.06890211986305217, 23.280939988339014, 1.0], [0.005269962930599004, 0.07276458151090806, 22.322626148872473, 1.0], [-0.000473828108994101, 0.07222923110408885, 17.342429287119785, 1.0], [-0.0069996400293099725, 0.07236045283022924, 16.969828314872757, 1.0], [-0.01427907669475037, 0.07005640358347803, 16.27571969624637, 1.0], [-0.02980590835075214, 0.06606296465093947, 13.150073460112708, 1.0], [-0.03180798638282489, 0.0651202681947709, 10.0174276213736, 1.0], [-0.04092982992649674, 0.05932359376452867, 10.648640478819289, 1.0], [-0.04504231383938284, 0.05652000416991343, 10.22161428004324, 1.0], [-0.04911404705222616, 0.05302631645863454, 7.1133054536962845, 1.0], [-0.04911404705222622, 0.053026316458634204, 7.113305453696512, 1.0], [-0.05445102060722001, 0.04742879012900025, 7.933679115345285, 1.0], [-0.05488883645017473, 0.04696959997502781, 8.000978040946393, 1.0], [-0.050272211508413045, 0.05181161003920931, 11.674826583374852, 1.0], [-0.04911404705222586, 0.053026316458634204, 6.929811740876403, 0.0]]]}