{"text": "の", "text_ids": [25], "strokes": [[[0.0, 0.0, 0.0, 1.0], [0.04169713966999199, -0.0327531855675005, 62.80700571475781, 1.0], [0.011874860323120115, 0.06146606035275094, 29.03794680344501, 1.0], [-0.0017540470422113333, 0.06323695513499467, 14.297464156261483, 1.0], [-0.002461197201632001, 0.06320406031488482, 8.88539524872239, 1.0], [-0.0025746479887450505, 0.06319494673538487, 6.948511731725475, 1.0], [-0.006306012917517902, 0.06262125860240694, 6.731189186051864, 1.0], [-0.011439226522421443, 0.06183203970117701, 6.432220023453539, 1.0], [-0.011439226522421929, 0.061832039701177066, 6.43222002345351, 1.0], [-0.01783489847073138, 0.059948273527775875, 6.775754180136545, 1.0], [-0.01966003941165337, 0.05941070080766414, 6.87378895412661, 1.0], [-0.02050278941087369, 0.059080414861602426, 6.968771830983428, 1.0], [-0.022424763876995962, 0.058327165196297104, 7.185389646713418, 1.0], [-0.0230135241304638, 0.0580364853552362, 7.381139004461403, 1.0], [-0.02996507819054285, 0.054604397986214526, 9.692372200988757, 1.0], [-0.03368316614749295, 0.05191520621781309, 10.688485016113106, 1.0], [-0.041436229905565614, 0.046307626332801166, 12.765608057663684, 1.0], [-0.056308636232077464, 0.02705041843975342, 15.595891614407947, 1.0], [-0.041079793097675676, -0.04721563195467593, 18.821417184761884, 1.0], [-0.01722901252875747, -0.06173918836879311, 12.391899265400099, 1.0], [-0.010733991554478017, -0.06278940733922833, 8.437739064711707, 1.0], [-0.008388680521554448, -0.06316863477330503, 7.009916801882014, 1.0], [-0.005431255866038542, -0.06320842677752436, 6.5852984300663024, 1.0], [0.0011647271501256107, -0.06329717540668067, 5.6382665036152275, 1.0], [0.0011647271501256107, -0.0632971754066805, 5.638266503615284, 1.0], [0.00685889625457925, -0.062402856523821604, 6.342866213062962, 1.0], [0.01323335262598696, -0.06140169259694517, 7.131645054152898, 1.0], [0.014967845014916603, -0.06064418437211738, 7.150461263021214, 1.0], [0.03292690272433063, -0.05280089026955068, 7.345285629559555, 1.0], [0.03292690272433019, -0.05280089026955043, 7.345285629559555, 1.0], [0.03695199444503913, -0.04992781660153471, 5.990716243282748, 1.0], [0.03812953492389387, -0.04908729897421804, 5.594437004339511, 1.0], [0.038129534923894357, -0.049087298974218055, 5.594437004339454, 1.0], [0.04367856963126114, -0.044149788293080174, 5.277316044176814, 1.0], [0.04420281162942081, -0.04368331969053591, 5.2473562161019345, 1.0], [0.04420281162942034, -0.04368331969053578, 5.2473562161019345, 1.0], [0.05216980551679207, -0.03288880931072635, 6.034712565642394, 1.0], [0.05602408690500739, -0.027666628769362794, 6.415620718306627, 1.0], [0.05619461532427231, -0.027138669298996304, 6.429367862179788, 1.0], [0.06307909293942851, -0.0058241859353992675, 6.98435983755985, 1.0], [0.06307909293942854, -0.0058241859353992675, 6.984359837559907, 1.0], [0.06256053662790684, 0.009731412506596898, 8.227352844590769, 1.0], [0.06237197572773323, 0.015387842830146437, 8.67933824156188, 1.0], [0.05756654535704603, 0.028452036497266242, 9.022432548771462, 1.0], [0.05558751345225166, 0.032786748219672174, 9.09531450182186, 1.0], [0.028100529313292877, 0.05806757963499748, 7.822296800906656, 1.0], [0.028100529313292877, 0.05806757963499809, 7.822296800906713, 1.0], [0.014675331594706353, 0.061995657662636844, 7.449847574369187, 1.0], [0.012258327460333396, 0.06270284879918131, 7.382793714958325, 1.0], [0.003539595202926127, 0.06291177209787865, 6.2790483422608645, 1.0], [-0.003745771498836925, 0.06308634826315301, 5.356759464925005, 1.0], [-0.00374577149883748, 0.06308634826315301, 5.356759464925005, 1.0], [-0.010720872710399898, 0.06167515803765661, 5.263456486649545, 1.0], [-0.016248176114766255, 0.0605568837214836, 5.189520087188498, 1.0], [-0.0162481761147667, 0.06055688372148382, 5.189520087188498, 1.0], [-0.01844213671000139, 0.0597322254721393, 5.319851161471206, 1.0], [-0.024026302740787986, 0.05763326863900464, 5.651575605085327, 1.0], [-0.024026302740788652, 0.05763326863900442, 5.65157560508527, 1.0], [-0.026947440785042243, 0.05598748151515143, 5.625840477625559, 1.0], [-0.0346851623424459, 0.05162800164319559, 5.557671412175523, 1.0], [-0.03468516234244595, 0.051628001643195476, 5.557671412175523, 1.0], [-0.03485760261348897, 0.051508031735678084, 7.741283060462706, 1.0], [-0.035121550163937865, 0.05132439850995063, 11.083651651115247, 1.0], [-0.0357451730787664, 0.05088074736346382, 2.536602167313731, 0.0]]]}