{"text": "の", "text_ids": [25], "strokes": [[[0.0, 0.0, 0.0, 1.0], [-0.006737593997962865, -0.004918433043558402, 55.71532454314833, 1.0], [-0.013248009246583314, 0.045190101473139704, 29.05145163888183, 1.0], [-0.015784547981200173, 0.044772979807772416, 9.996123737409619, 1.0], [-0.01578454798119973, 0.04477297980777223, 5.879511828424697, 1.0], [-0.015784547981199756, 0.04477297980777242, 5.879511828424683, 1.0], [-0.017370984816054036, 0.04424528128275876, 5.283245247823814, 1.0], [-0.01966867249992131, 0.04348099847295542, 4.419653109486958, 1.0], [-0.019668672499920853, 0.04348099847295522, 4.419653109486973, 1.0], [-0.01966867249992088, 0.04348099847295528, 4.419653109486958, 1.0], [-0.02238697072835713, 0.04229710702915862, 5.584074690861229, 1.0], [-0.02311720566377551, 0.04197907022107006, 5.896881177426991, 1.0], [-0.02311720566377598, 0.041979070221070336, 5.896881177426991, 1.0], [-0.028404893867015446, 0.038857862806104926, 8.97462767930989, 1.0], [-0.02973987801010089, 0.03774971252910819, 9.43213843565266, 1.0], [-0.039158599744113565, 0.028335635221866662, 11.067316382917056, 1.0], [-0.04372454079868421, 0.017008006572575618, 13.480431389074312, 1.0], [-0.04207349788693471, -0.007013929160967658, 14.184602198719745, 1.0], [-0.032980051864704096, -0.028938204619397445, 12.367274917504801, 1.0], [-0.01720328180786701, -0.041923827495291, 8.652286681219465, 1.0], [-0.014196767326397852, -0.042887163722933774, 8.01031449279867, 1.0], [-0.005656882123801332, -0.045623482089692524, 6.186817940174905, 1.0], [-0.005656882123801332, -0.0456234820896928, 6.186817940174933, 1.0], [0.0020788721167764868, -0.04615526664782521, 6.583936001565434, 1.0], [0.005816382166749512, -0.046412197008928735, 6.775802586169021, 1.0], [0.008955420101254385, -0.04553547439275599, 6.907405470131977, 1.0], [0.024804729270521464, -0.04110881626076213, 7.571881286931671, 1.0], [0.024804729270521908, -0.041108816260762154, 7.571881286931728, 1.0], [0.029664568196075325, -0.037981147556967465, 6.245780397433862, 1.0], [0.0300862148812982, -0.03770978647656267, 6.130725957792208, 1.0], [0.0330827979056596, -0.03453634304727474, 6.59538919575192, 1.0], [0.03974139879340921, -0.027484746924726074, 7.627900901127475, 1.0], [0.040238958241572476, -0.026325193447771084, 7.565462503313086, 1.0], [0.04583149983132162, -0.013291874375355974, 6.863658250849596, 1.0], [0.04583149983132079, -0.013291874375356017, 6.863658250849596, 1.0], [0.046622577730173906, -0.003954242005430143, 7.509486089327879, 1.0], [0.04688545346592508, -0.0008513402773160962, 7.724095129038233, 1.0], [0.04601322140041334, 0.004564027843725019, 7.69213167550771, 1.0], [0.045298642946325116, 0.00900058267042397, 7.6659455306567565, 1.0], [0.04400270069528765, 0.012307396780604878, 7.705011945569765, 1.0], [0.04139610003456237, 0.018958575749106636, 7.783588396675498, 1.0], [0.03953653085492084, 0.021267345172380363, 7.818083768938948, 1.0], [0.02883091358559134, 0.0345590269658281, 8.016675064739047, 1.0], [0.026162900309260134, 0.03602628814926845, 7.981210029804231, 1.0], [0.011295943549009008, 0.04420230015179878, 7.783588396675498, 1.0], [0.01129594354900898, 0.04420230015179874, 7.783588396675498, 1.0], [-0.002445661996219012, 0.046402790103330566, 6.410106735799275, 1.0], [-0.002898885101753096, 0.046475366258004774, 6.3648068163911375, 1.0], [-0.005277693397804567, 0.04636452760829246, 5.932849826574966, 1.0], [-0.008135691459256689, 0.04623136149880136, 5.413878944568751, 1.0], [-0.008135691459256716, 0.04623136149880086, 5.413878944568694, 1.0], [-0.01060546572042731, 0.04575418194125158, 5.222686135432355, 1.0], [-0.015996950937666593, 0.04471250514878333, 4.805314709910817, 1.0], [-0.015996950937667037, 0.044712505148783555, 4.805314709910817, 1.0], [-0.015996950937666954, 0.04471250514878333, 4.805314709910817, 1.0], [-0.018775757227254664, 0.043783969648523935, 5.050435421031352, 1.0], [-0.019575946371804362, 0.043516587200737034, 5.121020741381983, 1.0], [-0.01957594637180393, 0.04351658720073681, 5.121020741381926, 1.0], [-0.024453625995327785, 0.041088982426088494, 5.940121352693382, 1.0], [-0.02705654952364954, 0.03979351612384907, 6.377225963451906, 1.0], [-0.027056549523649474, 0.03979351612384874, 6.377225963451849, 1.0], [-0.03494710274908528, 0.03339653643912888, 10.14629874968574, 1.0], [-0.038740404996318215, 0.021882421801328822, 11.59699142024175, 1.0], [-0.042651318066609115, -0.009579562131756147, 28.34402834532034, 0.0]]]}