{"text": "の", "text_ids": [25], "strokes": [[[0.0, 0.0, 0.0, 1.0], [0.01428266943856601, -0.030682365401051865, 151.8047603788986, 1.0], [0.016324866799096907, 0.06851284241796946, 35.25675071036301, 1.0], [0.007673979823361914, 0.0700704360015756, 18.952702193169387, 1.0], [0.004620089615212292, 0.07012092152935517, 12.881642873593364, 1.0], [0.00226115269699826, 0.07015991840455282, 10.45003191316519, 1.0], [0.0013410582786625921, 0.070133687000135, 12.217624433698262, 1.0], [-0.002936108477515312, 0.0697596446051027, 12.46933016916978, 1.0], [-0.005605776708677686, 0.06954803950067079, 12.180242007990671, 1.0], [-0.003984379538278834, 0.06975126244024737, 11.199824560537479, 1.0], [-0.01747768827650023, 0.06655734287665116, 13.225728356426032, 1.0], [-0.015890034534973473, 0.06722847267257348, 12.436761267582085, 1.0], [-0.012673139258647869, 0.06812044035020004, 11.715861161112286, 1.0], [-0.02456631659150097, 0.06439814131556076, 15.241631136990236, 1.0], [-0.02516551974134125, 0.06412714095444916, 19.749570132924134, 1.0], [-0.029746194789465205, 0.061859113053806314, 17.39632294009857, 1.0], [-0.0359998255484289, 0.05831897234030492, 26.418281890380854, 1.0], [-0.05956067640378315, 0.024229175922336976, 40.09897937324433, 1.0], [-0.04935192500411387, -0.04668905091050102, 32.13923245993209, 1.0], [-0.04601699085130237, -0.05519511619706796, 20.95540279651641, 1.0], [-0.03990415376177475, -0.05994128158591461, 18.120173000116324, 1.0], [-0.038594893600917335, -0.06066397364067044, 14.887794052293998, 1.0], [-0.03006047639346432, -0.06426963877411263, 13.552176616728843, 1.0], [-0.014635604644868572, -0.06933776070721043, 12.779919881449246, 1.0], [-0.015388161827098179, -0.0692158494475722, 15.04648828150539, 1.0], [-0.008608494196712724, -0.06996690935187999, 15.127865793398769, 1.0], [-0.0032419733758086156, -0.07012964730823135, 12.24838937510117, 1.0], [0.0029086408840623967, -0.06939361789313314, 11.224060776833767, 1.0], [0.016805717143698218, -0.0671700941012266, 10.956020977378785, 1.0], [0.02693611103776067, -0.06312479835787049, 11.533001927540113, 1.0], [0.03175915477585045, -0.06081920823770459, 12.339953213124431, 1.0], [0.036433355256706434, -0.0580910086039506, 13.484002618025556, 1.0], [0.040504388511021394, -0.0552737230123667, 12.063516344445816, 1.0], [0.04338093551500821, -0.05298253446377439, 12.047891083690615, 1.0], [0.044269080246751524, -0.05227512136186982, 11.793360759421375, 1.0], [0.044269080246751746, -0.05227512136187021, 11.334651035630031, 1.0], [0.05644752466501213, -0.03895127000383565, 16.570953841642677, 1.0], [0.06308642049550343, -0.027925856018704204, 21.06160368670146, 1.0], [0.061557142126492506, -0.030447238628072082, 18.8408838600061, 1.0], [0.06692736898104357, -0.018774652087562044, 16.5920512162038, 1.0], [0.0683187700717412, -0.014363387501762748, 19.99008662982544, 1.0], [0.06947887096045416, -0.007999445546018114, 22.12112304716311, 1.0], [0.07053006736155051, 0.0067383358777036995, 23.000824760230216, 1.0], [0.07042011633347522, 0.009959108383641557, 25.943010642013746, 1.0], [0.06687478153628507, 0.02535582092789715, 29.716319883567394, 1.0], [0.0652818519914492, 0.029932945774158837, 29.872059524953443, 1.0], [0.060828318695697825, 0.038956061918480875, 26.350983810871867, 1.0], [0.049592387480518973, 0.052269177750040904, 20.841991754865035, 1.0], [0.038831426233397526, 0.060370078888608104, 24.772955185860155, 1.0], [0.04001169468005161, 0.05965496184658193, 23.280939988339014, 1.0], [0.023325642774536526, 0.06733842668892795, 22.322626148872473, 1.0], [0.01781067974292616, 0.06806793294184106, 17.342429287119785, 1.0], [0.011731734503434343, 0.0695925787584899, 16.969828314872757, 1.0], [0.004331475244631178, 0.06898749763742629, 16.27571969624637, 1.0], [-0.011220295290521487, 0.06856354928005737, 13.150073460112708, 1.0], [-0.013333699189967962, 0.06810636142892584, 10.0174276213736, 1.0], [-0.02334225616781982, 0.06461037954988103, 10.648640478819289, 1.0], [-0.0279025799269913, 0.0628552592342757, 10.22161428004324, 1.0], [-0.03259914463953639, 0.06044202136130872, 7.1133054536962845, 1.0], [-0.032599144639536615, 0.060442021361308496, 7.113305453696512, 1.0], [-0.039012442370679024, 0.05632077738028507, 7.933679115345285, 1.0], [-0.03953855390624217, 0.05598269327906613, 8.000978040946393, 1.0], [-0.03399087974982262, 0.05954767960658336, 11.674826583374852, 1.0], [-0.03259914463953634, 0.060442021361308274, 6.929811740876403, 0.0]]]}