{"text": "の", "text_ids": [25], "strokes": [[[0.0, 0.0, 0.0, 1.0], [-0.0053156934906047676, -0.03494256291359432, 92.54691089172084, 1.0], [0.019176661345843497, 0.07059819873909073, 32.8363417399744, 1.0], [0.009999565178202831, 0.07268735667338821, 15.303345964108573, 1.0], [0.005089940200702213, 0.07329351311258042, 11.257063255249363, 1.0], [0.002741950478160674, 0.07352706490602101, 9.694320589822752, 1.0], [-0.002010788042599739, 0.0736199996986574, 8.821713044544538, 1.0], [-0.002787681693172863, 0.07363519103518912, 8.687747723310082, 1.0], [-0.002787681693172856, 0.07363519103518917, 9.22151675547127, 1.0], [-0.0033769687649169954, 0.07361045525029247, 9.273591914657828, 1.0], [-0.0062043432127372854, 0.07349177400049678, 9.523446326047662, 1.0], [-0.006579406330467056, 0.07346464892802396, 10.450682338489514, 1.0], [-0.007857452746913518, 0.07329222352427145, 12.11342282876538, 1.0], [-0.0225081150137487, 0.0705118620984122, 16.306532099483803, 1.0], [-0.03922486096345278, 0.06296337983650935, 16.426902889454283, 1.0], [-0.06455799410907806, 0.0326247741822977, 22.37796378196009, 1.0], [-0.07199857805394774, -0.0030318218989829893, 21.571851371278342, 1.0], [-0.05896625225147925, -0.03846513245284089, 16.941975691919595, 1.0], [-0.04494933621561542, -0.05671023167968825, 15.11475061608769, 1.0], [-0.03473922078982927, -0.06380424473533186, 14.054071887490409, 1.0], [-0.025545763454090764, -0.06813871503332314, 12.617405992504246, 1.0], [-0.012259383688286607, -0.07235083633968664, 10.451805062468793, 1.0], [-0.00020735092393953103, -0.07314412911200929, 9.579331094380734, 1.0], [0.0056203177109778735, -0.07352771978903172, 9.15745295332141, 1.0], [0.014384484748675819, -0.07236221433731227, 8.854359816501415, 1.0], [0.016339032630676764, -0.07210228818548015, 8.786765252628754, 1.0], [0.027010350522604476, -0.06885693565758289, 9.050075647852225, 1.0], [0.03006845296679922, -0.06754839676740887, 9.093815187876487, 1.0], [0.04191787610419384, -0.06121502599135192, 9.15745295332141, 1.0], [0.044490067542873685, -0.05910739255479655, 9.286715041973082, 1.0], [0.051610903640076866, -0.05327263545662377, 9.644563269375226, 1.0], [0.052427996223649256, -0.05244678390039914, 8.658412991651232, 1.0], [0.05323626624730645, -0.05162984947912623, 7.682910674862967, 1.0], [0.056538420879588575, -0.047510968588327526, 7.7727101167239425, 1.0], [0.061095358740739666, -0.04182695727845083, 7.896632380244284, 1.0], [0.06176692414431886, -0.04065687480879859, 7.793427049831621, 1.0], [0.06586780364869607, -0.03351182654893603, 7.163209021958323, 1.0], [0.06586780364869646, -0.033511826548936, 7.1632090219582665, 1.0], [0.07079014079586465, -0.019706466153071533, 8.002629175402603, 1.0], [0.07129436922248122, -0.018292289321385213, 8.088616683081796, 1.0], [0.07261141733264787, -0.010869606525535591, 9.61152085046183, 1.0], [0.07272359688351981, -0.007186696163827888, 9.925222929846086, 1.0], [0.07277552934936438, 0.006868456810972201, 10.815296152629458, 1.0], [0.06976726448862325, 0.01878030523502383, 10.727548954998156, 1.0], [0.06707997050587267, 0.027867305426812594, 10.89080320799144, 1.0], [0.06094112018588205, 0.039635864954487704, 12.661696985163303, 1.0], [0.046142157066313416, 0.055062938509989445, 11.289254030793927, 1.0], [0.03694284591058872, 0.06200606381411786, 10.674182475566226, 1.0], [0.018554364439739013, 0.07086273758717737, 9.896439547252044, 1.0], [0.008081089542120945, 0.07247970978826145, 9.131360990467897, 1.0], [0.000727199408446233, 0.07361507919584705, 8.59415522577433, 1.0], [-0.010070680164212864, 0.0726076627609078, 8.298351001478977, 1.0], [-0.01699163883848398, 0.07196195380786038, 8.108753701542014, 1.0], [-0.02091306701019713, 0.07086949000065398, 7.82687119208731, 1.0], [-0.02463721833711774, 0.06983198520416967, 7.559169458011638, 1.0], [-0.029369196392493913, 0.0677270531556945, 7.647603941546208, 1.0], [-0.03657861502663684, 0.06452007794230713, 7.782338550632289, 1.0], [-0.03752865221331425, 0.0639414440811481, 7.756403542222984, 1.0], [-0.041063447974209466, 0.06178852570256288, 7.659907363895286, 1.0], [-0.0410634479742088, 0.06178852570256266, 7.659907363895286, 1.0], [-0.043745725742439734, 0.05992571269841074, 7.577746836571123, 1.0], [-0.043766034705162715, 0.05991160834266174, 7.577124755179511, 1.0], [-0.05179703178846096, 0.052938881334006926, 11.185491128907529, 1.0], [-0.054977967827989804, 0.04959997740313338, 6.717198715329914, 0.0]]]}