{"text": "の", "text_ids": [25], "strokes": [[[0.0, 0.0, 0.0, 1.0], [0.017271116887523072, -0.06605922606702219, 65.94701466430352, 1.0], [0.005814493636781486, 0.061348830768688106, 70.47299228404457, 1.0], [-0.00874266874019999, 0.07425507349205446, 13.011994633562068, 1.0], [-0.011259708528050642, 0.0739485226441105, 10.621594246357603, 1.0], [-0.012021801839741018, 0.07381654765600096, 7.1628381756108865, 1.0], [-0.012021801839741414, 0.07381654765600104, 7.162838175610915, 1.0], [-0.015759893827323526, 0.07301970810593694, 6.559669587029532, 1.0], [-0.016853056772793543, 0.07278668134455457, 6.383279719391425, 1.0], [-0.017992941988377004, 0.07246916017517735, 6.606457664616357, 1.0], [-0.02111937224442581, 0.07159827617974923, 7.218580947640959, 1.0], [-0.021119372244425852, 0.07159827617974923, 7.218580947640959, 1.0], [-0.018247189560813698, 0.07242184589879974, 7.812424425170349, 1.0], [-0.017970563857191285, 0.07250116555848352, 7.869618687481875, 1.0], [-0.027617082755222205, 0.06915384161385507, 12.163533824681053, 1.0], [-0.03172339223113119, 0.06736131637838272, 15.475932403135886, 1.0], [-0.04406549292663242, 0.05908039619915939, 21.59839245238163, 1.0], [-0.06902231877031656, -0.012842424316707235, 33.24670902417091, 1.0], [-0.04866303257832055, -0.057407547215448274, 18.300875540897948, 1.0], [-0.036109374810481876, -0.06635487242767935, 11.72052283921414, 1.0], [-0.027389829888899653, -0.06975225560411258, 11.021627382679583, 1.0], [-0.019851243931545526, -0.07266456688879497, 10.456633783398786, 1.0], [-0.007722722230459167, -0.07462359239110306, 8.75645592860019, 1.0], [-0.005935737060998425, -0.074814930603742, 8.525433300505654, 1.0], [0.006214162834452142, -0.07462732337052258, 7.252657837034178, 1.0], [0.006214162834451864, -0.07462732337052258, 7.252657837034121, 1.0], [0.01812685268616887, -0.07202307663486829, 6.177450304865317, 1.0], [0.02324868644816991, -0.07090338670578566, 5.715167284995914, 1.0], [0.023248686448169964, -0.07090338670578572, 5.715167284995914, 1.0], [0.03164693267572155, -0.06722358514297072, 5.435728015705138, 1.0], [0.034835907898186136, -0.06582629388840994, 5.329619563796598, 1.0], [0.034835907898186136, -0.06582629388841023, 5.329619563796598, 1.0], [0.050754577339008705, -0.052924934088529066, 6.6307493615614135, 1.0], [0.05686273208878065, -0.04797455161886957, 7.130006047795803, 1.0], [0.05946114978578049, -0.04432101691491347, 7.18320869054503, 1.0], [0.0645411576413257, -0.03717821419384529, 7.287221930377029, 1.0], [0.06458319368761821, -0.03708052421752392, 7.285335737391563, 1.0], [0.07210919292285954, -0.01959042341265982, 6.947637780080072, 1.0], [0.07210919292285957, -0.01959042341265982, 6.947637780080015, 1.0], [0.07402436161830506, -0.009034508388616191, 7.407721790599112, 1.0], [0.07483497168179956, -0.004566635157277843, 7.602455930660199, 1.0], [0.07453996336649027, 0.0034465697530642325, 8.040969104369196, 1.0], [0.074202576883377, 0.012610877614461669, 8.54247502741896, 1.0], [0.07104734413377545, 0.02271024857580589, 8.729660120320204, 1.0], [0.0675800350999527, 0.033808523393919626, 8.935359228791867, 1.0], [0.05614169600972807, 0.04902397699178854, 9.59952334188506, 1.0], [0.05090119987978625, 0.05599496509294351, 9.903811354056756, 1.0], [0.024630353001539818, 0.07105679574599542, 10.29334594848683, 1.0], [0.014985444114051116, 0.0725886065490295, 9.391000716951567, 1.0], [-0.003765804351617885, 0.0748325491317972, 7.444735536556777, 1.0], [-0.005900218705515714, 0.07450737249488207, 7.485330306547553, 1.0], [-0.01628109129106614, 0.07292585331635268, 7.682765792371924, 1.0], [-0.01628109129106592, 0.07292585331635348, 7.682765792372152, 1.0], [-0.026574825091121412, 0.06964032958756577, 7.979850820761612, 1.0], [-0.0270283622096662, 0.06949557094179049, 7.992940248791911, 1.0], [-0.03040658618043146, 0.06801943251459003, 7.157675695982448, 1.0], [-0.03109399096222476, 0.0677190662208722, 6.98771513308543, 1.0], [-0.0382567646960017, 0.06340832145043773, 7.288689527130487, 1.0], [-0.04432921629252229, 0.05975376108927699, 7.543849400604358, 1.0], [-0.04519337401384582, 0.05907294727259749, 7.844708585484227, 1.0], [-0.047332906046137324, 0.05738734876103979, 8.589593283469526, 1.0], [-0.04849635321762635, 0.05635692283390781, 8.785211169455806, 1.0], [-0.0511034810046625, 0.05404787766800345, 9.223564400005671, 1.0], [-0.05448365688150131, 0.050371941046350566, 20.930416085658862, 0.0]]]}