{"text": "は", "text_ids": [26], "strokes": [[[0.0, 0.0, 0.0, 1.0], [-0.005027185349537361, -0.024509944883648035, 16.141661080266772, 1.0], [-0.005322843641020014, -0.010022167838005615, 16.068626238654772, 1.0], [0.003950406555511459, 0.024779466211953115, 31.37408469192718, 1.0], [0.005905265311081043, 0.024544550304554505, 8.075867847195312, 1.0], [0.004279178340180115, 0.024739957617328348, 6.981587235574025, 1.0], [0.0023903603562200836, 0.024966937387272653, 5.710500918718225, 1.0], [0.002390360356220085, 0.024966937387272667, 5.7105009187182105, 1.0], [0.0015191104305540878, 0.024986240353205874, 4.044340341541073, 1.0], [0.0010718237588304268, 0.024996150207005727, 3.188958438864418, 1.0], [0.0010718237588304372, 0.02499615020700585, 3.1889584388644465, 1.0], [0.0010718237588304372, 0.024996150207005824, 3.1889584388644323, 1.0], [0.0010718237588304372, 0.02499615020700585, 3.1889584388644323, 1.0], [0.0008948253314549452, 0.024993554769414367, 2.8762653502691506, 1.0], [0.0005352635839611965, 0.02498828229276162, 2.2410479925130176, 1.0], [0.0005352635839608079, 0.024988282292761788, 2.2410479925130318, 1.0], [0.0005352635839612069, 0.024988282292761788, 2.2410479925130176, 1.0], [0.0005352635839608114, 0.024988282292761788, 2.2410479925130176, 1.0], [0.0005352635839612034, 0.024988282292761732, 2.2410479925130176, 1.0], [0.0005352635839608079, 0.024988282292761732, 2.2410479925130318, 1.0], [0.0005352635839612069, 0.024988282292761732, 2.2410479925130176, 1.0], [0.0019157143567685511, 0.024972398705598753, 2.3793946105324437, 1.0], [0.0023903603562200823, 0.024966937387272625, 2.4269628904552434, 1.0], [0.0023903603562200858, 0.02496693738727268, 2.426962890455229, 1.0], [0.002390360356220096, 0.024966937387272792, 2.4269628904552576, 1.0], [0.0023903603562200892, 0.024966937387272736, 2.426962890455229, 1.0], [0.002390360356220103, 0.024966937387272847, 2.4269628904552576, 1.0], [0.0023903603562200823, 0.024966937387272625, 2.426962890455229, 1.0], [0.0023903603562200823, 0.024966937387272625, 2.551730854119569, 1.0], [0.0023903603562200823, 0.024966937387272736, 2.5956822357809983, 1.0], [0.0023903603562200823, 0.024966937387272625, 2.5956822357809983, 1.0], [0.0023903603562200823, 0.024966937387272625, 2.5956822357810267, 1.0], [0.0023903603562200823, 0.024966937387272625, 2.5956822357809983, 1.0], [0.0023903603562200823, 0.024966937387272625, 2.5956822357809983, 1.0], [0.0032335398203231225, 0.02490118033737898, 3.152238520163962, 1.0], [0.0038556958902103977, 0.024852660242343894, 3.5629042032178972, 1.0], [0.003855695890210814, 0.024852660242344116, 3.5629042032179257, 1.0], [0.0038556958902104185, 0.024852660242344116, 3.5629042032179257, 1.0], [0.003855695890210814, 0.024852660242343894, 3.5629042032178972, 1.0], [0.005714569617692872, 0.024562890359859035, 4.407182832715222, 1.0], [0.006167644865719274, 0.024492262882889304, 4.612964292642886, 1.0], [0.00616764486571926, 0.024492262882889193, 4.612964292642857, 1.0], [0.006644280645933365, 0.024350942632969663, 4.779996362917501, 1.0], [0.010180981399057737, 0.023302327621109065, 6.019396494544537, 1.0], [0.01018098139905732, 0.02330232762110862, 6.019396494544509, 1.0], [0.015374073595410112, 0.019021570998489112, 8.836703454662768, 1.0], [0.02163523724904401, 0.013576079860287082, 12.556251869976307, 1.0], [0.023020498249550908, 0.0023570655365972026, 17.02259917997975, 1.0], [0.01600440641650272, -0.01851157433323114, 6.729889872662767, 1.0], [0.016004406416502664, -0.018511574333231584, 6.7298898726627385, 1.0], [0.01235242510967724, -0.021062043637050887, 5.076486583199312, 1.0], [0.011418122157087374, -0.021714541774594753, 4.653488915527419, 1.0], [0.011418122157087318, -0.021714541774595197, 4.653488915527532, 1.0], [0.0115575037030001, -0.021633602301076138, 4.698872721299779, 1.0], [0.012392067342896773, -0.02114896754409601, 4.970613674448714, 1.0], [0.012392067342896385, -0.021148967544095787, 4.970613674448771, 1.0], [0.012392067342896329, -0.021148967544095898, 4.970613674448714, 1.0], [0.012392067342896385, -0.021148967544095898, 4.759213645112709, 1.0], [0.012392067342896773, -0.021148967544095898, 4.678224634758806, 1.0], [0.012392067342896385, -0.021148967544095787, 4.678224634758749, 1.0], [0.012808187785562308, -0.020877653608664115, 6.131420506242478, 1.0], [0.013765816626870986, -0.020253271763941316, 9.475698114160991, 1.0], [0.010360863192715453, -0.021972261335705845, 4.654031640876497, 1.0], [0.007074289742212858, -0.023631486813381453, 0.0, 0.0]], [[0.0, 0.0, 0.0, 1.0], [-0.005704099940880281, -0.0015706624138065728, 1.9711139680616407, 1.0], [-0.005704099940880392, -0.0015706624138066005, 1.9711139680616407, 1.0], [-0.005704099940880281, -0.0015706624138065728, 1.971113968061641, 1.0], [-0.005704099940880281, -0.0015706624138065728, 1.9711139680616405, 1.0], [-0.005704099940880392, -0.0015706624138066005, 1.9711139680616396, 1.0], [-0.005704099940880336, -0.0015706624138065728, 1.9711139680616423, 1.0], [-0.005704099940880336, -0.0015706624138066005, 1.9711139680616387, 1.0], [-0.0036961201702751523, -0.003225875218836688, 5.741025430438363, 1.0], [0.0003956629718385174, -0.005373958217744779, 10.150319808509366, 1.0], [0.00453968988726261, -0.003459827903877888, 3.6880668003339956, 1.0], [0.004539689887262055, -0.00345982790387786, 3.688066800333999, 1.0], [0.004539689887262555, -0.003459827903877888, 3.688066800333999, 1.0], [0.0045396898872621105, -0.00345982790387786, 3.688066800333999, 1.0], [0.004630212297982772, -0.003341790499511832, 1.8293902860827842, 1.0], [0.004646369915856319, -0.0033207216475070744, 1.497629514031786, 1.0], [0.004646369915856319, -0.003320721647507102, 1.4976295140317788, 1.0], [0.004646369915856319, -0.0033207216475071855, 1.497629514031786, 1.0], [0.004646369915856319, -0.003320721647507102, 1.4976295140317788, 1.0], [0.004646369915856319, -0.0033207216475070744, 1.4976295140317788, 1.0], [0.004646369915856319, -0.003320721647507102, 1.497629514031786, 1.0], [0.004646369915856319, -0.0033207216475070744, 1.4976295140317788, 1.0], [0.004646369915856319, -0.003320721647507213, 1.4976295140317788, 1.0], [0.004646369915856319, -0.0033207216475070744, 1.497629514031786, 1.0], [0.004646369915856319, -0.003320721647507102, 1.497629514031786, 1.0], [0.0048038184232256365, -0.0030879044455325577, 1.5384040769054366, 1.0], [0.004962996162886535, -0.002852530248700358, 1.579626460415625, 1.0], [0.004962996162886424, -0.002852530248700455, 1.579626460415625, 1.0], [0.004962996162886646, -0.0028525302487004828, 1.5796264604156391, 1.0], [0.004962996162886424, -0.0028525302487003856, 1.579626460415625, 1.0], [0.004962996162886202, -0.002852530248700455, 1.5796264604156391, 1.0], [0.004962996162886424, -0.002852530248700469, 1.579626460415625, 1.0], [0.004962996162886646, -0.0028525302487003856, 1.5796264604156391, 1.0], [0.004962996162886313, -0.002852530248700469, 1.579626460415625, 1.0], [0.004962996162886646, -0.0028525302487003718, 1.5796264604156391, 1.0], [0.004962996162886424, -0.002852530248700469, 1.579626460415625, 1.0], [0.0052490494468869775, -0.0023038929088875643, 1.448795424080842, 1.0], [0.005352061878311831, -0.002106319696113676, 1.4016810439549374, 1.0], [0.005352061878311831, -0.002106319696113676, 1.4016810439549516, 1.0], [0.005352061878311831, -0.002106319696113676, 1.4016810439549374, 1.0], [0.005352061878311831, -0.002106319696113676, 1.4016810439549374, 1.0], [0.005352061878311942, -0.00210631969611369, 1.4016810439549516, 1.0], [0.005352061878311831, -0.002106319696113676, 1.4016810439549516, 1.0], [0.005352061878311831, -0.002106319696113676, 1.4016810439549374, 1.0], [0.005352061878311942, -0.002106319696113676, 1.4016810439549374, 1.0], [0.005352061878311831, -0.002106319696113676, 1.4016810439549516, 1.0], [0.00535206187831172, -0.00210631969611369, 1.4016810439549516, 1.0], [0.005322776411482932, -0.0021701973144941378, 1.4823965114539845, 1.0], [0.005260649405048001, -0.002305709076397683, 