{"text": "は", "text_ids": [26], "strokes": [[[0.0, 0.0, 0.0, 1.0], [-0.0051088219648798795, 0.002534716611467419, 13.875618081214215, 1.0], [-0.006024555508132366, 0.01935948059737383, 2.1239408912589024, 1.0], [-0.00524699954712767, 0.01962271860703336, 1.5365642827874098, 1.0], [-0.005246999547128168, 0.019622718607033282, 1.5365642827874098, 1.0], [-0.005246999547127675, 0.019622718607033365, 1.5365642827874098, 1.0], [-0.005246999547128161, 0.019622718607033268, 1.5365642827874098, 1.0], [-0.005246999547127679, 0.019622718607033365, 1.5365642827874133, 1.0], [-0.005246999547127679, 0.019622718607033254, 1.5365642827874062, 1.0], [-0.005246999547128171, 0.019622718607033268, 1.5365642827874098, 1.0], [-0.005246999547127665, 0.01962271860703335, 1.5365642827874133, 1.0], [-0.005246999547128171, 0.019622718607033268, 1.5365642827874098, 1.0], [-0.002236362472015141, 0.02018756371971639, 1.2512251635165974, 1.0], [-0.0018584621185391628, 0.020258464051578495, 1.2154089055808797, 1.0], [-0.0018584621185396277, 0.020258464051578662, 1.2154089055808797, 1.0], [-0.0018584621185391559, 0.020258464051578662, 1.2154089055808726, 1.0], [-0.001858462118539142, 0.020258464051578495, 1.2154089055808797, 1.0], [-0.0018584621185391559, 0.02025846405157855, 1.2154089055808797, 1.0], [-0.001858462118539142, 0.020258464051578717, 1.2154089055808726, 1.0], [-0.0018584621185391559, 0.02025846405157855, 1.2154089055808797, 1.0], [-0.0018584621185391698, 0.020258464051578495, 1.2154089055808797, 1.0], [-0.0018584621185391281, 0.020258464051578773, 1.2154089055808726, 1.0], [-0.0018584621185396277, 0.02025846405157855, 1.2154089055808868, 1.0], [-0.0018584621185391559, 0.020258464051578717, 1.2154089055808726, 1.0], [-0.001858462118539142, 0.02025846405157855, 1.2154089055808797, 1.0], [-0.0018584621185391559, 0.020258464051578495, 1.2154089055808797, 1.0], [8.667609261298059e-05, 0.02035306109566193, 1.4771072875063354, 1.0], [0.0002994108110347532, 0.020363406928888828, 1.505728560417019, 1.0], [0.00029941081103483647, 0.02036340692888916, 1.505728560417026, 1.0], [0.0002994108110352667, 0.02036340692888905, 1.505728560417026, 1.0], [0.00029941081103479483, 0.02036340692888894, 1.505728560417019, 1.0], [0.00029941081103479483, 0.02036340692888916, 1.505728560417019, 1.0], [0.00029941081103478095, 0.02036340692888916, 1.505728560417019, 1.0], [0.00029941081103479483, 0.020363406928888717, 1.505728560417019, 1.0], [0.0002994108110348087, 0.02036340692888916, 1.505728560417019, 1.0], [0.0002994108110352528, 0.02036340692888894, 1.505728560417019, 1.0], [0.0002994108110348087, 0.02036340692888916, 1.505728560417026, 1.0], [0.0028875739305832676, 0.02008033833852796, 1.6415868333553618, 1.0], [0.004533977287550298, 0.019900270446399193, 1.72801010202339, 1.0], [0.004533977287550242, 0.019900270446399082, 1.7280101020233758, 1.0], [0.004533977287550742, 0.019900270446399082, 1.72801010202339, 1.0], [0.004533977287550277, 0.019900270446399082, 1.7280101020233758, 1.0], [0.00453397728755027, 0.019900270446399193, 1.72801010202339, 1.0], [0.004533977287550277, 0.019900270446399082, 1.7280101020233758, 1.0], [0.004533977287550742, 0.019900270446399082, 1.72801010202339, 1.0], [0.00453397728755027, 0.019900270446399082, 1.72801010202339, 1.0], [0.007162542688610531, 0.018735017651601682, 2.3502122697237553, 1.0], [0.012001621037838292, 0.016589836265432756, 3.495660291426873, 1.0], [0.012001621037838271, 0.016589836265432423, 3.495660291426873, 1.0], [0.01200162103783829, 0.016589836265432867, 3.495660291426873, 1.0], [0.012001621037838273, 0.016589836265432534, 3.495660291426873, 1.0], [0.013171175273795199, 0.015606192923945716, 4.338338147206201, 1.0], [0.014394222523924975, 0.014577559751642322, 5.2195583613439, 1.0], [0.014394222523924506, 0.01457755975164221, 5.219558361343928, 1.0], [0.015658253467584815, 0.012336395395211142, 5.415918822754449, 1.0], [0.01984637723305549, 0.004910727732112763, 6.066521499181846, 1.0], [0.019846377233055004, 0.004910727732112985, 6.066521499181846, 1.0], [0.01725347462396934, -0.0057917772712705595, 5.277397721091859, 1.0], [0.015484268011352914, -0.013094381911029407, 4.738957518410274, 1.0], [0.015484268011352914, -0.013094381911029407, 4.738957518410189, 1.0], [0.015443525193598429, -0.01312773940361811, 4.7857708910535735, 1.0], [0.009768402834222562, -0.017774149801196404, 11.306469076581266, 1.0], [0.009768402834223033, -0.017774149801196515, 5.612938153162617, 1.0], [0.009768402834222562, -0.017774149801196404, 0.0, 0.0]], [[0.0, 0.0, 0.0, 1.0], [0.004419500355152539, -0.011161036895867338, 8.246169244548573, 1.0], [0.006080397948431404, -0.010082936074369275, 4.866849051207504, 1.0], [0.008341240099109082, -0.008615406836091216, 0.2668607288338727, 1.0], [0.008341240099109193, -0.008615406836091105, 0.26686072883387446, 1.0], [0.008341240099108527, -0.008615406836091188, 0.26686072883387446, 1.0], [0.008341240099109137, -0.008615406836091105, 0.26686072883387446, 1.0], [0.008341240099109082, -0.00861540683609123, 0.2668607288338727, 1.0], [0.008341240099109082, -0.008615406836091077, 0.26686072883387446, 1.0], [0.008341240099109137, -0.008615406836091105, 0.26686072883387446, 1.0], [0.01105466108596459, -0.00451694859679011, 1.3763830620911168, 1.0], [0.011262149535437138, -0.004203549846865662, 1.4612254325516858, 1.0], [0.011262149535437138, -0.004203549846865676, 1.4612254325516858, 1.0], [0.011262149535436583, -0.004203549846865634, 1.4612254325516787, 1.0], [0.011262149535437083, -0.004203549846865787, 1.4612254325516858, 1.0], [0.011262149535437083, -0.004203549846865662, 1.4612254325516822, 1.0], [0.011262149535436639, -0.004203549846865634, 1.4612254325516822, 1.0], [0.011262149535437138, -0.004203549846865676, 1.4612254325516858, 1.0], [0.011262149535437027, -0.004203549846865676, 1.4612254325516822, 1.0], [0.011262149535436583, -0.004203549846865738, 1.4612254325516858, 1.0], [0.011490229321085788, -0.003518426978676485, 1.2400523650974797, 1.0], [0.011605846129745356, -0.0031711286885839976, 1.127936667741828, 1.0], [0.011605846129745356, -0.0031711286885839837, 1.127936667741821, 1.0], [0.0116058461297458, -0.003171128688584164, 1.127936667741821, 1.0], [0.011605846129745467, -0.0031711286885840115, 1.127936667741828, 1.0], [0.011605846129745356, -0.0031711286885840045, 1.127936667741821, 1.0], [0.0116058461297458, -0.0031711286885840254, 1.127936667741828, 1.0], [0.011605846129745578, -0.0031711286885840115, 1.127936667741828, 1.0], [0.011605846129745356, -0.0031711286885840045, 1.127936667741821, 1.0], [0.0116058461297458, -0.0031711286885841607, 1.127936667741821, 1.0], [0.011605846129745467, -0.0031711286885839907, 1.127936667741821, 1.0], [0.011605846129745356, -0.003171128688584008, 1.1279366677418352, 1.0], [0.0116058461297458, -0.0031711286885840358, 1.127936667741821, 1.0], [0.011605846129745356, -0.003171128688583994, 1.127936667741821, 1.0], [0.011605846129745467, -0.003171128688584008, 1.127936667741828, 1.0], [0.011664113489134764, -0.0029527761801109876, 1.2022801273349657, 1.0], [0.011704297376509576, -0.0028021901109857167, 1.2535508428562707, 1.0], [0.011704297376510242, -0.00280219011098578, 1.2535508428562636, 1.0], [0.011704297376509687, -0.0028021901109857236, 1.2535508428562778, 1.0], [0.011704297376510353, -0.002802190110985772, 1.2535508428562636, 1.0], [0.011704297376509576, -0.002802190110985717, 1.2535508428562636, 1.0], [0.011704297376510242, -0.0028021901109858928, 1.2535508428562778, 1.0], [0.011704297376509687, -0.0028021901109857314, 1.2535508428562636, 1.0], [0.011704297376510353, -0.002802190110985772, 1.2535508428562707, 1.0], [0.011704297376509576, -0.0028021901109857167, 1.2535508428562636, 1.0], [0.011704297376510242, -0.0028021901109857583, 1.2535508428562778, 1.0], [0.011704297376509798, -0.0028021901109857306, 1.2535508428562565, 1.0], [0.011704297376510131, -0.002802190110985772, 1.253550842856285, 1.0], [0.011713819353560084, -0.0027456752308686015, 1.2718071603330117, 1.0], 