{"text": "は", "text_ids": [26], "strokes": [[[0.0, 0.0, 0.0, 1.0], [-0.0089814259052985, -0.014974759330057449, 19.57136126901532, 1.0], [-0.004963572950965294, 0.012512996147480901, 31.345243949161002, 1.0], [-0.0015223326245513875, 0.017651815601518496, 16.220478448822213, 1.0], [-0.0026607188398847462, 0.017457919601428836, 5.749231574151921, 1.0], [-0.002660718839884755, 0.017457919601428736, 5.749231574151921, 1.0], [-0.0007498120102305654, 0.017783395424856123, 4.35926063152246, 1.0], [-0.00015517696193420583, 0.01788467683166245, 3.9267301565800494, 1.0], [-0.00015517696193420583, 0.017884676831662352, 3.926730156580035, 1.0], [-0.00015517696193420583, 0.017884676831662352, 3.926730156580035, 1.0], [-0.0006062068235731591, 0.017826853787510366, 3.324220129383292, 1.0], [-0.0011959264137213904, 0.017751250407781638, 2.536440879008879, 1.0], [-0.0011959264137211822, 0.017751250407781666, 2.5364408790088646, 1.0], [-0.0011959264137211857, 0.017751250407781582, 2.5364408790088646, 1.0], [-0.0011959264137211892, 0.017751250407781666, 2.536440879008879, 1.0], [-0.0011959264137211892, 0.017751250407781666, 2.5364408790088646, 1.0], [-0.0011959264137211857, 0.017751250407781666, 2.536440879008879, 1.0], [-0.00043507048591490474, 0.017848793851461903, 1.9743172486221425, 1.0], [-0.00015517696193420583, 0.01788467683166234, 1.767530709841509, 1.0], [-0.00015517696193420583, 0.017884676831662394, 1.767530709841509, 1.0], [-0.00015517696193420583, 0.017884676831662394, 1.767530709841509, 1.0], [-0.00015517696193420583, 0.01788467683166245, 1.767530709841509, 1.0], [-0.00015517696193420583, 0.017884676831662283, 1.767530709841509, 1.0], [-0.00015517696193420583, 0.01788467683166245, 1.767530709841509, 1.0], [-0.00015517696193420583, 0.01788467683166245, 1.767530709841509, 1.0], [-0.00015517696193420583, 0.017884676831662283, 1.767530709841509, 1.0], [-0.00015517696193420583, 0.017884676831662227, 1.740531678321645, 1.0], [-0.00015517696193420583, 0.01788467683166267, 1.7277612688952217, 1.0], [-0.00015517696193420583, 0.017884676831662227, 1.7277612688952217, 1.0], [-0.00015517696193420583, 0.017884676831662283, 1.7277612688951933, 1.0], [-0.00015517696193420583, 0.01788467683166245, 1.7277612688952217, 1.0], [-0.00015517696193420583, 0.01788467683166245, 1.7277612688952217, 1.0], [-0.00015517696193420583, 0.017884676831662283, 1.7277612688952217, 1.0], [-0.00015517696193420583, 0.017884676831662394, 1.7277612688952217, 1.0], [-0.00015517696193420583, 0.017884676831662505, 1.7277612688952217, 1.0], [-0.00015517696193420583, 0.017884676831662283, 1.7277612688952217, 1.0], [0.0005529177872293511, 0.017937430587299907, 2.002105854828528, 1.0], [0.0006882281573853399, 0.017947511343033185, 2.0545305727306697, 1.0], [0.0006882281573853399, 0.017947511343033407, 2.054530572730698, 1.0], [0.0006882281573853469, 0.017947511343033185, 2.054530572730698, 1.0], [0.0006882281573853365, 0.017947511343033407, 2.0545305727306697, 1.0], [0.0006882281573853399, 0.017947511343033407, 2.054530572730698, 1.0], [0.0006882281573853434, 0.017947511343033185, 2.054530572730698, 1.0], [0.0006882281573853365, 0.017947511343033185, 2.0545305727306697, 1.0], [0.0008782270814821427, 0.017955274609848026, 2.5172319730599213, 1.0], [0.0010244080735837165, 0.017961247496538713, 2.873224250744613, 1.0], [0.0010244080735835152, 0.0179612474965386, 2.8732242507445847, 1.0], [0.0010244080735837095, 0.017961247496538713, 2.873224250744613, 1.0], [0.0010244080735835187, 0.017961247496538713, 2.873224250744613, 1.0], [0.001024408073583713, 0.0179612474965386, 2.8732242507445847, 1.0], [0.0013006959113241873, 0.017966507125577347, 3.3967646425882947, 1.0], [0.0014504675768756761, 0.01796935829487889, 3.6805683637769846, 1.0], [0.0014504675768756727, 0.017969358294878557, 3.6805683637769278, 1.0], [0.0014504675768758704, 0.017969358294879, 3.6805683637769846, 1.0], [0.0016295790420825552, 0.01796750533503233, 4.185875768853293, 1.0], [0.002044894796323993, 0.01796320877358426, 5.3575602605232575, 1.0], [0.002044894796324189, 0.017963208773584705, 5.357560260523343, 1.0], [0.0023147204490074104, 0.017938984551512438, 5.934896345995924, 1.0], [0.004149099809028989, 0.01777429890157345, 9.859850806236892, 1.0], [0.0026345849142715852, 0.013991454581363638, 23.4044839378613, 1.0], [0.005753263138957726, -0.016414569372881882, 13.659152156828753, 1.0], [0.004623067224980835, -0.01685907733882619, 10.363906501881559, 1.0], [0.004768902435144284, -0.0168017201038273, 7.644782252278958, 1.0], [0.005753263138957729, -0.016414569372881993, 0.8034795386369638, 0.0]], [[0.0, 0.0, 0.0, 1.0], [-0.002469847785823709, -0.005319853185829088, 4.683837058458885, 1.0], [-0.0024698477858238754, -0.005319853185829115, 4.683837058458885, 1.0], [-0.0019043262853808973, -0.00539865572873599, 5.169681957817977, 1.0], [4.9203483584780994e-05, -0.005670870159696612, 6.84797796116132, 1.0], [4.920348358472548e-05, -0.0056708701596965005, 6.84797796116132, 1.0], [0.0035034032146864513, -0.0034551908304706613, 4.419480978849151, 1.0], [0.004704376446853731, -0.002684832492037853, 3.5751291471079796, 1.0], [0.004704376446853453, -0.0026848324920379224, 3.5751291471079796, 1.0], [0.00470437644685362, -0.002684832492037867, 3.5751291471079796, 1.0], [0.004894768945590822, -0.002242345072391211, 3.1234647472487396, 1.0], [0.005418391911596321, -0.0010254033513022315, 1.8812842293066225, 1.0], [0.005418391911596543, -0.0010254033513020927, 1.8812842293066225, 1.0], [0.005418391911596321, -0.0010254033513021482, 1.8812842293066296, 1.0], [0.005418391911596487, -0.0010254033513021066, 1.8812842293066225, 1.0], [0.005418391911596543, -0.0010254033513021066, 1.8812842293066296, 1.0], [0.005418391911596321, -0.0010254033513021343, 1.8812842293066225, 1.0], [0.005418391911596432, -0.0010254033513021066, 1.8812842293066225, 1.0], [0.005418391911596543, -0.0010254033513021066, 1.8812842293066296, 1.0], [0.005465082045377212, -0.0006617572707496439, 1.7984995684023701, 1.0], [0.005621154510348725, 0.0005538130344395764, 1.5217728802789097, 1.0], [0.005621154510348725, 0.0005538130344395903, 1.5217728802789168, 1.0], [0.005621154510348836, 0.0005538130344395764, 1.5217728802789168, 1.0], [0.005621154510348725, 0.0005538130344395903, 1.5217728802789026, 1.0], [0.005621154510348725, 0.0005538130344395903, 1.5217728802789168, 1.0], [0.005621154510348725, 0.0005538130344395625, 1.5217728802789168, 1.0], [0.005621154510348725, 0.0005538130344395903, 1.5217728802789168, 1.0], [0.005621154510349058, 0.0005538130344396042, 1.5217728802789168, 1.0], [0.005621154510348614, 0.0005538130344395764, 1.5217728802789026, 1.0], [0.005621154510348725, 0.0005538130344395903, 1.5217728802789168, 1.0], [0.005618950230937836, 0.0005119979260007346, 1.5263270858957299, 1.0], [0.005583850203235818, -0.0001538484532377371, 1.5988463602315903, 1.0], [0.005583850203235374, -0.00015384845323784813, 1.5988463602315903, 1.0], [0.005583850203235818, -0.00015384845323772323, 1.5988463602315903, 1.0], [0.005583850203235485, -0.00015384845323775098, 1.5988463602315903, 1.0], [0.005583850203235929, -0.00015384845323770935, 1.5988463602315903, 1.0], [0.005583850203235485, -0.00015384845323775098, 1.5988463602316045, 1.0], [0.005583850203235485, -0.00015384845323784813, 1.5988463602315903, 1.0], [0.005583850203235818, -0.00015384845323772323, 1.5988463602315903, 1.0], [0.005583850203235485, -0.00015384845323775098, 1.5988463602315903, 1.0], [0.005577698206025827, -0.00018934364842490559, 1.6020642021058507, 1.0], [0.005465254488018156, -0.0008381104768376002, 1.6608786150453057, 1.0], [0.005465254488018378, -0.0008381104768376141, 1.6608786150452772, 1.0], [0.005465254488018156, -0.0008381104768376002, 1.6608786150453057, 1.0], [0.005465254488017823, -0.0008381104768375586, 1.6608786150452914, 1.0], [0.005465254488018156, -0.0008381104768376002, 1.6608786150452914, 1.0], [0.005465254488018267, -0.0008381104768376002, 1.6608786150452914, 1.0], [0.005465254488018156, 