{"text": "は", "text_ids": [26], "strokes": [[[0.0, 0.0, 0.0, 1.0], [0.002299114280505569, -0.01883162474479624, 15.537281921835833, 1.0], [0.0006493328830832357, -0.005318566933519824, 53.105142412418864, 1.0], [-0.0070317386260561115, 0.01741549000375718, 26.37203519242898, 1.0], [-0.008129515322045882, 0.017087004241189557, 10.288612001098926, 1.0], [-0.0075293370124332095, 0.017321895808592155, 8.804112724523634, 1.0], [-0.005360249947291746, 0.018170810626744215, 5.108626826855286, 1.0], [-0.0053602499472917495, 0.01817081062674429, 5.1086268268553, 1.0], [-0.005360249947291756, 0.01817081062674429, 5.108626826855286, 1.0], [-0.0036173043727849574, 0.01860092178545937, 3.8114480933748496, 1.0], [-0.0033997340464258716, 0.01865461217404127, 3.649522440320908, 1.0], [-0.0033997340464258716, 0.018654612174041352, 3.649522440320908, 1.0], [-0.0033997340464258646, 0.018654612174041213, 3.649522440320908, 1.0], [-0.0033515953865766793, 0.018663533124129356, 3.449284622247717, 1.0], [-0.0031912334769209974, 0.01869325103893099, 2.782242394812556, 1.0], [-0.0031912334769208447, 0.01869325103893102, 2.7822423948125277, 1.0], [-0.0031912334769209905, 0.01869325103893099, 2.782242394812556, 1.0], [-0.0031912334769208517, 0.018693251038931047, 2.7822423948125277, 1.0], [-0.003191233476920838, 0.018693251038930936, 2.782242394812556, 1.0], [-0.0027629063482468297, 0.018759687466210484, 2.938385178097917, 1.0], [-0.0022991142805055542, 0.01883162474479616, 3.1074563843671683, 1.0], [-0.002299114280505568, 0.018831624744796216, 3.1074563843671683, 1.0], [-0.002299114280505568, 0.01883162474479627, 3.1074563843671683, 1.0], [-0.002299114280505582, 0.01883162474479627, 3.10745638436714, 1.0], [-0.0022886818261272507, 0.01883267894822177, 3.112557693258168, 1.0], [-0.0011905596880328884, 0.01894364460191511, 3.649522440320908, 1.0], [-0.0011905596880329022, 0.018943644601915277, 3.6495224403209363, 1.0], [-0.0011905596880328745, 0.01894364460191511, 3.649522440320908, 1.0], [-0.0011905596880328884, 0.01894364460191511, 3.649522440320908, 1.0], [-0.0008838173859723047, 0.018958447174746706, 3.443032376468409, 1.0], [-0.00031731463716010155, 0.018985785100237518, 3.0616790776605, 1.0], [-0.00031731463716011543, 0.018985785100237518, 3.0616790776605, 1.0], [-0.0003173146371601293, 0.01898578510023774, 3.0616790776604716, 1.0], [-0.00031731463716010155, 0.01898578510023763, 3.0616790776605, 1.0], [-0.00041811224330053076, 0.01898110616066695, 3.1638705973090566, 1.0], [-0.0011212738114990267, 0.018948465995766828, 3.876756071122884, 1.0], [-0.0011212738114990128, 0.018948465995766828, 3.876756071122827, 1.0], [-0.0011212738114990128, 0.018948465995766828, 3.876756071122884, 1.0], [-0.0011212738114991516, 0.018948465995766717, 3.8767560711228555, 1.0], [-0.0001379138285376308, 0.01898046310950685, 4.047146201731152, 1.0], [0.00020711174967567858, 0.018991689743557916, 4.106929957785496, 1.0], [0.0002071117496755398, 0.018991689743557916, 4.106929957785496, 1.0], [0.0002071117496756647, 0.018991689743558027, 4.106929957785468, 1.0], [-0.0004900748161378726, 0.01897211097153284, 4.143312702864961, 1.0], [-0.0009530830502575971, 0.0189591085226819, 4.167474830160131, 1.0], [-0.0009530830502574444, 0.0189591085226819, 4.167474830160103, 1.0], [-0.0009530830502574583, 0.0189591085226819, 4.167474830160074, 1.0], [0.0011714148408626807, 0.018927080897738202, 6.1276578644499295, 1.0], [0.0018361921516447666, 0.018917059123431224, 6.741019361122767, 1.0], [0.0026659676472111926, 0.018763922461475513, 7.0814199349030105, 1.0], [0.005296576594904082, 0.018278438525986096, 8.160580261968448, 1.0], [0.005673976275407125, 0.018143087542427883, 8.453583395786325, 1.0], [0.007706418258287134, 0.01741417059941175, 10.031517615266353, 1.0], [0.012992349386530294, 0.012289615577298574, 15.43543257541802, 1.0], [0.018131082434115202, -7.272929742452305e-06, 19.65327980846382, 1.0], [0.012548258515702779, -0.013191793512649208, 9.342497778416998, 1.0], [0.011328782856186485, -0.015129419977452985, 7.25520052484751, 1.0], [0.009945794819849349, -0.016032150165548487, 6.325228148835322, 1.0], [0.009120696740093748, -0.01657072383731162, 5.770401641654985, 1.0], [0.009120696740093786, -0.01657072383731173, 5.770401641654985, 1.0], [0.009542392990490166, -0.016324684955242086, 6.137664680365617, 1.0], [0.009740601179620889, -0.016209040291044086, 6.310287846374365, 1.0], [0.009740601179620879, -0.016209040291043864, 6.310287846374365, 1.0], [0.012311286046996474, -0.014329933605969791, 16.086787323124895, 0.0]], [[0.0, 0.0, 0.0, 1.0], [-0.004790107159524715, -0.0032213171888051395, 6.445138380085955, 1.0], [-0.004790107159524715, -0.0032213171888051673, 6.445138380085955, 1.0], [-0.004366698324503038, -0.003778913625743785, 1.0164288576369405, 1.0], [-0.004359365294524353, -0.0037885706547186315, 0.9224088788823259, 1.0], [-0.004359365294524409, -0.0037885706547186593, 0.9224088788823259, 1.0], [0.002132762682209244, -0.0035852198630847987, 18.003177492160713, 1.0], [0.004994371119271146, -0.0025629072953576026, 14.837440753621252, 1.0], [0.0055550477732237424, -0.0014279274083608684, 3.4996436005158813, 1.0], [0.005555047773223798, -0.0014279274083608129, 3.499643600515874, 1.0], [0.0055550477732237424, -0.0014279274083608406, 3.4996436005158813, 1.0], [0.005555047773223798, -0.0014279274083608406, 3.499643600515874, 1.0], [0.005600921882737753, -0.001230763316521416, 2.5958686992545807, 1.0], [0.00563184940675715, -0.0010978387267976952, 1.9865594339014336, 1.0], [0.005631849406756928, -0.001097838726797723, 1.9865594339014336, 1.0], [0.00563184940675715, -0.0010978387267976952, 1.9865594339014336, 1.0], [0.0056318494067570946, -0.001097838726797723, 1.9865594339014336, 1.0], [0.0056318494067570946, -0.0010978387267976952, 1.9865594339014336, 1.0], [0.0056318494067569835, -0.001097838726797723, 1.9865594339014194, 1.0], [0.005631849406756928, -0.0010978387267977507, 1.9865594339014336, 1.0], [0.005630539279550317, -0.0011039014830259986, 1.9678093204226883, 1.0], [0.005598929609390235, -0.0012501786717048768, 1.5154220259653073, 1.0], [0.005598929609390402, -0.001250178671704849, 1.515422025965293, 1.0], [0.005598929609390235, -0.0012501786717049601, 1.515422025965293, 1.0], [0.005598929609390346, -0.001250178671704849, 1.515422025965293, 1.0], [0.005598929609390235, -0.0012501786717048768, 1.515422025965293, 1.0], [0.005598929609390402, -0.0012501786717049046, 1.515422025965293, 1.0], [0.005598929609390235, -0.0012501786717049046, 1.515422025965293, 1.0], [0.005598929609390346, -0.001250178671704849, 1.5154220259653073, 1.0], [0.005598929609390235, -0.0012501786717049601, 1.515422025965293, 1.0], [0.005598929609390402, -0.001250178671704849, 1.515422025965293, 1.0], [0.0056653413567308575, -0.0007863689112439232, 1.5974186321430182, 1.0], [0.005736804119272243, -0.00028728361228033683, 1.6856515763301871, 1.0], [0.005736804119272021, -0.00028728361228044785, 1.685651576330173, 1.0], [0.005736804119272132, -0.0002872836122804201, 1.685651576330173, 1.0], [0.005736804119272243, -0.00028728361228044785, 1.685651576330173, 1.0], [0.0057368041192720765, -0.0002872836122804201, 1.685651576330173, 1.0], [0.0057368041192721875, -0.0002872836122803646, 1.685651576330173, 1.0], [0.0057368041192721875, -0.0002872836122804201, 1.685651576330173, 1.0], [0.005736804119272132, -0.0002872836122804201, 1.685651576330173, 1.0], [0.0057368041192721875, -0.0002872836122804201, 1.685651576330173, 1.0], [0.0057405297111201015, -0.0001293011916429776, 1.7939661391483384, 1.0], [0.005746198855355766, 0.00011109688894259118, 1.9587858253886452, 1.0], [0.005746198855355766, 0.00011109688894256342, 1.958785825388631, 1.0], [0.005746198855355988, 0.00011109688894264669, 1.9587858253886452, 1.0], [0.005746198855355877, 0.00011109688894253567, 1.9587858253886452, 1.0], [0.005746198855355766, 0.00011109688894261893, 1.9587858253886452, 1.0], [0.005746198855355988, 0.00011109688894264669, 1.9587858253886452, 1.0], 