{"text": "は", "text_ids": [26], "strokes": [[[0.0, 0.0, 0.0, 1.0], [-0.0178683422194605, -0.002428603896082437, 16.219097263508512, 1.0], [-0.01030517332564209, 0.011592410389809574, 15.619180466160202, 1.0], [-0.0010439768137517208, 0.01890718225800176, 7.417402259518003, 1.0], [-0.0010439768137517277, 0.018907182258001663, 7.417402259518006, 1.0], [-0.0010439768137517347, 0.018907182258001656, 2.55138347941363, 1.0], [-0.0010439768137521233, 0.018907182258001726, 2.3270281598159173, 1.0], [-0.0010439768137517139, 0.018907182258001767, 2.3270281598159173, 1.0], [-0.0010439768137517347, 0.018907182258001656, 2.3270281598159173, 1.0], [-0.0010439768137517277, 0.018907182258001656, 2.3270281598159244, 1.0], [-0.0010439768137517277, 0.018907182258001753, 2.3270281598159173, 1.0], [-0.0010740954453161214, 0.01890664765471381, 2.251538614949226, 1.0], [-0.0014195067053624152, 0.01890051663262826, 1.3857974620976634, 1.0], [-0.0014195067053620128, 0.018900516632628317, 1.3857974620976705, 1.0], [-0.0014195067053620336, 0.018900516632628206, 1.3857974620976705, 1.0], [-0.0014195067053620058, 0.018900516632628317, 1.3857974620976705, 1.0], [-0.0014195067053624152, 0.018900516632628206, 1.3857974620976705, 1.0], [-0.0014195067053620197, 0.018900516632628317, 1.3857974620976705, 1.0], [-0.0014195067053620128, 0.01890051663262826, 1.3857974620976705, 1.0], [-0.0014195067053620267, 0.01890051663262826, 1.3857974620976705, 1.0], [-0.0014195067053624222, 0.018900516632628372, 1.3857974620976705, 1.0], [-0.0014195067053620197, 0.018900516632628206, 1.3857974620976705, 1.0], [-0.001419506705361999, 0.01890051663262826, 1.3857974620976705, 1.0], [-0.0014195067053620197, 0.018900516632628317, 1.3857974620976705, 1.0], [5.368948116376421e-05, 0.01886893831355274, 1.3338333862267007, 1.0], [0.00039276983112870867, 0.018861670043663847, 1.321872998877737, 1.0], [0.0003927698311283062, 0.018861670043663736, 1.3218729988777227, 1.0], [0.0003927698311282993, 0.01886167004366368, 1.3218729988777227, 1.0], [0.0003927698311287295, 0.018861670043663847, 1.321872998877737, 1.0], [0.0003927698311282854, 0.01886167004366368, 1.3218729988777227, 1.0], [0.00039276983112870173, 0.01886167004366357, 1.3218729988777227, 1.0], [0.00039276983112831315, 0.018861670043663792, 1.3218729988777227, 1.0], [0.00039276983112872255, 0.018861670043663903, 1.321872998877737, 1.0], [0.0003927698311282854, 0.01886167004366368, 1.3218729988777227, 1.0], [0.0003927698311287156, 0.01886167004366357, 1.3218729988777227, 1.0], [0.00039276983112831315, 0.018861670043663903, 1.321872998877737, 1.0], [0.00039276983112870173, 0.01886167004366368, 1.3218729988777227, 1.0], [0.002714995707845856, 0.018542093586372932, 1.8196302600954652, 1.0], [0.0028311643463029904, 0.01852610687194567, 1.8445304146830495, 1.0], [0.0028311643463026157, 0.018526106871946002, 1.8445304146830495, 1.0], [0.0028311643463029904, 0.01852610687194567, 1.8445304146830495, 1.0], [0.002831164346302588, 0.01852610687194578, 1.8445304146830495, 1.0], [0.0028311643463029904, 0.01852610687194578, 1.8445304146830495, 1.0], [0.0028311643463026018, 0.01852610687194589, 1.8445304146830495, 1.0], [0.0028311643463030042, 0.01852610687194578, 1.8445304146830495, 1.0], [0.004097640172119589, 0.018094322784594663, 2.2540166647842597, 1.0], [0.007385783063081259, 0.01697328458685543, 3.317163133725856, 1.0], [0.0073857830630812416, 0.01697328458685543, 3.317163133725842, 1.0], [0.007385783063081257, 0.01697328458685554, 3.3171631337258276, 1.0], [0.007385783063081257, 0.01697328458685543, 3.3171631337258702, 1.0], [0.007243969953787244, 0.017037839826329226, 3.3677867805557327, 1.0], [0.006460128539905434, 0.017394655006776172, 3.6475980836474093, 1.0], [0.006460128539905463, 0.017394655006776394, 3.6475980836474093, 1.0], [0.006460128539905446, 0.017394655006776394, 3.6475980836474093, 1.0], [0.006460128539905435, 0.017394655006776172, 3.647598083647381, 1.0], [0.008251902319125287, 0.016398640113837404, 4.189486071288854, 1.0], [0.010097495557519522, 0.0153727079492596, 4.7476507333445, 1.0], [0.0100974955575195, 0.0153727079492596, 4.7476507333445, 1.0], [0.01112208934593982, 0.013691038796806332, 5.506642712196538, 1.0], [0.018460568874979252, 0.0016463682265086543, 10.942794250942228, 1.0], [0.015695076490457774, -0.007017477745029588, 9.548827561484586, 1.0], [0.0136001327337128, -0.013580601957217553, 8.492855818609797, 1.0], [0.008714794790554675, -0.016628768076802025, 3.0814202394015524, 1.0], [0.006468709763164632, -0.018030194213919826, 0.5934563415989942, 0.0]], [[0.0, 0.0, 0.0, 1.0], [0.005305458025545551, -0.006962400724810663, 5.12244752629285, 1.0], [0.005305458025545162, -0.006962400724810552, 5.12244752629285, 1.0], [0.005884962048929798, -0.006446839843684216, 1.9932120246246203, 1.0], [0.0061870074614951975, -0.006178122470277075, 0.3622117382113945, 1.0], [0.006187007461495642, -0.006178122470277103, 0.36221173821139274, 1.0], [0.006187007461495253, -0.006178122470277075, 0.36221173821139274, 1.0], [0.0061870074614951975, -0.00617812247027702, 0.36221173821139274, 1.0], [0.006187007461495642, -0.006178122470277131, 0.36221173821139274, 1.0], [0.006187007461495253, -0.006178122470277048, 0.36221173821139274, 1.0], [0.006187007461495253, -0.006178122470277075, 0.3622117382113945, 1.0], [0.006986765902662506, -0.004631308905723469, 0.7902936447930173, 1.0], [0.008320142943544384, -0.002052423098038658, 1.5040023804211184, 1.0], [0.008320142943544384, -0.0020524230980386027, 1.5040023804211167, 1.0], [0.008320142943544273, -0.002052423098038547, 1.5040023804211202, 1.0], [0.008320142943544828, -0.002052423098038769, 1.5040023804211202, 1.0], [0.008320142943544384, -0.002052423098038547, 1.5040023804211167, 1.0], [0.008320142943544329, -0.002052423098038686, 1.5040023804211202, 1.0], [0.008320142943544773, -0.002052423098038658, 1.5040023804211202, 1.0], [0.008320142943544384, -0.002052423098038686, 1.5040023804211202, 1.0], [0.008320142943544329, -0.002052423098038547, 1.5040023804211202, 1.0], [0.008380404551054932, -0.0015266433559300296, 1.4872853390961325, 1.0], [0.008470221758848262, -0.0007429923664944715, 1.462369343051435, 1.0], [0.00847022175884804, -0.000742992366494416, 1.4623693430514422, 1.0], [0.008470221758848151, -0.0007429923664943883, 1.462369343051428, 1.0], [0.008470221758848262, -0.0007429923664944438, 1.462369343051435, 1.0], [0.008470221758848262, -0.0007429923664944715, 1.4623693430514422, 1.0], [0.008470221758847929, -0.000742992366494305, 1.462369343051435, 1.0], [0.008470221758848262, -0.0007429923664944993, 1.462369343051435, 1.0], [0.008470221758848151, -0.0007429923664944715, 1.4623693430514422, 1.0], [0.008470221758848373, -0.0007429923664943744, 1.462369343051435, 1.0], [0.008470221758847818, -0.000742992366494416, 1.4623693430514422, 1.0], [0.008470221758848262, -0.0007429923664944715, 1.462369343051428, 1.0], [0.008470221758848373, -0.0007429923664943883, 1.462369343051435, 1.0], [0.00847022175884804, -0.0007429923664944715, 1.4623693430514422, 1.0], [0.008470221758847929, -0.000742992366494305, 1.462369343051435, 1.0], [0.008470221758848373, -0.0007429923664944854, 1.462369343051435, 1.0], [0.008470221758848262, -0.0007429923664944715, 1.462369343051435, 1.0], [0.008470221758848262, -0.0007429923664943744, 1.4623693430514422, 1.0], [0.008470221758847818, -0.0007429923664944299, 1.462369343051428, 1.0], [0.008470221758848373, -0.0007429923664944854, 1.4623693430514422, 1.0], [0.008470221758848151, -0.0007429923664943605, 1.462369343051435, 1.0], [0.008470221758848373, -0.0007429923664944854, 1.4623693430514422, 1.0], [0.008470221758847818, -0.0007429923664944021, 1.462369343051435, 1.0], [0.008463500663125623, -0.000835260090990067, 1.523547603035496, 1.0], [0.008425885224493834, -0.0013516477562751233, 1.8659392574526237, 1.0], [0.008425885224494278, -0.0013516477562751927, 1.865939257452638, 1.0], [0.008425885224493834, -0.0013516477562751372, 1.8659392574526237, 1.0], [0.00842588522449439, 