{"text": "は", "text_ids": [26], "strokes": [[[0.0, 0.0, 0.0, 1.0], [-0.004183603067202404, 0.0019970111325127017, 13.875618081214215, 1.0], [-0.00430531696529143, 0.015944533243148064, 2.1239408912589024, 1.0], [-0.003643673474795106, 0.016179359901629397, 1.5365642827874098, 1.0], [-0.0036436734747955224, 0.01617935990162933, 1.5365642827874098, 1.0], [-0.003643673474795106, 0.016179359901629393, 1.5365642827874098, 1.0], [-0.003643673474795519, 0.016179359901629317, 1.5365642827874098, 1.0], [-0.0036436734747951165, 0.0161793599016294, 1.5365642827874133, 1.0], [-0.003643673474795113, 0.016179359901629317, 1.5365642827874062, 1.0], [-0.003643673474795526, 0.016179359901629317, 1.5365642827874098, 1.0], [-0.003643673474795106, 0.016179359901629414, 1.5365642827874133, 1.0], [-0.0036436734747955224, 0.016179359901629303, 1.5365642827874098, 1.0], [-0.0010992768804544972, 0.016711386503532877, 1.2512251635165974, 1.0], [-0.0007798998355317208, 0.016778167399370464, 1.2154089055808797, 1.0], [-0.0007798998355320885, 0.016778167399370575, 1.2154089055808797, 1.0], [-0.0007798998355317069, 0.016778167399370547, 1.2154089055808726, 1.0], [-0.0007798998355317138, 0.01677816739937049, 1.2154089055808797, 1.0], [-0.0007798998355317138, 0.01677816739937049, 1.2154089055808797, 1.0], [-0.000779899835531693, 0.016778167399370603, 1.2154089055808726, 1.0], [-0.0007798998355317138, 0.01677816739937049, 1.2154089055808797, 1.0], [-0.0007798998355317138, 0.016778167399370436, 1.2154089055808797, 1.0], [-0.0007798998355316861, 0.016778167399370658, 1.2154089055808726, 1.0], [-0.0007798998355321024, 0.01677816739937049, 1.2154089055808868, 1.0], [-0.000779899835531693, 0.016778167399370658, 1.2154089055808726, 1.0], [-0.0007798998355317138, 0.01677816739937049, 1.2154089055808797, 1.0], [-0.0007798998355317208, 0.01677816739937038, 1.2154089055808797, 1.0], [0.0008536319276862617, 0.016897484197407053, 1.4771072875063354, 1.0], [0.0010322870575319582, 0.016910533565974828, 1.505728560417019, 1.0], [0.001032287057531986, 0.016910533565975105, 1.505728560417026, 1.0], [0.0010322870575323953, 0.01691053356597505, 1.505728560417026, 1.0], [0.0010322870575319582, 0.01691053356597494, 1.505728560417019, 1.0], [0.0010322870575319998, 0.01691053356597505, 1.505728560417019, 1.0], [0.001032287057531979, 0.01691053356597516, 1.505728560417019, 1.0], [0.0010322870575319582, 0.016910533565974717, 1.505728560417019, 1.0], [0.0010322870575319928, 0.01691053356597516, 1.505728560417019, 1.0], [0.0010322870575323467, 0.016910533565974828, 1.505728560417019, 1.0], [0.0010322870575319998, 0.01691053356597516, 1.505728560417026, 1.0], [0.003190140631637875, 0.016729823228250895, 1.6415868333553618, 1.0], [0.0045628119835389724, 0.01661486829962977, 1.72801010202339, 1.0], [0.004562811983538931, 0.01661486829962966, 1.7280101020233758, 1.0], [0.0045628119835393645, 0.01661486829962966, 1.72801010202339, 1.0], [0.004562811983538962, 0.01661486829962966, 1.7280101020233758, 1.0], [0.00456281198353896, 0.01661486829962977, 1.72801010202339, 1.0], [0.004562811983538946, 0.01661486829962966, 1.7280101020233758, 1.0], [0.004562811983539364, 0.01661486829962966, 1.72801010202339, 1.0], [0.00456281198353896, 0.01661486829962966, 1.72801010202339, 1.0], [0.006720668261515695, 0.015702678479943777, 2.3502122697237553, 1.0], [0.010693190912574896, 0.014023375387447579, 3.495660291426873, 1.0], [0.010693190912574882, 0.014023375387447468, 3.495660291426873, 1.0], [0.010693190912574924, 0.01402337538744769, 3.495660291426873, 1.0], [0.010693190912574868, 0.014023375387447468, 3.495660291426873, 1.0], [0.011635457702761018, 0.013231349756995803, 4.338338147206201, 1.0], [0.012620821845094159, 0.012403098497178688, 5.2195583613439, 1.0], [0.012620821845093777, 0.012403098497178688, 5.219558361343928, 1.0], [0.013593999556044054, 0.010569149333585659, 5.415918822754449, 1.0], [0.016818436995411523, 0.004492711003313499, 6.066521499181846, 1.0], [0.016818436995411135, 0.004492711003313499, 6.066521499181846, 1.0], [0.014235065382246254, -0.004446121465165431, 5.277397721091859, 1.0], [0.01247236202237395, -0.010545325290597263, 4.738957518410274, 1.0], [0.01247236202237395, -0.010545325290597374, 4.738957518410189, 1.0], [0.012436942119865568, -0.010573870679547737, 4.7857708910535735, 1.0], [0.007503255846537271, -0.01454999663294998, 11.306469076581266, 1.0], [0.00750325584653766, -0.01454999663295009, 5.612938153162617, 1.0], [0.007503255846537243, -0.01454999663294998, 0.0, 0.0]], [[0.0, 0.0, 0.0, 1.0], [0.0032749798879429526, -0.009172424816182662, 8.246169244548573, 1.0], [0.004708075877037199, -0.008242633445594283, 4.866849051207504, 1.0], [0.006658830596185827, -0.006976985563106719, 0.2668607288338727, 1.0], [0.006658830596185938, -0.006976985563106636, 0.26686072883387446, 1.0], [0.006658830596185494, -0.006976985563106719, 0.26686072883387446, 1.0], [0.006658830596185827, -0.006976985563106636, 0.26686072883387446, 1.0], [0.006658830596185883, -0.006976985563106733, 0.2668607288338727, 1.0], [0.006658830596185827, -0.006976985563106608, 0.26686072883387446, 1.0], [0.006658830596185938, -0.006976985563106622, 0.26686072883387446, 1.0], [0.009089773503286491, -0.0035178367108898295, 1.3763830620911168, 1.0], [0.009275661567465954, -0.003253324335067184, 1.4612254325516858, 1.0], [0.009275661567465954, -0.003253324335067198, 1.4612254325516858, 1.0], [0.009275661567465454, -0.003253324335067198, 1.4612254325516787, 1.0], [0.009275661567465898, -0.0032533243350672952, 1.4612254325516858, 1.0], [0.009275661567465954, -0.003253324335067184, 1.4612254325516822, 1.0], [0.00927566156746551, -0.0032533243350671703, 1.4612254325516822, 1.0], [0.009275661567465954, -0.003253324335067212, 1.4612254325516858, 1.0], [0.009275661567465843, -0.003253324335067198, 1.4612254325516822, 1.0], [0.009275661567465565, -0.0032533243350672675, 1.4612254325516858, 1.0], [0.009493067934601418, -0.0026798011869459057, 1.2400523650974797, 1.0], [0.009603274239290305, -0.0023890743437485484, 1.127936667741828, 1.0], [0.009603274239290305, -0.0023890743437485346, 1.127936667741821, 1.0], [0.009603274239290638, -0.0023890743437486664, 1.127936667741821, 1.0], [0.009603274239290416, -0.0023890743437485484, 1.127936667741828, 1.0], [0.009603274239290305, -0.0023890743437485484, 1.127936667741821, 1.0], [0.009603274239290638, -0.0023890743437485554, 1.127936667741828, 1.0], [0.009603274239290416, -0.0023890743437485484, 1.127936667741828, 1.0], [0.009603274239290194, -0.0023890743437485484, 1.127936667741821, 1.0], [0.009603274239290638, -0.0023890743437486664, 1.127936667741821, 1.0], [0.009603274239290416, -0.0023890743437485415, 1.127936667741821, 1.0], [0.009603274239290194, -0.0023890743437485415, 1.1279366677418352, 1.0], [0.009603274239290749, -0.0023890743437485658, 1.127936667741821, 1.0], [0.009603274239290305, -0.002389074343748538, 1.127936667741821, 1.0], [0.009603274239290305, -0.0023890743437485484, 1.127936667741828, 1.0], [0.00966047735762221, -0.002206591738794641, 1.2022801273349657, 1.0], [0.009699927294750887, -0.002080743227339872, 1.2535508428562707, 1.0], [0.00969992729475122, -0.0020807432273399103, 1.2535508428562636, 1.0], [0.009699927294750776, -0.0020807432273398825, 1.2535508428562778, 1.0], [0.009699927294751332, -0.0020807432273399033, 1.2535508428562636, 1.0], [0.009699927294750665, -0.0020807432273398756, 1.2535508428562636, 1.0], [0.009699927294751332, -0.002080743227340002, 1.2535508428562778, 1.0], [0.009699927294750887, -0.0020807432273398825, 1.2535508428562636, 1.0], [0.00969992729475122, -0.0020807432273399025, 1.2535508428562707, 1.0], [0.009699927294750776, -0.0020807432273398756, 1.2535508428562636, 1.0], [0.00969992729475122, -0.0020807432273399025, 1.2535508428562778, 1.0], [0.009699927294750998, -0.002080743227339882, 1.2535508428562565, 1.0], [0.00969992729475122, -0.002080743227339903, 1.253550842856285, 1.0], [0.00971007473573715, -0.0020336289119983753, 1.2718071603330117, 