{"text": "ひ", "text_ids": [27], "strokes": [[[0.0, 0.0, 0.0, 1.0], [0.015250848693228942, -0.026347471906545867, 31.717852548760234, 1.0], [0.03682378832971995, -0.027374557963193432, 14.540947410544057, 1.0], [0.03670154330084783, -0.027555797783964955, 7.797605758491656, 1.0], [0.03670154330084782, -0.027555797783964955, 7.797605758491649, 1.0], [0.039485073960045775, -0.022758439509483627, 9.383965429284572, 1.0], [0.03972160802321831, -0.02226147374058149, 9.872231229438114, 1.0], [0.040583336605880815, -0.02035675427907485, 12.023894904229408, 1.0], [0.036752712021812795, -0.027061502763190026, 14.422670175523223, 1.0], [0.03724898836377327, -0.025978651823784504, 32.76162003860192, 1.0], [-0.018578763334764048, 0.036768506749569885, 43.17464569122481, 1.0], [-0.02381867031049012, 0.03952544104640518, 14.376791157121971, 1.0], [-0.023372127719332947, 0.03977888298190678, 10.52423070961325, 1.0], [-0.022364697868162642, 0.04031119956969975, 9.15183850254985, 1.0], [-0.021839607133089717, 0.04058865264303381, 8.436522759247453, 1.0], [-0.015652849900025523, 0.04274223682037773, 7.19074844834617, 1.0], [-0.012207710183169906, 0.043941475468907254, 6.497030173158777, 1.0], [-0.012055959793387083, 0.043962100706160176, 6.458467396424396, 1.0], [-0.0063121068519139956, 0.04474277962127242, 4.998840710165155, 1.0], [-0.006312106851913912, 0.04474277962127257, 4.9988407101652115, 1.0], [-0.006312106851913968, 0.044742779621272294, 4.998840710165155, 1.0], [-0.0026964174062428237, 0.04478454281647212, 5.493614466960196, 1.0], [-0.0019294395306407586, 0.04479340183138841, 5.598568316175488, 1.0], [-0.001929439530640814, 0.04479340183138847, 5.598568316175545, 1.0], [0.005315708894163801, 0.04372754684752467, 7.150563111601912, 1.0], [0.007259000806383087, 0.043441663488303084, 7.566838770418315, 1.0], [0.015343145293456789, 0.03976609165927564, 8.731807086459298, 1.0], [0.022178196668679068, 0.03665843786549544, 9.716774426340237, 1.0], [0.033726398696814736, 0.024450205827567073, 13.359600210365102, 1.0], [0.04139665583578761, 0.007384908396707801, 13.091755084775173, 1.0], [0.041808021230208214, -0.007644240025773574, 11.92506120779501, 1.0], [0.03782704692903799, -0.02580034682890231, 10.669399370108238, 1.0], [0.03238463270325992, -0.03254999980340534, 8.218138021453512, 1.0], [0.031150450808098973, -0.03408062557979191, 7.662262953641232, 1.0], [0.028606039136603034, -0.036161750726009356, 6.8587988841992455, 1.0], [0.02688475589753947, -0.037569622680342196, 6.315258995818226, 1.0], [0.02688475589753947, -0.037569622680342474, 6.315258995818226, 1.0], [0.0244098002432499, -0.039166144051946294, 4.726263220759847, 1.0], [0.024148757463071435, -0.03933453510038176, 4.558665924988645, 1.0], [0.024148757463071324, -0.03933453510038151, 4.558665924988588, 1.0], [0.02361270458754483, -0.03963524077183453, 4.577637641424303, 1.0], [0.02279094250056113, -0.04009621865558885, 4.606721035999158, 1.0], [0.02279094250056113, -0.040096218655588864, 4.606721035999101, 1.0], [0.022790942500561573, -0.040096218655588906, 4.606721035999101, 1.0], [0.021416865838138843, -0.0407830237138646, 4.521982811573366, 1.0], [0.020840598635783802, -0.04107105948386223, 4.4864448675431845, 1.0], [0.02084059863578369, -0.041071059483862235, 4.486444867543241, 1.0], [0.021117733440270015, -0.04093226587312587, 4.8766207739387255, 1.0], [0.02284544676623268, -0.04006699898154065, 7.309054744834327, 1.0], [0.022845446766232458, -0.04006699898154034, 7.309054744834327, 1.0], [0.016834826782884393, -0.04254597683257222, 11.596747538891577, 1.0], [0.011895870659042074, -0.043813394193010974, 23.90525860835743, 1.0], [-0.015059792157387397, 0.032804563749080695, 39.186300392588464, 1.0], [-0.010960232036881346, 0.044093946251290816, 12.247015002680541, 1.0], [-0.005192980103925882, 0.04479883829051326, 8.793328286823225, 1.0], [-0.0034916109319468314, 0.04476647947339772, 10.067977394638433, 1.0], [-0.00044420833689384764, 0.04470852006936338, 12.351061549984024, 1.0], [0.012654015082583236, 0.041464844362457016, 9.530957238801989, 1.0], [0.016665841649484925, 0.039340177657673545, 9.54505041927132, 1.0], [0.029611760914939445, 0.030438785881187848, 11.177747636622712, 1.0], [0.03429420192519217, 0.02458928360936974, 11.690725685082498, 1.0], [0.037101836214369244, 0.02041692459010158, 12.490308013978392, 1.0], [0.040281739378521975, 0.013247335782445704, 15.060103152388479, 1.0], [0.04225399748639336, -0.007416520191950993, 30.728962009813017, 0.0]]]}