{"text": "ひ", "text_ids": [27], "strokes": [[[0.0, 0.0, 0.0, 1.0], [-0.0018418755643504548, -0.03225753738985732, 18.481317390339566, 1.0], [0.03734115064254073, 0.002213809893361472, 11.190392876398825, 1.0], [0.03665082956528335, -0.004465271421627039, 6.516546510353461, 1.0], [0.03665082956528369, -0.004465271421627011, 6.516546510353457, 1.0], [0.03628979939853537, -0.005957317642406472, 6.679567085211055, 1.0], [0.03592049289869084, -0.007483567851263549, 6.846324778745796, 1.0], [0.03589182170172381, -0.007558927910456502, 6.863708133291368, 1.0], [0.03337190156458614, -0.014182346211218493, 8.39153640013258, 1.0], [0.03263297288919653, -0.015264620560976855, 9.356716227435214, 1.0], [0.022657096824002798, -0.015832459942778765, 19.80437980092843, 1.0], [-0.00039828452950113613, 0.037582150099983475, 30.126628989145473, 1.0], [-0.005075128719900512, 0.03687518907790982, 6.634092023157251, 1.0], [-0.005075128719900457, 0.03687518907790983, 6.634092023157251, 1.0], [-0.008006247215374074, 0.03604890135006045, 4.914044286125687, 1.0], [-0.009233716430632866, 0.035702875506872074, 4.193737123777083, 1.0], [-0.009233716430633143, 0.035702875506872234, 4.193737123777055, 1.0], [-0.00923371643063281, 0.03570287550687208, 4.193737123777083, 1.0], [-0.008187087683171723, 0.03603602160784902, 3.7296986870169633, 1.0], [-0.00762641487724422, 0.036214485996173246, 3.4811160515528172, 1.0], [-0.007626414877244164, 0.03621448599617327, 3.481116051552789, 1.0], [-0.0076264148772441365, 0.03621448599617344, 3.4811160515528172, 1.0], [-0.007626414877244192, 0.03621448599617322, 3.481116051552789, 1.0], [-0.001603547065109845, 0.037336061646515095, 4.409928618828758, 1.0], [0.00021912936708626263, 0.03767547960629247, 4.69101145662421, 1.0], [0.00021912936708629038, 0.03767547960629247, 4.69101145662421, 1.0], [0.009639943129588824, 0.034489514560511636, 6.161408204361635, 1.0], [0.0266152264908929, 0.02874875152296985, 8.81090346831985, 1.0], [0.031031948598980785, 0.020364224887214677, 8.547181942126883, 1.0], [0.03694736358018952, 0.009134640308945619, 8.193973787135263, 1.0], [0.036648614617175834, 0.0035037702037563623, 7.435329541069706, 1.0], [0.03610051851556162, -0.006826836209780529, 6.043492228613417, 1.0], [0.036100518515561175, -0.006826836209780418, 6.043492228613388, 1.0], [0.030482230170656543, -0.01782601942970985, 5.323035784676364, 1.0], [0.028134737398747833, -0.02242181471833976, 5.022007038768265, 1.0], [0.028134737398748333, -0.022421814718339816, 5.0220070387682085, 1.0], [0.026116732561929923, -0.024437209286590267, 4.518294951494795, 1.0], [0.021832452306319472, -0.028715947869613345, 3.448900215344736, 1.0], [0.021832452306319805, -0.028715947869613345, 3.4489002153447927, 1.0], [0.021832452306319472, -0.028715947869613567, 3.4489002153447927, 1.0], [0.021832452306319916, -0.028715947869613345, 3.4489002153447927, 1.0], [0.020086965046795968, -0.03002097791777497, 3.621387983893783, 1.0], [0.019269486887277476, -0.0306321731906517, 3.702170575003265, 1.0], [0.019269486887278142, -0.03063217319065148, 3.7021705750032083, 1.0], [0.019269486887277698, -0.030632173190651313, 3.7021705750032083, 1.0], [0.019251238945156457, -0.03064468587302796, 3.7531366853016834, 1.0], [0.019064778766009205, -0.030772542317443585, 4.273915959676742, 1.0], [0.019064778766008983, -0.03077254231744364, 4.273915959676799, 1.0], [0.019064778766008983, -0.03077254231744382, 4.273915959676742, 1.0], [0.019423018582108154, -0.030502542123999936, 6.020710388503858, 1.0], [0.016567754636222842, -0.011261779373760814, 22.8710523868628, 1.0], [0.00021912936708623487, 0.037675479606292465, 17.216155763210793, 1.0], [0.00021912936708623487, 0.03767547960629246, 10.45273106075524, 1.0], [0.0002191293670863459, 0.03767547960629246, 7.216940702498789, 1.0], [0.0008366587531959402, 0.037693675674103894, 7.665189446043712, 1.0], [0.003941519285032946, 0.03778516322765768, 9.918928075464692, 1.0], [0.010947112417428184, 0.0360021134507639, 9.299191149201306, 1.0], [0.019440582530193762, 0.033840372153002285, 8.547831919294993, 1.0], [0.026566731206846272, 0.02592909026633078, 8.875584505355164, 1.0], [0.034825430596950535, 0.016760477337097568, 9.255426437571487, 1.0], [0.036154678043560096, 0.011983406393764495, 8.288558746108095, 1.0], [0.036947363580189574, 0.009134640308945507, 7.71197532906848, 1.0], [0.03683117639137712, 0.009784380681474358, 14.243251568288542, 1.0], [0.03720317290386976, 0.0053114711443627005, 6.21374234179774, 0.0]]]}