{"text": "ひ", "text_ids": [27], "strokes": [[[0.0, 0.0, 0.0, 1.0], [-0.00546048168842024, -0.026229224435958418, 24.105070660852547, 1.0], [0.03760147573545477, -0.014856607503065028, 13.402720827773969, 1.0], [0.03744337981211226, -0.015340414101034185, 9.132939473657856, 1.0], [0.03545322662487478, -0.019786241892743285, 5.554455627161424, 1.0], [0.0353717327476898, -0.019968292071777916, 5.407921920628283, 1.0], [0.035371732747689816, -0.019968292071778, 5.407921920628269, 1.0], [0.037219479551450246, -0.015757128191892872, 6.640858848538315, 1.0], [0.037633008645091254, -0.01481466206023671, 6.916792374320565, 1.0], [0.03859555824125949, -0.010667320899114235, 13.267129489602823, 1.0], [0.011679931913760044, 0.015490865006525134, 31.350531672747636, 1.0], [-0.01916632616015418, 0.03566985934192517, 11.217450960049021, 1.0], [-0.021803034881436034, 0.03430613852420841, 6.019759366096309, 1.0], [-0.021803034881436062, 0.0343061385242085, 6.019759366096338, 1.0], [-0.01947541428702243, 0.035524795823859825, 4.910316203917006, 1.0], [-0.01775699818836951, 0.03642449585550919, 4.091245864444744, 1.0], [-0.01775699818836951, 0.0364244958555092, 4.091245864444744, 1.0], [-0.01775699818836951, 0.03642449585550911, 4.091245864444744, 1.0], [-0.013812337814557957, 0.03781220186365146, 4.201131269017509, 1.0], [-0.011820669490962415, 0.038512857899144076, 4.256612668877949, 1.0], [-0.011820669490962415, 0.03851285789914424, 4.256612668877949, 1.0], [-0.011820669490962707, 0.03851285789914388, 4.256612668877949, 1.0], [-0.005166950491872865, 0.039358821493144514, 5.383268228536622, 1.0], [-0.001900242881711589, 0.039774155490690355, 5.936410657796301, 1.0], [-0.001900242881711589, 0.039774155490690466, 5.936410657796301, 1.0], [0.0108673555485755, 0.037164118283350756, 7.066210706156113, 1.0], [0.013920317627847581, 0.03654001151315389, 7.336366187912233, 1.0], [0.029201005677167102, 0.019233439603017266, 8.314780931869421, 1.0], [0.038326095278804706, 0.008898563394075076, 8.899055813822201, 1.0], [0.039124052697982525, -0.002750210584837931, 7.749747891939251, 1.0], [0.039440881013876605, -0.0073753464044457595, 7.293416157210601, 1.0], [0.03701775298020343, -0.013632631831258846, 6.422430607776221, 1.0], [0.033145817351341644, -0.023631198166740863, 5.0306758452480835, 1.0], [0.03314581735134159, -0.023631198166740863, 5.030675845248055, 1.0], [0.03310321188687493, -0.023676652845039725, 5.0261608214779585, 1.0], [0.025614999735734945, -0.03166563450801624, 4.232613414319474, 1.0], [0.025614999735735, -0.03166563450801585, 4.232613414319474, 1.0], [0.025614999735734945, -0.03166563450801596, 4.232613414319474, 1.0], [0.025245202102153363, -0.03194138176944605, 4.283645247521747, 1.0], [0.023975004875050554, -0.03288853062882863, 4.458931639702371, 1.0], [0.02397500487505111, -0.03288853062882868, 4.458931639702371, 1.0], [0.023975004875050554, -0.03288853062882846, 4.458931639702371, 1.0], [0.023284386414601177, -0.03334708303445147, 4.331400398571304, 1.0], [0.022302459372243177, -0.033999056639567996, 4.150075424531906, 1.0], [0.022302459372243177, -0.03399905663956797, 4.150075424531963, 1.0], [0.022302459372242844, -0.0339990566395678, 4.150075424531906, 1.0], [0.024020239052755077, -0.03279918000716244, 6.249377443514902, 1.0], [0.02538333046281438, -0.031847054685551955, 7.915214210395106, 1.0], [0.02104978257927559, -0.026627794169005473, 24.175491231919807, 1.0], [-0.003604087926115218, 0.03970512351683893, 18.592560275670394, 1.0], [-0.005196554971754974, 0.039640604067834026, 9.859841433710926, 1.0], [-0.008456199591601488, 0.03919646245364259, 6.446375635117363, 1.0], [-0.009308484713750786, 0.03908033467468212, 5.553871557404534, 1.0], [-0.00930848471375123, 0.03908033467468208, 5.553871557404477, 1.0], [-0.0019480042794606245, 0.03952135666664422, 6.9291025202960554, 1.0], [0.0007495528649512639, 0.039682987695472155, 7.433113656835701, 1.0], [0.016703522549498362, 0.032088843141654305, 8.23939204537561, 1.0], [0.028291020225498786, 0.02657315431257204, 8.824998583318575, 1.0], [0.034950774516565364, 0.014634746121770958, 8.477211266420454, 1.0], [0.03849089741097411, 0.008288651309274309, 8.292338103068687, 1.0], [0.03926313277052684, 0.0032640616798367827, 8.475221364768345, 1.0], [0.03977189359574196, -4.621715499930623e-05, 8.595707739795614, 1.0], [0.039771893595741625, -4.621715499930623e-05, 12.003625811265636, 1.0], [0.03911985482486158, -0.005740172493599094, 7.218832548118144, 0.0]]]}