{"text": "ひ", "text_ids": [27], "strokes": [[[0.0, 0.0, 0.0, 1.0], [0.03247477847764294, -0.025992294594886087, 30.725925403190285, 1.0], [0.05197367012270627, -0.021091573074289837, 15.500474203032358, 1.0], [0.0504461594582057, -0.02472844808112605, 11.404185435848532, 1.0], [0.050365919560257044, -0.024919492560344605, 11.552732589354676, 1.0], [0.05051084563076161, -0.024574435719887933, 12.679676848496442, 1.0], [0.052743452117860995, -0.018012998972700187, 24.134673641723637, 1.0], [-0.008765551888913314, 0.032037325736806274, 51.533366970299554, 1.0], [-0.03407828487044151, 0.04453340167837229, 15.32104185726729, 1.0], [-0.03065999419544488, 0.04698359571882922, 11.077621518136539, 1.0], [-0.028935589672736683, 0.04804232692621305, 8.37557625047981, 1.0], [-0.027285199300643076, 0.0488887140412559, 7.0717890399307635, 1.0], [-0.02518021611230506, 0.04996823478866008, 5.408879339424885, 1.0], [-0.025180216112305143, 0.04996823478866014, 5.408879339424942, 1.0], [-0.02358960656897484, 0.05060190852278265, 5.013590660256682, 1.0], [-0.019815493553174357, 0.0521054555735036, 4.075670882707811, 1.0], [-0.01981549355317426, 0.052105455573503656, 4.075670882707783, 1.0], [-0.019815493553174347, 0.052105455573503545, 4.075670882707811, 1.0], [-0.01860363873279175, 0.052470775765061095, 4.5060148162060045, 1.0], [-0.016546926000993306, 0.053090782944569814, 5.2363777542338426, 1.0], [-0.0165469260009934, 0.05309078294456987, 5.236377754233871, 1.0], [-0.015946929863933288, 0.05322187615818241, 5.442772535066183, 1.0], [-0.011717640977034462, 0.05414593389328071, 6.897620489863527, 1.0], [-0.011717640977034385, 0.05414593389328104, 6.897620489863499, 1.0], [-0.0058605087212643125, 0.054662595507938616, 7.71675277450862, 1.0], [-0.002838127939525814, 0.05492920176960703, 8.139439093803162, 1.0], [0.00875675511049287, 0.05325455126364487, 9.398401442275826, 1.0], [0.013871947992537235, 0.052515763273196514, 9.953804650388292, 1.0], [0.04287350544904838, 0.03256361503741112, 14.629451514705067, 1.0], [0.05231471454777549, 0.012779786751867639, 12.30584224349866, 1.0], [0.054274245425034465, -0.0013172215806314114, 11.044092960807177, 1.0], [0.05438457983666471, -0.012466285895946894, 10.193049046925296, 1.0], [0.04645054228751924, -0.030239713085334574, 7.8233874509920724, 1.0], [0.044553419383299986, -0.034489551279141994, 7.25677313122776, 1.0], [0.04151221095524821, -0.03776721555287288, 6.310638766545651, 1.0], [0.03800460333956074, -0.04154754184098908, 5.2194054027250445, 1.0], [0.03800460333956068, -0.041547541840988966, 5.2194054027250445, 1.0], [0.03694052005236337, -0.042436005377109565, 4.91766745528065, 1.0], [0.03533710812896662, -0.043774785005038064, 4.4629941900443555, 1.0], [0.03533710812896668, -0.043774785005038064, 4.4629941900443555, 1.0], [0.03533710812896662, -0.043774785005038064, 4.4629941900443555, 1.0], [0.034209418621552135, -0.04461287110660761, 4.282872318771297, 1.0], [0.03342513907014322, -0.045195738808629704, 4.157602109664936, 1.0], [0.03342513907014333, -0.04519573880862965, 4.157602109664992, 1.0], [0.03342513907014333, -0.04519573880862965, 4.157602109664936, 1.0], [0.033810220375588895, -0.04491947236135235, 4.892640571969935, 1.0], [0.03394451330905601, -0.0448231274308169, 5.14897727260535, 1.0], [0.033944513309056235, -0.04482312743081712, 5.14897727260535, 1.0], [0.03290868634102917, -0.04553328829292885, 7.014170625750012, 1.0], [0.03158932625152178, -0.04643783888634129, 9.389916522809642, 1.0], [0.026397340817043702, -0.04916961161776848, 12.677705984959175, 1.0], [0.02151442380608326, -0.05145764292469421, 22.55295286280335, 1.0], [-0.009491968106797422, 0.03620414474680797, 41.59881579690807, 1.0], [-0.015451824795250202, 0.05335988103166278, 11.682253698006889, 1.0], [-0.013489000235714532, 0.053812504335393696, 9.161619210424078, 1.0], [-0.010849053838926648, 0.05417327020623311, 9.482266321101179, 1.0], [-0.006279211018408892, 0.05479776899406824, 10.037318082163551, 1.0], [0.00927970192776384, 0.0530358093800119, 9.972836519670523, 1.0], [0.014830057286595477, 0.05207154245258705, 10.09545998318697, 1.0], [0.028791023123671433, 0.04559863613687698, 12.159572374031313, 1.0], [0.03057665606614879, 0.04436954498309875, 12.747528313823636, 1.0], [0.03391486810995614, 0.041671761957897124, 14.371328047389284, 1.0], [0.044065149522533376, 0.028486779399791495, 20.952369340703285, 1.0], [0.047611124484499556, -0.014625728607765676, 38.98830906032413, 0.0]]]}