{"text": "ひ", "text_ids": [27], "strokes": [[[0.0, 0.0, 0.0, 1.0], [0.023176187772198775, -0.018150980756411583, 45.80589381790475, 1.0], [0.04038512712864528, -0.02348830118671453, 15.992147460698583, 1.0], [0.039322827972518626, -0.025481657282028038, 12.079851079613093, 1.0], [0.038907968356942726, -0.026186095880848304, 11.0691181800765, 1.0], [0.03861042208424337, -0.026689536724722476, 10.429535019199022, 1.0], [0.038610422084243395, -0.02668953672472249, 12.838063744399662, 1.0], [0.04028806338050811, -0.023539527110028963, 13.551551383399442, 1.0], [0.0412546952780648, -0.021619895693931024, 16.21769324808085, 1.0], [0.039716140264759225, -0.024539856237503793, 22.76994463232313, 1.0], [-0.0036827532799410534, 0.014708574230944377, 81.58354068971732, 1.0], [-0.026135688961799464, 0.03946735755351985, 22.04466661184017, 1.0], [-0.026491593458840723, 0.039189183100141495, 15.570818354681194, 1.0], [-0.021469081962266046, 0.042062593191244016, 9.740179422663346, 1.0], [-0.020622737241208416, 0.04243498712398344, 8.877758894136605, 1.0], [-0.019609571693582184, 0.042880782664983436, 7.845348878065636, 1.0], [-0.018394399689812685, 0.04330321023672084, 7.847698447836876, 1.0], [-0.015393955643157792, 0.04434624800325141, 7.853499892085438, 1.0], [-0.014593690967762557, 0.04450881427719232, 7.65456659467344, 1.0], [-0.008920103071153429, 0.04566135052249459, 6.2442012703861565, 1.0], [-0.008920103071153346, 0.04566135052249448, 6.2442012703861, 1.0], [-0.006230496504697924, 0.045837585902715, 6.712749234294449, 1.0], [-0.004127824627532972, 0.04597536262529306, 7.0790491381912375, 1.0], [-0.0032421323696401882, 0.045927969791760226, 7.026261326641702, 1.0], [0.0014151977961078255, 0.04567875899502288, 6.74868154097345, 1.0], [0.0014151977961077145, 0.04567875899502305, 6.748681540973507, 1.0], [0.0047436962504000535, 0.04513052285882563, 8.566495995504226, 1.0], [0.005634085726200638, 0.04498386703409696, 9.052770176339493, 1.0], [0.015366213675237994, 0.04164234514069931, 12.342308064902113, 1.0], [0.020878491970604957, 0.038555654764175995, 12.819366463744927, 1.0], [0.02810131959986345, 0.032606596899054985, 13.391144834744637, 1.0], [0.0369505543849748, 0.0215589545666538, 14.674690308761228, 1.0], [0.04435609327007545, -0.0006943643142452993, 16.34480998758363, 1.0], [0.04292366694571936, -0.017159988960977146, 12.909986232801941, 1.0], [0.034954314866355085, -0.030697974618216106, 9.78953468424828, 1.0], [0.03296462975264347, -0.03388726074667747, 9.079480580543304, 1.0], [0.029363330278396438, -0.03715880237714431, 8.699469038299867, 1.0], [0.029015701502017988, -0.03740857530005304, 8.50597575874832, 1.0], [0.02616390249636852, -0.039457606397565514, 6.918638979631623, 1.0], [0.02616390249636824, -0.03945760639756529, 6.91863897963151, 1.0], [0.023942267189939304, -0.040768708606040316, 6.724044181103409, 1.0], [0.02337311321800406, -0.04110459588124121, 6.674191533290468, 1.0], [0.02233188025603261, -0.04158889452354003, 6.635660170324286, 1.0], [0.019190360681102914, -0.04305007921559251, 6.519406617634559, 1.0], [0.019190360681102803, -0.04305007921559259, 6.519406617634672, 1.0], [0.01908701111029376, -0.043090892844049655, 5.966724626108203, 1.0], [0.019029213268963452, -0.043113717705374366, 5.657639394283706, 1.0], [0.019029213268963563, -0.043113717705374296, 5.6576393942838195, 1.0], [0.017462280483271253, -0.04368352934821401, 7.321001633809146, 1.0], [0.01710257993626807, -0.04381433365679075, 7.702838246639772, 1.0], [0.017102579936267626, -0.04381433365679054, 10.816439860292348, 1.0], [0.01539635129741379, -0.04424616099327419, 12.831791760856731, 1.0], [0.010786646437838221, -0.04536605887506552, 13.204583430058278, 1.0], [0.0009476622226788356, -0.045787804107855656, 39.61115368950766, 1.0], [0.002895873179733277, 0.04005936205103468, 56.21709943685653, 1.0], [0.007083021977029147, 0.04462183159435068, 18.00974831506801, 1.0], [0.01318884445080648, 0.04262992074782877, 14.363925643427592, 1.0], [0.019786601634304235, 0.03918881842322393, 12.741323729942224, 1.0], [0.024444340632071015, 0.036291951903314114, 12.038270856895906, 1.0], [0.027587870806148884, 0.03383831123810816, 11.942743718819543, 1.0], [0.03333215305079973, 0.027787426642589583, 16.825413003397784, 1.0], [0.03806323220534891, 0.021039864861024812, 19.07261247310805, 1.0], [0.041061060205602073, 0.013070059350374558, 27.417965948499045, 1.0], [0.036505566443547965, -0.018094273267380237, 54.93936395943149, 0.0]]]}