{"text": "ひ", "text_ids": [27], "strokes": [[[0.0, 0.0, 0.0, 1.0], [0.010736671159463348, -0.03565471066142424, 13.317106040322752, 1.0], [0.015749002687762796, -0.033728538283144205, 2.8657409072222855, 1.0], [0.030390792234704013, -0.023024386035016456, 10.711478672569676, 1.0], [0.03251775897964801, -0.01960120402183335, 8.312035774091406, 1.0], [0.03338626227955481, -0.01820341776979259, 7.332272418496103, 1.0], [0.032981230448129784, -0.018936934079482715, 7.840262738086629, 1.0], [0.03235181409943097, -0.020076812779218967, 8.62967578497311, 1.0], [0.03415931885882001, -0.01597291743891119, 15.16204182385085, 1.0], [0.01697158320088621, 0.0163042202104689, 26.40851911417475, 1.0], [-0.009996401208343275, 0.03617445803710878, 9.421772367764973, 1.0], [-0.012772617670607805, 0.03538016485633931, 6.172577356487878, 1.0], [-0.014068982694313531, 0.035009266580893525, 4.6553531684342175, 1.0], [-0.014068982694313836, 0.035009266580893525, 4.6553531684342175, 1.0], [-0.013984907551518933, 0.035034986649606324, 4.618227315560546, 1.0], [-0.01126410623484178, 0.035867327749397986, 3.4167774455552546, 1.0], [-0.011264106234841836, 0.03586732774939814, 3.416777445555283, 1.0], [-0.011264106234841809, 0.035867327749398145, 3.416777445555283, 1.0], [-0.011264106234841836, 0.03586732774939816, 3.4167774455552546, 1.0], [-0.01083611478160769, 0.03593038867779108, 3.4432037209252826, 1.0], [-0.0034148249527258534, 0.03702385309851075, 3.9014302746021485, 1.0], [-0.0034148249527258673, 0.03702385309851078, 3.9014302746021485, 1.0], [-0.0034148249527258534, 0.03702385309851075, 3.901430274602177, 1.0], [-0.0034148249527258673, 0.03702385309851075, 3.9014302746021485, 1.0], [0.016085438285032908, 0.032226627443811884, 8.366146698940895, 1.0], [0.01703714826575936, 0.031992498935919156, 8.584047100096882, 1.0], [0.030560203522150414, 0.019317698951702655, 8.922982536598596, 1.0], [0.03135791616364475, 0.017196029643565702, 8.822329884249143, 1.0], [0.036992018079089, -0.0063790448988835236, 7.357168171659907, 1.0], [0.03699201807908903, -0.006379044898883468, 7.357168171659907, 1.0], [0.03029506366109308, -0.02229475609707282, 6.015500932804343, 1.0], [0.029510292425031392, -0.024159811698504285, 5.858279934765079, 1.0], [0.02951029242503128, -0.02415981169850412, 5.8582799347651076, 1.0], [0.02461623398909718, -0.029079785073695463, 4.126146800180436, 1.0], [0.02458288822444943, -0.029113307410298606, 4.114344876562001, 1.0], [0.024582888224448984, -0.02911330741029844, 4.114344876561972, 1.0], [0.024582888224448984, -0.029113307410298744, 4.114344876562001, 1.0], [0.021925380442568643, -0.031052803523324846, 3.593223813581176, 1.0], [0.021497597335361884, -0.03136500718997165, 3.5093381560968737, 1.0], [0.021497597335362162, -0.03136500718997165, 3.5093381560968737, 1.0], [0.02149759733536194, -0.0313650071899715, 3.5093381560968737, 1.0], [0.02032038035397532, -0.03202458350563797, 3.6468321112846525, 1.0], [0.017600602886485017, -0.03354843240503568, 3.964490594935853, 1.0], [0.01760060288648524, -0.03354843240503568, 3.964490594935853, 1.0], [0.01760060288648535, -0.033548432405035994, 3.96449059493591, 1.0], [0.017549173404385, -0.03356958178885722, 4.059183056309905, 1.0], [0.013931428394824641, -0.03505730973498904, 10.720210264624598, 1.0], [0.005487861285213613, -0.004279760551785805, 25.2069919326413, 1.0], [-0.00708947021374795, 0.03669982802758659, 11.136683201000665, 1.0], [-0.006960041870969436, 0.036717513946674385, 6.764270466145831, 1.0], [-0.0069168643205254066, 0.03672341400416712, 5.305624953358347, 1.0], [-0.006916864320525518, 0.03672341400416743, 5.305624953358404, 1.0], [-0.0016520855058483885, 0.036738946529620814, 5.560411046317597, 1.0], [0.002730847134251313, 0.03675187736967957, 5.772520675683552, 1.0], [0.002730847134251202, 0.03675187736967919, 5.772520675683495, 1.0], [0.019052051240400658, 0.02934118317798154, 8.11056378086738, 1.0], [0.023819047054887243, 0.02717671369616534, 8.79344487370912, 1.0], [0.033129900068916696, 0.013662645476154311, 9.65329434099425, 1.0], [0.03509400436655008, 0.010355326804854903, 9.627118670136156, 1.0], [0.03672886050387458, 0.004245271242208387, 8.07910315303235, 1.0], [0.036794144326885436, 0.0032897982308764673, 7.932931770483094, 1.0], [0.037237110130903806, -0.0031933066358802165, 6.941125209391259, 1.0], [0.037237110130903806, -0.00319330663588005, 6.941125209391203, 1.0], [0.03552080253751977, -0.011414794274686446, 18.226173541476783, 0.0]]]}