{"text": "ひ", "text_ids": [27], "strokes": [[[0.0, 0.0, 0.0, 1.0], [0.018265767777213133, -0.04014097304881509, 13.59730437720527, 1.0], [0.03894183850287983, -0.018344942607665532, 10.47647183122494, 1.0], [0.0417651497447412, -0.015418634762604383, 9.586303037929397, 1.0], [0.04136238555934216, -0.016397521076146393, 7.75700019057215, 1.0], [0.04035644015565759, -0.018383452452497867, 7.334401081674102, 1.0], [0.03890399774173456, -0.021250855545735747, 6.724227937484116, 1.0], [0.038903997741734225, -0.021250855545735747, 6.724227937484123, 1.0], [0.03935935038690275, -0.020439125536291458, 9.296622526895355, 1.0], [0.040356775964151104, -0.018079961395040284, 12.658761622002643, 1.0], [0.0271162375310412, 0.012147214254890598, 42.74030888933123, 1.0], [-0.021237804768709734, 0.03928168039000371, 11.900757079945507, 1.0], [-0.021112882551052425, 0.03955349927751252, 8.998656374732434, 1.0], [-0.018557209055968193, 0.041062028180583174, 5.9027896293746664, 1.0], [-0.01855720905596825, 0.041062028180583285, 5.902789629374638, 1.0], [-0.018119051946425435, 0.041289511049319265, 4.932119051374798, 1.0], [-0.017524079281442062, 0.04159840958297839, 3.614047409864952, 1.0], [-0.0175240792814417, 0.041598409582978446, 3.6140474098649804, 1.0], [-0.017524079281442062, 0.041598409582978224, 3.614047409864952, 1.0], [-0.017524079281441673, 0.04159840958297828, 3.614047409864952, 1.0], [-0.013108971963251476, 0.04355867285878365, 3.7074536565434926, 1.0], [-0.013095407755011529, 0.04356469523091644, 3.707740621658786, 1.0], [-0.013095407755011557, 0.04356469523091655, 3.7077406216588145, 1.0], [-0.013095407755011584, 0.043564695230916606, 3.7077406216588145, 1.0], [-0.007268376549242367, 0.0448341133537728, 4.877278526553198, 1.0], [0.0010501142518118678, 0.04664629568209433, 6.546874923036569, 1.0], [0.0010501142518118678, 0.046646295682094, 6.546874923036512, 1.0], [0.021330563091252697, 0.04157170193484705, 7.962112325935408, 1.0], [0.02592567805708934, 0.04042190777308452, 8.282774783741786, 1.0], [0.042812575148231724, 0.01466576785155449, 10.142109969470198, 1.0], [0.04413049604973576, 0.004439396838845422, 9.73771773339763, 1.0], [0.041362385559342185, -0.01639752107614645, 7.757000190625291, 1.0], [0.041000131334468726, -0.017002643770767656, 7.598672678910106, 1.0], [0.03481759322321121, -0.027330181352393512, 4.8965209632689835, 1.0], [0.03481759322321082, -0.027330181352393734, 4.8965209632689835, 1.0], [0.034817593223210874, -0.027330181352393734, 4.8965209632689835, 1.0], [0.03051067160296106, -0.03204629217358029, 4.389427049347944, 1.0], [0.029350040464465654, -0.0333171917984833, 4.25277515768812, 1.0], [0.02935004046446643, -0.033317191798483525, 4.25277515768812, 1.0], [0.0293500404644661, -0.03331719179848314, 4.252775157688063, 1.0], [0.025297913358306223, -0.036648433722585805, 3.919360236465252, 1.0], [0.024222933585067996, -0.03753217147176152, 3.830909334748526, 1.0], [0.024222933585068107, -0.03753217147176169, 3.830909334748526, 1.0], [0.024222933585068107, -0.03753217147176183, 3.8309093347485828, 1.0], [0.023843119778362953, -0.03779781171845634, 3.769080148630792, 1.0], [0.023146197004550118, -0.03828523669957867, 3.6556293810938314, 1.0], [0.023146197004549673, -0.038285236699578326, 3.6556293810938314, 1.0], [0.023146197004549673, -0.03828523669957831, 3.6556293810938314, 1.0], [0.023146197004550118, -0.03828523669957859, 3.6556293810938882, 1.0], [0.012086861072493127, -0.04389985707520786, 11.006047708591723, 1.0], [-0.00786738240828, -0.010287368294432959, 23.912222459497514, 1.0], [-0.01258595138014118, 0.04375795123423444, 11.543429841287548, 1.0], [-0.012222677958344086, 0.043891007523599715, 8.896047232349076, 1.0], [-0.012056288640787116, 0.043951950999934486, 7.683472463089174, 1.0], [-0.005255162357268972, 0.04525280670472982, 7.958898212369775, 1.0], [0.002312792659359686, 0.04670033422394046, 8.265378285534894, 1.0], [0.011758887135983609, 0.04432080639607475, 9.123201472200606, 1.0], [0.024990066001233102, 0.0409877931191856, 10.324757527522593, 1.0], [0.03548726317371376, 0.03157603669857312, 10.67200999825144, 1.0], [0.039120992477762906, 0.025851402462960527, 10.600201598250408, 1.0], [0.0442723516556951, 0.014947419929065786, 10.281337563211423, 1.0], [0.04417049554880281, 0.00022728372504587924, 8.796771516800789, 1.0], [0.04411025293367199, -0.008478914921955238, 7.9187275418328795, 1.0], [0.04305320576767868, -0.011801776344829318, 20.105472841098504, 0.0]]]}