{"text": "ひ", "text_ids": [27], "strokes": [[[0.0, 0.0, 0.0, 1.0], [-0.045558807980255245, -0.0008765599074087513, 26.345611636186955, 1.0], [0.039368860148461166, -0.01742069001805123, 65.68174561599142, 1.0], [0.04056891910579186, -0.028573454327840225, 16.83543239265606, 1.0], [0.035932556529532915, -0.03435089207987948, 11.436538417414639, 1.0], [0.034662790601420496, -0.03568635983010919, 11.9842091985562, 1.0], [0.033083343835390716, -0.037139968952014726, 16.56710117472727, 1.0], [-0.008978407309749858, 0.0019906790350243397, 57.059630684547216, 1.0], [-0.019488214054134215, 0.0458104728924265, 18.25683463868458, 1.0], [-0.009053194941961107, 0.048819006562303494, 12.221508099763014, 1.0], [-0.005350209035789366, 0.04958327941302794, 9.457718136904333, 1.0], [-0.0022144614565420273, 0.04990512380972436, 5.563712873614861, 1.0], [-0.0022144614565416665, 0.04990512380972414, 5.563712873614861, 1.0], [-0.0014517429526221398, 0.0499264999226168, 5.013004779284529, 1.0], [0.00054562529522513, 0.04998247859487179, 3.570838559643846, 1.0], [0.0005456252952251439, 0.04998247859487179, 3.5708385596437893, 1.0], [0.0005456252952251023, 0.04998247859487168, 3.570838559643846, 1.0], [0.00054562529522513, 0.04998247859487176, 3.5708385596437893, 1.0], [0.004001351933348135, 0.04983465949859678, 3.859879876804598, 1.0], [0.0048891820313240325, 0.04979668246613128, 3.9341391015079807, 1.0], [0.004889182031323991, 0.04979668246613095, 3.934139101507924, 1.0], [0.00488918203132363, 0.049796682466131115, 3.9341391015079807, 1.0], [0.008909995559417669, 0.049097269789467046, 4.972592915409848, 1.0], [0.013363871098383426, 0.04832252682004767, 6.122893472192004, 1.0], [0.013363871098383384, 0.04832252682004734, 6.122893472192004, 1.0], [0.018110884338237238, 0.0466918170073124, 6.6644159612857266, 1.0], [0.02016489983961023, 0.04598621475504139, 6.898730788470573, 1.0], [0.025999197637868926, 0.042059546901774936, 8.60032364357653, 1.0], [0.03557031270059949, 0.03561788225998008, 11.391772001080994, 1.0], [0.04763767935274571, 0.013073707095943243, 13.43001847515609, 1.0], [0.049071101522892346, -0.0027740940847088558, 11.409316840539987, 1.0], [0.04855871583359439, -0.011025074586663686, 10.07775644203997, 1.0], [0.042455320263089624, -0.026080594390280876, 9.071644649456005, 1.0], [0.0401522590353261, -0.028637703260196323, 8.931010433742415, 1.0], [0.03062766363919589, -0.03921294419439325, 8.349400189352764, 1.0], [0.029954194558660996, -0.03968586949040631, 7.96554431743732, 1.0], [0.02638250150578414, -0.04219399353517839, 5.929793322101148, 1.0], [0.026382501505783806, -0.042193993535178276, 5.929793322101148, 1.0], [0.023343518795023832, -0.0438063804779979, 5.539851545446879, 1.0], [0.019781826433962535, -0.04569610042835526, 5.082839189881156, 1.0], [0.019781826433962646, -0.045696100428355146, 5.082839189881156, 1.0], [0.01940282603026522, -0.0458473063626032, 5.069770374375537, 1.0], [0.016509430836136874, -0.04700165479919616, 4.969999377806232, 1.0], [0.016509430836137318, -0.04700165479919616, 4.969999377806289, 1.0], [0.016509430836136985, -0.047001654799196324, 4.969999377806289, 1.0], [0.013274514818039873, -0.04802931051879783, 5.413187831859659, 1.0], [0.012901051601567737, -0.04814795088173837, 5.4643528650871644, 1.0], [0.012901051601567737, -0.04814795088173812, 5.464352865087108, 1.0], [0.011551092113913808, -0.048496577832370366, 6.210720644849744, 1.0], [0.011182295615213556, -0.048591819504377715, 6.414621448123057, 1.0], [0.01082018843794863, -0.04866830202558231, 6.838549582027838, 1.0], [0.008504639258589464, -0.049157381089270855, 9.549422230241646, 1.0], [0.011346504084920439, -0.048392054139829596, 12.62883737158893, 1.0], [0.026528042975811905, -0.012159682308106962, 55.26622709213541, 1.0], [0.019025320979700444, 0.04605363247866224, 16.58042932013177, 1.0], [0.016357566225281395, 0.04742680537355807, 10.018337035281093, 1.0], [0.016022912479951468, 0.04753953734981098, 7.9914593188025265, 1.0], [0.0163415579035312, 0.047434185639231866, 7.12511328842379, 1.0], [0.016501785934417312, 0.04738121046404538, 6.689478855159109, 1.0], [0.017158042230635773, 0.0471177086802439, 6.878765126782923, 1.0], [0.02178981589818918, 0.04525794652543494, 8.214723613714796, 1.0], [0.02263247070594787, 0.04463779263632739, 8.535689859896138, 1.0], [0.03720968701665983, 0.03390965425248893, 14.088134770840043, 1.0], [0.03587023989399718, 0.03460046930771893, 18.141986258921293, 0.0]]]}