{"text": "ふ", "text_ids": [28], "strokes": [[[0.0, 0.0, 0.0, 1.0], [0.005623628285494511, 0.006348791740178941, 10.974547605556799, 1.0], [0.00837965289800555, 0.00123604020315798, 4.60407561881761, 1.0], [0.0075195022821853245, 0.0040729140806741206, 4.338070840438329, 1.0], [0.007519502282185335, 0.004072914080674022, 4.338070840438334, 1.0], [0.0075195022821853245, 0.004072914080674117, 4.338070840438327, 1.0], [0.008303593231361935, 0.0021490987571457856, 3.249708640545851, 1.0], [0.00868004492758162, 0.0012254513887933957, 2.727172579287437, 1.0], [0.008680044927581239, 0.0012254513887933888, 2.7271725792874264, 1.0], [0.008680044927581627, 0.0012254513887933888, 2.7271725792874335, 1.0], [0.00868004492758162, 0.0012254513887933957, 2.7271725792874335, 1.0], [0.008680044927581232, 0.0012254513887933853, 2.7271725792874335, 1.0], [0.008605289143668524, 0.001506779093182583, 2.4746872835837053, 1.0], [0.008510937985384479, 0.0018618498767017967, 2.156019230726102, 1.0], [0.008510937985384076, 0.0018618498767017863, 2.156019230726109, 1.0], [0.008510937985384479, 0.0018618498767018973, 2.156019230726109, 1.0], [0.008510937985384104, 0.0018618498767017863, 2.156019230726109, 1.0], [0.008510937985384465, 0.0018618498767018904, 2.156019230726102, 1.0], [0.008510937985384076, 0.0018618498767017932, 2.156019230726109, 1.0], [0.008510937985384492, 0.0018618498767017932, 2.156019230726109, 1.0], [0.008584865462064162, 0.0015928358749483784, 2.585326204739232, 1.0], [0.008643624164029529, 0.0013790193852814617, 2.926546028148465, 1.0], [0.008643624164029556, 0.0013790193852815519, 2.9265460281484934, 1.0], [0.008643624164029945, 0.0013790193852815588, 2.926546028148479, 1.0], [0.0086436241640295, 0.0013790193852814617, 2.926546028148479, 1.0], [0.008371931459309534, 0.0018261229401383, 3.129495288405934, 1.0], [0.0056236282854945085, 0.006348791740179036, 5.182425258179592, 1.0], [0.0056236282854945085, 0.0063487917401789315, 5.18242525817962, 1.0], [0.00562362828549412, 0.006348791740179036, 5.182425258179592, 1.0], [-0.0010574951083270057, 0.00821412203041652, 4.477719072267504, 1.0], [-0.0026282669093265487, 0.00865267226317605, 4.312038461452218, 1.0], [-0.0026282669093266597, 0.008652672263176064, 4.312038461452218, 1.0], [-0.0026282669093265487, 0.00865267226317594, 4.31203846145219, 1.0], [-0.006339521886734423, 0.0064968378368207985, 2.2579723410911754, 1.0], [-0.006907869226057212, 0.00616669001143616, 1.943409471817347, 1.0], [-0.006907869226057184, 0.006166690011436049, 1.943409471817347, 1.0], [-0.006907869226056851, 0.00616669001143616, 1.943409471817347, 1.0], [-0.006907869226057184, 0.006166690011436049, 1.943409471817347, 1.0], [-0.006907869226056795, 0.006166690011436132, 1.9434094718173611, 1.0], [-0.006907869226057239, 0.006166690011436049, 1.943409471817347, 1.0], [-0.006907869226057184, 0.006166690011436077, 1.9434094718173611, 1.0], [-0.007002723257910848, 0.006039151478455962, 1.8929067472611223, 1.0], [-0.007700412930496919, 0.005101054113718778, 1.5214388331241935, 1.0], [-0.007700412930496892, 0.005101054113718806, 1.5214388331241935, 1.0], [-0.007700412930496836, 0.005101054113718695, 1.521438833124165, 1.0], [-0.007700412930496919, 0.005101054113718778, 1.5214388331241935, 1.0], [-0.007700412930496892, 0.005101054113718806, 1.5214388331241935, 1.0], [-0.0077004129304969055, 0.005101054113718667, 1.521438833124165, 1.0], [-0.007700412930496878, 0.005101054113718806, 1.5214388331241935, 1.0], [-0.007700412930496517, 0.005101054113718806, 1.5214388331241935, 1.0], [-0.007700412930496878, 0.005101054113718667, 1.521438833124165, 1.0], [-0.0077004129304969055, 0.005101054113718778, 1.5214388331241935, 1.0], [-0.007610902938806174, 0.005240147148486474, 1.766968814648095, 1.0], [-0.0075520510500675445, 0.005331599372443985, 1.9284022242801768, 1.0], [-0.007552051050067128, 0.005331599372443846, 1.9284022242801484, 1.0], [-0.007552051050067149, 0.0053315993724440125, 1.9284022242801484, 1.0], [-0.00755205105006751, 0.0053315993724437905, 1.9284022242801484, 1.0], [-0.007552051050067149, 0.0053315993724440125, 1.9284022242801484, 1.0], [-0.007552051050067149, 0.0053315993724440125, 1.9284022242801484, 1.0], [-0.007552051050067125, 0.005331599372443846, 1.9284022242801484, 1.0], [-0.007552051050067536, 0.005331599372443985, 1.9284022242801484, 1.0], [-0.007807714985927846, 0.004914287309085941, 0.40933465055420015, 1.0], [-0.007876607318076514, 0.004801836559309214, 0.0, 1.0], [-0.007876607318076531, 0.004801836559309325, 0.0, 0.0]], [[-0.04670205404346543, 0.321396449310093, 0.0, 1.0], [0.013328693758942911, -0.011898592746764858, 13.23457887216856, 1.0], [0.01659472223755305, -0.0013718979389876207, 2.846743689900636, 1.0], [0.017097454505150232, 0.0002484520321390793, 1.247768062221148, 1.0], [0.01666498449231556, 0.0021596626976770894, 2.3498147607980897, 1.0], [0.016162004831771527, 0.004382475987046053, 3.631538482454154, 1.0], [0.016162004831771118, 0.004382475987046386, 3.631538482454161, 1.0], [0.016040655408790322, 0.004673979329269162, 3.842187064795361, 1.0], [0.01539361931821355, 0.006228277473494859, 4.965366984859898, 1.0], [0.015393619318213536, 0.006228277473494859, 4.965366984859898, 1.0], [0.01539361931821355, 0.006228277473494859, 4.965366984859898, 1.0], [0.01205819135672985, 0.010649473290812839, 4.7746632584113655, 1.0], [0.010850758284297699, 0.012249956980215082, 4.705628043437706, 1.0], [0.010850758284297712, 0.012249956980215082, 4.705628043437713, 1.0], [0.009256861142178163, 0.013296817581187503, 4.401293951823803, 1.0], [0.006079030104183092, 0.015383994992020922, 3.794528121900342, 1.0], [0.006079030104183453, 0.015383994992021033, 3.794528121900356, 1.0], [0.006079030104183036, 0.015383994992021144, 3.794528121900356, 1.0], [0.0060790301041834804, 0.015383994992020755, 3.794528121900356, 1.0], [0.00365022945034299, 0.01627448573827739, 3.820090315252429, 1.0], [0.003234647729162321, 0.016426853811976228, 3.824464153135594, 1.0], [0.0032346477291622655, 0.016426853811976394, 3.824464153135608, 1.0], [0.0032346477291627096, 0.016426853811976283, 3.824464153135608, 1.0], [-0.00010801903481205688, 0.01686171137964465, 3.846097116151114, 1.0], [-0.00175216497746436, 0.017075603267768358, 3.856737646865369, 1.0], [-0.0017521649774643322, 0.017075603267767914, 3.856737646865369, 1.0], [-0.0017521649774643322, 0.017075603267768136, 3.856737646865355, 1.0], [-0.003022073274311865, 0.016867880445893935, 3.9109966561965734, 1.0], [-0.006591187072080867, 0.016284069479776786, 4.063493162706592, 1.0], [-0.006591187072081256, 0.016284069479776453, 4.063493162706578, 1.0], [-0.006591187072080812, 0.016284069479776786, 4.06349316270655, 1.0], [-0.006967426527121623, 0.01608433385916208, 4.131941229251069, 1.0], [-0.011363488863006838, 0.013750580109643806, 4.931703091727428, 1.0], [-0.01136348886300681, 0.013750580109643584, 4.931703091727428, 1.0], [-0.011363488863006824, 0.013750580109643584, 4.9317030917274, 1.0], [-0.013191054686125761, 0.011849059233032033, 5.045815046341886, 1.0], [-0.014256337062015637, 0.010740668688836608, 5.112330546134757, 1.0], [-0.01425633706201522, 0.010740668688836386, 5.112330546134757, 1.0], [-0.015639823718563095, 0.007306413212970986, 5.128571832624203, 1.0], [-0.017011929687723706, 0.003900408235794961, 5.144679516810072, 1.0], [-0.01701192968772329, 0.00390040823579485, 5.144679516810044, 1.0], [-0.017045698532747178, 0.0034993199477704184, 5.167884072520593, 1.0], [-0.017182755171515397, 0.0018714344643518954, 5.2620637345006855, 1.0], [-0.017182755171515043, 0.0018714344643521175, 5.2620637345006855, 1.0], [-0.01718275517151542, 0.0018714344643521175, 5.262063734500714, 1.0], [-0.01571602641946429, -0.0053878195694271325, 4.243588790070049, 1.0], [-0.01566598631169787, -0.005635482168013017, 4.208841672782398, 1.0], [-0.01566598631169787, -0.005635482168013239, 4.208841672782427, 1.0], [-0.015772598414333608, -0.005356018364578219, 4.273828640649157, 1.0], [-0.01631021589927624, 