{"text": "ふ", "text_ids": [28], "strokes": [[[0.0, 0.0, 0.0, 1.0], [0.005389077612703273, -0.030476209060157657, 12.14312887537467, 1.0], [0.01011331761950361, -0.028342638170215328, 3.6259115405904634, 1.0], [0.026357505110111465, -0.0164843598188641, 13.81694025645972, 1.0], [0.03078153232026873, -0.0033867549220914506, 6.407987786383252, 1.0], [0.030918191544063403, -0.002982166877367562, 6.17912353089946, 1.0], [0.030940669376515892, -0.0027084187682476363, 5.279555354525208, 1.0], [0.030977239408604584, -0.0022630476607044397, 3.816014012411131, 1.0], [0.030977239408604973, -0.002263047660704287, 3.816014012411131, 1.0], [0.030977239408604584, -0.002263047660704412, 3.816014012411131, 1.0], [0.030977239408604557, -0.0022630476607044397, 3.816014012411131, 1.0], [0.030941010087558785, 0.0022322584397950485, 4.280542258412552, 1.0], [0.03093810477628628, 0.002592747212720306, 4.3177938300845256, 1.0], [0.030938104776286335, 0.002592747212720306, 4.3177938300845256, 1.0], [0.03093810477628628, 0.002592747212720306, 4.3177938300845256, 1.0], [0.0288069715819832, 0.01147173860367344, 5.07050167725005, 1.0], [0.028782320748315215, 0.011574441963795305, 5.079208254572876, 1.0], [0.028782320748314938, 0.011574441963795382, 5.079208254572862, 1.0], [0.015284021929923453, 0.025596313624686565, 6.798295986424222, 1.0], [0.012683556300777832, 0.02829764627415752, 7.129480576446326, 1.0], [0.0023388589300238904, 0.028788390929597157, 6.586838293783046, 1.0], [-0.010101991997984727, 0.029378575531739476, 5.934240010440874, 1.0], [-0.010101991997985171, 0.02937857553173935, 5.9342400104408455, 1.0], [-0.017032818165159003, 0.025090672340956285, 5.0435290637440175, 1.0], [-0.021863671951362074, 0.02210196177969978, 4.42269480164083, 1.0], [-0.02186367195136235, 0.022101961779699725, 4.422694801640802, 1.0], [-0.021863671951362018, 0.022101961779699697, 4.42269480164083, 1.0], [-0.022663898899857204, 0.021280365528440814, 5.4265865076110344, 1.0], [-0.022687316820358516, 0.021256322254551985, 5.455964493701458, 1.0], [-0.022687316820358128, 0.02125632225455193, 5.455964493701458, 1.0], [-0.025827940561741425, 0.017172897281410332, 13.349508327733275, 1.0], [-0.02903667650382985, 0.010091328305187108, 19.680312322574935, 1.0], [-0.0036324448597792602, 0.03011239983500613, 39.71306160703256, 1.0], [-0.002678368815137555, 0.030930929315067135, 9.869243040472014, 1.0], [0.0005222282749492435, 0.03101116610187188, 4.9527377473079355, 1.0], [0.000954823152078399, 0.031022010960488233, 4.28821955169002, 1.0], [0.0009548231520788986, 0.031022010960488178, 4.2882195516900765, 1.0], [0.000954823152078843, 0.03102201096048801, 4.288219551689963, 1.0], [0.001858402916067925, 0.030977390551742146, 3.684466351661854, 1.0], [0.0019406361876392886, 0.030973329723538223, 3.629519790396614, 1.0], [0.0019406361876396772, 0.030973329723538057, 3.6295197903965573, 1.0], [0.0019406361876392886, 0.030973329723538057, 3.6295197903965573, 1.0], [0.0019962576885684813, 0.030969481663126963, 3.6206799123524434, 1.0], [0.0021795929162023997, 0.030956797988295315, 3.591542599867182, 1.0], [0.002179592916202011, 0.030956797988295204, 3.591542599867182, 1.0], [0.0021795929162019556, 0.030956797988295537, 3.591542599867182, 1.0], [0.002179592916202344, 0.030956797988295204, 3.5915425998671253, 1.0], [0.0010711159667097236, 0.03101223637243955, 3.950471227882872, 1.0], [0.0007545549234863613, 0.03102806857601159, 4.052974776539713, 1.0], [0.0007545549234867499, 0.03102806857601159, 4.05297477653977, 1.0], [0.0007545549234863613, 0.03102806857601148, 4.052974776539713, 1.0], [-0.0030364805200512324, 0.030731328933105817, 5.94954407826782, 1.0], [-0.005743533064862194, 0.030519437006101158, 7.303821249008649, 1.0], [-0.008115128225625712, 0.029673205855350937, 7.229792874710199, 1.0], [-0.015012678771178845, 0.027212026041826376, 7.014488651638317, 1.0], [-0.01501267877117854, 0.02721202604182682, 7.0144886516383735, 1.0], [-0.026437584874303727, 0.016153541977945496, 8.494703847163692, 1.0], [-0.026732141644389112, 0.01586843229577406, 8.532866734726099, 1.0], [-0.030711799665239015, 0.0043826086295137845, 7.971575532632926, 1.0], [-0.03078239732250107, 0.004178854377688612, 7.961618434886873, 1.0], [-0.029581206178537225, -0.007849810647727384, 5.947991001416199, 1.0], [-0.029364770462767295, -0.010017186537577993, 5.5851670686502075, 1.0], [-0.029364770462767337, -0.01001718653757755, 5.585167068650151, 1.0], [-0.020145950941575758, -0.023466579605666893, 17.097212344089996, 0.0]], [[0.0, 0.0, 0.0, 1.0], [-0.0033138857258680765, -0.008349639683053134, 6.152737179843723, 1.0], [-0.003723236521397, -0.008125115337971, 4.93361483100965, 1.0], [-0.005243167477409161, -0.007291450163269708, 0.4069794429811857, 1.0], [-0.0052431674774087444, -0.007291450163269597, 0.4069794429811857, 1.0], [-0.005243167477409133, -0.007291450163269819, 0.4069794429811875, 1.0], [-0.005243167477408717, -0.007291450163269764, 0.4069794429811857, 1.0], [-0.005243167477409161, -0.007291450163269875, 0.4069794429811857, 1.0], [-0.005243167477409133, -0.007291450163269653, 0.4069794429811857, 1.0], [-0.005243167477408689, -0.00729145016326993, 0.4069794429811857, 1.0], [-0.006624043627483617, 0.003719498584361769, 3.0391784611440684, 1.0], [-0.0068855071787203015, 0.005804379087144262, 3.5375751514013096, 1.0], [-0.00688550717872069, 0.005804379087144262, 3.537575151401306, 1.0], [-0.006885507178720773, 0.0058043790871444845, 3.537575151401313, 1.0], [-0.005626744259365379, 0.006664566082544676, 2.7986524926017182, 1.0], [-0.0029262120873785324, 0.00850999910196798, 1.2133782666012394, 1.0], [-0.0029262120873785324, 0.008509999101967924, 1.2133782666012394, 1.0], [-0.002926212087378921, 0.008509999101967813, 1.2133782666012465, 1.0], [-0.0029262120873780884, 0.008509999101968035, 1.2133782666012394, 1.0], [-0.0029262120873789765, 0.008509999101967813, 1.2133782666012394, 1.0], [-0.0029262120873785324, 0.008509999101967813, 1.2133782666012465, 1.0], [-0.0029262120873785324, 0.008509999101968035, 1.2133782666012394, 1.0], [-0.002926212087378477, 0.008509999101967813, 1.2133782666012465, 1.0], [-0.0029262120873785324, 0.008509999101968146, 1.2133782666012394, 1.0], [-0.0029262120873785324, 0.008509999101967813, 1.2133782666012394, 1.0], [-0.0029262120873785324, 0.008509999101968035, 1.2133782666012465, 1.0], [-0.0029262120873785324, 0.008509999101967924, 1.2133782666012394, 1.0], [-0.0027545755528879945, 0.008554493665769991, 1.18634080012216, 1.0], [-0.001621994582382713, 0.008848100713961249, 1.0079282021527405, 1.0], [-0.0016219945823831572, 0.008848100713961027, 1.0079282021527405, 1.0], [-0.0016219945823827686, 0.008848100713961027, 1.0079282021527334, 1.0], [-0.0016219945823827686, 0.008848100713960916, 1.0079282021527405, 1.0], [-0.0016219945823827686, 0.008848100713961027, 1.0079282021527334, 1.0], [-0.001621994582382713, 0.008848100713961138, 1.0079282021527405, 1.0], [-0.0016219945823831572, 0.008848100713961027, 1.0079282021527405, 1.0], [-0.0016219945823827686, 0.008848100713960916, 1.0079282021527334, 1.0], [-0.0016219945823827686, 0.008848100713961138, 1.0079282021527405, 1.0], [-0.001621994582382713, 0.008848100713961027, 1.0079282021527405, 1.0], [-0.0016219945823828796, 0.008848100713961138, 1.0079282021527334, 1.0], [-0.0016219945823831017, 0.008848100713960916, 1.0079282021527405, 1.0], [-0.0016219945823827686, 0.008848100713961027, 1.0079282021527405, 1.0], [-0.001621994582382713, 0.008848100713960916, 1.0079282021527334, 1.0], [-0.0016219945823828241, 0.008848100713961249, 1.0079282021527334, 1.0], [-0.001621994582382713, 0.008848100713960916, 1.0079282021527476, 1.0], [-0.0015551996230607212, 0.008859180918489362, 1.11575890671498, 1.0], [-0.0013702425539970364, 0.008889862307847829, 1.4143450765887167, 1.0], [-0.0013702425539970364, 0.008889862307848051, 1.4143450765887309, 1.0], [-0.0013702425539970364, 0.008889862307848051, 1.4143450765887167, 1.0], [-0.001370242553996981, 0.00888986230784794, 