{"text": "ふ", "text_ids": [28], "strokes": [[[0.0, 0.0, 0.0, 1.0], [-0.007251601324172225, -0.00517585720300896, 11.913299732028314, 1.0], [-0.0057180826139566435, -0.006430213221506485, 6.639524922307608, 1.0], [0.0010289183278447585, 0.00014113927123881632, 26.434271303140193, 1.0], [0.009280278193321423, -0.0002199482456130119, 21.178291702287908, 1.0], [0.009381879970608497, -0.0016695747352761456, 10.229112532573339, 1.0], [0.00920885035278881, 0.0007991647315446545, 8.022031071175306, 1.0], [0.00917663658960258, 0.0012587819320829356, 7.611128010612958, 1.0], [0.00917663658960258, 0.0012587819320829356, 5.96648171923087, 1.0], [0.009176636589602584, 0.0012587819320829356, 5.391215674184167, 1.0], [0.009176636589602855, 0.001258781932082973, 5.391215674184181, 1.0], [0.009004914564501983, 0.0018418815514146987, 4.322369647545813, 1.0], [0.008884385192515838, 0.0022511513051484988, 3.572161045792754, 1.0], [0.008884385192515817, 0.0022511513051485686, 3.5721610457927397, 1.0], [0.00888438519251554, 0.002251151305148462, 3.572161045792754, 1.0], [0.008884385192515831, 0.002251151305148567, 3.5721610457927397, 1.0], [0.008631435867416826, 0.0028802055904587494, 3.0859367471241796, 1.0], [0.008579097051652884, 0.003010365875849185, 2.9853300189667493, 1.0], [0.008579097051652898, 0.003010365875849184, 2.985330018966806, 1.0], [0.008579097051652912, 0.003010365875849191, 2.9853300189667777, 1.0], [0.00857909705165294, 0.0030103658758491216, 2.9853300189667777, 1.0], [0.008389669908581726, 0.003384432147231161, 3.0383191050352707, 1.0], [0.00817521658059503, 0.003807918219420104, 3.098308849219279, 1.0], [0.008175216580595002, 0.0038079182194201665, 3.0983088492192223, 1.0], [0.008175216580595335, 0.0038079182194202116, 3.0983088492192508, 1.0], [0.00817521658059503, 0.00380791821942017, 3.0983088492192508, 1.0], [0.00817521658059528, 0.0038079182194202116, 3.0983088492192508, 1.0], [0.00726808452981384, 0.005151444419206418, 3.3983480080807738, 1.0], [0.007251601324172491, 0.0051758572030089975, 3.403799923435116, 1.0], [0.007251601324172241, 0.0051758572030088865, 3.403799923435116, 1.0], [0.007251601324172241, 0.00517585720300897, 3.403799923435116, 1.0], [0.007154505211963702, 0.005291312805941736, 3.575076255980406, 1.0], [0.006906707671117979, 0.005585965329434034, 4.0121880315636815, 1.0], [0.006906707671118256, 0.0055859653294340755, 4.0121880315636815, 1.0], [0.006906707671117923, 0.00558596532943402, 4.0121880315636815, 1.0], [0.006820957395302557, 0.005661846941622084, 4.037178857796192, 1.0], [0.00497692647294623, 0.00729365556243744, 4.574598194465807, 1.0], [0.004976926472946119, 0.007293655562437454, 4.574598194465807, 1.0], [0.00497692647294623, 0.007293655562437468, 4.574598194465807, 1.0], [0.004589083688054385, 0.0075255454334911265, 5.0716865121069645, 1.0], [0.003795422215658706, 0.008000072906124978, 6.088902408490384, 1.0], [0.003795422215658706, 0.00800007290612506, 6.088902408490355, 1.0], [-0.0003612607032312254, 0.008739785288469915, 9.376862433752194, 1.0], [-0.0021381996726284602, 0.009056004683594049, 11.450357862380315, 1.0], [-0.0023414679383733095, 0.008993194653039022, 15.69708628792867, 1.0], [-0.004930381605597944, 0.00819321859210792, 9.627400030657213, 1.0], [-0.005376592321991891, 0.007923591131907493, 11.61552526302063, 1.0], [-0.006217446480094535, 0.007371945170176225, 13.170964385735772, 1.0], [-0.006869371783903899, 0.006836804777778149, 8.971525177087472, 1.0], [-0.006987699287785032, 0.0067184430942599516, 7.989027705337719, 1.0], [-0.007216541691864253, 0.006489534587625467, 6.088902408490355, 1.0], [-0.007216541691864281, 0.006489534587625467, 6.088902408490355, 1.0], [-0.007348972917268243, 0.006343820632349811, 5.3493403922128095, 1.0], [-0.007402252863448366, 0.006285196756665362, 5.051798597941001, 1.0], [-0.007402252863448422, 0.00628519675666539, 5.0517985979409445, 1.0], [-0.007402252863448366, 0.006285196756665418, 5.0517985979409445, 1.0], [-0.007402252863448394, 0.006285196756665418, 5.051798597941001, 1.0], [-0.007402252863448394, 0.00628519675666539, 5.0517985979409445, 1.0], [-0.007402252863448144, 0.00628519675666539, 5.0517985979409445, 1.0], [-0.008942089855013019, 0.0036263379313122845, 5.539002194480759, 1.0], [-0.008968995613242908, 0.00357987936906512, 5.547515161924252, 1.0], [-0.008968995613242936, 0.003579879369065009, 5.547515161924196, 1.0], [-0.009148145984387901, 0.0029775982129808254, 12.956811111820286, 1.0], [-0.008299484284901987, 0.004848603655944639, 4.495911181207873, 0.0]], [[0.0, 0.0, 0.0, 1.0], [-0.0012001780454979523, -0.005078124794463346, 30.989713062193985, 1.0], [0.009319240790211545, 0.0012783433028981661, 25.339440071951316, 1.0], [0.007337205221900872, 0.004775413937844697, 11.190869155534102, 1.0], [0.0065495859901838396, 0.006165076227863608, 9.110941962707003, 1.0], [0.006015134182512654, 0.006656476304143399, 5.728445122363425, 1.0], [0.005920624689663071, 0.006743372767639144, 5.130303145185707, 1.0], [0.005920624689663072, 0.006743372767639144, 5.130303145185721, 1.0], [0.005050691474002382, 0.007354588112698235, 4.634794842316154, 1.0], [0.004297896046103039, 0.007883502412024956, 4.20600746166329, 1.0], [0.004297896046103349, 0.007883502412024845, 4.206007461663276, 1.0], [0.004297896046103315, 0.007883502412024901, 4.206007461663276, 1.0], [0.0029545272109416897, 0.00842592816512372, 3.3026431040829607, 1.0], [0.001579929111635285, 0.008980963677120202, 2.3782782562401223, 1.0], [0.001579929111635306, 0.008980963677120202, 2.378278256240108, 1.0], [0.001579929111635285, 0.008980963677120202, 2.3782782562401223, 1.0], [0.0015799291116355627, 0.008980963677120202, 2.378278256240108, 1.0], [0.0015799291116352712, 0.008980963677120257, 2.3782782562401223, 1.0], [0.001579929111635306, 0.008980963677120202, 2.3782782562401223, 1.0], [0.0010486656260991767, 0.009094490477692452, 2.545985844173572, 1.0], [0.0008870060496561499, 0.009129035849236355, 2.5970180313457547, 1.0], [0.0008870060496563997, 0.0091290358492363, 2.597018031345783, 1.0], [0.0008870060496561985, 0.009129035849236189, 2.5970180313457547, 1.0], [0.0008870060496561499, 0.0091290358492363, 2.5970180313457547, 1.0], [0.0008870060496561499, 0.0091290358492363, 2.5970180313457547, 1.0], [0.0005992157075534743, 0.009161209991948582, 2.4430006666661086, 1.0], [-0.00041680609409252417, 0.009274798343128388, 1.899254135064865, 1.0], [-0.0004168060940928503, 0.009274798343128499, 1.899254135064865, 1.0], [-0.0004168060940925519, 0.009274798343128388, 1.899254135064865, 1.0], [-0.0004168060940927948, 0.009274798343128388, 1.899254135064865, 1.0], [-0.0004168060940928295, 0.009274798343128388, 1.899254135064865, 1.0], [-0.000416806094092545, 0.009274798343128499, 1.899254135064865, 1.0], [-0.0004168060940928295, 0.009274798343128388, 1.899254135064865, 1.0], [-0.000416806094092545, 0.009274798343128388, 1.899254135064865, 1.0], [-0.0018141340154447239, 0.009212630443896197, 2.517483420446382, 1.0], [-0.002171427124983194, 0.009196734274006135, 2.675563038270127, 1.0], [-0.002171427124983173, 0.009196734274005913, 2.675563038270127, 1.0], [-0.002171427124983194, 0.009196734274006135, 2.6755630382701554, 1.0], [-0.0021714271249831454, 0.009196734274005913, 2.6755630382700986, 1.0], [-0.0021714271249831905, 0.009196734274006024, 2.6755630382701554, 1.0], [-0.0022606183899127677, 0.00917793305236414, 2.641888266689051, 1.0], [-0.003467542854552901, 0.008923517394255898, 2.1862056872966775, 1.0], [-0.00346754285455313, 0.008923517394255787, 2.1862056872966775, 1.0], [-0.0034675428545528804, 0.008923517394255787, 2.1862056872966775, 1.0], [-0.003467542854552851, 0.008923517394255787, 2.186205687296649, 1.0], [-0.00346754285455313, 0.008923517394255787, 2.186205687296706, 1.0], [-0.0034675428545528804, 0.008923517394255787, 2.186205687296649, 1.0], [-0.0034675428545531254, 0.008923517394255898, 2.1862056872966775, 1.0], [-0.004975183066569222, 0.00827885046157717, 2.699658629070143, 1.0], 