{"text": "ふ", "text_ids": [28], "strokes": [[[0.0, 0.0, 0.0, 1.0], [0.003988623778846283, -0.030721758885739026, 12.14312887537467, 1.0], [0.008814174822837308, -0.028684967810561755, 3.6259115405904634, 1.0], [0.025615028889781795, -0.017140894065620187, 13.81694025645972, 1.0], [0.03064524018715696, -0.004088336547757171, 6.407987786383252, 1.0], [0.030800624577615537, -0.0036851400269872076, 6.17912353089946, 1.0], [0.030835727196514853, -0.00341076989276716, 5.279555354525208, 1.0], [0.03089283696909839, -0.0029643867891643166, 3.816014012411131, 1.0], [0.030892836969098836, -0.0029643867891641917, 3.816014012411131, 1.0], [0.03089283696909842, -0.0029643867891643028, 3.816014012411131, 1.0], [0.03089283696909839, -0.0029643867891643305, 3.816014012411131, 1.0], [0.031063663648905726, 0.0015501893788174292, 4.280542258412552, 1.0], [0.031077362627086713, 0.001912223462078741, 4.3177938300845256, 1.0], [0.031077362627086658, 0.001912223462078741, 4.3177938300845256, 1.0], [0.031077362627086658, 0.001912223462078741, 4.3177938300845256, 1.0], [0.02935388060854094, 0.010875288321694807, 5.07050167725005, 1.0], [0.029333945079085377, 0.010978964160260285, 5.079208254572876, 1.0], [0.029333945079085044, 0.010978964160260361, 5.079208254572862, 1.0], [0.016472924921784038, 0.02535997697441645, 6.798295986424222, 1.0], [0.013995231893589699, 0.028130498655604817, 7.129480576446326, 1.0], [0.0036665134115016484, 0.028854363858264013, 6.586838293783046, 1.0], [-0.008755120814000816, 0.029724906393777447, 5.934240010440874, 1.0], [-0.00875512081400126, 0.02972490639377732, 5.9342400104408455, 1.0], [-0.015887912446735042, 0.025574232044828712, 5.0435290637440175, 1.0], [-0.020859538142440293, 0.022681171331680086, 4.42269480164083, 1.0], [-0.02085953814244068, 0.022681171331680017, 4.422694801640802, 1.0], [-0.020859538142440237, 0.02268117133167999, 4.42269480164083, 1.0], [-0.021698125144003932, 0.02187407849761308, 5.4265865076110344, 1.0], [-0.02172266563688907, 0.02185045965315821, 5.455964493701458, 1.0], [-0.021722665636888627, 0.021850459653158155, 5.455964493701458, 1.0], [-0.0250534071348803, 0.017820428404593053, 13.349508327733275, 1.0], [-0.028590415933356983, 0.010781462456131874, 19.680312322574935, 1.0], [-0.0022476247056149035, 0.0303172116486351, 39.71306160703256, 1.0], [-0.0012552313135208992, 0.031117788058805218, 9.869243040472014, 1.0], [0.0019511124777051858, 0.031126851561542657, 4.9527377473079355, 1.0], [0.002384484082864513, 0.03112807659073047, 4.28821955169002, 1.0], [0.0023844840828650127, 0.031128076590730414, 4.2882195516900765, 1.0], [0.0023844840828650127, 0.031128076590730303, 4.288219551689963, 1.0], [0.0032865872791472683, 0.031063086559858066, 3.684466351661854, 1.0], [0.0033686861707799, 0.031057171926672067, 3.629519790396614, 1.0], [0.003368686170780344, 0.03105717192667201, 3.6295197903965573, 1.0], [0.0033686861707799, 0.0310571719266719, 3.6295197903965573, 1.0], [0.003424166043573429, 0.031052065454057476, 3.6206799123524434, 1.0], [0.0036070344476573646, 0.031035233899648018, 3.591542599867182, 1.0], [0.0036070344476569205, 0.03103523389964813, 3.591542599867182, 1.0], [0.0036070344476569205, 0.03103523389964824, 3.591542599867182, 1.0], [0.0036070344476573646, 0.031035233899648018, 3.5915425998671253, 1.0], [0.0025004011305603813, 0.031115663827613882, 3.950471227882872, 1.0], [0.002184366595528897, 0.031138633165780916, 4.052974776539713, 1.0], [0.002184366595529341, 0.031138633165780805, 4.05297477653977, 1.0], [0.0021843665955289526, 0.031138633165780805, 4.052974776539713, 1.0], [-0.001622767173477646, 0.030925368363939554, 5.94954407826782, 1.0], [-0.004341314998028589, 0.030773083049507433, 7.303821249008649, 1.0], [-0.0067534117702404695, 0.02997635922666586, 7.229792874710199, 1.0], [-0.013768757256836961, 0.027659166592013285, 7.014488651638317, 1.0], [-0.013768757256836628, 0.02765916659201406, 7.0144886516383735, 1.0], [-0.02571039929898916, 0.016810506686943283, 8.494703847163692, 1.0], [-0.026018278547860124, 0.016530806688313193, 8.532866734726099, 1.0], [-0.03052958820461968, 0.005086722027390467, 7.971575532632926, 1.0], [-0.030609617164716885, 0.00488370821003925, 7.961618434886873, 1.0], [-0.02996176476020801, -0.007221189592005572, 5.947991001416199, 1.0], [-0.029845031965774885, -0.009402301426928217, 5.5851670686502075, 1.0], [-0.0298450319657749, -0.009402301426927995, 5.585167068650151, 1.0], [-0.021239861258854242, -0.02311287916756033, 17.097212344089996, 0.0]], [[0.0, 0.0, 0.0, 1.0], [-0.003700640454519649, -0.00830989509511515, 6.152737179843723, 1.0], [-0.004099910650064764, -0.008075303622924301, 4.93361483100965, 1.0], [-0.005582412056316849, -0.007204258923625861, 0.4069794429811857, 1.0], [-0.005582412056316405, -0.007204258923625861, 0.4069794429811857, 1.0], [-0.005582412056316849, -0.007204258923625861, 0.4069794429811875, 1.0], [-0.005582412056316405, -0.007204258923625861, 0.4069794429811857, 1.0], [-0.005582412056316849, -0.007204258923626028, 0.4069794429811857, 1.0], [-0.005582412056316821, -0.007204258923625806, 0.4069794429811857, 1.0], [-0.005582412056316405, -0.007204258923626028, 0.4069794429811857, 1.0], [-0.006456946351703491, 0.0038827574316500635, 3.0391784611440684, 1.0], [-0.006622536033687315, 0.005982041041349695, 3.5375751514013096, 1.0], [-0.0066225360336877315, 0.005982041041349695, 3.537575151401306, 1.0], [-0.006622536033687704, 0.005982041041349917, 3.537575151401313, 1.0], [-0.005323341581093294, 0.0068176391972248895, 2.7986524926017182, 1.0], [-0.002536068169277872, 0.008610319667944455, 1.2133782666012394, 1.0], [-0.002536068169277872, 0.008610319667944344, 1.2133782666012394, 1.0], [-0.0025360681692782328, 0.008610319667944344, 1.2133782666012465, 1.0], [-0.0025360681692774834, 0.008610319667944455, 1.2133782666012394, 1.0], [-0.002536068169278316, 0.008610319667944344, 1.2133782666012394, 1.0], [-0.0025360681692778164, 0.008610319667944344, 1.2133782666012465, 1.0], [-0.0025360681692779274, 0.008610319667944455, 1.2133782666012394, 1.0], [-0.0025360681692778164, 0.008610319667944344, 1.2133782666012465, 1.0], [-0.002536068169277872, 0.008610319667944566, 1.2133782666012394, 1.0], [-0.002536068169277872, 0.008610319667944344, 1.2133782666012394, 1.0], [-0.002536068169277872, 0.008610319667944455, 1.2133782666012465, 1.0], [-0.002536068169277872, 0.008610319667944344, 1.2133782666012394, 1.0], [-0.002362272000478227, 0.008651162517787192, 1.18634080012216, 1.0], [-0.0012154402136826947, 0.008920672937877239, 1.0079282021527405, 1.0], [-0.0012154402136831388, 0.008920672937877017, 1.0079282021527405, 1.0], [-0.0012154402136827502, 0.008920672937877017, 1.0079282021527334, 1.0], [-0.0012154402136826947, 0.008920672937876906, 1.0079282021527405, 1.0], [-0.0012154402136827502, 0.008920672937877017, 1.0079282021527334, 1.0], [-0.0012154402136826947, 0.008920672937877239, 1.0079282021527405, 1.0], [-0.0012154402136830833, 0.008920672937876906, 1.0079282021527405, 1.0], [-0.0012154402136827502, 0.008920672937877017, 1.0079282021527334, 1.0], [-0.0012154402136828057, 0.008920672937877017, 1.0079282021527405, 1.0], [-0.0012154402136826392, 0.008920672937877128, 1.0079282021527405, 1.0], [-0.0012154402136827502, 0.008920672937877128, 1.0079282021527334, 1.0], [-0.0012154402136830833, 0.008920672937876906, 1.0079282021527405, 1.0], [-0.0012154402136827502, 0.008920672937877017, 1.0079282021527405, 1.0], [-0.0012154402136827502, 0.008920672937877017, 1.0079282021527334, 1.0], [-0.0012154402136827502, 0.008920672937877128, 1.0079282021527334, 1.0], [-0.0012154402136826947, 0.008920672937877017, 1.0079282021527476, 1.0], [-0.001148092043669724, 0.008930306415368183, 1.11575890671498, 1.0], [-0.0009616031190732288, 0.008956981777996087, 1.4143450765887167, 1.0], [-0.0009616031190733398, 0.008956981777996309, 1.4143450765887309, 1.0], [-0.0009616031190733954, 0.008956981777996309, 1.4143450765887167, 1.0], [-0.0009616031190733398, 0.008956981777996087, 