{"text": "ふ", "text_ids": [28], "strokes": [[[0.0, 0.0, 0.0, 1.0], [0.024474081868521423, -0.01019106375625426, 11.346278443529885, 1.0], [0.024474081868521423, -0.01019106375625426, 1.0962784436754038, 1.0], [0.02447408186852143, -0.01019106375625426, 1.0962784436754038, 1.0], [0.024959142064869322, -0.0019801128552765987, 3.4757984853974744, 1.0], [0.025311350809055222, 0.003981969226868123, 5.203600048937009, 1.0], [0.025311350809055624, 0.003981969226868255, 5.203600048937016, 1.0], [0.023914554752144046, 0.007620996457416297, 4.607803376644849, 1.0], [0.022542906379691113, 0.011194507245475266, 4.022733328788931, 1.0], [0.022542906379691585, 0.011194507245475402, 4.022733328788931, 1.0], [0.022542906379691557, 0.011194507245475289, 4.022733328788917, 1.0], [0.02033922444027056, 0.014195233233044096, 4.471099120711642, 1.0], [0.01836251042475967, 0.01688689985254422, 4.873285538413157, 1.0], [0.018362510424759726, 0.01688689985254433, 4.873285538413164, 1.0], [0.017929970877442747, 0.01716829644112028, 4.967139015727938, 1.0], [0.007197432413386495, 0.02415054749604177, 7.295911174285713, 1.0], [0.007197432413386107, 0.02415054749604173, 7.295911174285706, 1.0], [-0.004082856839042026, 0.024566238125692613, 6.396505853349495, 1.0], [-0.008720157433515008, 0.024737127573725343, 6.026762424248034, 1.0], [-0.008720157433514952, 0.024737127573725287, 6.026762424248048, 1.0], [-0.01726800899211184, 0.019974193877569046, 4.74803765802055, 1.0], [-0.018347021323997237, 0.019372959268044804, 4.586621683212385, 1.0], [-0.018347021323997292, 0.01937295926804472, 4.5866216832124, 1.0], [-0.02098089036842582, 0.015144183682815116, 5.669010530275628, 1.0], [-0.024939766382573753, 0.008788059687588168, 7.295911174285706, 1.0], [-0.024996615509795733, 0.008078130831461472, 7.999730057506355, 1.0], [-0.022340441126952937, 0.00267120602614368, 20.404405771008726, 1.0], [-0.0038040811483875114, 0.025596487459294603, 29.601332528070344, 1.0], [-0.005755910074310366, 0.025389424146826434, 5.203600048974863, 1.0], [-0.00575591007430995, 0.025389424146826545, 5.203600048974863, 1.0], [-0.004839424042352963, 0.02542918156929902, 4.924266691709136, 1.0], [1.0952448183720875e-05, 0.02563959226903728, 3.4459332508702687, 1.0], [1.0952448183720875e-05, 0.025639592269037503, 3.445933250870297, 1.0], [1.095244818369312e-05, 0.025639592269037337, 3.4459332508702687, 1.0], [1.0952448183665364e-05, 0.025639592269037448, 3.445933250870297, 1.0], [0.00024974260567983686, 0.02561860906364022, 3.355469099857771, 1.0], [0.0010695540923748859, 0.02554656977612224, 3.044888668437153, 1.0], [0.0010695540923749136, 0.02554656977612224, 3.0448886684371246, 1.0], [0.0010695540923749136, 0.025546569776122463, 3.0448886684371246, 1.0], [0.0010695540923749414, 0.02554656977612213, 3.044888668437153, 1.0], [0.0010695540923744695, 0.02554656977612213, 3.044888668437096, 1.0], [0.0005261474938800526, 0.025596521502884828, 3.308867409916928, 1.0], [0.00022371180881852748, 0.02562432238852952, 3.455786110834623, 1.0], [0.00022371180881855524, 0.02562432238852952, 3.45578611083468, 1.0], [0.00022371180881852748, 0.025624322388529408, 3.455786110834623, 1.0], [9.360141024875035e-05, 0.025607454136334806, 3.4603008333886294, 1.0], [-0.01016170609523584, 0.024277897734691467, 3.8161514694792515, 1.0], [-0.010161706095235867, 0.024277897734691578, 3.8161514694793084, 1.0], [-0.010161706095236284, 0.024277897734691467, 3.8161514694792515, 1.0], [-0.010161706095235881, 0.0242778977346918, 3.816151469479337, 1.0], [-0.013547988787563942, 0.02250573344479112, 3.7179643296720997, 1.0], [-0.016232724286350392, 0.02110071419180437, 3.640118938806893, 1.0], [-0.016232724286350336, 0.02110071419180415, 3.640118938806836, 1.0], [-0.016232724286350392, 0.02110071419180437, 3.640118938806893, 1.0], [-0.01623272428635032, 0.021100714191804038, 3.640118938806893, 1.0], [-0.01923622893780564, 0.018448032675322357, 3.859336435425462, 1.0], [-0.019616568606004872, 0.018112118426836243, 3.8870963757628374, 1.0], [-0.019616568606005344, 0.018112118426836243, 3.8870963757628374, 1.0], [-0.01961656860600534, 0.018112118426836465, 3.8870963757628374, 1.0], [-0.02435454371696559, 0.0030324457121211346, 7.011817673336054, 1.0], [-0.025758469848205526, -0.0014358653445947223, 7.937714871985293, 1.0], [-0.023142261305309095, -0.008566930586126675, 10.763234013319448, 1.0], [-0.016774643685384033, -0.016023428803654927, 9.175752478280344, 1.0], [-0.0031343814172313522, -0.025241757752407334, 0.0, 0.0]], [[-0.3582969754971238, 0.6440793727725925, 0.0, 1.0], [-0.0045487061609223445, -0.005465682816315431, 2.6372526802485963, 1.0], [-0.0045487061609223445, -0.00546568281631532, 2.6372526802485963, 1.0], [-0.004548706160922289, -0.005465682816315431, 2.6372526802485963, 1.0], [-0.0045487061609224, -0.005465682816315431, 2.6372526802485963, 1.0], [-0.005830675175704403, -0.0026476005375941636, 1.6578397579896773, 1.0], [-0.007398727679488737, 0.0007993634077622103, 0.45986159527456216, 1.0], [-0.007398727679488681, 0.0007993634077623213, 0.45986159527456216, 1.0], [-0.007398727679489181, 0.0007993634077622103, 0.45986159527456216, 1.0], [-0.007398727679488681, 0.0007993634077620992, 0.45986159527456216, 1.0], [-0.007398727679488737, 0.0007993634077623213, 0.4598615952745604, 1.0], [-0.007398727679488681, 0.0007993634077622103, 0.45986159527456216, 1.0], [-0.0032313722356145935, 0.0064731555140974395, 0.9235739793546802, 1.0], [-0.0028988701699710906, 0.006925852103289554, 0.9605723414209741, 1.0], [-0.00289887016997048, 0.006925852103289221, 0.9605723414209741, 1.0], [-0.002898870169971035, 0.006925852103289332, 0.9605723414209741, 1.0], [-0.0028988701699705355, 0.006925852103289554, 0.9605723414209741, 1.0], [-0.0028988701699709796, 0.006925852103289221, 0.9605723414209741, 1.0], [-0.0028988701699706465, 0.006925852103289554, 0.9605723414209741, 1.0], [-0.002898870169971035, 0.006925852103289221, 0.9605723414209741, 1.0], [-0.0028988701699705355, 0.006925852103289332, 0.9605723414209741, 1.0], [-0.002898870169971035, 0.006925852103289443, 0.9605723414209741, 1.0], [-0.0028988701699705355, 0.006925852103289332, 0.9605723414209741, 1.0], [-0.002898870169971035, 0.006925852103289443, 0.9605723414209741, 1.0], [-0.002898870169970591, 0.006925852103289332, 0.9605723414209741, 1.0], [-0.002898870169971035, 0.006925852103289332, 0.9605723414209741, 1.0], [-0.0028988701699705355, 0.006925852103289443, 0.9605723414209741, 1.0], [-0.0021561925279828253, 0.00705176603809643, 0.9353294189470027, 1.0], [-0.0005063635229643482, 0.007331478863737417, 0.8792532651563896, 1.0], [-0.0005063635229649033, 0.007331478863737639, 0.8792532651563931, 1.0], [-0.0005063635229648478, 0.007331478863737528, 0.8792532651563931, 1.0], [-0.0005063635229644037, 0.007331478863737417, 0.8792532651563931, 1.0], [-0.0005063635229649033, 0.007331478863737528, 0.8792532651563931, 1.0], [-0.0005063635229647367, 0.007331478863737417, 0.879253265156386, 1.0], [-0.0005063635229644592, 0.007331478863737639, 0.8792532651563931, 1.0], [-0.0005063635229648478, 0.007331478863737528, 0.8792532651563931, 1.0], [-0.0005063635229648478, 0.007331478863737306, 0.879253265156386, 1.0], [-0.0005063635229644037, 0.007331478863737639, 0.8792532651564002, 1.0], [-0.0005063635229649033, 0.007331478863737528, 0.8792532651563931, 1.0], [-0.0005063635229647367, 0.007331478863737306, 0.879253265156386, 1.0], [-0.0005063635229644592, 0.007331478863737639, 0.8792532651563931, 1.0], [-0.0005063635229648478, 0.007331478863737306, 0.8792532651564002, 1.0], [-0.0005063635229648478, 0.007331478863737639, 0.879253265156386, 1.0], [-0.0005063635229644037, 0.007331478863737639, 0.8792532651563931, 1.0], [-0.0005063635229648478, 0.007331478863737306, 0.8792532651563931, 1.0], [-0.0005063635229648478, 0.007331478863737639, 0.8792532651563931, 1.0], [-0.0005063635229644592, 0.007331478863737306, 0.8792532651563931, 1.0], [0.0019211469777667967, 0.006924571575680938, 1.2110857785436977, 1.0], 