{"text": "ふ", "text_ids": [28], "strokes": [[[0.0, 0.0, 0.0, 1.0], [0.005039002823277167, -0.030307289307688355, 12.14312887537467, 1.0], [0.009746600207518798, -0.028335527402721654, 3.6259115405904634, 1.0], [0.025979056286720578, -0.017082198529641365, 13.81694025645972, 1.0], [0.030499165709586017, -0.004255345547932998, 6.407987786383252, 1.0], [0.030638792935154938, -0.003859121092490106, 6.17912353089946, 1.0], [0.030663843485455228, -0.003588974264649228, 5.279555354525208, 1.0], [0.03070459916909396, -0.0031494622172361236, 3.816014012411131, 1.0], [0.030704599169094376, -0.0031494622172359987, 3.816014012411131, 1.0], [0.03070459916909396, -0.0031494622172361236, 3.816014012411131, 1.0], [0.030704599169093932, -0.0031494622172361236, 3.816014012411131, 1.0], [0.03071388692969118, 0.0012986231210291438, 4.280542258412552, 1.0], [0.030714631736239784, 0.001655325154129847, 4.3177938300845256, 1.0], [0.030714631736239728, 0.001655325154129833, 4.3177938300845256, 1.0], [0.030714631736239784, 0.001655325154129833, 4.3177938300845256, 1.0], [0.02869001571720642, 0.010501598486573643, 5.07050167725005, 1.0], [0.028666596968505043, 0.010603923396666923, 5.079208254572876, 1.0], [0.028666596968504765, 0.010603923396666999, 5.079208254572862, 1.0], [0.01541824648363671, 0.024872026991847124, 6.798295986424222, 1.0], [0.012865933740949909, 0.02762079655840899, 7.129480576446326, 1.0], [0.0026096173314729687, 0.028410401367202714, 6.586838293783046, 1.0], [-0.009724943936750274, 0.02936000437308796, 5.934240010440874, 1.0], [-0.009724943936750552, 0.02936000437308784, 5.9342400104408455, 1.0], [-0.016643001979697647, 0.025321923784008618, 5.0435290637440175, 1.0], [-0.0214649562581396, 0.022507342025323437, 4.42269480164083, 1.0], [-0.02146495625813999, 0.022507342025323424, 4.422694801640802, 1.0], [-0.021464956258139545, 0.02250734202532334, 4.42269480164083, 1.0], [-0.02226699393967363, 0.02171809733686858, 5.4265865076110344, 1.0], [-0.02229046484964553, 0.021695000802310738, 5.455964493701458, 1.0], [-0.022290464849645142, 0.021695000802310654, 5.455964493701458, 1.0], [-0.02544683638292161, 0.017747771072354285, 13.349508327733275, 1.0], [-0.028700933406170248, 0.010836604093812596, 19.680312322574935, 1.0], [-0.0033001997550062834, 0.02989574335337858, 39.71306160703256, 1.0], [-0.002345584829548053, 0.030677431088242002, 9.869243040472014, 1.0], [0.0008300023755904995, 0.030662709288899692, 4.9527377473079355, 1.0], [0.0012592168996787279, 0.030660719480499088, 4.28821955169002, 1.0], [0.001259216899679283, 0.030660719480499088, 4.2882195516900765, 1.0], [0.0012592168996792275, 0.030660719480498866, 4.288219551689963, 1.0], [0.0021550591804039287, 0.030590013345110023, 3.684466351661854, 1.0], [0.0022365882766627876, 0.03058357849888499, 3.629519790396614, 1.0], [0.002236588276663287, 0.030583578498884822, 3.6295197903965573, 1.0], [0.002236588276662843, 0.030583578498884934, 3.6295197903965573, 1.0], [0.0022917224024075478, 0.03057813651423391, 3.6206799123524434, 1.0], [0.002473451182194719, 0.03056019907137264, 3.591542599867182, 1.0], [0.002473451182194275, 0.03056019907137264, 3.591542599867182, 1.0], [0.002473451182194275, 0.030560199071372862, 3.591542599867182, 1.0], [0.002473451182194719, 0.03056019907137253, 3.5915425998671253, 1.0], [0.0013744733201002668, 0.030647630906429635, 3.950471227882872, 1.0], [0.001060625045074648, 0.030672599863095118, 4.052974776539713, 1.0], [0.0010606250450750365, 0.030672599863095007, 4.05297477653977, 1.0], [0.0010606250450745924, 0.030672599863095007, 4.052974776539713, 1.0], [-0.0027028159552434095, 0.030490503086375798, 5.94954407826782, 1.0], [-0.005390164224308824, 0.030360473823879963, 7.303821249008649, 1.0], [-0.00775114276647465, 0.02959305667022183, 7.229792874710199, 1.0], [-0.014617815924262534, 0.027361099591519333, 7.014488651638317, 1.0], [-0.0146178159242622, 0.02736109959151989, 7.0144886516383735, 1.0], [-0.02606181827971138, 0.016757288460960584, 8.494703847163692, 1.0], [-0.02635686738910828, 0.016483901150025737, 8.532866734726099, 1.0], [-0.030419976796255604, 0.005238452267135818, 7.971575532632926, 1.0], [-0.030492054850159073, 0.005038962174814143, 7.961618434886873, 1.0], [-0.029421566815941894, -0.006895812821035019, 5.947991001416199, 1.0], [-0.029228681740928464, -0.009046271207076906, 5.5851670686502075, 1.0], [-0.02922868174092852, -0.009046271207076684, 5.585167068650151, 1.0], [-0.020219531421318493, -0.022622229843180963, 17.097212344089996, 0.0]], [[-0.18409926408495256, 0.5394087310172792, 0.0, 1.0], [-0.0033711560067485047, -0.008162525450159608, 6.152737179843723, 1.0], [-0.0037749460216270347, -0.007928378003572933, 4.93361483100965, 1.0], [-0.005274229643512901, -0.007058981983764978, 0.4069794429811857, 1.0], [-0.005274229643512485, -0.007058981983764978, 0.4069794429811857, 1.0], [-0.005274229643512873, -0.007058981983765089, 0.4069794429811875, 1.0], [-0.005274229643512485, -0.007058981983765034, 0.4069794429811857, 1.0], [-0.005274229643512873, -0.007058981983765145, 0.4069794429811857, 1.0], [-0.005274229643512901, -0.007058981983764923, 0.4069794429811857, 1.0], [-0.005274229643512457, -0.007058981983765145, 0.4069794429811857, 1.0], [-0.006533191976606734, 0.003874291128015961, 3.0391784611440684, 1.0], [-0.006771571618739175, 0.005944464049967901, 3.5375751514013096, 1.0], [-0.006771571618739564, 0.005944464049967957, 3.537575151401306, 1.0], [-0.006771571618739564, 0.005944464049968123, 3.537575151401313, 1.0], [-0.005514308432715276, 0.006758404124328821, 2.7986524926017182, 1.0], [-0.0028169937674147882, 0.008504619653149081, 1.2133782666012394, 1.0], [-0.0028169937674147882, 0.00850461965314886, 1.2133782666012394, 1.0], [-0.002816993767415177, 0.00850461965314897, 1.2133782666012465, 1.0], [-0.0028169937674143997, 0.00850461965314897, 1.2133782666012394, 1.0], [-0.002816993767415177, 0.00850461965314897, 1.2133782666012394, 1.0], [-0.0028169937674147882, 0.00850461965314886, 1.2133782666012465, 1.0], [-0.0028169937674147882, 0.00850461965314897, 1.2133782666012394, 1.0], [-0.0028169937674147882, 0.00850461965314897, 1.2133782666012465, 1.0], [-0.0028169937674147882, 0.008504619653149081, 1.2133782666012394, 1.0], [-0.0028169937674147882, 0.00850461965314897, 1.2133782666012394, 1.0], [-0.0028169937674147882, 0.00850461965314897, 1.2133782666012465, 1.0], [-0.0028169937674147882, 0.00850461965314897, 1.2133782666012394, 1.0], [-0.0026462940757991382, 0.00854359021297768, 1.18634080012216, 1.0], [-0.0015198950665857303, 0.008800745920549913, 1.0079282021527405, 1.0], [-0.0015198950665861188, 0.00880074592054969, 1.0079282021527405, 1.0], [-0.0015198950665857303, 0.00880074592054969, 1.0079282021527334, 1.0], [-0.0015198950665856747, 0.00880074592054969, 1.0079282021527405, 1.0], [-0.0015198950665857303, 0.00880074592054969, 1.0079282021527334, 1.0], [-0.0015198950665857303, 0.008800745920550024, 1.0079282021527405, 1.0], [-0.0015198950665861188, 0.00880074592054958, 1.0079282021527405, 1.0], [-0.0015198950665857303, 0.00880074592054969, 1.0079282021527334, 1.0], [-0.0015198950665857303, 0.008800745920549802, 1.0079282021527405, 1.0], [-0.0015198950665856747, 0.008800745920549802, 1.0079282021527405, 1.0], [-0.0015198950665857303, 0.008800745920549802, 1.0079282021527334, 1.0], [-0.0015198950665861188, 0.00880074592054969, 1.0079282021527405, 1.0], [-0.0015198950665857303, 0.00880074592054969, 1.0079282021527405, 1.0], [-0.0015198950665856192, 0.00880074592054969, 1.0079282021527334, 1.0], [-0.0015198950665858413, 0.008800745920549913, 1.0079282021527334, 1.0], [-0.0015198950665856747, 0.00880074592054969, 1.0079282021527476, 1.0], [-0.0014535274261606168, 0.008809743353526578, 1.11575890671498, 1.0], [-0.001269753614808633, 0.008834657491499254, 1.4143450765887167, 1.0], [-0.001269753614808633, 0.008834657491499587, 1.4143450765887309, 1.0], [-0.0012697536148086885, 0.008834657491499587, 1.4143450765887167, 1.0], [-0.001269753614808633, 