{"text": "ふ", "text_ids": [28], "strokes": [[[0.0, 0.0, 0.0, 1.0], [0.004388102107609321, -0.008292576298988883, 5.138427483740782, 1.0], [0.004388102107608988, -0.008292576298988866, 5.138427483740782, 1.0], [0.005281346813637632, -0.00423364457803815, 5.16985029802504, 1.0], [0.0076311813552875345, 0.006444076650778957, 5.252513440501753, 1.0], [0.007631181355287207, 0.006444076650778969, 5.252513440501755, 1.0], [0.00763118135528754, 0.006444076650778955, 4.688023321589942, 1.0], [0.007631181355287529, 0.006444076650778997, 2.790397765266558, 1.0], [0.007631181355287196, 0.006444076650778971, 2.7903977652665546, 1.0], [0.007631181355287543, 0.006444076650778955, 2.7903977652665546, 1.0], [0.007631181355287196, 0.006444076650778972, 2.7903977652665546, 1.0], [0.007631181355287536, 0.006444076650778955, 2.7903977652665546, 1.0], [0.007803437181162762, 0.006155364873748282, 2.7630657006073633, 1.0], [0.008888991793518819, 0.004335905940477253, 2.5908192833660593, 1.0], [0.008888991793518847, 0.004335905940477218, 2.590819283366052, 1.0], [0.008888991793518819, 0.004335905940477294, 2.5908192833660593, 1.0], [0.008888991793518819, 0.004335905940477225, 2.5908192833660593, 1.0], [0.008888991793518847, 0.004335905940477287, 2.590819283366052, 1.0], [0.008888991793518819, 0.004335905940477218, 2.590819283366052, 1.0], [0.009187183284642075, 0.003384615218598952, 2.5818657852597227, 1.0], [0.00940729904119611, 0.0026824017645530884, 2.575256589262679, 1.0], [0.009407299041196054, 0.002682401764553158, 2.5752565892626933, 1.0], [0.009407299041196054, 0.0026824017645530884, 2.575256589262679, 1.0], [0.009407299041196082, 0.0026824017645531717, 2.575256589262679, 1.0], [0.009407299041196082, 0.0026824017645530746, 2.5752565892626933, 1.0], [0.009369268338772274, 0.0028420525699352633, 4.094370093461038, 1.0], [0.009302341842984785, 0.0031230063328932522, 6.767708660989115, 1.0], [0.009302341842985118, 0.0031230063328933633, 6.767708660989101, 1.0], [0.004929692401671432, 0.0007620061456661553, 24.346456274847256, 1.0], [-0.009551085851786212, -0.0006404184727765161, 27.98438261955107, 1.0], [-0.006152527365810512, 0.006742525664456281, 49.77201831687074, 1.0], [-0.0024279576420303817, 0.00918886539108979, 6.767708660989086, 1.0], [-0.002427957642030354, 0.009188865391089707, 6.767708660989115, 1.0], [-0.004367313447433296, 0.008159413395599294, 4.738452010520291, 1.0], [-0.005415225610191782, 0.007603158960984721, 3.641962795152466, 1.0], [-0.005415225610191476, 0.007603158960984763, 3.641962795152466, 1.0], [-0.005415225610191782, 0.007603158960984818, 3.641962795152466, 1.0], [-0.00548006400057488, 0.007552369080209842, 3.540037078573164, 1.0], [-0.00566852853137878, 0.007404739088267276, 3.2437715137048997, 1.0], [-0.005668528531378808, 0.007404739088267276, 3.2437715137048713, 1.0], [-0.00566852853137878, 0.007404739088267137, 3.2437715137048997, 1.0], [-0.005668528531379086, 0.007404739088267276, 3.2437715137048713, 1.0], [-0.005697335661614039, 0.007374598995358028, 3.2606598060568786, 1.0], [-0.0075688956833629695, 0.005416438203908747, 4.3578691616425544, 1.0], [-0.007568895683362997, 0.005416438203908608, 4.357869161642526, 1.0], [-0.007568895683362997, 0.005416438203908747, 4.357869161642526, 1.0], [-0.007651746151749031, 0.005287742973021925, 4.374552081210254, 1.0], [-0.00829457431120359, 0.004289210073772504, 4.503993117440302, 1.0], [-0.008294574311203257, 0.004289210073772559, 4.503993117440302, 1.0], [-0.008294574311203576, 0.004289210073772587, 4.503993117440302, 1.0], [-0.00866993942585495, 0.0034797201920562792, 4.884671523972713, 1.0], [-0.008962761572125999, 0.0028482375227925627, 5.181638566696677, 1.0], [-0.008962761572125999, 0.0028482375227924517, 5.18163856669662, 1.0], [-0.00914557681470115, 0.0018229434365035768, 5.685764399439051, 1.0], [-0.009613463397031854, -0.0008011339607601475, 6.975994413214153, 1.0], [-0.009613463397031195, -0.0008011339607601198, 6.9759944132142095, 1.0], [-0.009613463397031851, -0.0008011339607601475, 12.863889338766228, 1.0], [0.0017514191883998866, 0.0028540748801104965, 19.918539685268115, 1.0], [0.007862719486121827, 0.0058347010523841225, 18.452982169029497, 1.0], [0.00592793051659752, 0.0080529878252793, 4.357869161672397, 1.0], [0.005927930516597506, 0.008052987825279329, 4.357869161672397, 1.0], [0.005927930516597839, 0.008052987825279412, 4.35786916167234, 1.0], [0.005305710707890154, 0.008399384125702958, 7.30004263450428, 1.0], [0.004210440954378378, 0.009009132297126188, 12.479038174799086, 0.0]], [[0.04932312740384575, 0.33437057578358503, 0.0, 1.0], [0.00014611653372748057, -0.014229704365032292, 7.244698596947249, 1.0], [-0.004658281122183076, -0.013490814446658395, 5.846856496734315, 1.0], [0.0025139758624773967, -0.0030723036614239696, 21.136062888643238, 1.0], [0.008369301652260387, 0.01209095700123386, 7.72767850335417, 1.0], [0.007411562981706525, 0.012573901709790836, 6.491907333909424, 1.0], [0.005610760642178733, 0.013481965660606443, 4.168330264843604, 1.0], [0.005610760642179066, 0.013481965660606443, 4.168330264843597, 1.0], [0.005610760642179066, 0.013481965660606388, 4.168330264843611, 1.0], [0.00465666741714231, 0.013685578447591829, 3.6215339977399026, 1.0], [0.0020615528199618705, 0.014239401178759437, 2.1342590258528276, 1.0], [0.0020615528199618566, 0.014239401178759381, 2.1342590258528276, 1.0], [0.0020615528199618566, 0.014239401178759381, 2.1342590258528276, 1.0], [0.0020615528199622035, 0.014239401178759437, 2.1342590258528276, 1.0], [0.0020615528199618566, 0.014239401178759548, 2.1342590258528276, 1.0], [0.0020615528199618566, 0.014239401178759381, 2.1342590258528276, 1.0], [0.0020615528199621896, 0.014239401178759437, 2.1342590258528418, 1.0], [0.0013914701367565563, 0.014236457954064141, 1.9208180343713792, 1.0], [-0.00014611653372748057, 0.014229704365032292, 1.4310515747056343, 1.0], [-0.00014611653372748057, 0.014229704365032125, 1.43105157470562, 1.0], [-0.00014611653372748057, 0.014229704365032236, 1.4310515747056343, 1.0], [-0.00014611653372749445, 0.014229704365032347, 1.43105157470562, 1.0], [-0.00014611653372748057, 0.014229704365032347, 1.4310515747056343, 1.0], [-0.00014611653372748057, 0.014229704365032125, 1.4310515747056343, 1.0], [-0.00014611653372748057, 0.014229704365032347, 1.4310515747056343, 1.0], [-0.00014611653372748057, 0.014229704365032014, 1.43105157470562, 1.0], [-0.00014611653372748057, 0.014229704365032458, 1.4310515747056343, 1.0], [-0.00014611653372748057, 0.014229704365032236, 1.43105157470562, 1.0], [-0.0004317223069782439, 0.01418208154866829, 1.462551152527297, 1.0], [-0.002469331534745725, 0.013842324095691194, 1.687279909616791, 1.0], [-0.002469331534745711, 0.013842324095691083, 1.6872799096167768, 1.0], [-0.0024693315347460443, 0.013842324095690972, 1.687279909616791, 1.0], [-0.002469331534745711, 0.013842324095690972, 1.6872799096167768, 1.0], [-0.002469331534745739, 0.013842324095690972, 1.6872799096167768, 1.0], [-0.002469331534745711, 0.013842324095690972, 1.687279909616791, 1.0], [-0.0024693315347460443, 0.013842324095690972, 1.6872799096167768, 1.0], [-0.002469331534745711, 0.013842324095691194, 1.687279909616791, 1.0], [-0.002469331534745725, 0.013842324095691083, 1.6872799096167768, 1.0], [-0.0025386042254343377, 0.013821060452589129, 1.7115411012490824, 1.0], [-0.003926249207676605, 0.01339511499903323, 2.1975323410463687, 1.0], [-0.003926249207676286, 0.013395114999033009, 2.1975323410463403, 1.0], [-0.003926249207676612, 0.01339511499903312, 2.1975323410463545, 1.0], [-0.003926249207676605, 0.01339511499903312, 2.1975323410463403, 1.0], [-0.003926249207676279, 0.013395114999033009, 2.1975323410463403, 1.0], [-0.003926249207676612, 0.013395114999033342, 2.1975323410463545, 1.0], [-0.003926249207676286, 0.013395114999033009, 2.1975323410463545, 1.0], [-0.00500933020080991, 0.012834346058831936, 2.201046395727815, 1.0], [-0.007402145969169278, 0.011595457396740394, 2.208809882951755, 1.0], [-0.007402145969169285, 