{"text": "へ", "text_ids": [29], "strokes": [[[0.0, 0.0, 0.0, 1.0], [-0.013018517653193583, -0.020885024777425282, 9.794446507651772, 1.0], [-0.009888136327708817, -0.021522994421634505, 9.378618662956468, 1.0], [0.006278157545720885, -0.02481767442328367, 7.231150211310876, 1.0], [0.011819143006188474, -0.022036673763998732, 6.541536714285527, 1.0], [0.01729979956670244, -0.01928595196246244, 5.859431561031506, 1.0], [0.01729979956670244, -0.01928595196246244, 5.859431561031506, 1.0], [0.01579570827738373, -0.02046332465555689, 5.070168792043212, 1.0], [0.014798947414788731, -0.021243569198888673, 4.547124583212884, 1.0], [0.014798947414789071, -0.0212435691988887, 4.547124583212899, 1.0], [0.014798947414789057, -0.021243569198888673, 4.547124583212884, 1.0], [0.015707558314333583, -0.020589975674377536, 3.908251791772315, 1.0], [0.0158520367916202, -0.020486047582349065, 3.8066644476918725, 1.0], [0.015852036791620547, -0.020486047582349176, 3.8066644476918725, 1.0], [0.015852036791620505, -0.020486047582349065, 3.8066644476918583, 1.0], [0.016274444185987197, -0.020151968334859327, 4.495430775031664, 1.0], [0.01649238728456434, -0.019979598562598677, 4.850803028400918, 1.0], [0.016492387284564675, -0.019979598562598844, 4.850803028400932, 1.0], [0.01649238728456434, -0.019979598562598733, 4.850803028400932, 1.0], [0.018144188556185964, -0.01847874396775384, 5.198569093430393, 1.0], [0.01823309615162297, -0.01839796102163266, 5.217287473872162, 1.0], [0.01823309615162294, -0.01839796102163266, 5.217287473872176, 1.0], [0.02216007731608255, -0.01285736488157141, 6.901905647947316, 1.0], [0.02268446256107276, -0.01211750728037092, 7.126859340601143, 1.0], [0.024055862053309784, -0.00768576971386159, 8.479855841478582, 1.0], [0.024836796261901994, -0.005162146591072503, 9.250310590530091, 1.0], [0.023635883638501776, 0.005402149123368116, 9.683830359707486, 1.0], [0.02274440597512095, 0.008822086268647722, 9.513116471290289, 1.0], [0.014025584012584247, 0.020181469623986148, 5.383436489329313, 1.0], [0.014025584012584025, 0.020181469623986148, 5.383436489329341, 1.0], [0.013767896909071209, 0.020346809974181146, 5.303264996094811, 1.0], [0.011203545620773192, 0.021992180403086148, 4.505445201631119, 1.0], [0.011203545620772859, 0.021992180403086037, 4.505445201631062, 1.0], [0.011203545620772803, 0.021992180403086037, 4.50544520163109, 1.0], [0.011244587040543874, 0.021969168745509582, 4.134292161259651, 1.0], [0.011332565962775654, 0.021919839535076313, 3.338665580671261, 1.0], [0.011332565962775432, 0.021919839535076313, 3.3386655806712895, 1.0], [0.011332565962775543, 0.021919839535076313, 3.338665580671261, 1.0], [0.011332565962775543, 0.021919839535076313, 3.338665580671261, 1.0], [0.013379112324995113, 0.02051605486690572, 3.4531538873042393, 1.0], [0.015225066071193338, 0.019249862409748186, 3.556420601621852, 1.0], [0.015225066071193671, 0.019249862409747964, 3.556420601621852, 1.0], [0.015225066071193782, 0.019249862409748297, 3.5564206016218805, 1.0], [0.015225066071193338, 0.019249862409748006, 3.556420601621852, 1.0], [0.016059282527869256, 0.018499572382497706, 3.4380229943305665, 1.0], [0.017021019084651146, 0.01763459142746976, 3.30152687721818, 1.0], [0.01702101908465059, 0.01763459142746962, 3.3015268772181514, 1.0], [0.017021019084650924, 0.017634591427469606, 3.3015268772181514, 1.0], [0.017021019084651035, 0.017634591427469596, 3.3015268772181514, 1.0], [0.018443953090733545, 0.016048293460186623, 3.3015268772181514, 1.0], [0.019322550183524356, 0.01506882654436559, 3.3015268772181514, 1.0], [0.019322550183524023, 0.015068826544365439, 3.3015268772181514, 1.0], [0.019322550183524467, 0.01506882654436558, 3.30152687721818, 1.0], [0.019322550183524023, 0.015068826544365591, 3.301526877218123, 1.0], [0.017961336190195465, 0.0166296480665364, 3.7663437501136627, 1.0], [0.0175593489693332, 0.017090582430298706, 3.903611250933352, 1.0], [0.01755934896933309, 0.01709058243029872, 3.903611250933295, 1.0], [0.017559348969333533, 0.017090582430298498, 3.903611250933352, 1.0], [0.018242187838669155, 0.016313426394367267, 4.858614915904809, 1.0], [0.019196573492870517, 0.01522721615491368, 6.193398037500572, 1.0], [0.019196573492870628, 0.01522721615491368, 6.193398037500458, 1.0], [0.012041634072125662, 0.020642293993748312, 7.31455090253678, 1.0], [0.008552711206827435, 0.023282817942071155, 7.861252367957604, 1.0], [0.01021137419282836, 0.022448408077078708, 19.854313941247483, 0.0]]]}