{"text": "へ", "text_ids": [29], "strokes": [[[0.0, 0.0, 0.0, 1.0], [0.015021041270229116, -0.01157021939494845, 40.49683238785346, 1.0], [0.02064906901630515, -0.017564141775647128, 9.703783038915347, 1.0], [0.019867278173006618, -0.01848330791614342, 6.1359692213387405, 1.0], [0.019867278173006486, -0.018483307916143298, 6.135969221338733, 1.0], [0.01810194178003298, -0.02017704048925191, 5.233356349509542, 1.0], [0.01751683974422104, -0.020738410197932503, 4.93419488036443, 1.0], [0.01751683974422104, -0.020738410197932503, 4.934194880364416, 1.0], [0.017584788768889192, -0.02067845219215747, 4.838663405540359, 1.0], [0.01817618511025279, -0.02015660591954352, 4.007202395291813, 1.0], [0.018176185110252846, -0.020156605919543547, 4.007202395291813, 1.0], [0.018176185110252818, -0.020156605919543574, 4.007202395291813, 1.0], [0.017987902783112353, -0.02032380235467679, 4.1501226596794965, 1.0], [0.01765288122685396, -0.020621304572489563, 4.404428892894714, 1.0], [0.01765288122685371, -0.020621304572489646, 4.4044288928947, 1.0], [0.017652881226853767, -0.020621304572489618, 4.404428892894714, 1.0], [0.01732011298808117, -0.020900819990944786, 4.458387639839543, 1.0], [0.016987403480897056, -0.021180286076613042, 4.512336863390715, 1.0], [0.01698740348089728, -0.021180286076613042, 4.512336863390686, 1.0], [0.016987403480897167, -0.021180286076612986, 4.512336863390715, 1.0], [0.01866997158284872, -0.019650596707046053, 4.538416519241679, 1.0], [0.019284127204817203, -0.019092243481940274, 4.547935876729383, 1.0], [0.019284127204817147, -0.019092243481940385, 4.547935876729383, 1.0], [0.019568305424898014, -0.018783681025656418, 4.940150066787709, 1.0], [0.020608872274759216, -0.017653827150755086, 6.376308981795006, 1.0], [0.02060887227475955, -0.017653827150754975, 6.376308981795006, 1.0], [0.02086939464104326, -0.01734267488382185, 8.699213512486239, 1.0], [0.021083934612051325, -0.01708644122803582, 10.612123631402397, 1.0], [0.0246396955695668, -0.011409937646793877, 15.548034775749898, 1.0], [0.009389293631081097, 0.020282791983959103, 41.81331899017081, 1.0], [-0.0017194009351629846, 0.027377237318331915, 13.618102513932996, 1.0], [-0.0033753876850729503, 0.02721326319970474, 11.224857484553922, 1.0], [-0.0026953844419725925, 0.02730509168373091, 8.424586290707907, 1.0], [-0.0026013299078173624, 0.027317792925048212, 8.037267251693379, 1.0], [-0.001109727286077944, 0.027444205312395664, 7.284043716899021, 1.0], [-0.0006472946853712802, 0.027483396185481124, 7.050526349047971, 1.0], [0.0008631871346991282, 0.02743877759408636, 6.511387268928161, 1.0], [0.0036416865614099514, 0.027356702636967323, 5.519652310502465, 1.0], [0.0036416865614098404, 0.027356702636967323, 5.519652310502465, 1.0], [0.004982162292951231, 0.027135388877744193, 5.2599759248317355, 1.0], [0.006597896733072872, 0.02686862965604761, 4.9469765398059735, 1.0], [0.006597896733072983, 0.026868629656047555, 4.9469765398059735, 1.0], [0.0066671957666404325, 0.026847303247438836, 4.945175712273681, 1.0], [0.010673932803446418, 0.025614251257592258, 4.841055322721559, 1.0], [0.01067393280344664, 0.025614251257592383, 4.841055322721559, 1.0], [0.010673932803446418, 0.025614251257592258, 4.841055322721559, 1.0], [0.015040247256431605, 0.02316771234567743, 5.290256933628029, 1.0], [0.0168069387836014, 0.022177797484273724, 5.472012207675391, 1.0], [0.016806938783601733, 0.022177797484273752, 5.472012207675391, 1.0], [0.017279856446439812, 0.02180899528741405, 5.371575897586922, 1.0], [0.017588338174381768, 0.021568427535571182, 5.306061815710336, 1.0], [0.017588338174381768, 0.021568427535571186, 5.3060618157102795, 1.0], [0.019893188848187582, 0.01896965235202027, 5.337006563736168, 1.0], [0.02333128179600996, 0.015093118946587575, 5.38316613544697, 1.0], [0.02333128179600985, 0.015093118946587492, 5.383166135446913, 1.0], [0.02307743540484608, 0.015479025401581956, 5.9817004095175434, 1.0], [0.022739713610767542, 0.015992442274398264, 6.778001148439159, 1.0], [0.022739713610767653, 0.015992442274398277, 6.7780011484391025, 1.0], [0.023333056200750213, 0.015086744650444184, 8.014091152706044, 1.0], [0.023383955486961705, 0.015009050307646016, 8.1201278673675, 1.0], [0.02541283558567664, 0.010836353297931672, 11.240304983910448, 1.0], [0.02628683181952063, 0.00832639265592694, 14.10417111390467, 1.0], [0.0272002753334879, 0.0036789702047044515, 22.625520813084165, 1.0], [-0.0046407679678376335, -0.012666639714705802, 86.43129011597227, 0.0]]]}