{"text": "へ", "text_ids": [29], "strokes": [[[0.0, 0.0, 0.0, 1.0], [0.009010721745993667, 0.022404100698400802, 31.049890295599415, 1.0], [0.016257595905821487, -0.024375837804207535, 15.282326906511774, 1.0], [0.016257595905821494, -0.02437583780420731, 4.303340092371492, 1.0], [0.0162575959058215, -0.02437583780420753, 4.303340092371485, 1.0], [0.01625759590582148, -0.024375837804207538, 4.303340092371492, 1.0], [0.016425190427086928, -0.024257722765329004, 4.151184102601668, 1.0], [0.017579527488368468, -0.02344418443577942, 3.1031826717610755, 1.0], [0.01757952748836844, -0.02344418443577942, 3.1031826717610613, 1.0], [0.017579527488368496, -0.02344418443577942, 3.1031826717610613, 1.0], [0.01757952748836797, -0.02344418443577942, 3.1031826717610755, 1.0], [0.017579527488368496, -0.02344418443577942, 3.1031826717610755, 1.0], [0.01791676743162951, -0.02318615179212996, 3.218368596615477, 1.0], [0.01809953145837534, -0.023046313419103404, 3.2807925291047866, 1.0], [0.018099531458375312, -0.023046313419103404, 3.280792529104801, 1.0], [0.018099531458375367, -0.023046313419103237, 3.2807925291047866, 1.0], [0.01809953145837534, -0.023046313419103404, 3.280792529104801, 1.0], [0.02574447512551198, -0.011823028697380167, 5.336369501704041, 1.0], [0.02800663304990686, -0.008502030718006204, 5.9446198617110895, 1.0], [0.028006633049907248, -0.008502030718006148, 5.944619861711118, 1.0], [0.029115450915869368, -0.0008485340991983281, 6.183314543922805, 1.0], [0.029222529708674727, -0.00010943419483677719, 6.206365343522123, 1.0], [0.028601146331497795, 0.002311117591306089, 5.939456638588851, 1.0], [0.02562678967905818, 0.013897498193228774, 4.661852970273344, 1.0], [0.02562678967905807, 0.01389749819322883, 4.661852970273344, 1.0], [0.02562678967905818, 0.013897498193228941, 4.661852970273372, 1.0], [0.019984361699665887, 0.020573860780788322, 3.7907825002068023, 1.0], [0.018009085853604168, 0.022911091810926543, 3.4858420621499704, 1.0], [0.0180090858536045, 0.02291109181092643, 3.4858420621499704, 1.0], [0.01800908585360461, 0.022911091810926376, 3.4858420621499704, 1.0], [0.0180090858536045, 0.022911091810926515, 3.4858420621499704, 1.0], [0.01416531469991067, 0.025414504157965256, 2.9716483024531044, 1.0], [0.01355939548348728, 0.025809133699384368, 2.8905925196014266, 1.0], [0.013559395483487502, 0.025809133699384396, 2.890592519601455, 1.0], [0.013559395483487169, 0.025809133699384493, 2.890592519601455, 1.0], [0.013559395483487502, 0.02580913369938448, 2.890592519601455, 1.0], [0.013559395483487169, 0.02580913369938414, 2.8905925196014266, 1.0], [0.013026660845563809, 0.026084196330713925, 2.3837523546903867, 1.0], [0.013017272213393882, 0.026089043888363896, 2.374820072952218, 1.0], [0.01301727221339366, 0.02608904388836367, 2.3748200729521614, 1.0], [0.013017272213393327, 0.026089043888363677, 2.3748200729521898, 1.0], [0.013017272213393771, 0.026089043888363674, 2.3748200729521898, 1.0], [0.013017272213393327, 0.026089043888363667, 2.3748200729521898, 1.0], [0.013640096378887523, 0.025735861121621767, 2.4697566563334874, 1.0], [0.015556000230513845, 0.024649416085257864, 2.7617963295473373, 1.0], [0.015556000230513733, 0.02464941608525767, 2.761796329547309, 1.0], [0.015556000230513845, 0.02464941608525764, 2.761796329547309, 1.0], [0.015556000230513956, 0.02464941608525764, 2.761796329547309, 1.0], [0.0155560002305134, 0.02464941608525764, 2.7617963295473373, 1.0], [0.01564865502757129, 0.02458785502041455, 2.866408443779534, 1.0], [0.016586469534601966, 0.023964758737096636, 3.925250095305813, 1.0], [0.016586469534601966, 0.023964758737096692, 3.9252500953057563, 1.0], [0.016586469534601633, 0.023964758737096414, 3.9252500953057847, 1.0], [0.016586469534602077, 0.023964758737096414, 3.9252500953057847, 1.0], [0.017818895657540135, 0.023043605183907523, 4.624352745245005, 1.0], [0.01821026019740002, 0.02275108717428892, 4.846357116797805, 1.0], [0.01821026019740002, 0.022751087174288864, 4.846357116797833, 1.0], [0.01789079245604086, 0.02299352839879998, 5.33467317016536, 1.0], [0.01693845088012913, 0.02371625194150906, 6.790355918688675, 1.0], [0.016938450880129796, 0.023716251941509336, 6.790355918688647, 1.0], [0.00740289874855482, 0.028000424586419603, 6.737907527110792, 1.0], [0.006283114201042883, 0.028503526059774464, 6.73174837684661, 1.0], [0.0039398618504937755, 0.028769473285431557, 11.43966886562714, 1.0], [-5.751207895410282e-05, 0.029223154898596726, 9.804283430593614, 0.0]]]}