{"text": "へ", "text_ids": [29], "strokes": [[[0.0, 0.0, 0.0, 1.0], [-0.027885542866079253, -0.00517956970283856, 15.917280743252968, 1.0], [0.0028643200345911043, -0.028765700887468, 33.4290689049329, 1.0], [0.01300324687697673, -0.027981125641631015, 6.693536390074968, 1.0], [0.013003246876976732, -0.02798112564163102, 6.693536390074975, 1.0], [0.014455758944807946, -0.0273088487967086, 4.12188317850147, 1.0], [0.014794755290503862, -0.027151948624398722, 3.5216946771944038, 1.0], [0.014794755290504388, -0.027151948624398792, 3.5216946771943896, 1.0], [0.014794755290504391, -0.02715194862439882, 3.5216946771944038, 1.0], [0.015247629591301624, -0.026900321881792366, 3.4597959220953243, 1.0], [0.016487687640742973, -0.02621131884701186, 3.290305073584406, 1.0], [0.016487687640743, -0.026211318847011555, 3.290305073584392, 1.0], [0.01648768764074246, -0.0262113188470115, 3.290305073584392, 1.0], [0.016487687640743015, -0.026211318847011555, 3.290305073584392, 1.0], [0.016936855001408097, -0.025869739488725008, 3.470389922171506, 1.0], [0.020943065861668997, -0.022823126901425683, 5.076601636017244, 1.0], [0.020943065861668442, -0.02282312690142524, 5.076601636017259, 1.0], [0.020943065861668442, -0.022823126901425406, 5.076601636017244, 1.0], [0.026809616673603265, -0.01249870246965118, 7.538525330826246, 1.0], [0.028743108642301313, -0.009095988957026013, 8.349923688065132, 1.0], [0.0293324163416665, -0.005049691500711495, 7.814395388854649, 1.0], [0.029448078997074523, -0.0042555299635861354, 7.709287946342897, 1.0], [0.026433463041595662, 0.007558376852867588, 6.250381650713649, 1.0], [0.024669045034918013, 0.014472912642503444, 5.396501562476999, 1.0], [0.024669045034918513, 0.014472912642503333, 5.3965015624769705, 1.0], [0.02098804879419669, 0.018640971633736236, 4.402069524955209, 1.0], [0.017010056156597453, 0.023145325046755705, 3.3274030311150398, 1.0], [0.017010056156597342, 0.023145325046755705, 3.327403031115068, 1.0], [0.017010056156597453, 0.023145325046755982, 3.327403031115068, 1.0], [0.017010056156597397, 0.023145325046755705, 3.3274030311150398, 1.0], [0.016365188131526542, 0.023640923400031544, 3.0668190005286817, 1.0], [0.016050511649452148, 0.0238827607066861, 2.9396617174232063, 1.0], [0.01605051164945248, 0.0238827607066861, 2.9396617174232063, 1.0], [0.01605051164945237, 0.0238827607066861, 2.9396617174232063, 1.0], [0.016050511649452592, 0.023882760706685796, 2.9396617174232063, 1.0], [0.016050511649452037, 0.02388276070668613, 2.9396617174232063, 1.0], [0.016322500086875857, 0.023679096152680934, 2.511461615252472, 1.0], [0.01635643353221472, 0.02365368683721074, 2.4580391061977025, 1.0], [0.016356433532214276, 0.023653686837210558, 2.4580391061976457, 1.0], [0.016356433532214387, 0.02365368683721053, 2.458039106197674, 1.0], [0.016356433532214276, 0.023653686837210572, 2.4580391061976457, 1.0], [0.016356433532214387, 0.023653686837210537, 2.458039106197674, 1.0], [0.016356433532214276, 0.02365368683721081, 2.458039106197674, 1.0], [0.018561350390290277, 0.021822977115110394, 2.9388010657854693, 1.0], [0.01862254426724297, 0.021772168747865712, 2.9521438311105044, 1.0], [0.01862254426724308, 0.021772168747865396, 2.9521438311105044, 1.0], [0.018622544267242858, 0.021772168747865722, 2.952143831110533, 1.0], [0.01862254426724297, 0.021772168747865445, 2.9521438311105044, 1.0], [0.020036529810656067, 0.02034057223487863, 3.3271820322664496, 1.0], [0.02117852825374189, 0.019184350379163884, 3.6300797838119934, 1.0], [0.021178528253741558, 0.019184350379163967, 3.6300797838119934, 1.0], [0.021178528253742, 0.019184350379164217, 3.6300797838119934, 1.0], [0.021178528253742, 0.019184350379163856, 3.6300797838119934, 1.0], [0.022971794981248683, 0.01694826379880368, 4.370955868381685, 1.0], [0.0232394860143057, 0.016614470550136123, 4.481550617842885, 1.0], [0.023239486014306365, 0.016614470550136012, 4.481550617842885, 1.0], [0.022503283104047256, 0.017296669557090805, 4.53341423863219, 1.0], [0.013651435146383895, 0.02549919334813011, 5.157004392057445, 1.0], [0.013651435146384339, 0.025499193348130444, 5.157004392057502, 1.0], [0.013651435146383895, 0.02549919334813011, 5.157004392057445, 1.0], [0.013310502740078833, 0.025704666370016227, 7.036200309553124, 1.0], [0.013301476249939492, 0.025710106451896475, 7.085953700859136, 1.0], [0.006716352779379209, 0.02805962895813985, 10.313209873542178, 1.0], [0.0018509697287645288, 0.029795561022287087, 9.697650735099785, 0.0]]]}