{"text": "へ", "text_ids": [29], "strokes": [[[0.0, 0.0, 0.0, 1.0], [-0.01954683026619642, -0.016013860878787225, 14.57462803433021, 1.0], [0.011936154928303303, -0.01874330780052869, 32.345151396485484, 1.0], [0.015605938314518618, -0.019061463112202248, 5.772389715466055, 1.0], [0.01560593831451901, -0.019061463112202096, 5.772389715466055, 1.0], [0.015246539744426569, -0.019332329674370638, 5.357225043406125, 1.0], [0.013928755731689148, -0.020325498971396155, 3.834966990589372, 1.0], [0.013928755731689134, -0.02032549897139635, 3.834966990589379, 1.0], [0.013928755731689127, -0.020325498971396128, 3.834966990589379, 1.0], [0.013928755731689169, -0.020325498971396183, 3.834966990589379, 1.0], [0.01403193221487356, -0.020253630593431632, 3.4430745214040996, 1.0], [0.014060797351240592, -0.02023352435927439, 3.3334368480205683, 1.0], [0.014060797351240953, -0.020233524359274446, 3.333436848020554, 1.0], [0.01406079735124055, -0.020233524359274196, 3.3334368480205683, 1.0], [0.014060797351240578, -0.02023352435927439, 3.333436848020554, 1.0], [0.013592316197594267, -0.020554271953256487, 4.571709026040935, 1.0], [0.013583506704510667, -0.02056030340978121, 4.594993954588034, 1.0], [0.013583506704510695, -0.02056030340978121, 4.594993954588048, 1.0], [0.01473508235143317, -0.019606514040046263, 6.174636628299083, 1.0], [0.017669074551342007, -0.017176443051104107, 10.19926088611247, 1.0], [0.01902944746811558, -0.015596901545870567, 10.409612237189123, 1.0], [0.02026453384577026, -0.01386641689100998, 10.761629158856522, 1.0], [0.02382755615225407, -0.006977204221231048, 12.807782831430103, 1.0], [0.024731026473900464, -0.0005473432958503777, 9.639404761129015, 1.0], [0.025001027201668302, 0.0013742108357084892, 8.692539806819468, 1.0], [0.022069647206015064, 0.011863702681108645, 7.669673183461498, 1.0], [0.021846475059611292, 0.012662289835724427, 7.591800188435826, 1.0], [0.018819969576334195, 0.01652088015208031, 6.305657884368969, 1.0], [0.017460208816167055, 0.018254483388794984, 5.727814610426492, 1.0], [0.017460208816166722, 0.018254483388794984, 5.727814610426464, 1.0], [0.013039110075986682, 0.02129541789695455, 4.189317077461737, 1.0], [0.011336995791865923, 0.02246617167731535, 3.59699856551714, 1.0], [0.011336995791865867, 0.022466171677315516, 3.5969985655171683, 1.0], [0.011336995791866311, 0.022466171677315266, 3.59699856551714, 1.0], [0.011836048911092467, 0.02219937224616994, 3.4626230514984115, 1.0], [0.01315922423602689, 0.021491987780674238, 3.1063436143505214, 1.0], [0.013159224236026557, 0.021491987780674043, 3.106343614350493, 1.0], [0.01315922423602689, 0.021491987780674238, 3.1063436143505214, 1.0], [0.013159224236026557, 0.021491987780673905, 3.1063436143504646, 1.0], [0.013159224236027, 0.021491987780674224, 3.1063436143505214, 1.0], [0.014637871932024704, 0.02052501104122252, 3.2704765917992518, 1.0], [0.015004771097394065, 0.02028507359053934, 3.31120316419279, 1.0], [0.015004771097393954, 0.020285073590539146, 3.3112031641927615, 1.0], [0.015004771097394176, 0.020285073590539333, 3.3112031641928183, 1.0], [0.015004771097394287, 0.020285073590539306, 3.3112031641927615, 1.0], [0.01614586844120569, 0.019380860936147465, 3.4855920730437333, 1.0], [0.016715274149897486, 0.018929660300133516, 3.5726118534075795, 1.0], [0.016715274149897486, 0.01892966030013334, 3.5726118534075226, 1.0], [0.016715274149897486, 0.01892966030013335, 3.5726118534075795, 1.0], [0.017249294172923646, 0.018379752330743432, 3.690576690108685, 1.0], [0.019546830266196413, 0.016013860878787034, 4.198101611219272, 1.0], [0.01954683026619608, 0.016013860878787256, 4.198101611219272, 1.0], [0.019546830266196413, 0.016013860878787062, 4.198101611219329, 1.0], [0.019174872360498973, 0.01640025873727899, 4.282059088427786, 1.0], [0.016873692725528855, 0.018790773549137996, 4.801476027270553, 1.0], [0.01687369272552841, 0.018790773549137857, 4.801476027270553, 1.0], [0.016873692725528744, 0.018790773549137857, 4.801476027270496, 1.0], [0.015457342656391981, 0.019894249108973916, 5.500954262191158, 1.0], [0.014507464425756789, 0.020634297374700933, 5.970060850055745, 1.0], [0.014507464425756678, 0.020634297374700572, 5.970060850055745, 1.0], [0.020609435856878466, 0.01436683627584645, 9.854703564358203, 1.0], [0.021253053424083235, 0.013646362470210893, 10.919786899279586, 1.0], [0.02155738768649662, 0.013157215503320774, 13.061426916574703, 1.0], [0.021935618919361022, 0.011884702100385003, 17.650469681208165, 0.0]]]}