{"text": "ほ", "text_ids": [30], "strokes": [[[0.0, 0.0, 0.0, 1.0], [-0.002634930942750134, -0.024463618824864957, 16.481099266529394, 1.0], [-0.008114566797064024, -0.023271806752314262, 9.50297144613328, 1.0], [-0.006475619660713958, 0.011887823534234225, 27.743677373081535, 1.0], [0.0012493709632169989, 0.02462868398557945, 10.647844962285163, 1.0], [-0.0031067245643799438, 0.02442942366160513, 3.535678294444523, 1.0], [-0.0031067245643799472, 0.024429423661605137, 3.5356782944445087, 1.0], [-0.0031067245643799438, 0.02442942366160513, 3.535678294444523, 1.0], [-0.0031067245643799507, 0.024429423661605117, 3.535678294444523, 1.0], [-0.00340961930675485, 0.024382272132581234, 2.6886827851752173, 1.0], [-0.003628120103420354, 0.02434825818247141, 2.0776811147734264, 1.0], [-0.003628120103420361, 0.0243482581824713, 2.0776811147734406, 1.0], [-0.003628120103419931, 0.024348258182471383, 2.0776811147734264, 1.0], [-0.003628120103420354, 0.02434825818247144, 2.0776811147734264, 1.0], [-0.0036281201034203472, 0.0243482581824713, 2.0776811147734406, 1.0], [-0.003628120103419945, 0.024348258182471383, 2.0776811147734264, 1.0], [-0.003628120103420361, 0.024348258182471383, 2.0776811147734264, 1.0], [-0.0028433993396890234, 0.024447068821094098, 1.7770014158098206, 1.0], [-0.0016600794648081243, 0.02459607034868999, 1.323591387425651, 1.0], [-0.001660079464807701, 0.02459607034868988, 1.3235913874256369, 1.0], [-0.0016600794648081174, 0.02459607034868999, 1.3235913874256369, 1.0], [-0.0016600794648077288, 0.024596070348689714, 1.3235913874256369, 1.0], [-0.0016600794648081174, 0.024596070348690102, 1.3235913874256369, 1.0], [-0.001660079464807701, 0.024596070348689714, 1.323591387425651, 1.0], [-0.0016600794648081313, 0.024596070348689936, 1.3235913874256369, 1.0], [-0.001660079464807701, 0.02459607034868999, 1.3235913874256369, 1.0], [-0.0016600794648081174, 0.024596070348689936, 1.323591387425651, 1.0], [-0.0016600794648076872, 0.024596070348690047, 1.3235913874256369, 1.0], [-0.0016600794648081452, 0.024596070348689603, 1.3235913874256369, 1.0], [-0.0016600794648077288, 0.024596070348689825, 1.3235913874256369, 1.0], [-0.0002477117112202748, 0.02464442399381528, 1.6602991795652429, 1.0], [0.0008852364816181041, 0.02468321146593233, 1.9303934830143987, 1.0], [0.0008852364816185343, 0.024683211465932553, 1.930393483014413, 1.0], [0.0008852364816185343, 0.024683211465932553, 1.930393483014413, 1.0], [0.0008852364816181041, 0.024683211465932553, 1.9303934830143987, 1.0], [0.0008852364816185343, 0.024683211465932442, 1.930393483014413, 1.0], [0.000885236481618118, 0.024683211465932553, 1.930393483014413, 1.0], [0.0008852364816185065, 0.02468321146593233, 1.9303934830143845, 1.0], [0.0011201898511377095, 0.024674993817367596, 1.5447490143060634, 1.0], [0.0017671162356183573, 0.024652367141759446, 0.48290605224534033, 1.0], [0.0031912905126167124, 0.02435673373487135, 1.0196216101734308, 1.0], [0.009047158470579394, 0.023141159052291638, 3.2264691069807157, 1.0], [0.009047158470579408, 0.02314115905229186, 3.226469106980744, 1.0], [0.009047158470579408, 0.02314115905229186, 3.226469106980744, 1.0], [0.00904715847057902, 0.023141159052292082, 3.2264691069807725, 1.0], [0.010355821368964797, 0.022448435849567905, 3.904434887047074, 1.0], [0.014577205501690432, 0.020213902617244317, 6.091364760305282, 1.0], [0.014577205501690881, 0.020213902617244317, 6.091364760305311, 1.0], [0.016414605855835405, 0.018562486157309932, 6.785703367555612, 1.0], [0.01869869395571863, 0.016509596227480605, 7.648841630554529, 1.0], [0.02056443803247409, 0.012986981082504512, 11.37403519882551, 1.0], [0.0224132119227623, -0.0019623812945477326, 14.691635212300554, 1.0], [0.020251033656039627, -0.013801942481155738, 9.85530686137011, 1.0], [0.014360449558313948, -0.01913980660812431, 5.897173715650638, 1.0], [0.011757537530389953, -0.021498484543793328, 4.148166791686123, 1.0], [0.011757537530390327, -0.02149848454379366, 4.148166791686123, 1.0], [0.011757537530389939, -0.02149848454379355, 4.148166791686066, 1.0], [0.013336298325746704, -0.020525568126058324, 3.6091693160650777, 1.0], [0.013645070291354422, -0.020335286409182807, 3.503752896747727, 1.0], [0.013645070291354366, -0.02033528640918303, 3.503752896747727, 1.0], [0.013645070291354366, -0.020335286409182918, 3.503752896747727, 1.0], [0.013645070291354394, -0.02033528640918303, 3.503752896747727, 1.0], [0.009520305285142583, -0.02259736254786615, 7.991809778578869, 1.0], [0.009455257217907465, -0.02263303577544118, 8.06258700476414, 0.0]], [[0.0, 0.0, 0.0, 1.0], [0.0019478434555666446, -0.007566127997541371, 4.417795250911127, 1.0], [0.0019478434555660895, -0.007566127997541463, 4.417795250911127, 1.0], [0.002031386984816419, -0.007534248185912399, 4.187344744882552, 1.0], [0.003404429718937174, -0.007010301638343688, 0.39987735252652357, 1.0], [0.003404429718937174, -0.007010301638343696, 0.39987735252652357, 1.0], [0.003404429718937174, -0.007010301638343788, 0.39987735252652357, 1.0], [0.003404429718937285, -0.007010301638343697, 0.39987735252652357, 1.0], [0.003404429718937174, -0.007010301638343687, 0.39987735252652357, 1.0], [0.003404429718937174, -0.007010301638343694, 0.39987735252652534, 1.0], [0.003404429718937174, -0.007010301638343687, 0.39987735252652357, 1.0], [0.005869171697531095, -0.003349343569277713, 2.563857812003061, 1.0], [0.007373517020362597, 0.002047780394696448, 2.529731930579107, 1.0], [0.00709005680532826, 0.003528326110085994, 1.466216959222539, 1.0], [0.007090056805328371, 0.003528326110085883, 1.4662169592225425, 1.0], [0.007090056805328371, 0.0035283261100859872, 1.4662169592225425, 1.0], [0.00709005680532826, 0.00352832611008589, 1.4662169592225425, 1.0], [0.007090056805328371, 0.003528326110085883, 1.466216959222539, 1.0], [0.007090056805328371, 0.003528326110085994, 1.466216959222546, 1.0], [0.00717033935554845, 0.0032802674056923165, 1.456911034654233, 1.0], [0.007746984137725121, 0.0014985382855992324, 1.3900694503878412, 1.0], [0.00774698413772501, 0.0014985382855991318, 1.3900694503878412, 1.0], [0.007746984137725232, 0.001498538285599222, 1.3900694503878412, 1.0], [0.007746984137725232, 0.001498538285599222, 1.3900694503878412, 1.0], [0.0077469841377254545, 0.001498538285599222, 1.3900694503878483, 1.0], [0.007746984137725232, 0.001498538285599215, 1.3900694503878412, 1.0], [0.0077469841377253434, 0.001498538285599222, 1.3900694503878412, 1.0], [0.007746984137725232, 0.0014985382855992255, 1.3900694503878341, 1.0], [0.007746984137725232, 0.001498538285599222, 1.3900694503878483, 1.0], [0.0077469841377253434, 0.001498538285599215, 1.3900694503878412, 1.0], [0.0077469841377253434, 0.001498538285599222, 1.3900694503878483, 1.0], [0.007815549135700595, 0.000858902591178292, 1.7740260133829295, 1.0], [0.007859019745600437, 0.0004533698183112802, 2.017456720909074, 1.0], [0.00785901974560077, 0.0004533698183113652, 2.017456720909081, 1.0], [0.007859019745600881, 0.00045336981831136, 2.017456720909074, 1.0], [0.00785901974560077, 0.0004533698183112663, 2.017456720909074, 1.0], [0.007859019745600881, 0.00045336981831135825, 2.0174567209090952, 1.0], [0.007859019745600437, 0.00045336981831128713, 2.017456720909074, 1.0], [0.007859019745600881, 0.00045336981831135825, 2.017456720909074, 1.0], [0.007856411692725884, 0.00029231777685368235, 1.6431337390251315, 1.0], [0.007844963344963096, -0.00041463866414823136, 0.0, 1.0], [0.007844963344963096, -0.00041463866414823136, 0.0, 1.0], [0.007844963344963207, -0.00041463866414823136, 0.719618158908176, 1.0], [0.007844963344963096, -0.00041463866414823136, 1.8268847607355525, 1.0], [0.007844963344962985, -0.0004146386641482244, 1.8268847607355525, 1.0], [0.007844963344963207, -0.0004146386641482383, 1.8268847607355525, 1.0], [0.007844963344963096, -0.0004146386641482244, 1.8268847607355383, 1.0], [0.007844963344963096, -0.00041463866414823136, 1.8268847607355525, 1.0], [0.007844963344963207, -0.00041463866414823136, 1.8268847607355667, 1.0], 