{"text": "ほ", "text_ids": [30], "strokes": [[[0.0, 0.0, 0.0, 1.0], [-0.007452728188031489, -0.02035845070878623, 12.383472562024563, 1.0], [-0.010081619490838245, 0.01599116815761083, 7.0147764541327735, 1.0], [-0.0056512147178866615, 0.021722529962381092, 5.984751810142562, 1.0], [-0.005209677708193864, 0.021810574101804647, 5.281535639196576, 1.0], [-0.0037192210608478424, 0.022107776759753936, 2.907752256380398, 1.0], [-0.003719221060848238, 0.022107776759753943, 2.907752256380391, 1.0], [-0.003719221060848231, 0.022107776759753936, 2.907752256380391, 1.0], [-0.003719221060848231, 0.022107776759753936, 2.907752256380398, 1.0], [-0.0037192210608478424, 0.022107776759754005, 2.907752256380398, 1.0], [-0.004108914152108879, 0.02203857909754811, 2.376146966180741, 1.0], [-0.004739095019314694, 0.021926678107370118, 1.5164769070942583, 1.0], [-0.004739095019314674, 0.021926678107370118, 1.5164769070942583, 1.0], [-0.00473909501931509, 0.021926678107370118, 1.5164769070942583, 1.0], [-0.0047390950193146875, 0.02192667810737009, 1.5164769070942512, 1.0], [-0.004739095019315062, 0.021926678107370035, 1.5164769070942583, 1.0], [-0.004739095019314701, 0.0219266781073702, 1.5164769070942512, 1.0], [-0.004739095019315062, 0.021926678107370035, 1.5164769070942583, 1.0], [-0.004739095019314701, 0.0219266781073702, 1.5164769070942583, 1.0], [-0.004739095019315076, 0.021926678107370035, 1.5164769070942583, 1.0], [-0.004739095019314701, 0.021926678107370257, 1.5164769070942512, 1.0], [-0.0038618121261873167, 0.022081726890275877, 1.691418658987594, 1.0], [-0.0036838169425714995, 0.0221131853135495, 1.7269132406034515, 1.0], [-0.0036838169425714856, 0.022113185313549555, 1.7269132406034657, 1.0], [-0.0036838169425714717, 0.022113185313549777, 1.7269132406034657, 1.0], [-0.0036838169425714995, 0.0221131853135495, 1.7269132406034515, 1.0], [-0.0036838169425714856, 0.022113185313549555, 1.7269132406034657, 1.0], [-0.0036838169425714995, 0.022113185313549555, 1.7269132406034515, 1.0], [-0.0036838169425714856, 0.022113185313549555, 1.7269132406034657, 1.0], [-0.0036838169425714717, 0.022113185313549555, 1.7269132406034515, 1.0], [-0.0036838169425714995, 0.022113185313549444, 1.7269132406034657, 1.0], [0.0005702816935125588, 0.022342106769784542, 2.1442095280717552, 1.0], [0.0006255511579336404, 0.02234508092891052, 2.149631062522687, 1.0], [0.0006255511579336681, 0.022345080928910188, 2.149631062522687, 1.0], [0.0006255511579336126, 0.0223450809289103, 2.149631062522687, 1.0], [0.0006255511579336681, 0.022345080928910188, 2.149631062522687, 1.0], [0.0006255511579336126, 0.022345080928910188, 2.149631062522687, 1.0], [0.0006255511579340567, 0.02234508092891052, 2.149631062522687, 1.0], [0.0008329907147872906, 0.022323859332219143, 2.1959166625673987, 1.0], [0.003256671438918002, 0.022075910601438986, 2.736708006005074, 1.0], [0.003256671438917974, 0.022075910601439208, 2.736708006005074, 1.0], [0.0032566714389180296, 0.022075910601439208, 2.736708006005074, 1.0], [0.0032566714389175994, 0.022075910601438875, 2.736708006005088, 1.0], [0.003256671438918002, 0.022075910601439208, 2.736708006005074, 1.0], [0.004224857715465005, 0.021822165650450143, 3.2112377516624235, 1.0], [0.007422697011322074, 0.020984067037555842, 4.778570303749859, 1.0], [0.007422697011322421, 0.02098406703755573, 4.778570303749845, 1.0], [0.007422697011322074, 0.02098406703755573, 4.778570303749859, 1.0], [0.007564816497244456, 0.02093113307308858, 5.971533993347862, 1.0], [0.007633290869935708, 0.020905629040426144, 6.546314008619333, 1.0], [0.008686586344503477, 0.0198195139035946, 7.333842716318259, 1.0], [0.01986529030790233, 0.0038185157014465343, 15.676087299511437, 1.0], [0.01021090389216895, -0.020050026659541142, 8.337810235120429, 1.0], [0.010210903892168943, -0.02005002665954092, 7.966580889011368, 1.0], [0.010210903892168945, -0.02005002665954103, 3.5733472436230045, 1.0], [0.010210903892168562, -0.020050026659541254, 3.573347243623033, 1.0], [0.010210903892168947, -0.02005002665954103, 3.573347243623033, 1.0], [0.010210903892168948, -0.020050026659541365, 3.5733472436230613, 1.0], [0.01021090389216895, -0.020050026659541254, 3.9371033865385527, 1.0], [0.010210903892168947, -0.02005002665954103, 4.7084104857150635, 1.0], [0.010210903892168562, -0.020050026659541254, 4.7084104857150635, 1.0], [0.010210903892168936, -0.02005002665954103, 4.7084104857150635, 1.0], [0.007520872275069479, -0.02115686252281146, 0.8456433936393353, 1.0], [0.007294240950214748, -0.021250111864750343, 0.5202107786029728, 0.0]], [[0.0, 0.0, 0.0, 1.0], [0.0032379761552595587, -0.006358056928310207, 5.599058997220167, 1.0], [0.0032379761552595032, -0.006358056928310096, 5.599058997220167, 1.0], [0.004244352713337618, -0.005724187914379147, 1.037082958354235, 1.0], [0.0044125756607378275, -0.005618232233144685, 0.2745164527363748, 1.0], [0.004412575660737772, -0.005618232233144713, 0.27451645273637304, 1.0], [0.004412575660738216, -0.005618232233144713, 0.2745164527363748, 1.0], [0.0044125756607378275, -0.005618232233144699, 0.27451645273637304, 1.0], [0.0044125756607378275, -0.005618232233144713, 0.27451645273637304, 1.0], [0.004412575660737772, -0.005618232233144699, 0.2745164527363748, 1.0], [0.0044125756607382716, -0.005618232233144713, 0.2745164527363748, 1.0], [0.0044125756607378275, -0.005618232233144713, 0.27451645273637304, 1.0], [0.004412575660737772, -0.005618232233144699, 0.27451645273637304, 1.0], [0.0044125756607381605, -0.005618232233144713, 0.2745164527363748, 1.0], [0.006900207033617711, -0.0004319172731607479, 1.8359477460184692, 1.0], [0.0070918386922251275, -3.2395805198773275e-05, 1.956230707471267, 1.0], [0.007091838692224628, -3.23958051987594e-05, 1.9562307074712635, 1.0], [0.0070918386922251275, -3.23958051987594e-05, 1.956230707471267, 1.0], [0.007091838692225072, -3.2395805198773275e-05, 1.956230707471267, 1.0], [0.0070918386922251275, -3.23958051987594e-05, 1.9562307074712635, 1.0], [0.007091838692225072, -3.2395805198773275e-05, 1.9562307074712635, 1.0], [0.007058558101006307, 0.00029845442871372085, 1.8355024251327379, 1.0], [0.00696416480156159, 0.0012368405588090714, 1.4930823992587108, 1.0], [0.006964164801561701, 0.0012368405588090992, 1.4930823992587108, 1.0], [0.006964164801561701, 0.0012368405588090853, 1.4930823992587108, 1.0], [0.006964164801561701, 0.0012368405588090714, 1.4930823992587108, 1.0], [0.00696416480156159, 0.0012368405588090992, 1.4930823992587108, 1.0], [0.006964164801561701, 0.0012368405588090714, 1.4930823992587037, 1.0], [0.00696416480156159, 0.0012368405588091963, 1.4930823992587179, 1.0], [0.00696416480156159, 0.0012368405588090714, 1.4930823992587108, 1.0], [0.006964164801561701, 0.0012368405588090992, 1.4930823992587108, 1.0], [0.006964164801561701, 0.0012368405588090853, 1.4930823992587037, 1.0], [0.0070336937460868665, 0.0005456368656815286, 1.484891107595054, 1.0], [0.007091838692225072, -3.2395805198773275e-05, 1.4780409789782993, 1.0], [0.007091838692225072, -3.23958051987594e-05, 1.478040978978278, 1.0], [0.007091838692225072, -3.2395805198773275e-05, 1.4780409789782993, 1.0], [0.007091838692224628, -3.23958051987594e-05, 1.4780409789782851, 1.0], [0.007091838692225183, -3.23958051987594e-05, 1.4780409789782922, 1.0], [0.007091838692224961, -3.2395805198773275e-05, 1.4780409789782851, 1.0], [0.007091838692225072, -3.23958051987594e-05, 1.4780409789782922, 1.0], [0.007091838692225183, -3.2395805198773275e-05, 1.4780409789782851, 1.0], [0.007091838692224628, -3.23958051987594e-05, 1.4780409789782922, 1.0], [0.007091838692225072, -3.23958051987594e-05, 1.4780409789782922, 1.0], [0.007091838692225072, -3.2395805198773275e-05, 1.4991629006717702, 1.0], [0.007091838692225072, -3.23958051987594e-05, 1.9707213053043873, 1.0], [0.007091838692224961, -3.2395805198773275e-05, 1.9707213053043802, 1.0], [0.007091838692224739, -3.23958051987594e-05, 1.9707213053043944, 1.0], [0.007091838692225183, -3.23958051987594e-05, 1.9707213053043802, 1.0], 