{"text": "ほ", "text_ids": [30], "strokes": [[[0.0, 0.0, 0.0, 1.0], [-0.00220850437356419, -0.023620304557789403, 16.481099266529394, 1.0], [-0.007450650224072106, -0.0219513027306226, 9.50297144613328, 1.0], [-0.0063256494108643365, 0.012194812777136868, 27.743677373081535, 1.0], [0.0008846948845457805, 0.023909371736874574, 10.647844962285163, 1.0], [-0.0032683051077259818, 0.024117573589796874, 3.535678294444523, 1.0], [-0.0032683051077259835, 0.024117573589796874, 3.5356782944445087, 1.0], [-0.0032683051077259766, 0.02411757358979688, 3.535678294444523, 1.0], [-0.003268305107725987, 0.024117573589796867, 3.535678294444523, 1.0], [-0.003556662668212758, 0.02409957071023079, 2.6886827851752173, 1.0], [-0.0037646767004038406, 0.024086583876928386, 2.0776811147734264, 1.0], [-0.0037646767004038545, 0.024086583876928247, 2.0776811147734406, 1.0], [-0.0037646767004034312, 0.024086583876928302, 2.0776811147734264, 1.0], [-0.0037646767004038476, 0.024086583876928386, 2.0776811147734264, 1.0], [-0.0037646767004038476, 0.024086583876928275, 2.0776811147734406, 1.0], [-0.003764676700403445, 0.024086583876928302, 2.0776811147734264, 1.0], [-0.0037646767004038476, 0.024086583876928302, 2.0776811147734264, 1.0], [-0.003017326808411186, 0.02411045043158272, 1.7770014158098206, 1.0], [-0.0018903603490557502, 0.024146440008732728, 1.323591387425651, 1.0], [-0.0018903603490553478, 0.024146440008732672, 1.3235913874256369, 1.0], [-0.0018903603490557502, 0.024146440008732728, 1.3235913874256369, 1.0], [-0.0018903603490553617, 0.024146440008732506, 1.3235913874256369, 1.0], [-0.0018903603490557364, 0.02414644000873284, 1.3235913874256369, 1.0], [-0.0018903603490553478, 0.02414644000873245, 1.323591387425651, 1.0], [-0.0018903603490557502, 0.024146440008732784, 1.3235913874256369, 1.0], [-0.0018903603490553478, 0.024146440008732728, 1.3235913874256369, 1.0], [-0.0018903603490557364, 0.024146440008732728, 1.323591387425651, 1.0], [-0.0018903603490553478, 0.024146440008732784, 1.3235913874256369, 1.0], [-0.0018903603490557641, 0.02414644000873245, 1.3235913874256369, 1.0], [-0.0018903603490553617, 0.02414644000873256, 1.3235913874256369, 1.0], [-0.0005436391600555646, 0.024063081514828277, 1.6602991795652429, 1.0], [0.0005366498322830066, 0.023996214472029043, 1.9303934830143987, 1.0], [0.0005366498322834368, 0.023996214472029265, 1.930393483014413, 1.0], [0.000536649832283409, 0.023996214472029265, 1.930393483014413, 1.0], [0.0005366498322830204, 0.023996214472029376, 1.9303934830143987, 1.0], [0.0005366498322834229, 0.023996214472029154, 1.930393483014413, 1.0], [0.0005366498322830343, 0.023996214472029265, 1.930393483014413, 1.0], [0.000536649832283409, 0.023996214472029043, 1.9303934830143845, 1.0], [0.0007608854106278817, 0.023966484651348763, 1.5447490143060634, 1.0], [0.0013783011653675792, 0.023884625832113704, 0.48290605224534033, 1.0], [0.002740574941842072, 0.023464623083970904, 1.0196216101734308, 1.0], [0.008341922674679314, 0.021737671070562792, 3.2264691069807157, 1.0], [0.008341922674679328, 0.021737671070562903, 3.226469106980744, 1.0], [0.008341922674679328, 0.021737671070563125, 3.226469106980744, 1.0], [0.008341922674678953, 0.021737671070563236, 3.2264691069807725, 1.0], [0.00959895672135478, 0.020940989625578, 3.904434887047074, 1.0], [0.01365380047483675, 0.018371115890449707, 6.091364760305282, 1.0], [0.013653800474837195, 0.01837111589044993, 6.091364760305311, 1.0], [0.015427177768010395, 0.016590382297898332, 6.785703367555612, 1.0], [0.017631678253059002, 0.014376737134156992, 7.648841630554529, 1.0], [0.019455429273576238, 0.010768063713295195, 11.37403519882551, 1.0], [0.021405492124980344, -0.003985626121529862, 14.691635212300554, 1.0], [0.0194905369296397, -0.015335081660846406, 9.85530686137011, 1.0], [0.01393779835133696, -0.019997682028333186, 5.897173715650638, 1.0], [0.011484172396151612, -0.022057976623331976, 4.148166791686123, 1.0], [0.011484172396152015, -0.02205797662333231, 4.148166791686123, 1.0], [0.011484172396151612, -0.022057976623332087, 4.148166791686066, 1.0], [0.012978093731287443, -0.021254818418940835, 3.6091693160650777, 1.0], [0.013270272906543062, -0.021097737790771065, 3.503752896747727, 1.0], [0.013270272906543007, -0.02109773779077151, 3.503752896747727, 1.0], [0.013270272906543007, -0.021097737790771287, 3.503752896747727, 1.0], [0.013270272906543007, -0.021097737790771398, 3.503752896747727, 1.0], [0.009363674936062355, -0.022923154205212293, 7.991809778578869, 1.0], [0.009302067390647845, -0.022951941253560593, 8.06258700476414, 0.0]], [[0.0, 0.0, 0.0, 1.0], [0.0019524952629124126, -0.007560634262287438, 4.417795250911127, 1.0], [0.0019524952629119685, -0.00756063426228748, 4.417795250911127, 1.0], [0.0020317938085196996, -0.007537256915005799, 4.187344744882552, 1.0], [0.0033350699910099646, -0.007153048860640478, 0.39987735252652357, 1.0], [0.0033350699910100756, -0.007153048860640471, 0.39987735252652357, 1.0], [0.0033350699910100756, -0.007153048860640554, 0.39987735252652357, 1.0], [0.0033350699910099646, -0.007153048860640485, 0.39987735252652357, 1.0], [0.0033350699910101866, -0.007153048860640457, 0.39987735252652357, 1.0], [0.0033350699910099646, -0.007153048860640471, 0.39987735252652534, 1.0], [0.0033350699910100756, -0.007153048860640471, 0.39987735252652357, 1.0], [0.005640648567347584, -0.0038096343646857322, 2.563857812003061, 1.0], [0.007008408139468791, 0.0013161353298770523, 2.529731930579107, 1.0], [0.006719538509262879, 0.002786577335339685, 1.466216959222539, 1.0], [0.00671953850926299, 0.002786577335339574, 1.4662169592225425, 1.0], [0.006719538509262879, 0.002786577335339685, 1.4662169592225425, 1.0], [0.006719538509262879, 0.0027865773353396017, 1.4662169592225425, 1.0], [0.006719538509262879, 0.002786577335339574, 1.466216959222539, 1.0], [0.006719538509262879, 0.002786577335339685, 1.466216959222546, 1.0], [0.006799217305864191, 0.002537181105289124, 1.456911034654233, 1.0], [0.007371525512121058, 0.0007458449511774795, 1.3900694503878412, 1.0], [0.007371525512120725, 0.0007458449511774101, 1.3900694503878412, 1.0], [0.007371525512121058, 0.0007458449511774795, 1.3900694503878412, 1.0], [0.00737152551212128, 0.0007458449511774656, 1.3900694503878412, 1.0], [0.007371525512121058, 0.0007458449511774656, 1.3900694503878483, 1.0], [0.007371525512121169, 0.0007458449511774656, 1.3900694503878412, 1.0], [0.00737152551212128, 0.0007458449511774518, 1.3900694503878412, 1.0], [0.007371525512121058, 0.0007458449511774795, 1.3900694503878341, 1.0], [0.007371525512121058, 0.0007458449511774656, 1.3900694503878483, 1.0], [0.00737152551212128, 0.0007458449511774656, 1.3900694503878412, 1.0], [0.007371525512121169, 0.0007458449511774379, 1.3900694503878483, 1.0], [0.007444909655027976, 0.00011555536650505183, 1.7740260133829295, 1.0], [0.007491435631012067, -0.00028405191809589836, 2.017456720909074, 1.0], [0.007491435631012289, -0.00028405191809584285, 2.017456720909081, 1.0], [0.0074914356310124, -0.0002840519180958567, 2.017456720909074, 1.0], [0.007491435631012178, -0.00028405191809595387, 2.017456720909074, 1.0], [0.0074914356310124, -0.0002840519180958567, 2.0174567209090952, 1.0], [0.007491435631011956, -0.0002840519180958845, 2.017456720909074, 1.0], [0.007491435631012511, -0.0002840519180958567, 2.017456720909074, 1.0], [0.007490956131555482, -0.00044091423642006466, 1.6431337390251315, 1.0], [0.007488851313594114, -0.0011294794063246294, 0.0, 1.0], [0.007488851313594114, -0.0011294794063246294, 0.0, 1.0], [0.007488851313594225, -0.0011294794063246572, 0.719618158908176, 1.0], [0.007488851313594114, -0.0011294794063246294, 1.8268847607355525, 1.0], [0.007488851313594114, -0.0011294794063246294, 1.8268847607355525, 1.0], [0.007488851313594336, -0.0011294794063246294, 1.8268847607355525, 1.0], [0.007488851313594114, -0.0011294794063246294, 1.8268847607355383, 1.0], [0.007488851313594114, -0.0011294794063246294, 1.8268847607355525, 1.0], [0.007488851313594225, -0.0011294794063246572, 