{"text": "ほ", "text_ids": [30], "strokes": [[[0.0, 0.0, 0.0, 1.0], [-0.008089371086031747, -0.016694240412422276, 12.383472562024563, 1.0], [-0.007098789340012086, 0.01406657985149876, 7.0147764541327735, 1.0], [-0.002852525839833331, 0.018626820736570703, 5.984751810142562, 1.0], [-0.002472005299662971, 0.018674525598518486, 5.281535639196576, 1.0], [-0.0011875164434667351, 0.018835558596975985, 2.907752256380398, 1.0], [-0.0011875164434670613, 0.018835558596976026, 2.907752256380391, 1.0], [-0.0011875164434670647, 0.018835558596976, 2.907752256380391, 1.0], [-0.0011875164434670613, 0.018835558596976, 2.907752256380398, 1.0], [-0.0011875164434667282, 0.018835558596976054, 2.907752256380398, 1.0], [-0.0015226060698489384, 0.01880061866681154, 2.376146966180741, 1.0], [-0.0020644865293199845, 0.01874411657327943, 1.5164769070942583, 1.0], [-0.0020644865293199775, 0.01874411657327943, 1.5164769070942583, 1.0], [-0.002064486529320314, 0.01874411657327943, 1.5164769070942583, 1.0], [-0.002064486529319988, 0.0187441165732794, 1.5164769070942512, 1.0], [-0.002064486529320314, 0.018744116573279346, 1.5164769070942583, 1.0], [-0.002064486529319981, 0.018744116573279485, 1.5164769070942512, 1.0], [-0.002064486529320321, 0.0187441165732794, 1.5164769070942583, 1.0], [-0.002064486529319981, 0.018744116573279512, 1.5164769070942583, 1.0], [-0.002064486529320314, 0.018744116573279346, 1.5164769070942583, 1.0], [-0.002064486529319974, 0.018744116573279512, 1.5164769070942512, 1.0], [-0.0013101922355458415, 0.018822159241037473, 1.691418658987594, 1.0], [-0.0011571506655203637, 0.018837993607678294, 1.7269132406034515, 1.0], [-0.0011571506655203498, 0.018837993607678294, 1.7269132406034657, 1.0], [-0.001157150665520336, 0.01883799360767846, 1.7269132406034657, 1.0], [-0.0011571506655203637, 0.01883799360767824, 1.7269132406034515, 1.0], [-0.0011571506655203428, 0.018837993607678294, 1.7269132406034657, 1.0], [-0.0011571506655203706, 0.018837993607678294, 1.7269132406034515, 1.0], [-0.0011571506655203428, 0.01883799360767835, 1.7269132406034657, 1.0], [-0.0011571506655203498, 0.018837993607678294, 1.7269132406034515, 1.0], [-0.0011571506655203637, 0.01883799360767824, 1.7269132406034657, 1.0], [0.0024543761305138995, 0.01877616428913942, 2.1442095280717552, 1.0], [0.002501297269122675, 0.01877536099950905, 2.149631062522687, 1.0], [0.002501297269122675, 0.01877536099950894, 2.149631062522687, 1.0], [0.0025012972691226543, 0.01877536099950894, 2.149631062522687, 1.0], [0.002501297269122675, 0.01877536099950894, 2.149631062522687, 1.0], [0.002501297269122661, 0.01877536099950894, 2.149631062522687, 1.0], [0.002501297269123008, 0.01877536099950905, 2.149631062522687, 1.0], [0.0026745438232523636, 0.018745081012831788, 2.1959166625673987, 1.0], [0.00469872060098462, 0.0183912959337017, 2.736708006005074, 1.0], [0.004698720600984606, 0.018391295933701812, 2.736708006005074, 1.0], [0.004698720600984637, 0.018391295933701812, 2.736708006005074, 1.0], [0.004698720600984259, 0.01839129593370159, 2.736708006005088, 1.0], [0.004698720600984623, 0.0183912959337017, 2.736708006005074, 1.0], [0.005493656587873295, 0.018119726945470038, 3.2112377516624235, 1.0], [0.008119264488069686, 0.017222757009890732, 4.778570303749859, 1.0], [0.008119264488069997, 0.01722275700989062, 4.778570303749845, 1.0], [0.008119264488069678, 0.01722275700989051, 4.778570303749859, 1.0], [0.008234567418999438, 0.017169686433675113, 5.971533993347862, 1.0], [0.008290121348241673, 0.01714411658031445, 6.546314008619333, 1.0], [0.009083403194063908, 0.016166664732365166, 7.333842716318259, 1.0], [0.017107483597501146, 0.002026159780369685, 15.676087299511437, 1.0], [0.006849509350865986, -0.017491554515674523, 8.337810235120429, 1.0], [0.006849509350865993, -0.017491554515674412, 7.966580889011368, 1.0], [0.006849509350865993, -0.0174915545156743, 3.5733472436230045, 1.0], [0.00684950935086566, -0.017491554515674523, 3.573347243623033, 1.0], [0.006849509350865993, -0.017491554515674412, 3.573347243623033, 1.0], [0.006849509350865965, -0.017491554515674634, 3.5733472436230613, 1.0], [0.006849509350865979, -0.017491554515674523, 3.9371033865385527, 1.0], [0.006849509350865993, -0.017491554515674412, 4.7084104857150635, 1.0], [0.00684950935086566, -0.017491554515674523, 4.7084104857150635, 1.0], [0.006849509350865993, -0.017491554515674412, 4.7084104857150635, 1.0], [0.004480843319374539, -0.018262452781696692, 0.8456433936393353, 1.0], [0.00428128658649346, -0.018327399860476823, 0.5202107786029728, 0.0]], [[0.35547978145230213, 0.09430371807526758, 0.0, 1.0], [0.002172045510127729, -0.005546740723278654, 5.599058997220167, 1.0], [0.0021720455101276737, -0.0055467407232785565, 5.599058997220167, 1.0], [0.0030776034663662633, -0.005073294130543721, 1.037082958354235, 1.0], [0.003228973872619667, -0.00499415418970596, 0.2745164527363748, 1.0], [0.003228973872619667, -0.004994154189705974, 0.27451645273637304, 1.0], [0.00322897387262, -0.004994154189705988, 0.2745164527363748, 1.0], [0.0032289738726196116, -0.004994154189705981, 0.27451645273637304, 1.0], [0.003228973872619667, -0.004994154189705974, 0.27451645273637304, 1.0], [0.003228973872619667, -0.004994154189705981, 0.2745164527363748, 1.0], [0.00322897387262, -0.004994154189705995, 0.2745164527363748, 1.0], [0.003228973872619667, -0.004994154189705981, 0.27451645273637304, 1.0], [0.003228973872619667, -0.004994154189705967, 0.27451645273637304, 1.0], [0.00322897387262, -0.004994154189706005, 0.2745164527363748, 1.0], [0.005787016395852829, -0.0007765451319953036, 1.8359477460184692, 1.0], [0.005984072091829051, -0.00045164674556342696, 1.956230707471267, 1.0], [0.005984072091828774, -0.0004516467455634027, 1.9562307074712635, 1.0], [0.005984072091829107, -0.00045164674556343043, 1.956230707471267, 1.0], [0.005984072091829051, -0.00045164674556343043, 1.956230707471267, 1.0], [0.005984072091829051, -0.0004516467455634235, 1.9562307074712635, 1.0], [0.005984072091829107, -0.00045164674556343043, 1.9562307074712635, 1.0], [0.005985192695330321, -0.0001711054804568353, 1.8355024251327379, 1.0], [0.005988371048177177, 0.0006245899887054492, 1.4930823992587108, 1.0], [0.005988371048177121, 0.00062458998870547, 1.4930823992587108, 1.0], [0.005988371048177232, 0.0006245899887054596, 1.4930823992587108, 1.0], [0.005988371048177177, 0.0006245899887054492, 1.4930823992587108, 1.0], [0.005988371048177177, 0.000624589988705463, 1.4930823992587108, 1.0], [0.005988371048177232, 0.0006245899887054492, 1.4930823992587037, 1.0], [0.005988371048177066, 0.0006245899887055636, 1.4930823992587179, 1.0], [0.005988371048177232, 0.0006245899887054492, 1.4930823992587108, 1.0], [0.005988371048177177, 0.0006245899887054596, 1.4930823992587108, 1.0], [0.005988371048177232, 0.000624589988705463, 1.4930823992587037, 1.0], [0.005986029912523727, 3.849048312779338e-05, 1.484891107595054, 1.0], [0.005984072091829162, -0.00045164674556343737, 1.4780409789782993, 1.0], [0.005984072091829051, -0.0004516467455634235, 1.478040978978278, 1.0], [0.005984072091829051, -0.0004516467455634235, 1.4780409789782993, 1.0], [0.005984072091828718, -0.0004516467455634027, 1.4780409789782851, 1.0], [0.005984072091829162, -0.00045164674556343737, 1.4780409789782922, 1.0], [0.005984072091829051, -0.0004516467455634235, 1.4780409789782851, 1.0], [0.005984072091829051, -0.0004516467455634235, 1.4780409789782922, 1.0], [0.005984072091829051, -0.00045164674556343737, 1.4780409789782851, 1.0], [0.005984072091828829, -0.0004516467455634027, 1.4780409789782922, 1.0], [0.005984072091829051, -0.0004516467455634235, 1.4780409789782922, 1.0], [0.005984072091829051, -0.00045164674556343737, 1.4991629006717702, 1.0], [0.005984072091829051, -0.0004516467455634235, 1.9707213053043873, 1.0], [0.005984072091829051, -0.0004516467455634235, 1.9707213053043802, 1.0], [0.005984072091828829, -0.0004516467455634027, 1.9707213053043944, 1.0], [0.005984072091829051, -0.00045164674556343737, 1.9707213053043802, 1.0], 