{"text": "ほ", "text_ids": [30], "strokes": [[[0.0, 0.0, 0.0, 1.0], [-0.017714610780067818, -0.006169863670984461, 18.08135191974185, 1.0], [-0.006486405778853475, 0.0214234775930467, 41.48997863406485, 1.0], [-0.004263555861659496, 0.022007537998432657, 6.34515368237269, 1.0], [-0.0040633153087940126, 0.0220601517973116, 3.1792093132789176, 1.0], [-0.004063315308794488, 0.0220601517973116, 3.1792093132789176, 1.0], [-0.004063315308794009, 0.022060151797311578, 3.1792093132789176, 1.0], [-0.004063315308794495, 0.02206015179731162, 3.1792093132789176, 1.0], [-0.003961530203315841, 0.022080591732507288, 2.070301246523684, 1.0], [-0.0038847825330586214, 0.022096003785175594, 1.2341660354533275, 1.0], [-0.0038847825330586075, 0.02209600378517565, 1.2341660354533133, 1.0], [-0.0038847825330586214, 0.022096003785175594, 1.2341660354533275, 1.0], [-0.0038847825330586214, 0.022096003785175622, 1.2341660354533133, 1.0], [-0.0038847825330586283, 0.022096003785175594, 1.2341660354533275, 1.0], [-0.0038847825330581287, 0.022096003785175622, 1.2341660354533133, 1.0], [-0.0038847825330586283, 0.022096003785175622, 1.2341660354533275, 1.0], [-0.0038847825330586144, 0.022096003785175455, 1.2341660354533133, 1.0], [-0.0038847825330586144, 0.022096003785175677, 1.2341660354533275, 1.0], [-0.0038847825330586283, 0.022096003785175566, 1.2341660354533133, 1.0], [-0.0038847825330586006, 0.022096003785175844, 1.2341660354533275, 1.0], [-0.0038847825330586283, 0.022096003785175455, 1.2341660354533133, 1.0], [-0.002721638381816993, 0.02227364331447279, 1.2920103248837762, 1.0], [-0.0019650859532150122, 0.022389186703623387, 1.3296344126656692, 1.0], [-0.0019650859532155257, 0.022389186703623165, 1.329634412665655, 1.0], [-0.001965085953215484, 0.022389186703623387, 1.3296344126656692, 1.0], [-0.001965085953215498, 0.022389186703623665, 1.3296344126656834, 1.0], [-0.0019650859532155257, 0.02238918670362311, 1.329634412665655, 1.0], [-0.001965085953215498, 0.022389186703623443, 1.3296344126656692, 1.0], [-0.001965085953215512, 0.02238918670362333, 1.3296344126656692, 1.0], [-0.001965085953215512, 0.022389186703623443, 1.3296344126656692, 1.0], [-0.0019650859532149983, 0.02238918670362333, 1.3296344126656692, 1.0], [-0.001965085953215512, 0.022389186703623443, 1.3296344126656692, 1.0], [-0.001965085953215512, 0.02238918670362333, 1.3296344126656692, 1.0], [-0.001965085953215498, 0.022389186703623443, 1.3296344126656692, 1.0], [0.0028061901856407945, 0.02229198702491142, 1.9992439400702722, 1.0], [0.003850489108465624, 0.022270712733333475, 2.1458027406575724, 1.0], [0.0038504891084651244, 0.02227071273333303, 2.145802740657558, 1.0], [0.003850489108465624, 0.022270712733333475, 2.145802740657558, 1.0], [0.00385048910846561, 0.022270712733333142, 2.1458027406575724, 1.0], [0.0038504891084651244, 0.022270712733333253, 2.145802740657558, 1.0], [0.00385048910846561, 0.022270712733333475, 2.1458027406575724, 1.0], [0.0038504891084651383, 0.02227071273333303, 2.145802740657558, 1.0], [0.009312348371887588, 0.020617231444266526, 3.6018047904102275, 1.0], [0.009932821560308114, 0.020429394160671133, 3.767208216347427, 1.0], [0.009932821560307614, 0.020429394160671133, 3.767208216347427, 1.0], [0.009932821560308093, 0.02042939416067091, 3.767208216347427, 1.0], [0.010636664602507243, 0.020058095125132236, 4.363230717943395, 1.0], [0.011759267562188348, 0.01946588724463616, 5.313864004361562, 1.0], [0.011759267562188834, 0.01946588724463605, 5.313864004361534, 1.0], [0.014254357365735295, 0.01718370110234635, 6.7327303130112455, 1.0], [0.0184240289230699, 0.013369823688988092, 9.103870014045867, 1.0], [0.020504061346328144, 0.006499835974411505, 9.918451202913417, 1.0], [0.02245201010279705, -0.00036880997095734003, 10.646172091655728, 1.0], [0.016875353741805724, -0.014556486203931795, 5.828155559525499, 1.0], [0.016875353741805738, -0.014556486203931573, 5.828155559525499, 1.0], [0.016441341383659852, -0.014941407973452447, 5.626041288064187, 1.0], [0.01236790264456776, -0.018554105211350702, 3.729090457881256, 1.0], [0.012367902644567302, -0.01855410521135037, 3.7290904578812274, 1.0], [0.012367902644567275, -0.01855410521135037, 3.729090457881256, 1.0], [0.012367902644567774, -0.01855410521135048, 3.729090457881256, 1.0], [0.012696182143307116, -0.018323833167491754, 6.330362721268415, 1.0], [0.012978615004108296, -0.018125720302207382, 8.568348248513757, 1.0], [0.010629480637086658, -0.01953266438707446, 3.2271299054485496, 1.0], [0.009473478290000642, -0.020225017573489712, 0.5987315355802423, 0.0]], [[0.0, 0.0, 0.0, 1.0], [0.0026993830795363216, -0.005762938231338666, 1.364825654827106, 1.0], [0.0026993830795358775, -0.005762938231338527, 1.364825654827106, 1.0], [0.0026993830795366547, -0.005762938231338652, 1.364825654827106, 1.0], [0.0026993830795358775, -0.005762938231338638, 1.364825654827106, 1.0], [0.0026993830795363216, -0.005762938231338541, 1.3648256548271052, 1.0], [0.0026993830795366547, -0.005762938231338666, 1.364825654827107, 1.0], [0.0026993830795358775, -0.005762938231338652, 1.364825654827106, 1.0], [0.0026993830795364326, -0.005762938231338652, 1.364825654827106, 1.0], [0.0034470968320480244, -0.004795739457139819, 1.1595382128380667, 1.0], [0.006299904178332372, -0.0011055147433632895, 0.37628991676411694, 1.0], [0.006299904178331928, -0.0011055147433632895, 0.37628991676411694, 1.0], [0.006299904178331928, -0.0011055147433632895, 0.37628991676411694, 1.0], [0.006299904178332261, -0.0011055147433632895, 0.37628991676411516, 1.0], [0.006299904178331928, -0.0011055147433632756, 0.3762899167641187, 1.0], [0.006299904178331928, -0.0011055147433631646, 0.37628991676411516, 1.0], [0.006299904178331928, -0.0011055147433632756, 0.37628991676411694, 1.0], [0.006264619821210071, -0.0003799291450041209, 0.5714297404589459, 1.0], [0.006149816797301866, 0.0019808739867587244, 1.2063468445913816, 1.0], [0.006149816797301866, 0.0019808739867586272, 1.2063468445913834, 1.0], [0.006149816797301422, 0.0019808739867587244, 1.2063468445913834, 1.0], [0.006149816797301755, 0.0019808739867587383, 1.2063468445913834, 1.0], [0.006149816797301866, 0.0019808739867587383, 1.2063468445913834, 1.0], [0.006149816797301422, 0.0019808739867587244, 1.206346844591387, 1.0], [0.006149816797301866, 0.0019808739867587383, 1.206346844591387, 1.0], [0.006149816797301866, 0.0019808739867587383, 1.2063468445913763, 1.0], [0.006149816797301311, 0.0019808739867587244, 1.2063468445913834, 1.0], [0.006149816797301977, 0.0019808739867587383, 1.206346844591387, 1.0], [0.006149816797301755, 0.0019808739867586134, 1.2063468445913834, 1.0], [0.006149816797301311, 0.0019808739867587383, 1.2063468445913834, 1.0], [0.006309645731926494, 0.0012735525794385083, 1.1693111716963038, 1.0], [0.00634938911709082, 0.001097668612043995, 1.1601018065950974, 1.0], [0.006349389117090376, 0.0010976686120438978, 1.160101806595101, 1.0], [0.00634938911709082, 0.0010976686120438839, 1.1601018065950939, 1.0], [0.006349389117090931, 0.0010976686120438978, 1.1601018065950939, 1.0], [0.006349389117090376, 0.0010976686120438978, 1.1601018065950939, 1.0], [0.00634938911709082, 0.0010976686120438839, 1.160101806595101, 1.0], [0.006349389117090931, 0.0010976686120438978, 1.1601018065950939, 1.0], [0.006349389117090931, 0.0010976686120440227, 1.160101806595101, 1.0], [0.006349389117090376, 0.0010976686120438839, 1.1601018065950939, 1.0], [0.00634938911709082, 0.0010976686120438978, 1.1601018065950939, 1.0], [0.00634938911709082, 0.0010976686120438978, 1.1601018065950939, 1.0], [0.006349389117090487, 0.0010976686120438839, 1.160101806595101, 1.0], [0.00634938911709082, 0.0010976686120438978, 1.1601018065950939, 1.0], [0.00635407078965633, 0.0010622868803150803, 1.25918667936687, 1.0], [0.006381243535324432, 0.0008569289053433071, 1.8342820132708866, 1.0], [0.006381243535324543, 0.0008569289053434181, 1.8342820132708866, 1.0], [0.006381243535324543, 0.0008569289053432932, 1.8342820132708866, 1.0], [0.006381243535324543, 