{"text": "ほ", "text_ids": [30], "strokes": [[[0.0, 0.0, 0.0, 1.0], [-0.0018286452436286978, -0.02064015115486034, 16.481099266529394, 1.0], [-0.006456271852573043, -0.019512067425677435, 9.50297144613328, 1.0], [-0.005634745265825688, 0.010199331614388824, 27.743677373081535, 1.0], [0.0006606800047313337, 0.020810082772572017, 10.647844962285163, 1.0], [-0.0029999374354523003, 0.020736682747624198, 3.535678294444523, 1.0], [-0.0029999374354523003, 0.020736682747624198, 3.5356782944445087, 1.0], [-0.0029999374354523003, 0.020736682747624198, 3.535678294444523, 1.0], [-0.002999937435452304, 0.020736682747624184, 3.535678294444523, 1.0], [-0.003253945701078096, 0.020703408303490448, 2.6886827851752173, 1.0], [-0.0034371809991347486, 0.02067940494016106, 2.0776811147734264, 1.0], [-0.003437180999134766, 0.020679404940160975, 2.0776811147734406, 1.0], [-0.003437180999134405, 0.020679404940161017, 2.0776811147734264, 1.0], [-0.003437180999134745, 0.020679404940161072, 2.0776811147734264, 1.0], [-0.003437180999134759, 0.02067940494016099, 2.0776811147734406, 1.0], [-0.003437180999134405, 0.020679404940161017, 2.0776811147734264, 1.0], [-0.003437180999134759, 0.020679404940161045, 2.0776811147734264, 1.0], [-0.0027787424457447057, 0.020745857632815307, 1.7770014158098206, 1.0], [-0.0017858498620064445, 0.020846064987573354, 1.323591387425651, 1.0], [-0.0017858498620060906, 0.020846064987573354, 1.3235913874256369, 1.0], [-0.0017858498620064445, 0.020846064987573354, 1.3235913874256369, 1.0], [-0.0017858498620060975, 0.020846064987573187, 1.3235913874256369, 1.0], [-0.0017858498620064375, 0.020846064987573465, 1.3235913874256369, 1.0], [-0.0017858498620060975, 0.020846064987573187, 1.323591387425651, 1.0], [-0.0017858498620064445, 0.02084606498757341, 1.3235913874256369, 1.0], [-0.0017858498620060975, 0.020846064987573354, 1.3235913874256369, 1.0], [-0.0017858498620064306, 0.020846064987573354, 1.323591387425651, 1.0], [-0.0017858498620060975, 0.020846064987573465, 1.3235913874256369, 1.0], [-0.0017858498620064445, 0.020846064987573132, 1.3235913874256369, 1.0], [-0.0017858498620061114, 0.020846064987573243, 1.3235913874256369, 1.0], [-0.0005987180772239892, 0.02085611303558732, 1.6602991795652429, 1.0], [0.0003535543085010917, 0.02086417320108558, 1.9303934830143987, 1.0], [0.0003535543085014664, 0.0208641732010858, 1.930393483014413, 1.0], [0.00035355430850143865, 0.0208641732010858, 1.930393483014413, 1.0], [0.0003535543085011056, 0.02086417320108591, 1.9303934830143987, 1.0], [0.0003535543085014664, 0.02086417320108569, 1.930393483014413, 1.0], [0.0003535543085010917, 0.0208641732010858, 1.930393483014413, 1.0], [0.00035355430850143865, 0.02086417320108569, 1.9303934830143845, 1.0], [0.0005512963058911802, 0.02085208652088988, 1.5447490143060634, 1.0], [0.0010957639834269367, 0.020818806758460373, 0.48290605224534033, 1.0], [0.002298274726282107, 0.02053756259086914, 1.0196216101734308, 1.0], [0.007242714632213265, 0.019381153058720457, 3.2264691069807157, 1.0], [0.007242714632213272, 0.019381153058720457, 3.226469106980744, 1.0], [0.007242714632213279, 0.01938115305872068, 3.226469106980744, 1.0], [0.007242714632212953, 0.01938115305872068, 3.2264691069807725, 1.0], [0.008354362448400515, 0.01876647054982372, 3.904434887047074, 1.0], [0.011940230480742327, 0.016783674985799024, 6.091364760305282, 1.0], [0.011940230480742713, 0.016783674985799246, 6.091364760305311, 1.0], [0.01351176861120312, 0.015346325332370014, 6.785703367555612, 1.0], [0.015465361106274039, 0.013559543681129438, 7.648841630554529, 1.0], [0.01709037863269944, 0.010538425371085403, 11.37403519882551, 1.0], [0.01888212642997917, -0.0021500538902599065, 14.691635212300554, 1.0], [0.017251129329151328, -0.012119805217899016, 9.85530686137011, 1.0], [0.012381299360601464, -0.01650724985977603, 5.897173715650638, 1.0], [0.010229434827510889, -0.018445959543014312, 4.148166791686123, 1.0], [0.010229434827511236, -0.018445959543014534, 4.148166791686123, 1.0], [0.010229434827510889, -0.018445959543014423, 4.148166791686066, 1.0], [0.011541869150210979, -0.017657310367623302, 3.6091693160650777, 1.0], [0.011798553333617984, -0.01750306739631513, 3.503752896747727, 1.0], [0.011798553333617956, -0.017503067396315464, 3.503752896747727, 1.0], [0.011798553333617928, -0.01750306739631524, 3.503752896747727, 1.0], [0.011798553333617956, -0.017503067396315353, 3.503752896747727, 1.0], [0.008365176324854673, -0.01932679150003347, 7.991809778578869, 1.0], [0.00831103153401852, -0.019355551860427034, 8.06258700476414, 0.0]], [[0.0, 0.0, 0.0, 1.0], [0.00175811925594338, -0.006443973147494098, 4.417795250911127, 1.0], [0.001758119255942936, -0.006443973147494157, 4.417795250911127, 1.0], [0.001827880082197808, -0.006418826401009735, 4.187344744882552, 1.0], [0.0029744032956083855, -0.006005538168431624, 0.39987735252652357, 1.0], [0.0029744032956083855, -0.006005538168431621, 0.39987735252652357, 1.0], [0.0029744032956083855, -0.006005538168431721, 0.39987735252652357, 1.0], [0.0029744032956083855, -0.006005538168431621, 0.39987735252652357, 1.0], [0.0029744032956083855, -0.0060055381684316275, 0.39987735252652357, 1.0], [0.0029744032956084965, -0.0060055381684316275, 0.39987735252652534, 1.0], [0.0029744032956083855, -0.006005538168431621, 0.39987735252652357, 1.0], [0.004989428845737942, -0.0029620001037787558, 2.563857812003061, 1.0], [0.006169193802228801, 0.0015714271580224426, 2.529731930579107, 1.0], [0.005907332084764572, 0.002830253981982403, 1.466216959222539, 1.0], [0.005907332084764461, 0.0028302539819823128, 1.4662169592225425, 1.0], [0.005907332084764461, 0.002830253981982403, 1.4662169592225425, 1.0], [0.00590733208476435, 0.0028302539819823197, 1.4662169592225425, 1.0], [0.005907332084764572, 0.0028302539819823128, 1.466216959222539, 1.0], [0.00590733208476435, 0.002830253981982396, 1.466216959222546, 1.0], [0.005978784521239899, 0.0026186267631274004, 1.456911034654233, 1.0], [0.006492005321456884, 0.0010985737605128387, 1.3900694503878412, 1.0], [0.006492005321456662, 0.0010985737605127693, 1.3900694503878412, 1.0], [0.006492005321456884, 0.0010985737605128387, 1.3900694503878412, 1.0], [0.006492005321456995, 0.0010985737605128318, 1.3900694503878412, 1.0], [0.006492005321456884, 0.0010985737605128387, 1.3900694503878483, 1.0], [0.006492005321456995, 0.0010985737605128318, 1.3900694503878412, 1.0], [0.006492005321456995, 0.0010985737605128318, 1.3900694503878412, 1.0], [0.006492005321456884, 0.0010985737605128457, 1.3900694503878341, 1.0], [0.006492005321456995, 0.0010985737605128318, 1.3900694503878483, 1.0], [0.006492005321456884, 0.0010985737605128318, 1.3900694503878412, 1.0], [0.006492005321456995, 0.0010985737605128353, 1.3900694503878483, 1.0], [0.0065598052020199304, 0.0005559043404208576, 1.7740260133829295, 1.0], [0.0066027907230038485, 0.00021184875284258053, 2.017456720909074, 1.0], [0.006602790723004182, 0.0002118487528426534, 2.017456720909081, 1.0], [0.0066027907230040705, 0.00021184875284263605, 2.017456720909074, 1.0], [0.0066027907230040705, 0.00021184875284256666, 2.017456720909074, 1.0], [0.006602790723004182, 0.00021184875284264645, 2.0174567209090952, 1.0], [0.0066027907230037375, 0.00021184875284258747, 2.017456720909074, 1.0], [0.006602790723004182, 0.00021184875284264645, 2.017456720909074, 1.0], [0.006603148288657379, 7.564579824165252e-05, 1.6431337390251315, 1.0], [0.006604717864176712, -0.0005222327208204841, 0.0, 1.0], [0.006604717864176712, -0.000522232720820491, 0.0, 1.0], [0.006604717864176712, -0.000522232720820491, 0.719618158908176, 1.0], [0.006604717864176712, -0.000522232720820491, 1.8268847607355525, 1.0], [0.006604717864176712, -0.0005222327208204841, 1.8268847607355525, 1.0], [0.006604717864176712, -0.000522232720820491, 1.8268847607355525, 1.0], [0.006604717864176712, -0.000522232720820491, 1.8268847607355383, 1.0], [0.006604717864176712, -0.0005222327208204841, 1.8268847607355525, 1.0], [0.006604717864176712, -0.000522232720820498, 