{"text": "ほ", "text_ids": [30], "strokes": [[[0.0, 0.0, 0.0, 1.0], [0.0026369335857203665, -0.02479495426936367, 12.89636114679622, 1.0], [-0.0004899010682045276, -0.02088315710502925, 21.896482336368518, 1.0], [-0.006280894693796687, 0.024337803144306662, 33.31279544161581, 1.0], [-0.007475303561642357, 0.02407768992248115, 8.398502145529008, 1.0], [-0.009726774008518369, 0.023267172414536165, 5.752902954855642, 1.0], [-0.010678780154628267, 0.022924455213800213, 4.634244394110169, 1.0], [-0.010678780154628274, 0.02292445521380021, 4.634244394110169, 1.0], [-0.01063362417793684, 0.02294279525034071, 4.553297746734287, 1.0], [-0.009369057478148209, 0.023456397240185153, 2.286434260841972, 1.0], [-0.009369057478148202, 0.023456397240185153, 2.286434260841972, 1.0], [-0.009369057478148202, 0.023456397240185167, 2.286434260841972, 1.0], [-0.009369057478148202, 0.023456397240185167, 2.286434260841986, 1.0], [-0.00936905747814823, 0.023456397240185223, 2.286434260841972, 1.0], [-0.009369057478148202, 0.023456397240185167, 2.286434260841972, 1.0], [-0.009282324651899737, 0.023483912103286875, 2.271629341295508, 1.0], [-0.007004588743709142, 0.024206494249013555, 1.882829640797226, 1.0], [-0.007004588743709128, 0.024206494249013666, 1.882829640797226, 1.0], [-0.007004588743709128, 0.02420649424901361, 1.8828296407972118, 1.0], [-0.007004588743709156, 0.02420649424901372, 1.882829640797226, 1.0], [-0.007004588743709156, 0.02420649424901361, 1.882829640797226, 1.0], [-0.007004588743709128, 0.024206494249013666, 1.882829640797226, 1.0], [-0.007004588743709128, 0.02420649424901361, 1.8828296407972118, 1.0], [-0.007004588743709156, 0.024206494249013666, 1.882829640797226, 1.0], [-0.006991295053531826, 0.02420949417793966, 1.887433477278364, 1.0], [-0.005282227645090204, 0.024595171945878735, 2.47931329234504, 1.0], [-0.005282227645090176, 0.02459517194587879, 2.479313292345097, 1.0], [-0.005282227645090176, 0.02459517194587868, 2.47931329234504, 1.0], [-0.005282227645090176, 0.02459517194587868, 2.479313292345097, 1.0], [-0.005282227645090176, 0.02459517194587868, 2.47931329234504, 1.0], [-0.005282227645090176, 0.02459517194587879, 2.479313292345097, 1.0], [-0.004640618224235893, 0.024660641698664, 2.594183890838508, 1.0], [-0.0010326229647834861, 0.025028801127140787, 3.2401416360705184, 1.0], [-0.0010326229647838192, 0.025028801127140676, 3.2401416360705184, 1.0], [-0.0010326229647834861, 0.0250288011271409, 3.240141636070547, 1.0], [-0.0010326229647838192, 0.025028801127140787, 3.240141636070547, 1.0], [-0.0010326229647834861, 0.025028801127140787, 3.2401416360705184, 1.0], [0.0011466382425773247, 0.024962685906775528, 3.8161538746450105, 1.0], [0.001377273147224245, 0.02495568882102317, 3.8771142254603035, 1.0], [0.001377273147223912, 0.02495568882102317, 3.877114225460275, 1.0], [0.0013772731472238842, 0.02495568882102328, 3.877114225460275, 1.0], [0.003146107130817005, 0.02473806332904227, 5.284779923946701, 1.0], [0.0036522537151864043, 0.02467579044167134, 5.687579277549844, 1.0], [0.003652253715186099, 0.02467579044167123, 5.687579277549844, 1.0], [0.009313669607428604, 0.022838828730585403, 7.797417839750665, 1.0], [0.010831810071530862, 0.022346237132001567, 8.363182898344803, 1.0], [0.020044396590327973, 0.012784272489634763, 14.45449016713198, 1.0], [0.022634337397216986, -0.007102632127635067, 14.832848301998155, 1.0], [0.017595720348142635, -0.01728818246806374, 9.117269315672473, 1.0], [0.01430928471171744, -0.02094756853926716, 5.603793045643215, 1.0], [0.014309284711717427, -0.020947568539267047, 5.603793045643187, 1.0], [0.012630637773383621, -0.021930461496000753, 4.818932814589857, 1.0], [0.01205558406986032, -0.022267170914777035, 4.550063422039898, 1.0], [0.012055584069860271, -0.022267170914776924, 4.550063422039898, 1.0], [0.012071104696065753, -0.022258312055331464, 4.551558014893942, 1.0], [0.013854328790524055, -0.021240483818040334, 4.723277503103134, 1.0], [0.01385432879052409, -0.021240483818040556, 4.723277503103191, 1.0], [0.013854328790523713, -0.021240483818040334, 4.723277503103134, 1.0], [0.014801475329946606, -0.020565468682906207, 4.508723839835227, 1.0], [0.01616764198450221, -0.019591825080193193, 4.199251072772142, 1.0], [0.016167641984502226, -0.019591825080193304, 4.199251072772142, 1.0], [0.01616764198450188, -0.019591825080193304, 4.199251072772142, 1.0], [0.016943133419306464, -0.018921602390370884, 13.63957348427516, 1.0], [0.013422043882423185, -0.0213082539098034, 5.043361735058511, 0.0]], [[0.0, 0.0, 0.0, 1.0], [-0.0022492741439337216, -0.003146692929899886, 5.5972669389604235, 1.0], [-0.002249274143933777, -0.0031466929298997748, 5.5972669389604235, 1.0], [-0.0022492741439337216, -0.003146692929899886, 3.2013665305197883, 1.0], [-0.0022492741439338326, -0.0031466929298997748, 2.7986334694802117, 1.0], [0.00203856402455993, -0.0017557969169980092, 3.1165472664890785, 1.0], [0.003771337936485597, -0.0011937168592506542, 3.24502056983016, 1.0], [0.0037713379364856525, -0.0011937168592506264, 3.24502056983016, 1.0], [0.0038099000848484943, -0.0010204834393920947, 2.770490897902846, 1.0], [0.003890953497771299, -0.0006563657616188434, 1.773081493194752, 1.0], [0.0038909534977712434, -0.0006563657616188434, 1.773081493194752, 1.0], [0.0038909534977715765, -0.0006563657616187601, 1.7730814931947592, 1.0], [0.0038909534977713545, -0.0006563657616189267, 1.773081493194752, 1.0], [0.003890953497771299, -0.0006563657616188434, 1.773081493194752, 1.0], [0.003890953497771299, -0.0006563657616188434, 1.7730814931947592, 1.0], [0.0038909534977712434, -0.0006563657616188434, 1.773081493194752, 1.0], [0.003890953497771632, -0.0006563657616188712, 1.773081493194752, 1.0], [0.003890953497771299, -0.0006563657616188157, 1.773081493194752, 1.0], [0.003837382964837155, -0.0009262703352638235, 1.2578241365238867, 1.0], [0.003818024389814656, -0.0010238047007383178, 1.0716275906101274, 1.0], [0.0038180243898147115, -0.0010238047007383733, 1.0716275906101274, 1.0], [0.0038180243898143784, -0.0010238047007383733, 1.0716275906101274, 1.0], [0.003818024389814767, -0.0010238047007383733, 1.0716275906101203, 1.0], [0.003818024389814656, -0.001023804700738401, 1.0716275906101274, 1.0], [0.003818024389814434, -0.0010238047007383455, 1.0716275906101274, 1.0], [0.0038180243898147115, -0.001023804700738401, 1.0716275906101203, 1.0], [0.0038180243898147115, -0.00102380470073829, 1.0716275906101274, 1.0], [0.0038180243898147115, -0.001023804700738401, 1.0716275906101274, 1.0], [0.003818024389814434, -0.0010238047007384288, 1.0716275906101274, 1.0], [0.0038180243898147115, -0.0010238047007383178, 1.0716275906101203, 1.0], [0.0038180243898147115, -0.001023804700738401, 1.0716275906101274, 1.0], [0.003818024389814323, -0.0010238047007383455, 1.0716275906101274, 1.0], [0.003818024389814767, -0.0010238047007383733, 1.0716275906101274, 1.0], [0.0039025490508137195, -0.0004896541263182119, 1.3033906486330622, 1.0], [0.00392315504917079, -0.000359435256121865, 1.3598914276536007, 1.0], [0.003923155049170957, -0.000359435256121865, 1.3598914276535936, 1.0], [0.003923155049170957, -0.000359435256121865, 1.3598914276535794, 1.0], [0.003923155049170957, -0.000359435256121865, 1.3598914276536078, 1.0], [0.003923155049170957, -0.00035943525612183724, 1.3598914276535936, 1.0], [0.0039231550491708456, -0.000359435256121865, 1.3598914276535794, 1.0], [0.0039231550491707345, -0.00035943525612189275, 1.3598914276535936, 1.0], [0.00392315504917129, -0.00035943525612189275, 1.3598914276535936, 1.0], [0.003923155049170957, -0.000359435256121865, 1.3598914276535936, 1.0], [0.0039231550491708456, -0.000359435256121865, 1.3598914276535936, 1.0], [0.003923155049170957, -0.000359435256121865, 1.3598914276535936, 1.0], [0.003925873661383861, -0.0002652090999500367, 1.5064429007134805, 1.0], [0.003932127416707676, -4.8456109947192516e-05, 1.8435623510401484, 1.0], [0.003932127416707676, -4.845610994722027e-05, 1.8435623510401484, 1.0], [0.003932127416707898, 