{"text": "ほ", "text_ids": [30], "strokes": [[[0.0, 0.0, 0.0, 1.0], [-0.00947583082108078, -0.01932923427434289, 12.383472562024563, 1.0], [-0.008477600218673043, 0.01789281007982561, 7.0147764541327735, 1.0], [-0.003479828943055211, 0.02293778491921037, 5.984751810142562, 1.0], [-0.0030299256262453743, 0.02295176973640944, 5.281535639196576, 1.0], [-0.0015112275907878253, 0.02299897702209259, 2.907752256380398, 1.0], [-0.001511227590788207, 0.02299897702209265, 2.907752256380391, 1.0], [-0.001511227590788214, 0.022998977022092665, 2.907752256380391, 1.0], [-0.001511227590788214, 0.022998977022092637, 2.907752256380398, 1.0], [-0.0015112275907878114, 0.022998977022092665, 2.907752256380398, 1.0], [-0.0019074561935717507, 0.02299524242771106, 2.376146966180741, 1.0], [-0.002548205773468426, 0.022989203136846187, 1.5164769070942583, 1.0], [-0.002548205773468412, 0.022989203136846215, 1.5164769070942583, 1.0], [-0.0025482057734688077, 0.022989203136846242, 1.5164769070942583, 1.0], [-0.002548205773468433, 0.022989203136846215, 1.5164769070942512, 1.0], [-0.0025482057734688077, 0.022989203136846104, 1.5164769070942583, 1.0], [-0.002548205773468405, 0.022989203136846326, 1.5164769070942512, 1.0], [-0.0025482057734688146, 0.02298920313684616, 1.5164769070942583, 1.0], [-0.002548205773468426, 0.022989203136846326, 1.5164769070942583, 1.0], [-0.0025482057734688146, 0.02298920313684616, 1.5164769070942583, 1.0], [-0.002548205773468412, 0.022989203136846326, 1.5164769070942512, 1.0], [-0.0016562828350933576, 0.02299687194372363, 1.691418658987594, 1.0], [-0.0014753172783374402, 0.02299842789642592, 1.7269132406034515, 1.0], [-0.0014753172783374263, 0.022998427896425977, 1.7269132406034657, 1.0], [-0.0014753172783373986, 0.022998427896426088, 1.7269132406034657, 1.0], [-0.0014753172783374402, 0.02299842789642592, 1.7269132406034515, 1.0], [-0.0014753172783374402, 0.022998427896426032, 1.7269132406034657, 1.0], [-0.0014753172783374263, 0.02299842789642592, 1.7269132406034515, 1.0], [-0.0014753172783374124, 0.022998427896426032, 1.7269132406034657, 1.0], [-0.0014753172783374402, 0.02299842789642592, 1.7269132406034515, 1.0], [-0.0014753172783374263, 0.02299842789642592, 1.7269132406034657, 1.0], [0.002797627954067225, 0.022506558838258917, 2.1442095280717552, 1.0], [0.002853142274419948, 0.02250016845060343, 2.149631062522687, 1.0], [0.0028531422744199203, 0.022500168450603097, 2.149631062522687, 1.0], [0.0028531422744199064, 0.02250016845060321, 2.149631062522687, 1.0], [0.002853142274419955, 0.02250016845060321, 2.149631062522687, 1.0], [0.0028531422744199134, 0.022500168450603097, 2.149631062522687, 1.0], [0.0028531422744203436, 0.02250016845060343, 2.149631062522687, 1.0], [0.0030582715777081673, 0.02244342051797632, 2.1959166625673987, 1.0], [0.005454959778719272, 0.021780389452310978, 2.736708006005074, 1.0], [0.005454959778719272, 0.0217803894523112, 2.736708006005074, 1.0], [0.005454959778719265, 0.0217803894523112, 2.736708006005074, 1.0], [0.005454959778718859, 0.02178038945231109, 2.736708006005088, 1.0], [0.005454959778719282, 0.0217803894523112, 2.736708006005074, 1.0], [0.0063969375006806516, 0.021359021622033403, 3.2112377516624235, 1.0], [0.009508212105659856, 0.019967278485085727, 4.778570303749859, 1.0], [0.009508212105660222, 0.019967278485085393, 4.778570303749845, 1.0], [0.009508212105659847, 0.019967278485085616, 4.778570303749859, 1.0], [0.009644920209028943, 0.019889555697748973, 5.971533993347862, 1.0], [0.009710787331747937, 0.01985210820015837, 6.546314008619333, 1.0], [0.010654793451747094, 0.018574156177485035, 7.333842716318259, 1.0], [0.02022747135033661, 0.00048482639838920427, 15.676087299511437, 1.0], [0.008202027899732699, -0.022021150001584333, 8.337810235120429, 1.0], [0.008202027899732706, -0.022021150001584555, 7.966580889011368, 1.0], [0.008202027899732706, -0.02202115000158411, 3.5733472436230045, 1.0], [0.008202027899732303, -0.022021150001584555, 3.573347243623033, 1.0], [0.008202027899732706, -0.022021150001584444, 3.573347243623033, 1.0], [0.008202027899732678, -0.022021150001584666, 3.5733472436230613, 1.0], [0.008202027899732692, -0.022021150001584555, 3.9371033865385527, 1.0], [0.008202027899732692, -0.022021150001584333, 4.7084104857150635, 1.0], [0.008202027899732317, -0.022021150001584555, 4.7084104857150635, 1.0], [0.008202027899732678, -0.022021150001584333, 4.7084104857150635, 1.0], [0.005404143465961964, -0.022683459849811904, 0.8456433936393353, 1.0], [0.00516842569521711, -0.022739258509356985, 0.5202107786029728, 0.0]], [[0.0, 0.0, 0.0, 1.0], [0.002600942193225042, -0.00698311916060744, 5.599058997220167, 1.0], [0.002600942193225042, -0.006983119160607357, 5.599058997220167, 1.0], [0.0036695843460277655, -0.006512981392363747, 1.037082958354235, 1.0], [0.0038482154272246882, -0.006434394544902251, 0.2745164527363748, 1.0], [0.0038482154272246327, -0.006434394544902258, 0.27451645273637304, 1.0], [0.0038482154272250213, -0.006434394544902335, 0.2745164527363748, 1.0], [0.0038482154272246882, -0.006434394544902262, 0.27451645273637304, 1.0], [0.0038482154272246327, -0.006434394544902265, 0.27451645273637304, 1.0], [0.0038482154272246327, -0.006434394544902262, 0.2745164527363748, 1.0], [0.003848215427225077, -0.006434394544902347, 0.2745164527363748, 1.0], [0.0038482154272246327, -0.006434394544902263, 0.27451645273637304, 1.0], [0.003848215427224577, -0.006434394544902249, 0.27451645273637304, 1.0], [0.0038482154272251323, -0.006434394544902347, 0.2745164527363748, 1.0], [0.0068506809701440186, -0.0016104485116041935, 1.8359477460184692, 1.0], [0.007081972253158764, -0.001238841693379164, 1.956230707471267, 1.0], [0.007081972253158375, -0.0012388416933790947, 1.9562307074712635, 1.0], [0.007081972253158764, -0.0012388416933791797, 1.956230707471267, 1.0], [0.007081972253158708, -0.001238841693379164, 1.956230707471267, 1.0], [0.007081972253158653, -0.001238841693379164, 1.9562307074712635, 1.0], [0.007081972253158764, -0.001238841693379164, 1.9562307074712635, 1.0], [0.007081714078284729, -0.0008984601785890015, 1.8355024251327379, 1.0], [0.00708098182031347, 6.695939703823053e-05, 1.4930823992587108, 1.0], [0.007080981820313359, 6.695939703824441e-05, 1.4930823992587108, 1.0], [0.00708098182031347, 6.695939703824788e-05, 1.4930823992587108, 1.0], [0.00708098182031347, 6.695939703822706e-05, 1.4930823992587108, 1.0], [0.00708098182031347, 6.6959397038234e-05, 1.4930823992587108, 1.0], [0.007080981820313359, 6.695939703823053e-05, 1.4930823992587037, 1.0], [0.007080981820313359, 6.695939703836237e-05, 1.4930823992587179, 1.0], [0.00708098182031347, 6.695939703823053e-05, 1.4930823992587108, 1.0], [0.00708098182031347, 6.6959397038234e-05, 1.4930823992587108, 1.0], [0.00708098182031347, 6.695939703824441e-05, 1.4930823992587037, 1.0], [0.0070815211925374655, -0.0006441567998980435, 1.484891107595054, 1.0], [0.007081972253158764, -0.001238841693379178, 1.4780409789782993, 1.0], [0.007081972253158764, -0.0012388416933791502, 1.478040978978278, 1.0], [0.007081972253158653, -0.001238841693379164, 1.4780409789782993, 1.0], [0.00708197225315832, -0.0012388416933790947, 1.4780409789782851, 1.0], [0.007081972253158875, -0.001238841693379178, 1.4780409789782922, 1.0], [0.007081972253158764, -0.001238841693379164, 1.4780409789782851, 1.0], [0.007081972253158653, -0.001238841693379164, 1.4780409789782922, 1.0], [0.007081972253158875, -0.001238841693379178, 1.4780409789782851, 1.0], [0.00708197225315832, -0.0012388416933790912, 1.4780409789782922, 1.0], [0.007081972253158653, -0.0012388416933791502, 1.4780409789782922, 1.0], [0.007081972253158875, -0.0012388416933791918, 1.4991629006717702, 1.0], [0.007081972253158653, -0.0012388416933791502, 1.9707213053043873, 1.0], [0.007081972253158764, -0.001238841693379164, 1.9707213053043802, 1.0], [0.00708197225315832, -0.0012388416933790947, 1.9707213053043944, 1.0], [0.007081972253158875, -0.001238841693379178, 1.9707213053043802, 1.0], [0.007081972253158653, 