{"text": "ま", "text_ids": [31], "strokes": [[[0.0, 0.0, 0.0, 1.0], [0.008557781385677274, -0.007253848315868551, 4.370365133182736, 1.0], [0.008557781385677267, -0.007253848315868445, 4.370365133182736, 1.0], [0.008557781385677064, -0.007253848315868575, 4.370365133182737, 1.0], [0.009463742424091925, -0.005405242248661402, 3.5320385743806533, 1.0], [0.011230401038238233, -0.0018003898385513112, 1.8972697777365788, 1.0], [0.011230401038238226, -0.0018003898385514118, 1.8972697777365788, 1.0], [0.011230401038238247, -0.0018003898385513147, 1.8972697777365752, 1.0], [0.011230401038238427, -0.0018003898385513875, 1.8972697777365752, 1.0], [0.011230401038238247, -0.0018003898385513042, 1.8972697777365788, 1.0], [0.011230401038238219, -0.0018003898385513181, 1.8972697777365717, 1.0], [0.011230401038238233, -0.0018003898385514083, 1.8972697777365823, 1.0], [0.011138632923837766, -0.0022024892495968104, 1.580224147333194, 1.0], [0.01113480469712863, -0.0022192633515288607, 1.566998174910939, 1.0], [0.011134804697128603, -0.0022192633515288676, 1.5669981749109496, 1.0], [0.01113480469712863, -0.0022192633515287774, 1.5669981749109425, 1.0], [0.011134804697128603, -0.0022192633515288676, 1.5669981749109425, 1.0], [0.01113480469712863, -0.0022192633515288607, 1.5669981749109425, 1.0], [0.011134804697128825, -0.002219263351528847, 1.5669981749109425, 1.0], [0.011134804697128603, -0.0022192633515288746, 1.5669981749109425, 1.0], [0.011134804697128603, -0.0022192633515287705, 1.5669981749109425, 1.0], [0.01113480469712863, -0.0022192633515288676, 1.5669981749109425, 1.0], [0.011122595058195406, -0.002265222168926294, 1.5547755304528366, 1.0], [0.011024991995474437, -0.002632613978102466, 1.4570685024075303, 1.0], [0.011024991995474409, -0.002632613978102466, 1.4570685024075374, 1.0], [0.011024991995474243, -0.0026326139781024938, 1.4570685024075232, 1.0], [0.011024991995474465, -0.002632613978102452, 1.4570685024075303, 1.0], [0.011024991995474409, -0.00263261397810248, 1.4570685024075374, 1.0], [0.011024991995474409, -0.002632613978102452, 1.4570685024075232, 1.0], [0.011024991995474465, -0.002632613978102355, 1.4570685024075303, 1.0], [0.01102499199547402, -0.0026326139781025354, 1.4570685024075232, 1.0], [0.011024991995474465, -0.002632613978102452, 1.4570685024075374, 1.0], [0.011024991995474354, -0.00263261397810248, 1.4570685024075303, 1.0], [0.011024991995474465, -0.002632613978102452, 1.4570685024075232, 1.0], [0.011137755223190882, -0.002154677805995042, 1.4756930553793808, 1.0], [0.011279006700775307, -0.0015559969073690172, 1.4990228737953402, 1.0], [0.011279006700774863, -0.0015559969073689756, 1.4990228737953402, 1.0], [0.011279006700775251, -0.0015559969073690172, 1.4990228737953544, 1.0], [0.011279006700775418, -0.0015559969073690172, 1.4990228737953402, 1.0], [0.011279006700775251, -0.001555996907369031, 1.4990228737953544, 1.0], [0.011279006700775307, -0.001555996907369031, 1.4990228737953402, 1.0], [0.011279006700775251, -0.0015559969073690172, 1.4990228737953544, 1.0], [0.011279006700775307, -0.0015559969073690172, 1.4990228737953402, 1.0], [0.011279006700774863, -0.0015559969073689617, 1.4990228737953402, 1.0], [0.011279006700775251, -0.001555996907369031, 1.4990228737953402, 1.0], [0.011279006700775307, -0.0015559969073690588, 1.9801494836682565, 1.0], [0.011279006700775418, -0.0015559969073690033, 2.123615737876733, 1.0], [0.011279006700775196, -0.001555996907369031, 2.1236157378767615, 1.0], [0.011279006700775418, -0.0015559969073690172, 2.123615737876733, 1.0], [0.011279006700775196, -0.0015559969073690172, 2.1236157378767473, 1.0], [0.011279006700774974, -0.0015559969073689756, 2.123615737876733, 1.0], [0.011279006700775196, -0.0015559969073690172, 2.1236157378767473, 1.0], [0.011279006700775307, -0.001555996907369031, 2.123615737876733, 1.0], [0.01131959525107129, -0.0013240116684607312, 2.678698784242826, 1.0], [0.011332057413749652, -0.001252783754061071, 2.849129488788492, 1.0], [0.011332057413749319, -0.0012527837540609599, 2.8491294887884493, 1.0], [0.011332057413749208, -0.0012527837540610987, 2.8491294887884635, 1.0], [0.011332057413749319, -0.0012527837540610154, 2.8491294887884635, 1.0], [0.011332057413749208, -0.0012527837540609599, 2.8491294887884493, 1.0], [0.011440057059014408, 0.0007700617813913291, 4.521981672303198, 1.0], [0.01146733515996523, 0.0012809836884938308, 4.944503715100112, 1.0], [0.011467335159966008, 0.001280983688493914, 4.944503715100154, 1.0], [0.004660405002920975, 0.007050754687616442, 16.93747860447958, 1.0], [-0.007886384477922226, 0.00761703226293968, 2.2260454261267455, 0.0]], [[-0.0016005769003446398, 0.30038424456293644, 0.0, 1.0], [-0.012772572583991894, 0.003633866608342029, 4.377684685878915, 1.0], [-0.012772572583991889, 0.0036338666083418625, 4.377684685878915, 1.0], [-0.012689628415644132, 0.0037821694329700506, 4.361550956753149, 1.0], [-0.004155495214261014, 0.0067570279428831315, 4.15520479686209, 1.0], [0.013458290567081758, 0.0015033877052473277, 5.077596140002225, 1.0], [0.013458290567081546, 0.0015033877052473277, 5.077596140002221, 1.0], [0.013035419821975543, -0.001273986851615061, 4.11686202886597, 1.0], [0.012601108542967573, -0.0041265017395179515, 3.130135788229463, 1.0], [0.012601108542967577, -0.004126501739518007, 3.1301357882294667, 1.0], [0.012601108542967573, -0.004126501739518007, 3.1301357882294596, 1.0], [0.012601108542967782, -0.004126501739517785, 3.1301357882294596, 1.0], [0.012586774329288467, -0.004162945573549126, 3.0783210985980816, 1.0], [0.012370848821568886, -0.004711922555653336, 2.29780300277028, 1.0], [0.0123708488215689, -0.004711922555653614, 2.297803002770287, 1.0], [0.012370848821568886, -0.004711922555653614, 2.29780300277028, 1.0], [0.012370848821568692, -0.004711922555653614, 2.29780300277028, 1.0], [0.0123708488215689, -0.004711922555653614, 2.297803002770287, 1.0], [0.0123708488215689, -0.004711922555653614, 2.297803002770287, 1.0], [0.012370848821568914, -0.004711922555653558, 2.29780300277028, 1.0], [0.012523713870926267, -0.004323272810879186, 1.7502353478832475, 1.0], [0.01260110854296756, -0.004126501739518007, 1.4730050768138625, 1.0], [0.012601108542967782, -0.0041265017395177295, 1.4730050768138767, 1.0], [0.01260110854296756, -0.004126501739518035, 1.4730050768138625, 1.0], [0.012601108542967587, -0.004126501739518007, 1.4730050768138625, 1.0], [0.012601108542967532, -0.004126501739518007, 1.4730050768138625, 1.0], [0.01260110854296781, -0.0041265017395177295, 1.4730050768138625, 1.0], [0.012601108542967587, -0.004126501739518035, 1.4730050768138767, 1.0], [0.012601108542967782, -0.0041265017395179515, 1.4730050768138625, 1.0], [0.012601108542967365, -0.004126501739518035, 1.4730050768138625, 1.0], [0.012601108542967754, -0.0041265017395179515, 1.4730050768138625, 1.0], [0.012771297705294893, -0.0036301709666699267, 1.5717960166053757, 1.0], [0.012813385310076808, -0.003507428877083829, 1.5962269143967518, 1.0], [0.012813385310077252, -0.0035074288770840234, 1.5962269143967518, 1.0], [0.012813385310077308, -0.0035074288770839956, 1.5962269143967376, 1.0], [0.012813385310076808, -0.003507428877084051, 1.5962269143967518, 1.0], [0.012813385310077252, -0.0035074288770839956, 1.5962269143967518, 1.0], [0.012813385310076864, -0.003507428877084079, 1.5962269143967376, 1.0], [0.012813385310077197, -0.0035074288770840234, 1.596226914396766, 1.0], [0.012813385310077308, -0.003507428877083968, 1.5962269143967376, 1.0], [0.012813385310076864, -0.003507428877084079, 1.5962269143967518, 1.0], [0.012830303140141719, -0.003451596699584447, 1.6686252579122396, 1.0], [0.012924967592726655, -0.003139185326531485, 2.0737333320986835, 1.0], [0.012924967592726266, -0.003139185326531513, 2.0737333320986977, 1.0], [0.012924967592726211, -0.0031391853265315683, 2.0737333320986835, 1.0], [0.012924967592726266, -0.0031391853265313463, 2.0737333320986835, 1.0], [0.012924967592726211, -0.003139185326531513, 2.0737333320986835, 1.0], [0.012924967592726266, 