{"text": "ま", "text_ids": [31], "strokes": [[[0.0, 0.0, 0.0, 1.0], [0.0040600296858198225, -0.007716873563450291, 7.066206564399261, 1.0], [0.004060029685819661, -0.007716873563450308, 7.066206564399261, 1.0], [0.008063781934060205, -0.0013562332086069946, 1.7269225861650543, 1.0], [0.00862416522228555, -0.000465969192187575, 0.979612231532732, 1.0], [0.008624165222285554, -0.000465969192187575, 0.9796122315327302, 1.0], [0.008624165222285547, -0.00046596919218757846, 0.9796122315327302, 1.0], [0.008582902779426707, -0.0012242502718027189, 0.9329242718591075, 1.0], [0.008572195574658617, -0.0014210168767054485, 0.9208091979613471, 1.0], [0.008572195574658464, -0.0014210168767054658, 0.9208091979613435, 1.0], [0.008572195574658603, -0.0014210168767053687, 0.9208091979613471, 1.0], [0.008572195574658617, -0.001421016876705452, 0.9208091979613471, 1.0], [0.008572195574658464, -0.0014210168767054658, 0.9208091979613471, 1.0], [0.008572195574658603, -0.0014210168767053721, 0.9208091979613435, 1.0], [0.008572195574658478, -0.0014210168767054623, 0.9208091979613471, 1.0], [0.008572195574658603, -0.0014210168767053756, 0.9208091979613435, 1.0], [0.008569002007127596, -0.0014395795025436697, 0.9299244239295561, 1.0], [0.00841219817184602, -0.002351002510247717, 1.3774810756811213, 1.0], [0.008412198171846075, -0.002351002510247807, 1.3774810756811213, 1.0], [0.008412198171846241, -0.0023510025102477794, 1.3774810756811178, 1.0], [0.008412198171846047, -0.002351002510247724, 1.3774810756811249, 1.0], [0.00841219817184602, -0.0023510025102477933, 1.3774810756811249, 1.0], [0.008412198171846075, -0.002351002510247807, 1.3774810756811178, 1.0], [0.008412198171846047, -0.002351002510247724, 1.3774810756811178, 1.0], [0.008412198171846047, -0.0023510025102478, 1.377481075681132, 1.0], [0.008412198171846075, -0.0023510025102477933, 1.3774810756811178, 1.0], [0.008412198171846214, -0.0023510025102477863, 1.3774810756811178, 1.0], [0.008412198171846047, -0.002351002510247724, 1.3774810756811178, 1.0], [0.008412198171846047, -0.0023510025102477933, 1.377481075681132, 1.0], [0.008412198171846103, -0.002351002510247807, 1.3774810756811178, 1.0], [0.00841219817184602, -0.002351002510247724, 1.3774810756811178, 1.0], [0.008412198171846214, -0.0023510025102477794, 1.3774810756811249, 1.0], [0.008412198171845908, -0.002351002510247821, 1.3774810756811249, 1.0], [0.008412198171846241, -0.0023510025102477794, 1.3774810756811249, 1.0], [0.008412198171845908, -0.0023510025102477378, 1.3774810756811178, 1.0], [0.008412198171846186, -0.0023510025102477794, 1.3774810756811249, 1.0], [0.008412198171845853, -0.002351002510247821, 1.3774810756811178, 1.0], [0.008412198171846241, -0.002351002510247696, 1.3774810756811249, 1.0], [0.008412198171846241, -0.0023510025102477933, 1.3774810756811178, 1.0], [0.008412198171845797, -0.002351002510247821, 1.3774810756811249, 1.0], [0.008412198171846297, -0.00235100251024771, 1.3774810756811178, 1.0], [0.008449571161755598, -0.0021596579547936007, 1.421312391354455, 1.0], [0.008523023133355123, -0.0017835939875564255, 1.5074574004048102, 1.0], [0.008523023133355012, -0.0017835939875563839, 1.5074574004048031, 1.0], [0.008523023133355123, -0.0017835939875564394, 1.5074574004048173, 1.0], [0.008523023133355068, -0.00178359398755637, 1.5074574004048031, 1.0], [0.008523023133355123, -0.0017835939875563561, 1.5074574004048173, 1.0], [0.008523023133355123, -0.0017835939875564533, 1.5074574004048031, 1.0], [0.008523023133355012, -0.00178359398755637, 1.5074574004048173, 1.0], [0.008523023133355456, -0.0017835939875563978, 1.5074574004048031, 1.0], [0.008523023133354679, -0.0017835939875564116, 1.5074574004048173, 1.0], [0.008523023133355456, -0.0017835939875564116, 1.5074574004048173, 1.0], [0.008581480503662364, -0.00042821130831617593, 2.239784232450191, 1.0], [0.00860384050699231, 9.022393880307733e-05, 2.5198999871803522, 1.0], [0.008603840506992588, 9.022393880317447e-05, 2.5198999871803522, 1.0], [0.0086038405069927, 9.022393880320223e-05, 2.5198999871803807, 1.0], [0.008603840506992255, 9.022393880306345e-05, 2.5198999871803665, 1.0], [0.008603840506992366, 9.02239388031606e-05, 2.5198999871803522, 1.0], [0.008603840506992588, 9.022393880310509e-05, 2.5198999871803665, 1.0], [0.008504529557862683, 0.0009158665985051634, 5.006469896684038, 1.0], [0.008502194472504387, 0.0009352798263827927, 5.064936289765356, 1.0], [0.00850219447250411, 0.000935279826382765, 5.064936289765342, 1.0], [0.006322326373577769, 0.004471764094934716, 12.381368863995476, 1.0], [0.000669837346204627, 0.007850273540126101, 6.540177603466745, 0.0]], [[0.0, 0.0, 0.0, 1.0], [-0.009420081341797254, -0.0030896341563965146, 14.066427464727044, 1.0], [-0.004730028487884869, -0.005002105200464957, 2.8530161050715694, 1.0], [0.010158153325814379, -0.0027331124016034547, 4.666180947019566, 1.0], [0.010158153325814517, -0.002733112401603399, 4.666180947019569, 1.0], [0.010093038407479452, -0.002959464836779613, 4.227272627609057, 1.0], [0.009827170222244164, -0.003883675642886608, 2.4351831748313906, 1.0], [0.009827170222244191, -0.003883675642886608, 2.435183174831387, 1.0], [0.009827170222244011, -0.0038836756428865526, 2.435183174831394, 1.0], [0.009827170222244205, -0.0038836756428867747, 2.435183174831387, 1.0], [0.009827170222244011, -0.0038836756428865526, 2.435183174831387, 1.0], [0.009827170222244178, -0.0038836756428865526, 2.435183174831394, 1.0], [0.00990301164065964, -0.0036149615922448364, 2.2506645214608554, 1.0], [0.010178715134781004, -0.002638115375107941, 1.579890707789005, 1.0], [0.010178715134781125, -0.002638115375107719, 1.579890707789012, 1.0], [0.010178715134781007, -0.002638115375107941, 1.579890707789012, 1.0], [0.010178715134781151, -0.0026381153751078856, 1.579890707789005, 1.0], [0.01017871513478098, -0.00263811537510783, 1.579890707789012, 1.0], [0.01017871513478115, -0.00263811537510783, 1.579890707789012, 1.0], [0.010178715134780985, -0.00263811537510783, 1.579890707789005, 1.0], [0.010178715134781156, -0.0026381153751078856, 1.579890707789012, 1.0], [0.010178715134781004, -0.002638115375107941, 1.579890707789012, 1.0], [0.010178715134781129, -0.002638115375107719, 1.579890707789012, 1.0], [0.010230756214999637, -0.0023428255000702003, 1.5167670644904803, 1.0], [0.010292965707533491, -0.001989838336865446, 1.441309564377292, 1.0], [0.010292965707533325, -0.0019898383368655015, 1.4413095643773062, 1.0], [0.010292965707533464, -0.001989838336865446, 1.441309564377292, 1.0], [0.010292965707533491, -0.001989838336865668, 1.441309564377292, 1.0], [0.010292965707533491, -0.001989838336865446, 1.4413095643773062, 1.0], [0.010292965707533477, -0.001989838336865446, 1.441309564377292, 1.0], [0.01029296570753331, -0.001989838336865446, 1.441309564377292, 1.0], [0.010292965707533491, -0.001989838336865446, 1.4413095643773062, 1.0], [0.010292965707533491, -0.001989838336865446, 1.441309564377292, 1.0], [0.010292965707533325, -0.001989838336865668, 1.441309564377292, 1.0], [0.010252465720755083, -0.0022196420992895427, 1.4904343463430507, 1.0], [0.010178715134780969, -0.002638115375107941, 1.579890707789005, 1.0], [0.010178715134781136, -0.002638115375107747, 1.5798907077890192, 1.0], [0.010178715134781163, -0.0026381153751079134, 1.579890707789005, 1.0], [0.010178715134781052, -0.002638115375107941, 1.579890707789005, 1.0], [0.010178715134780941, -0.0026381153751077746, 1.579890707789005, 1.0], [0.010178715134780969, -0.0026381153751079134, 1.5798907077890192, 1.0], [0.010178715134781025, -0.002638115375107941, 1.579890707789005, 1.0], [0.010178715134781274, -0.002638115375107719, 1.579890707789005, 1.0], [0.010178715134781025, -0.0026381153751079134, 1.579890707789005, 1.0], [0.010178715134780969, -0.0026381153751077746, 1.5798907077890192, 1.0], [0.010193321022796131, -0.0025667475905759296, 1.639729288658799, 1.0], [0.010203293996738194, -0.0025180173076440604, 1.6805873732295282, 1.0], [0.010203293996738472, -0.002518017307644005, 1.6805873732295282, 1.0], 