{"text": "ま", "text_ids": [31], "strokes": [[[0.0, 0.0, 0.0, 1.0], [0.009878820425454356, -0.009222695238841016, 4.370365133182736, 1.0], [0.009878820425454352, -0.009222695238840888, 4.370365133182736, 1.0], [0.009878820425454099, -0.009222695238841033, 4.370365133182737, 1.0], [0.011078405999098501, -0.007047299817623764, 3.5320385743806533, 1.0], [0.013417643667412132, -0.0028051956905043238, 1.8972697777365788, 1.0], [0.013417643667412132, -0.0028051956905044487, 1.8972697777365788, 1.0], [0.013417643667412132, -0.0028051956905043238, 1.8972697777365752, 1.0], [0.013417643667412396, -0.002805195690504428, 1.8972697777365752, 1.0], [0.013417643667412132, -0.002805195690504317, 1.8972697777365788, 1.0], [0.013417643667412132, -0.0028051956905043238, 1.8972697777365717, 1.0], [0.013417643667412119, -0.0028051956905044487, 1.8972697777365823, 1.0], [0.013283506610653695, -0.0032843445260512943, 1.580224147333194, 1.0], [0.013277910908195134, -0.003304332845325858, 1.566998174910939, 1.0], [0.013277910908195162, -0.003304332845325865, 1.5669981749109496, 1.0], [0.013277910908195134, -0.003304332845325747, 1.5669981749109425, 1.0], [0.013277910908195134, -0.003304332845325872, 1.5669981749109425, 1.0], [0.013277910908195134, -0.003304332845325844, 1.5669981749109425, 1.0], [0.013277910908195384, -0.003304332845325858, 1.5669981749109425, 1.0], [0.013277910908195134, -0.003304332845325858, 1.5669981749109425, 1.0], [0.013277910908195134, -0.003304332845325747, 1.5669981749109425, 1.0], [0.013277910908195134, -0.003304332845325872, 1.5669981749109425, 1.0], [0.013260507261490695, -0.003359000658646069, 1.5547755304528366, 1.0], [0.013121383637101525, -0.003796011617081832, 1.4570685024075303, 1.0], [0.01312138363710147, -0.003796011617081818, 1.4570685024075374, 1.0], [0.013121383637101303, -0.0037960116170818597, 1.4570685024075232, 1.0], [0.013121383637101525, -0.003796011617081832, 1.4570685024075303, 1.0], [0.01312138363710147, -0.003796011617081818, 1.4570685024075374, 1.0], [0.013121383637101525, -0.003796011617081832, 1.4570685024075232, 1.0], [0.01312138363710158, -0.0037960116170816793, 1.4570685024075303, 1.0], [0.01312138363710097, -0.0037960116170819014, 1.4570685024075232, 1.0], [0.01312138363710147, -0.003796011617081818, 1.4570685024075374, 1.0], [0.013121383637101525, -0.003796011617081818, 1.4570685024075303, 1.0], [0.013121383637101525, -0.003796011617081846, 1.4570685024075232, 1.0], [0.013285259590628595, -0.003226703345762888, 1.4756930553793808, 1.0], [0.013490536798855035, -0.002513566304961856, 1.4990228737953402, 1.0], [0.01349053679885448, -0.002513566304961773, 1.4990228737953402, 1.0], [0.013490536798855035, -0.002513566304961884, 1.4990228737953544, 1.0], [0.01349053679885509, -0.002513566304961884, 1.4990228737953402, 1.0], [0.013490536798855035, -0.002513566304961856, 1.4990228737953544, 1.0], [0.013490536798855035, -0.002513566304961884, 1.4990228737953402, 1.0], [0.013490536798855035, -0.002513566304961856, 1.4990228737953544, 1.0], [0.013490536798855035, -0.002513566304961884, 1.4990228737953402, 1.0], [0.01349053679885448, -0.002513566304961773, 1.4990228737953402, 1.0], [0.013490536798855035, -0.002513566304961884, 1.4990228737953402, 1.0], [0.013490536798855035, -0.0025135663049619117, 1.9801494836682565, 1.0], [0.013490536798855146, -0.002513566304961856, 2.123615737876733, 1.0], [0.013490536798855035, -0.002513566304961856, 2.1236157378767615, 1.0], [0.013490536798855035, -0.002513566304961884, 2.123615737876733, 1.0], [0.013490536798855035, -0.002513566304961884, 2.1236157378767473, 1.0], [0.01349053679885448, -0.002513566304961773, 2.123615737876733, 1.0], [0.013490536798855035, -0.002513566304961884, 2.1236157378767473, 1.0], [0.013490536798855035, -0.002513566304961856, 2.123615737876733, 1.0], [0.013553046660039536, -0.002236428242783972, 2.678698784242826, 1.0], [0.013572239463265912, -0.0021513367677289674, 2.849129488788492, 1.0], [0.013572239463265356, -0.0021513367677288286, 2.8491294887884493, 1.0], [0.013572239463265356, -0.002151336767728995, 2.8491294887884635, 1.0], [0.013572239463265467, -0.0021513367677288564, 2.8491294887884635, 1.0], [0.013572239463265356, -0.0021513367677288286, 2.8491294887884493, 1.0], [0.013821173945194665, 0.0002791671956849373, 4.521981672303198, 1.0], [0.013884048780677727, 0.0008930537720170939, 4.944503715100112, 1.0], [0.013884048780678948, 0.0008930537720171772, 4.944503715100154, 1.0], [0.006026353235592863, 0.008228861912146307, 16.93747860447958, 1.0], [-0.00904899155680694, 0.009622115427209837, 2.2260454261267455, 0.0]], [[0.0157262784872024, 0.36191955718621793, 0.0, 1.0], [-0.015166945810279069, 0.0051011252615026925, 4.377684685878915, 1.0], [-0.015166945810279072, 0.0051011252615024705, 4.377684685878915, 1.0], [-0.015058350091172078, 0.005275062711568912, 4.361550956753149, 1.0], [-0.004606862462720195, 0.00837473055508059, 4.15520479686209, 1.0], [0.016294593306233045, 0.001048105509098174, 5.077596140002225, 1.0], [0.01629459330623279, 0.0010481055090981184, 5.077596140002221, 1.0], [0.015622152657449609, -0.002273422246952317, 4.11686202886597, 1.0], [0.014931519499185916, -0.005684812097596359, 3.130135788229463, 1.0], [0.014931519499185916, -0.005684812097596359, 3.1301357882294667, 1.0], [0.014931519499185912, -0.0056848120975963035, 3.1301357882294596, 1.0], [0.014931519499186169, -0.005684812097596081, 3.1301357882294596, 1.0], [0.014912116674832748, -0.005727898186958125, 3.0783210985980816, 1.0], [0.01461983941474429, -0.006376931746058356, 2.29780300277028, 1.0], [0.014619839414744304, -0.006376931746058634, 2.297803002770287, 1.0], [0.01461983941474429, -0.006376931746058689, 2.29780300277028, 1.0], [0.01461983941474404, -0.006376931746058689, 2.29780300277028, 1.0], [0.01461983941474429, -0.006376931746058634, 2.297803002770287, 1.0], [0.01461983941474429, -0.006376931746058689, 2.297803002770287, 1.0], [0.01461983941474429, -0.006376931746058634, 2.29780300277028, 1.0], [0.014826757894461334, -0.005917446675978877, 1.7502353478832475, 1.0], [0.014931519499185891, -0.0056848120975963035, 1.4730050768138625, 1.0], [0.014931519499186169, -0.005684812097596081, 1.4730050768138767, 1.0], [0.014931519499185919, -0.005684812097596359, 1.4730050768138625, 1.0], [0.014931519499185919, -0.005684812097596359, 1.4730050768138625, 1.0], [0.014931519499185864, -0.005684812097596359, 1.4730050768138625, 1.0], [0.014931519499186197, -0.005684812097596081, 1.4730050768138625, 1.0], [0.014931519499185919, -0.005684812097596359, 1.4730050768138767, 1.0], [0.014931519499186197, -0.0056848120975963035, 1.4730050768138625, 1.0], [0.014931519499185641, -0.005684812097596359, 1.4730050768138625, 1.0], [0.014931519499186197, -0.0056848120975963035, 1.4730050768138625, 1.0], [0.015165627817470329, -0.005096601404968953, 1.5717960166053757, 1.0], [0.015223522563771574, -0.00495113750573159, 1.5962269143967518, 1.0], [0.015223522563772074, -0.004951137505731812, 1.5962269143967518, 1.0], [0.015223522563772018, -0.004951137505731812, 1.5962269143967376, 1.0], [0.015223522563771519, -0.00495113750573184, 1.5962269143967518, 1.0], [0.015223522563772074, -0.004951137505731812, 1.5962269143967518, 1.0], [0.015223522563771519, -0.00495113750573184, 1.5962269143967376, 1.0], [0.015223522563772018, -0.00495113750573184, 1.596226914396766, 1.0], [0.015223522563772074, -0.004951137505731784, 1.5962269143967376, 1.0], [0.015223522563771574, -0.004951137505731867, 1.5962269143967518, 1.0], [0.015247175992236683, -0.0048848435602679985, 1.6686252579122396, 1.0], [0.015379529778084322, -0.004513892910392309, 2.0737333320986835, 1.0], [0.015379529778083767, -0.004513892910392309, 2.0737333320986977, 1.0], [0.015379529778083878, -0.004513892910392364, 2.0737333320986835, 1.0], [0.015379529778083767, -0.004513892910392087, 2.0737333320986835, 1.0], [0.015379529778083767, -0.004513892910392336, 2.0737333320986835, 1.0], [0.015379529778083767, -0.004513892910392336, 2.0737333320986835, 