{"text": "ま", "text_ids": [31], "strokes": [[[0.0, 0.0, 0.0, 1.0], [0.0117951356881185, -0.005929075382254992, 8.706901765390175, 1.0], [0.0117951356881185, -0.005929075382254992, 8.706901765390175, 1.0], [0.01180601971212154, -0.005898243143958527, 8.609011445839204, 1.0], [0.012580239000177927, -0.0037050365159337975, 1.6457253037637223, 1.0], [0.012580239000177934, -0.003705036515933669, 1.6457253037637187, 1.0], [0.012580239000178163, -0.003705036515933676, 1.6457253037637223, 1.0], [0.012580239000177934, -0.0037050365159338045, 1.6457253037637223, 1.0], [0.01258023900017792, -0.0037050365159336657, 1.6457253037637187, 1.0], [0.012580239000177934, -0.0037050365159337975, 1.6457253037637258, 1.0], [0.012580239000177934, -0.0037050365159336726, 1.6457253037637187, 1.0], [0.01258023900017817, -0.0037050365159338045, 1.6457253037637187, 1.0], [0.012580239000177906, -0.0037050365159336657, 1.6457253037637187, 1.0], [0.012568058500208507, -0.0037525813138013717, 1.5213347917557556, 1.0], [0.012538482923086708, -0.0038680252479249763, 1.2193011157732556, 1.0], [0.012538482923086763, -0.0038680252479248584, 1.2193011157732556, 1.0], [0.012538482923086736, -0.0038680252479248445, 1.2193011157732485, 1.0], [0.012538482923086708, -0.0038680252479248722, 1.2193011157732556, 1.0], [0.012538482923086736, -0.0038680252479248445, 1.2193011157732485, 1.0], [0.012538482923086985, -0.0038680252479248584, 1.2193011157732556, 1.0], [0.012538482923086736, -0.0038680252479248584, 1.2193011157732556, 1.0], [0.012538482923086736, -0.0038680252479248445, 1.2193011157732485, 1.0], [0.012538482923086736, -0.0038680252479248584, 1.2193011157732556, 1.0], [0.012538482923086736, -0.0038680252479248584, 1.2193011157732556, 1.0], [0.012538482923086736, -0.0038680252479248584, 1.2193011157732485, 1.0], [0.012538482923086736, -0.0038680252479248584, 1.2193011157732556, 1.0], [0.012538482923086736, -0.0038680252479248445, 1.2193011157732485, 1.0], [0.012525199210100202, -0.003917284961489062, 1.323914496036899, 1.0], [0.01250045261642685, -0.004009052234486138, 1.5188016346575282, 1.0], [0.012500452616426627, -0.004009052234486013, 1.518801634657521, 1.0], [0.012500452616426627, -0.004009052234486138, 1.518801634657521, 1.0], [0.01250045261642685, -0.004009052234486027, 1.5188016346575353, 1.0], [0.012500452616426738, -0.004009052234486138, 1.518801634657521, 1.0], [0.012500452616426627, -0.004009052234486027, 1.518801634657521, 1.0], [0.01250045261642685, -0.00400905223448611, 1.518801634657521, 1.0], [0.012500452616426627, -0.004009052234486027, 1.5188016346575353, 1.0], [0.01250045261642685, -0.004009052234486138, 1.518801634657521, 1.0], [0.012500452616426627, -0.004009052234486027, 1.518801634657521, 1.0], [0.012540917633861226, -0.00382998767212811, 1.5429880751905216, 1.0], [0.012759415928775997, -0.002863095674166205, 1.6735872038098876, 1.0], [0.012759415928776108, -0.0028630956741663716, 1.6735872038098876, 1.0], [0.012759415928775941, -0.002863095674166205, 1.6735872038098734, 1.0], [0.012759415928776052, -0.002863095674166205, 1.6735872038098876, 1.0], [0.01275941592877583, -0.002863095674166233, 1.6735872038098734, 1.0], [0.012759415928776274, -0.002863095674166205, 1.6735872038099018, 1.0], [0.01275941592877583, -0.002863095674166205, 1.6735872038098734, 1.0], [0.012759415928776163, -0.002863095674166233, 1.6735872038098876, 1.0], [0.012759415928775941, -0.002863095674166205, 1.6735872038098734, 1.0], [0.01286064302429435, -0.0020153407140533763, 2.1859615048390992, 1.0], [0.012929272822254645, -0.0014405810478332337, 2.53334028301839, 1.0], [0.012929272822254978, -0.0014405810478331227, 2.5333402830184184, 1.0], [0.012929272822254756, -0.001440581047833095, 2.53334028301839, 1.0], [0.012929272822254867, -0.0014405810478331227, 2.53334028301839, 1.0], [0.012929272822254867, -0.0014405810478332337, 2.53334028301839, 1.0], [0.012929272822254645, -0.0014405810478331227, 2.533340283018404, 1.0], [0.012888919917261377, -0.0019206504393393664, 3.4783009140596732, 1.0], [0.012883699351964206, -0.001982758324907047, 3.6005530463074678, 1.0], [0.012883699351963873, -0.001982758324906908, 3.6005530463074393, 1.0], [0.012883699351963984, -0.0019827583249069636, 3.6005530463074535, 1.0], [0.01289380819905861, -0.001682683584668665, 4.319774040969861, 1.0], [0.01294535731659141, -0.00015248059430303385, 7.987374039196737, 1.0], [0.010786063944080215, 0.0019547118856010626, 10.796739021385235, 1.0], [-0.006061169079575435, 0.009489650832249424, 13.236592208863186, 1.0], [-0.011795135688118408, 0.0059290753822549835, 0.6697616742607693, 0.0]], [[0.0, 0.0, 0.0, 1.0], [-0.009655110184862405, 0.00942214514858808, 13.05754776819878, 1.0], [-0.009655110184862408, 0.009422145148588024, 0.8075477679077423, 1.0], [-0.009655110184862663, 0.009422145148588301, 0.8075477679077423, 1.0], [-0.009655110184862412, 0.009422145148588135, 0.8075477679077423, 1.0], [-0.00846909079595532, 0.010286805870122873, 3.9168066542588065, 1.0], [-0.006326510852308155, 0.011848841649089115, 9.533776993707633, 1.0], [0.009547440794130325, 0.006434956944628312, 10.742998667078488, 1.0], [0.01200966927944715, 0.0015308713953828268, 8.042768428029632, 1.0], [0.012642445253768363, -0.004311764487560044, 4.092991862989507, 1.0], [0.01264244525376836, -0.004311764487560044, 4.092991862989514, 1.0], [0.01264244525376837, -0.004311764487560044, 4.092991862989507, 1.0], [0.012603767499768721, -0.004433475883546534, 3.8102333050535933, 1.0], [0.012497009898090411, -0.0047694213661271245, 3.0297685060948893, 1.0], [0.01249700989809014, -0.004769421366126958, 3.0297685060949107, 1.0], [0.012497009898090147, -0.00476942136612718, 3.0297685060948965, 1.0], [0.012497009898090147, -0.0047694213661269025, 3.0297685060948965, 1.0], [0.012497009898090397, -0.0047694213661271245, 3.0297685060948965, 1.0], [0.012274339169570242, -0.005352524226023947, 2.159897353159053, 1.0], [0.0121570311809647, -0.00565971603385329, 1.7016295063916544, 1.0], [0.012157031180964673, -0.005659716033853235, 1.7016295063916544, 1.0], [0.012157031180964895, -0.005659716033853346, 1.7016295063916544, 1.0], [0.0121570311809647, -0.005659716033853235, 1.7016295063916544, 1.0], [0.012157031180964673, -0.005659716033853346, 1.7016295063916544, 1.0], [0.01215703118096495, -0.005659716033853235, 1.7016295063916544, 1.0], [0.0121570311809647, -0.005659716033853346, 1.7016295063916687, 1.0], [0.012157031180964673, -0.00565971603385329, 1.7016295063916402, 1.0], [0.01224277485009817, -0.005435181003936751, 1.6545317840631952, 1.0], [0.012497009898090133, -0.004769421366127069, 1.5148842530267075, 1.0], [0.012497009898090189, -0.004769421366127041, 1.5148842530266933, 1.0], [0.012497009898090106, -0.0047694213661270135, 1.5148842530266933, 1.0], [0.012497009898090439, -0.004769421366127069, 1.5148842530267075, 1.0], [0.012497009898090106, -0.0047694213661269025, 1.5148842530267075, 1.0], [0.012497009898090161, -0.004769421366127069, 1.5148842530266933, 1.0], [0.012497009898090161, -0.0047694213661270135, 1.5148842530267075, 1.0], [0.012497009898090328, -0.004769421366127069, 1.5148842530266933, 1.0], [0.012497009898090217, -0.0047694213661270135, 1.5148842530267075, 1.0], [0.012497009898090161, -0.004769421366127069, 1.5148842530266933, 1.0], [0.012501405473827387, -0.004755589341156025, 1.518580973266637, 1.0], [0.012642445253768342, -0.004311764487560071, 1.6371967451957943, 1.0], [0.012642445253768397, -0.004311764487560016, 1.6371967451958085, 1.0], [0.012642445253768342, -0.004311764487560071, 1.6371967451958085, 1.0], [0.012642445253768342, -0.004311764487560071, 1.6371967451958085, 1.0], [0.012642445253768342, -0.004311764487560044, 1.6371967451958085, 1.0], [0.01264244525376812, -0.004311764487560044, 1.6371967451957943, 1.0], [0.012642445253768342, -0.004311764487560044, 1.6371967451958085, 1.0], [0.012642445253768397, -0.004311764487560071, 1.6371967451958085, 1.0], [0.012642445253768342, -0.004311764487559933, 1.6371967451957943, 1.0], 