{"text": "ま", "text_ids": [31], "strokes": [[[0.0, 0.0, 0.0, 1.0], [-0.0002948819018285072, -0.011585948952735401, 9.293233371685615, 1.0], [0.006011213168951833, -0.008187452164143799, 6.973831700125755, 1.0], [0.01019547199248861, -0.00593246076061801, 5.434848097655323, 1.0], [0.010195471992488832, -0.005932460760618145, 5.43484809765533, 1.0], [0.01060543452924988, -0.004951168663421275, 3.8719069122885656, 1.0], [0.011061888231107528, -0.0038585946592027617, 2.131722807950549, 1.0], [0.011061888231107292, -0.003858594659202748, 2.1317228079505526, 1.0], [0.011061888231107528, -0.0038585946592028728, 2.1317228079505455, 1.0], [0.011061888231107278, -0.003858594659202741, 2.1317228079505455, 1.0], [0.011061888231107528, -0.0038585946592027617, 2.1317228079505526, 1.0], [0.011061888231107528, -0.003858594659202755, 2.1317228079505455, 1.0], [0.011061888231107292, -0.003858594659202866, 2.1317228079505526, 1.0], [0.01096154424627771, -0.004158547135129212, 1.79034892183725, 1.0], [0.010860555997456556, -0.004460425472179869, 1.4467832261913998, 1.0], [0.010860555997456361, -0.004460425472179952, 1.4467832261913856, 1.0], [0.010860555997456306, -0.004460425472179841, 1.4467832261913998, 1.0], [0.010860555997456556, -0.004460425472179855, 1.4467832261913927, 1.0], [0.010860555997456334, -0.004460425472179855, 1.4467832261913927, 1.0], [0.010860555997456334, -0.004460425472179952, 1.4467832261913927, 1.0], [0.010860555997456528, -0.004460425472179869, 1.4467832261913927, 1.0], [0.010860555997456334, -0.004460425472179841, 1.4467832261913927, 1.0], [0.010860555997456334, -0.004460425472179841, 1.4467832261913927, 1.0], [0.010860555997456556, -0.004460425472179966, 1.4467832261913998, 1.0], [0.010860555997456306, -0.004460425472179855, 1.4865139915043244, 1.0], [0.010860555997456556, -0.004460425472179855, 1.537207177828364, 1.0], [0.010860555997456334, -0.004460425472179855, 1.5372071778283498, 1.0], [0.010860555997456334, -0.004460425472179841, 1.5372071778283498, 1.0], [0.010860555997456556, -0.00446042547217998, 1.537207177828364, 1.0], [0.010860555997456334, -0.004460425472179841, 1.5372071778283498, 1.0], [0.010860555997456278, -0.004460425472179841, 1.537207177828364, 1.0], [0.010860555997456556, -0.004460425472179869, 1.5372071778283498, 1.0], [0.01086055599745639, -0.004460425472179952, 1.537207177828364, 1.0], [0.010860555997456278, -0.004460425472179841, 1.5372071778283498, 1.0], [0.010860555997456556, -0.004460425472179841, 1.5372071778283498, 1.0], [0.01094420874572788, -0.0042079405340176845, 1.5129942179580809, 1.0], [0.011080482750692677, -0.0037966314685357327, 1.4735502417379962, 1.0], [0.011080482750692955, -0.0037966314685358438, 1.4735502417380104, 1.0], [0.011080482750692455, -0.003796631468535705, 1.4735502417379962, 1.0], [0.011080482750692677, -0.003796631468535705, 1.4735502417379962, 1.0], [0.011080482750692955, -0.0037966314685357327, 1.4735502417380104, 1.0], [0.0110804827506924, -0.0037966314685356772, 1.4735502417379962, 1.0], [0.011080482750692733, -0.003796631468535705, 1.4735502417379962, 1.0], [0.0110804827506929, -0.0037966314685357327, 1.4735502417380104, 1.0], [0.011080482750692677, -0.0037966314685357327, 1.4735502417379962, 1.0], [0.01108048275069251, -0.003796631468535705, 1.4735502417379962, 1.0], [0.011070772014561192, -0.003828990906039831, 1.8172719545147373, 1.0], [0.011061888231107486, -0.0038585946592028797, 2.131722808008945, 1.0], [0.01106188823110732, -0.003858594659202741, 2.1317228080089308, 1.0], [0.011061888231107542, -0.0038585946592027687, 2.131722808008945, 1.0], [0.011061888231107542, -0.0038585946592027687, 2.131722808008945, 1.0], [0.011061888231107209, -0.003858594659202713, 2.1317228080089308, 1.0], [0.011061888231107542, -0.0038585946592028797, 2.131722808008945, 1.0], [0.011061888231107542, -0.0038585946592027687, 2.131722808008959, 1.0], [0.011327101003139939, -0.0022058623714691916, 3.051950674194984, 1.0], [0.011546325169864424, -0.0008397182909283818, 3.8126085626318655, 1.0], [0.01154632516986398, -0.0008397182909283263, 3.8126085626318797, 1.0], [0.011546325169864313, -0.000839718290928354, 3.812608562631823, 1.0], [0.011546325169864202, -0.000839718290928354, 4.606872663493476, 1.0], [0.011546325169864202, -0.000839718290928354, 6.076344896871376, 1.0], [0.011546325169864313, -0.000839718290928354, 6.076344896871319, 1.0], [0.0024494169556378287, 0.005564439075560534, 8.727689800105537, 1.0], [-0.004899923202897449, 0.010738321212956703, 10.869696195310695, 1.0], [-0.007922809221773908, 0.008807456149566517, 16.11795215073812, 0.0]], [[0.0, 0.0, 0.0, 1.0], [0.009216439961325637, -0.0101782867675278, 6.441264597997069, 1.0], [0.010291071840451957, -0.008430748391553056, 4.85223639621432, 1.0], [0.012893401940786073, -0.004198906952988135, 1.0042434228980994, 1.0], [0.012893401940786298, -0.004198906952988191, 1.0042434228980976, 1.0], [0.012893401940786064, -0.00419890695298808, 1.0042434228980994, 1.0], [0.012893401940786062, -0.004198906952988357, 1.0042434228980976, 1.0], [0.012680904170964217, -0.004782167171872076, 1.2884250080732826, 1.0], [0.01221533645252985, -0.00606004942723215, 1.911046941196858, 1.0], [0.01221533645253008, -0.006060049427232372, 1.9110469411968545, 1.0], [0.012215336452529847, -0.006060049427232372, 1.9110469411968545, 1.0], [0.012215336452530076, -0.00606004942723215, 1.911046941196858, 1.0], [0.01221533645252984, -0.006060049427232372, 1.911046941196858, 1.0], [0.012215336452529868, -0.006060049427232206, 1.911046941196851, 1.0], [0.012215336452530062, -0.006060049427232428, 1.911046941196858, 1.0], [0.012104354189199779, -0.006290897347370483, 1.8135116307210701, 1.0], [0.011976298655397635, -0.006557258410421707, 1.7009716998097666, 1.0], [0.011976298655397427, -0.006557258410421707, 1.7009716998097701, 1.0], [0.011976298655397677, -0.006557258410421707, 1.7009716998097701, 1.0], [0.011976298655397594, -0.006557258410421762, 1.7009716998097772, 1.0], [0.011976298655397427, -0.006557258410421429, 1.7009716998097701, 1.0], [0.01197629865539765, -0.006557258410421707, 1.700971699809763, 1.0], [0.011976298655397427, -0.006557258410421707, 1.7009716998097772, 1.0], [0.01197629865539765, -0.006557258410421707, 1.7009716998097701, 1.0], [0.01197629865539765, -0.006557258410421762, 1.7009716998097701, 1.0], [0.012042544680269107, -0.006422619733500112, 1.6146821912945413, 1.0], [0.012117247607080495, -0.006270793216399173, 1.5173770495643453, 1.0], [0.01211724760708055, -0.006270793216399118, 1.5173770495643524, 1.0], [0.012117247607080495, -0.006270793216399118, 1.5173770495643453, 1.0], [0.012117247607080439, -0.006270793216399173, 1.5173770495643453, 1.0], [0.01211724760708055, -0.00627079321639934, 1.5173770495643453, 1.0], [0.012117247607080439, -0.006270793216399173, 1.5173770495643453, 1.0], [0.01211724760708055, -0.006270793216399118, 1.5173770495643453, 1.0], [0.01211724760708055, -0.006270793216399173, 1.5173770495643453, 1.0], [0.012117247607080439, -0.006270793216399118, 1.5173770495643453, 1.0], [0.01211724760708055, -0.006270793216399173, 1.5173770495643453, 1.0], [0.012279052254625167, -0.005916343380926586, 1.7260203410167634, 1.0], [0.012292079228069575, -0.005887806446641108, 1.7428183172080338, 1.0], [0.012292079228069464, -0.005887806446641053, 1.742818317208048, 1.0], [0.012292079228069464, -0.005887806446641136, 1.742818317208048, 1.0], [0.012292079228069575, -0.005887806446641053, 1.742818317208048, 1.0], [0.012292079228069464, -0.005887806446641164, 1.7428183172080338, 1.0], [0.012292079228069519, -0.005887806446641053, 1.742818317208048, 1.0], [0.012292079228069575, -0.005887806446641025, 1.7428183172080338, 1.0], [0.01229207922806963, -0.005887806446641164, 1.7428183172080622, 1.0], [0.012341568614107123, -0.005764439846564273, 1.8255146654536816, 1.0], [0.012581198676753558, -0.005167092648064309, 2.225934486701206, 1.0], [0.012581198676753613, -0.005167092648064309, 2.225934486701206, 1.0], [0.012581198676753669, 