{"text": "ま", "text_ids": [31], "strokes": [[[0.0, 0.0, 0.0, 1.0], [0.011863681675643428, -0.006420130127848953, 8.706901765390175, 1.0], [0.011863681675643428, -0.006420130127848953, 8.706901765390175, 1.0], [0.011874326267918886, -0.006389583430445416, 8.609011445839204, 1.0], [0.012631513926716458, -0.0042166883403936435, 1.6457253037637223, 1.0], [0.012631513926716458, -0.004216688340393519, 1.6457253037637187, 1.0], [0.012631513926716693, -0.0042166883403935325, 1.6457253037637223, 1.0], [0.012631513926716464, -0.004216688340393647, 1.6457253037637223, 1.0], [0.01263151392671645, -0.004216688340393515, 1.6457253037637187, 1.0], [0.01263151392671645, -0.004216688340393647, 1.6457253037637258, 1.0], [0.012631513926716464, -0.004216688340393515, 1.6457253037637187, 1.0], [0.012631513926716686, -0.004216688340393654, 1.6457253037637187, 1.0], [0.012631513926716437, -0.004216688340393515, 1.6457253037637187, 1.0], [0.012619710100570142, -0.004263973778975666, 1.5213347917557556, 1.0], [0.012591049128409887, -0.004378787960579139, 1.2193011157732556, 1.0], [0.012591049128409887, -0.004378787960579014, 1.2193011157732556, 1.0], [0.012591049128409859, -0.004378787960579014, 1.2193011157732485, 1.0], [0.012591049128409859, -0.004378787960579028, 1.2193011157732556, 1.0], [0.012591049128409887, -0.004378787960579014, 1.2193011157732485, 1.0], [0.012591049128410081, -0.004378787960579028, 1.2193011157732556, 1.0], [0.012591049128409915, -0.004378787960579014, 1.2193011157732556, 1.0], [0.012591049128409859, -0.004378787960579014, 1.2193011157732485, 1.0], [0.012591049128409859, -0.004378787960579014, 1.2193011157732556, 1.0], [0.012591049128409915, -0.004378787960579028, 1.2193011157732556, 1.0], [0.012591049128409804, -0.004378787960579014, 1.2193011157732485, 1.0], [0.012591049128409859, -0.004378787960579028, 1.2193011157732556, 1.0], [0.01259104912840997, -0.004378787960579014, 1.2193011157732485, 1.0], [0.012578154600004054, -0.004427752862190951, 1.323914496036899, 1.0], [0.012554133028972736, -0.0045189709219070895, 1.5188016346575282, 1.0], [0.012554133028972514, -0.0045189709219069785, 1.518801634657521, 1.0], [0.012554133028972458, -0.0045189709219070895, 1.518801634657521, 1.0], [0.012554133028972736, -0.004518970921906951, 1.5188016346575353, 1.0], [0.012554133028972514, -0.0045189709219070895, 1.518801634657521, 1.0], [0.012554133028972458, -0.0045189709219069785, 1.518801634657521, 1.0], [0.012554133028972736, -0.0045189709219070895, 1.518801634657521, 1.0], [0.012554133028972514, -0.004518970921906951, 1.5188016346575353, 1.0], [0.012554133028972736, -0.004518970921907117, 1.518801634657521, 1.0], [0.012554133028972458, -0.0045189709219069785, 1.518801634657521, 1.0], [0.012593170641737317, -0.004340670508957228, 1.5429880751905216, 1.0], [0.012803961402928554, -0.0033779046760962494, 1.6735872038098876, 1.0], [0.01280396140292872, -0.003377904676096416, 1.6735872038098876, 1.0], [0.01280396140292861, -0.0033779046760962494, 1.6735872038098734, 1.0], [0.01280396140292861, -0.0033779046760962494, 1.6735872038098876, 1.0], [0.01280396140292861, -0.0033779046760962494, 1.6735872038098734, 1.0], [0.01280396140292872, -0.003377904676096277, 1.6735872038099018, 1.0], [0.012803961402928499, -0.0033779046760962494, 1.6735872038098734, 1.0], [0.012803961402928832, -0.003377904676096277, 1.6735872038098876, 1.0], [0.012803961402928499, -0.0033779046760962494, 1.6735872038098734, 1.0], [0.012898284267970794, -0.0025302157254913082, 2.1859615048390992, 1.0], [0.012962233145864865, -0.0019555008123006423, 2.53334028301839, 1.0], [0.012962233145865198, -0.0019555008123005313, 2.5333402830184184, 1.0], [0.012962233145864976, -0.0019555008123005035, 2.53334028301839, 1.0], [0.012962233145865198, -0.0019555008123005313, 2.53334028301839, 1.0], [0.012962233145865087, -0.0019555008123006423, 2.53334028301839, 1.0], [0.012962233145864976, -0.0019555008123005313, 2.533340283018404, 1.0], [0.01292581748760191, -0.002436199952519369, 3.4783009140596732, 1.0], [0.012921106294645046, -0.0024983893103943666, 3.6005530463074678, 1.0], [0.012921106294644713, -0.002498389310394228, 3.6005530463074393, 1.0], [0.012921106294644824, -0.002498389310394228, 3.6005530463074535, 1.0], [0.01292872961543412, -0.002197326767278157, 4.319774040969861, 1.0], [0.012967604024719526, -0.0006620865687945732, 7.987374039196737, 1.0], [0.010787242999647506, 0.0015397182546221522, 10.796739021385235, 1.0], [-0.006150110995112867, 0.009771730684325713, 13.236592208863186, 1.0], [-0.011863681675643334, 0.006420130127848922, 0.6697616742607693, 0.0]], [[0.0, 0.0, 0.0, 1.0], [-0.009749312533371662, 0.009845196788116017, 13.05754776819878, 1.0], [-0.009749312533371662, 0.009845196788115962, 0.8075477679077423, 1.0], [-0.009749312533371919, 0.009845196788116184, 0.8075477679077423, 1.0], [-0.009749312533371666, 0.009845196788116073, 0.8075477679077423, 1.0], [-0.00856858063774851, 0.01066722467058534, 3.9168066542588065, 1.0], [-0.006435552710845997, 0.01215224293468059, 9.533776993707633, 1.0], [0.009509258377457776, 0.006089337105834314, 10.742998667078488, 1.0], [0.012016364760884956, 0.0010658194170264368, 8.042768428029632, 1.0], [0.012698879633464593, -0.004828662498612191, 4.092991862989507, 1.0], [0.01269887963346459, -0.004828662498612246, 4.092991862989514, 1.0], [0.012698879633464595, -0.004828662498612246, 4.092991862989507, 1.0], [0.01266115399179659, -0.004949415253069245, 3.8102333050535933, 1.0], [0.012557024392485114, -0.005282714711515146, 3.0297685060948893, 1.0], [0.01255702439248485, -0.005282714711514924, 3.0297685060949107, 1.0], [0.01255702439248485, -0.005282714711515202, 3.0297685060948965, 1.0], [0.012557024392484864, -0.005282714711514924, 3.0297685060948965, 1.0], [0.0125570243924851, -0.005282714711515146, 3.0297685060948965, 1.0], [0.012338854553529482, -0.005859755743847395, 2.159897353159053, 1.0], [0.012223917735599402, -0.00616375404347036, 1.7016295063916544, 1.0], [0.012223917735599416, -0.006163754043470304, 1.7016295063916544, 1.0], [0.01222391773559961, -0.006163754043470304, 1.7016295063916544, 1.0], [0.012223917735599416, -0.006163754043470304, 1.7016295063916544, 1.0], [0.012223917735599388, -0.00616375404347036, 1.7016295063916544, 1.0], [0.012223917735599665, -0.006163754043470304, 1.7016295063916544, 1.0], [0.012223917735599388, -0.006163754043470304, 1.7016295063916687, 1.0], [0.012223917735599416, -0.00616375404347036, 1.7016295063916402, 1.0], [0.012307928250185812, -0.005941553237456876, 1.6545317840631952, 1.0], [0.01255702439248485, -0.005282714711515091, 1.5148842530267075, 1.0], [0.012557024392484906, -0.005282714711515035, 1.5148842530266933, 1.0], [0.012557024392484795, -0.005282714711515035, 1.5148842530266933, 1.0], [0.012557024392485128, -0.005282714711515091, 1.5148842530267075, 1.0], [0.01255702439248485, -0.005282714711514924, 1.5148842530267075, 1.0], [0.01255702439248485, -0.005282714711515063, 1.5148842530266933, 1.0], [0.01255702439248485, -0.005282714711515035, 1.5148842530267075, 1.0], [0.012557024392485128, -0.005282714711515063, 1.5148842530266933, 1.0], [0.01255702439248485, -0.005282714711515035, 1.5148842530267075, 1.0], [0.01255702439248485, -0.005282714711515063, 1.5148842530266933, 1.0], [0.012561311764372807, -0.00526899163241118, 1.518580973266637, 1.0], [0.012698879633464555, -0.004828662498612246, 1.6371967451957943, 1.0], [0.012698879633464666, -0.004828662498612218, 1.6371967451958085, 1.0], [0.012698879633464555, -0.004828662498612246, 1.6371967451958085, 1.0], [0.012698879633464555, -0.004828662498612246, 1.6371967451958085, 1.0], [0.01269887963346461, -0.004828662498612218, 1.6371967451958085, 1.0], [0.012698879633464333, -0.004828662498612218, 1.6371967451957943, 1.0], [0.01269887963346461, -0.004828662498612246, 1.6371967451958085, 1.0], [0.01269887963346461, -0.004828662498612246, 1.6371967451958085, 1.0], [0.012698879633464555, -0.004828662498612107, 1.6371967451957943, 1.0], [0.01269887963346461, 