{"text": "み", "text_ids": [32], "strokes": [[[0.0, 0.0, 0.0, 1.0], [-0.0022347630267627286, -0.030830020072139867, 35.45680908958577, 1.0], [0.0368259377884603, -0.03262997725111361, 20.98806890066612, 1.0], [0.035606567016880544, -0.0339291294970525, 13.08793279677078, 1.0], [0.03316729512069591, -0.03621997702788331, 12.175453251261828, 1.0], [0.03127967199202379, -0.03797796182574706, 12.243829384039955, 1.0], [0.035364010239921445, -0.034146741668066805, 12.008015003543605, 1.0], [0.03640688871731221, -0.033084753886339885, 17.82507109278383, 1.0], [0.016779668013644722, -0.0016767345458741922, 107.39199503683335, 1.0], [-0.004833009775584346, 0.050471478937366504, 34.406321978992196, 1.0], [-0.002404218759596566, 0.05092250446563759, 14.65275628598613, 1.0], [-0.0028753479080259603, 0.050859532441554375, 10.940000298897985, 1.0], [-0.005077367295411056, 0.050495125085060134, 7.51606532320011, 1.0], [-0.005256673460105499, 0.05046545210131916, 7.237260943833462, 1.0], [-0.00593138877248256, 0.05033040531684618, 5.998137610988749, 1.0], [-0.00642856640331485, 0.050230893361027304, 5.085064509443555, 1.0], [-0.00642856640331449, 0.05023089336102715, 5.085064509443612, 1.0], [-0.007512231327535729, 0.04997437849624792, 5.041264796257053, 1.0], [-0.008952951155401317, 0.04963334498711608, 4.983033590436662, 1.0], [-0.008952951155401623, 0.049633344987116024, 4.983033590436605, 1.0], [-0.009016736238276424, 0.04961428890676489, 4.984105119784033, 1.0], [-0.012556142445095592, 0.04855687538573017, 5.043563812193611, 1.0], [-0.012556142445095897, 0.048556875385730114, 5.043563812193611, 1.0], [-0.012556142445095578, 0.04855687538573039, 5.043563812193611, 1.0], [-0.013873635714875224, 0.048085421470808964, 5.594982716873915, 1.0], [-0.014592233534363258, 0.04782827726899608, 5.89574206921111, 1.0], [-0.014592233534363286, 0.04782827726899597, 5.895742069211167, 1.0], [-0.01640098273422442, 0.047102628016970405, 8.661149992669266, 1.0], [-0.01659882696462659, 0.04701791702101321, 8.852795410985948, 1.0], [-0.021323602424759246, 0.04475402257273631, 8.427861330793746, 1.0], [-0.021323602424758944, 0.044754022572735974, 8.42786133079369, 1.0], [-0.034995322442714256, 0.03454603211953389, 10.401643972557906, 1.0], [-0.03543043712439069, 0.03410762746794471, 12.366380854704971, 1.0], [-0.040818289445679654, 0.025193825893062627, 20.89534401826421, 1.0], [-0.024945645833702637, -0.035863074214457225, 28.142550750585997, 1.0], [0.0015637623653733945, -0.05054741934953866, 15.41772657528304, 1.0], [0.00985030233146425, -0.04939015285293136, 10.0008165877598, 1.0], [0.0182721072460834, -0.04610401837220546, 8.395469718058223, 1.0], [0.020119895465757917, -0.045383023212224205, 8.043248185453535, 1.0], [0.025466179738619116, -0.042129937723361266, 7.468234807056206, 1.0], [0.027687198819819993, -0.04077850099183289, 7.229355686496092, 1.0], [0.031198365918820824, -0.0375875251292509, 6.798383670066073, 1.0], [0.03757852320984177, -0.03178918875246184, 6.0152625096878864, 1.0], [0.03757852320984209, -0.03178918875246195, 6.0152625096878864, 1.0], [0.03901474407169264, -0.030052447472754706, 5.672418355937907, 1.0], [0.03964480840939684, -0.02929054603180803, 5.522013999333581, 1.0], [0.03964480840939685, -0.029290546031807696, 5.522013999333581, 1.0], [0.041753363432246504, -0.02628567521651426, 5.612208417258785, 1.0], [0.04306508350187038, -0.024416362197723362, 5.668317850912558, 1.0], [0.04306508350187005, -0.024416362197723362, 5.668317850912672, 1.0], [0.04362476749047034, -0.02349357025464005, 5.72855287044149, 1.0], [0.04397165859544394, -0.022921625508466048, 5.765886424568407, 1.0], [0.04397165859544416, -0.02292162550846616, 5.765886424568521, 1.0], [0.04657424816251915, -0.017554463368295803, 5.960468188541313, 1.0], [0.04786201382679639, -0.014898782577841718, 6.056747570318976, 1.0], [0.04790301378016881, -0.014779277838328775, 6.108937133137829, 1.0], [0.04936366534927339, -0.010521839209136519, 7.968226243275353, 1.0], [0.049363665349273944, -0.01052183920913638, 7.968226243275467, 1.0], [0.05023866597561255, -0.007129341433897235, 9.984372264512444, 1.0], [0.050396399196340425, -0.006468317339029278, 11.577013300493036, 1.0], [0.050473949881940205, -0.00043501897199385575, 23.833411704346986, 1.0], [-0.02744298354983843, 0.008315387057765966, 58.14470322810246, 1.0], [-0.04995125647117682, 0.00838310920614077, 24.780366673385856, 1.0], [-0.05104980164651962, 0.0018848365887672303, 22.526121941390443, 0.0]], [[0.0, 0.0, 0.0, 1.0], [-0.005883944156229393, -0.010042789906028787, 5.332662799598867, 1.0], [-0.0058839441562288375, -0.01004278990602871, 5.332662799598867, 1.0], [-0.007177918433909025, -0.008166370029205847, 5.3951568044966525, 1.0], [0.008365446491534922, 0.005378903879397785, 16.98075254332997, 1.0], [0.005883944156229282, 0.010042789906028788, 7.55460563276506, 1.0], [0.004484761801481163, 0.010378181098321847, 6.4098679510819565, 1.0], [0.0009685592297267176, 0.011221032903079672, 3.5330952654777548, 1.0], [0.0009685592297267176, 0.011221032903079672, 3.5330952654777477, 1.0], [0.0009685592297267176, 0.011221032903079665, 3.5330952654777477, 1.0], [0.0009685592297267176, 0.011221032903079756, 3.5330952654777548, 1.0], [0.0009685592297266066, 0.011221032903079672, 2.942352460285605, 1.0], [0.0009685592297267176, 0.011221032903079672, 2.7517376586894073, 1.0], [0.0009685592297267176, 0.011221032903079756, 2.751737658689393, 1.0], [0.0009685592297267176, 0.011221032903079672, 2.7517376586894073, 1.0], [0.0009685592297267176, 0.011221032903079672, 2.7517376586894073, 1.0], [0.0009685592297267176, 0.011221032903079742, 2.751737658689393, 1.0], [0.0005141008482941745, 0.011177904377344644, 2.4602990812352488, 1.0], [-0.0011479037222014155, 0.011020178588099533, 1.3944759662103223, 1.0], [-0.0011479037222016375, 0.01102017858809956, 1.3944759662103081, 1.0], [-0.0011479037222013044, 0.011020178588099588, 1.3944759662103081, 1.0], [-0.0011479037222014155, 0.011020178588099533, 1.3944759662103081, 1.0], [-0.0011479037222015265, 0.011020178588099588, 1.3944759662103223, 1.0], [-0.0011479037222014155, 0.01102017858809956, 1.3944759662103081, 1.0], [-0.0011479037222013044, 0.011020178588099533, 1.3944759662103081, 1.0], [-0.0011479037222013044, 0.01102017858809956, 1.3944759662103223, 1.0], [-0.0011479037222017485, 0.011020178588099588, 1.3944759662103081, 1.0], [-0.0011479037222011934, 0.01102017858809956, 1.3944759662103081, 1.0], [-0.0014900362171063053, 0.010944095421499378, 1.4450791650384929, 1.0], [-0.001894923677144389, 0.010854056853005778, 1.5049641538906542, 1.0], [-0.0018949236771445, 0.010854056853005889, 1.5049641538906684, 1.0], [-0.001894923677144389, 0.010854056853005778, 1.5049641538906684, 1.0], [-0.0018949236771445, 0.010854056853005778, 1.5049641538906684, 1.0], [-0.0018949236771445, 0.010854056853005778, 1.5049641538906684, 1.0], [-0.0018949236771445, 0.010854056853005944, 1.5049641538906542, 1.0], [-0.001894923677144389, 0.010854056853005722, 1.5049641538906684, 1.0], [-0.0018949236771445, 0.010854056853005778, 1.5049641538906684, 1.0], [-0.001894923677144389, 0.010854056853005778, 1.5049641538906542, 1.0], [-0.0018949236771441669, 0.010854056853005778, 1.5049641538906684, 1.0], [-0.0018949236771445, 0.010854056853005944, 1.5049641538906684, 1.0], [-0.002064955410174485, 0.010807772783411329, 1.6490095800912314, 1.0], [-0.002236641950685403, 0.010761038261284828, 1.7944569060708773, 1.0], [-0.002236641950685625, 0.010761038261284994, 1.7944569060708915, 1.0], [-0.002236641950685736, 0.010761038261285216, 1.7944569060708915, 1.0], [-0.002236641950685625, 0.010761038261284828, 1.7944569060708773, 1.0], [-0.002236641950685625, 0.010761038261284994, 1.7944569060708773, 1.0], [-0.002236641950685514, 0.01076103826128516, 1.7944569060708915, 1.0], [-0.002236641950685847, 0.01076103826128505, 1.7944569060708773, 1.0], [-0.002236641950685514, 0.010761038261284828, 1.7944569060708773, 1.0], [-0.0017525739151510455, 