{"text": "み", "text_ids": [32], "strokes": [[[0.0, 0.0, 0.0, 1.0], [-0.019946477536320877, -0.023500621637936075, 53.108356412319665, 1.0], [0.033195295523850955, -0.03876992195281086, 18.244306006385074, 1.0], [0.03651777194307289, -0.035715469550865006, 13.673121879615294, 1.0], [0.03986348593731818, -0.03211745411173862, 14.331560736278519, 1.0], [0.04155691665825263, -0.02986331845968751, 14.772672772875879, 1.0], [0.03813650873350735, -0.033939487944877667, 24.02767168595021, 1.0], [0.0264356353393074, -0.03358832424287675, 89.31019953592886, 1.0], [-0.004508219449750661, 0.0479888799069739, 39.34935981570197, 1.0], [-0.009138912335137694, 0.04844346379200784, 15.404575430487455, 1.0], [-0.015777254363496584, 0.04745119390060512, 8.700304003982694, 1.0], [-0.0167522631651649, 0.047171494615874, 7.768211674986219, 1.0], [-0.019011989168440158, 0.04652325047107924, 5.60795089612634, 1.0], [-0.019011989168440227, 0.0465232504710794, 5.60795089612634, 1.0], [-0.019122895682022925, 0.046486680765552034, 5.1388518874652505, 1.0], [-0.019259368097016547, 0.04644168109990837, 4.56161730930603, 1.0], [-0.01925936809701638, 0.04644168109990843, 4.5616173093060866, 1.0], [-0.019259368097016553, 0.0464416810999084, 4.5616173093060866, 1.0], [-0.018743724351264958, 0.046608670222514775, 4.368374107580394, 1.0], [-0.018544762443740218, 0.046673103224259715, 4.293810930293148, 1.0], [-0.018544762443740204, 0.04667310322425955, 4.293810930293148, 1.0], [-0.018544762443740204, 0.046673103224259604, 4.293810930293148, 1.0], [-0.017456590038854095, 0.046996610360867275, 5.337936783946532, 1.0], [-0.01711744731079902, 0.04709743546207501, 5.663351845797877, 1.0], [-0.017117447310799033, 0.04709743546207523, 5.6633518457979335, 1.0], [-0.021702205457088133, 0.045532356416490116, 8.750667921816671, 1.0], [-0.022247413866663485, 0.04530941507515607, 8.961090717707009, 1.0], [-0.028057058141306462, 0.04242742208095951, 9.048452745715565, 1.0], [-0.02893766636186501, 0.04180869745464355, 8.949233897755391, 1.0], [-0.03354076697257055, 0.0385745104021471, 8.430598789682904, 1.0], [-0.03510904405251675, 0.03700171060163371, 9.139191481002513, 1.0], [-0.03950975170002824, 0.03258831184791289, 11.12755776878106, 1.0], [-0.04090264419804984, 0.03075549881978823, 12.741569021917257, 1.0], [-0.045109161213268245, 0.01873993391136397, 17.267167006094155, 1.0], [-0.02758359001127686, -0.029223185088576575, 24.954387481458923, 1.0], [0.0018388269515998146, -0.04876187154687961, 15.54099041690381, 1.0], [0.011705178661615856, -0.048273307702140555, 13.263793115224303, 1.0], [0.020315100865857305, -0.04589542321885487, 11.536740895286357, 1.0], [0.024894202949988342, -0.04384631246557813, 10.213145381637332, 1.0], [0.03110130360803348, -0.04044417388605792, 8.096487535626807, 1.0], [0.03230860674554947, -0.03942267140206446, 7.572588997921798, 1.0], [0.036649071147663526, -0.03575019260973078, 5.689082790933526, 1.0], [0.036649071147663276, -0.035750192609730336, 5.689082790933526, 1.0], [0.039759786220895765, -0.031524368944296666, 5.8766818288139575, 1.0], [0.04432576449443107, -0.025321608938986828, 6.152043959684875, 1.0], [0.04432576449443089, -0.025321608938986606, 6.152043959684875, 1.0], [0.04556286379489225, -0.022641718505545194, 5.951712660467024, 1.0], [0.04625299190751787, -0.021146715051753806, 5.839955858585995, 1.0], [0.046252991907517325, -0.02114671505175353, 5.839955858585881, 1.0], [0.04853851222613422, -0.01309469158792409, 6.1058675756328284, 1.0], [0.04878638019432767, -0.012221438053678035, 6.134706084083859, 1.0], [0.048815991056831876, -0.012036320434604175, 6.180585709731645, 1.0], [0.04901234728123255, -0.010808764271855675, 6.4848237260284805, 1.0], [0.049012347281233076, -0.010808764271855842, 6.4848237260284805, 1.0], [0.049225837495338154, -0.008602459403241447, 6.556352499321861, 1.0], [0.0494313373480727, -0.006478730559335899, 6.625204144066629, 1.0], [0.04943133734807292, -0.006478730559335899, 6.625204144066629, 1.0], [0.049324537673317737, -0.00037805834301574137, 7.350739184491431, 1.0], [0.04931815133301759, -1.3254153093333887e-05, 7.394124276051571, 1.0], [0.04908019802109287, 0.0020998700056749087, 10.831363115697513, 1.0], [0.04811177824970392, 0.006266169715578085, 12.7037513039229, 1.0], [0.04542396443816976, 0.015188808412260835, 15.42144139807499, 1.0], [0.03781572998035754, 0.022922272350888173, 34.40247905940953, 1.0], [-0.04755272899065055, 0.01334152856991333, 45.26991823525282, 0.0]], [[0.0, 0.0, 0.0, 1.0], [0.0014730579113986786, -0.010471956415165296, 5.007477026097363, 1.0], [0.0014730579113986786, -0.010471956415165268, 5.007477026097363, 1.0], [-0.0001340558183287599, -0.009929283925394078, 8.116291369269339, 1.0], [-0.0043619934058492515, -0.0002546059711642651, 24.43728036644429, 1.0], [0.0007443244236565172, 0.010324808193549903, 10.73038266449629, 1.0], [0.0011226790534690223, 0.010299700114516086, 7.373698820060881, 1.0], [0.0005228882612807739, 0.010381397960608385, 5.686774345300876, 1.0], [2.9663212474384526e-05, 0.010448580425979515, 4.299568310744149, 1.0], [2.9663212474662082e-05, 0.010448580425979653, 4.299568310744135, 1.0], [2.966321247460657e-05, 0.01044858042597957, 4.299568310744149, 1.0], [-0.00016773868308839202, 0.010462415984210743, 3.6216244204242685, 1.0], [-0.0003021809888955618, 0.010471838813436413, 3.159904741580945, 1.0], [-0.00030218098889533973, 0.010471838813436385, 3.159904741580945, 1.0], [-0.0003021809888956173, 0.010471838813436413, 3.159904741580945, 1.0], [-0.00030218098889533973, 0.010471838813436413, 3.159904741580945, 1.0], [-0.0009244076992290795, 0.010471901309276471, 2.5577699996960916, 1.0], [-0.0014730579113986786, 0.010471956415165296, 2.0268359391624102, 1.0], [-0.001473057911398623, 0.01047195641516524, 2.026835939162396, 1.0], [-0.0014730579113986786, 0.010471956415165296, 2.0268359391624102, 1.0], [-0.0014730579113986786, 0.010471956415165351, 2.0268359391624102, 1.0], [-0.0014730579113986786, 0.010471956415165296, 2.026835939162396, 1.0], [-0.0014730579113986786, 0.010471956415165407, 2.0268359391624102, 1.0], [-0.001473057911398623, 0.010471956415165296, 2.0268359391624102, 1.0], [-0.0017066911379895466, 0.01044050985609113, 1.9492034145063144, 1.0], [-0.0030959386111444887, 0.01025351996013013, 1.487579054449057, 1.0], [-0.0030959386111447107, 0.010253519960130186, 1.4875790544490712, 1.0], [-0.003095938611144433, 0.01025351996013013, 1.4875790544490712, 1.0], [-0.0030959386111447107, 0.01025351996013002, 1.487579054449057, 1.0], [-0.0030959386111444887, 0.01025351996013013, 1.4875790544490712, 1.0], [-0.003095938611144655, 0.01025351996013013, 1.487579054449057, 1.0], [-0.0030959386111444887, 0.010253519960130186, 1.4875790544490712, 1.0], [-0.0030959386111445997, 0.01025351996013013, 1.4875790544490712, 1.0], [-0.0030959386111445997, 0.010253519960130186, 1.487579054449057, 1.0], [-0.003095938611144544, 0.010253519960130075, 1.487579054449057, 1.0], [-0.0037282151485174553, 0.010058619293052296, 1.5321384585180908, 1.0], [-0.004724547084874464, 0.009751497729069913, 1.6023545027879607, 1.0], [-0.004724547084874464, 0.009751497729070135, 1.6023545027879607, 1.0], [-0.004724547084874464, 0.00975149772907008, 1.602354502787989, 1.0], [-0.00472454708487452, 0.009751497729070191, 1.602354502787989, 1.0], [-0.00472454708487452, 0.009751497729070024, 1.6023545027879607, 1.0], [-0.004724547084874409, 0.009751497729070135, 1.6023545027879607, 1.0], [-0.004724547084874298, 0.00975149772907008, 1.6023545027879607, 1.0], [-0.004724547084874686, 0.009751497729070135, 1.602354502787989, 1.0], [-0.004724547084874464, 0.009751497729070135, 1.6023545027879607, 1.0], [-0.004724547084874353, 0.009751497729070024, 1.602354502787989, 1.0], [-0.005549776287569752, 0.009356774603622608, 1.7848609514339842, 1.0], [-0.00578410418035219, 0.009244691029851149, 1.836684555580291, 1.0], [-0.005784104180352245, 0.009244691029851038, 1.8366845555802627, 1.0], [-0.005784104180352134, 