{"text": "み", "text_ids": [32], "strokes": [[[0.0, 0.0, 0.0, 1.0], [-0.007615057857003821, -0.034418177315969085, 20.215037537122576, 1.0], [0.03953370816984753, -0.020013063438943997, 15.297652749387552, 1.0], [0.04007905401927878, -0.018856965846285267, 8.220762590531429, 1.0], [0.040727374975435535, -0.017080543095683076, 6.7616369032241295, 1.0], [0.04115484345514715, -0.01590926407822439, 5.799566753650396, 1.0], [0.04115484345514711, -0.01590926407822439, 5.799566753650396, 1.0], [0.04129421266285083, -0.015462907661990447, 7.630062173038596, 1.0], [0.04132000808556083, -0.015380292910669946, 7.96886300207575, 1.0], [0.04246328699323132, -0.009323293188468473, 10.763495902775603, 1.0], [0.042878725839743226, -0.004488306239377432, 13.916317342253137, 1.0], [0.0333769077409915, 0.016327700790296357, 21.353185483631947, 1.0], [0.0017518385091981337, 0.04065585142035587, 13.197609810793296, 1.0], [-0.0051431505056098725, 0.04262116747908047, 9.336777313157313, 1.0], [-0.010194783383458472, 0.042108952386626416, 5.274556045680356, 1.0], [-0.010629280738719216, 0.04206489611643077, 4.925159238770419, 1.0], [-0.010629280738718938, 0.042064896116430786, 4.925159238770448, 1.0], [-0.011618756136124453, 0.041879610014077695, 4.29716529833064, 1.0], [-0.012101331390239167, 0.04178924446465482, 3.9908875109445887, 1.0], [-0.012101331390239223, 0.04178924446465515, 3.990887510944617, 1.0], [-0.012101331390239223, 0.04178924446465482, 3.9908875109445887, 1.0], [-0.01222123776184908, 0.04176407241670205, 4.489308557738951, 1.0], [-0.012392034149226128, 0.04172821698387158, 5.199266777988271, 1.0], [-0.012392034149226183, 0.04172821698387169, 5.199266777988328, 1.0], [-0.012469345344948979, 0.041711145935414695, 5.458886078881193, 1.0], [-0.012933509106982488, 0.04160865415528647, 7.0175978575798865, 1.0], [-0.012933509106982183, 0.04160865415528625, 7.017597857579858, 1.0], [-0.022239048217729485, 0.03800847973727084, 10.329692108663409, 1.0], [-0.02625053417472381, 0.035476756158543954, 10.625850934116102, 1.0], [-0.03224600603505004, 0.030837018227008572, 10.079902979362629, 1.0], [-0.03831141474779802, 0.01935386506944159, 11.27737253530259, 1.0], [-0.041825091042623205, 0.005859301713926346, 12.002427176129231, 1.0], [-0.04091177911877604, -0.009861884176372793, 11.90210242862787, 1.0], [-0.021882935502714244, -0.032833069479696886, 9.222228128966492, 1.0], [-0.018132195039195827, -0.03693400355963283, 8.756802142487402, 1.0], [-0.0009543917204437864, -0.042409595666125566, 8.58272811833092, 1.0], [-0.00024549464758434527, -0.04235678939201931, 8.489748256321207, 1.0], [0.014294588999292823, -0.041273687666846415, 6.582651975555734, 1.0], [0.01429458899929243, -0.041273687666846026, 6.5826519755556205, 1.0], [0.021916067028107947, -0.037121506969909734, 6.2877479367667775, 1.0], [0.030722227726344274, -0.032323911237548075, 5.947004009366424, 1.0], [0.030722227726344295, -0.0323239112375483, 5.9470040093665375, 1.0], [0.03501352422066602, -0.02736364152495599, 5.610133188090401, 1.0], [0.03627003587990643, -0.02591125138246758, 5.511495838014298, 1.0], [0.03627003587990604, -0.02591125138246758, 5.511495838014241, 1.0], [0.04017305853709452, -0.017100766700998693, 5.28653469589409, 1.0], [0.04193438952011219, -0.013124827792137306, 5.1850156773298295, 1.0], [0.04193438952011225, -0.013124827792137334, 5.1850156773298295, 1.0], [0.042386234868332484, -0.008627254693752306, 5.214748584173037, 1.0], [0.04303545407540077, -0.0021650639194773502, 5.257469338698058, 1.0], [0.043035454075401436, -0.0021650639194773502, 5.257469338698058, 1.0], [0.042792822750133075, -0.0004948820430915185, 5.23758155208742, 1.0], [0.041663698545586825, 0.00727758006804595, 5.145030513131189, 1.0], [0.04166369854558716, 0.0072775800680459635, 5.145030513131246, 1.0], [0.04162140758224875, 0.007425372293722948, 5.180770370760911, 1.0], [0.04103323910845191, 0.009480816789505964, 5.677828272884142, 1.0], [0.04103323910845136, 0.009480816789505964, 5.677828272884142, 1.0], [0.04097438741861015, 0.009651839924615685, 5.800561125994875, 1.0], [0.04022679819753172, 0.011824335781697809, 7.359628644782902, 1.0], [0.040226798197531166, 0.011824335781697642, 7.359628644782902, 1.0], [0.03813381263308413, 0.01639017874280546, 8.44924778986001, 1.0], [0.0374839779104047, 0.017807791623099284, 8.787555118393527, 1.0], [0.02218430074307831, 0.031484636060956195, 33.86237757722972, 1.0], [-0.02600984510595794, -0.030672206708038552, 33.64447813571479, 0.0]], [[0.0, 0.0, 0.0, 1.0], [-0.0015789287938795527, -0.014283117701359288, 12.823771401546376, 1.0], [-0.003854179664861901, -0.013935901925464136, 1.3808574160775304, 1.0], [-0.0038593938872907296, -0.0018482520224839538, 3.0248363386145734, 1.0], [-0.003866477302783222, 0.014572575389120254, 5.258148386197998, 1.0], [-0.003866477302782889, 0.014572575389120324, 5.258148386197995, 1.0], [-0.003813890403482567, 0.014581937670436848, 3.338429993032264, 1.0], [-0.0037744273776146864, 0.014588963449759948, 1.8978069934683788, 1.0], [-0.0037744273776147974, 0.014588963449759955, 1.8978069934683788, 1.0], [-0.0037744273776144643, 0.014588963449760052, 1.8978069934683788, 1.0], [-0.0037744273776146864, 0.014588963449759944, 1.8978069934683788, 1.0], [-0.0037744273776147974, 0.01458896344975995, 1.8978069934683788, 1.0], [-0.0037744273776149084, 0.014588963449759946, 1.8978069934683717, 1.0], [-0.0037744273776144643, 0.014588963449759958, 1.8978069934683788, 1.0], [-0.0037744273776146864, 0.014588963449759955, 1.8978069934683788, 1.0], [-0.0040769800615217955, 0.014530628014158421, 1.4614480133879653, 1.0], [-0.004267522144715152, 0.014493889436004208, 1.186637200240277, 1.0], [-0.004267522144715152, 0.014493889436004145, 1.186637200240277, 1.0], [-0.004267522144715152, 0.014493889436004131, 1.186637200240277, 1.0], [-0.004267522144714819, 0.014493889436004145, 1.186637200240277, 1.0], [-0.004267522144715152, 0.014493889436004131, 1.186637200240284, 1.0], [-0.004267522144715152, 0.014493889436004312, 1.186637200240277, 1.0], [-0.004267522144714708, 0.014493889436004131, 1.186637200240277, 1.0], [-0.004267522144715152, 0.01449388943600416, 1.186637200240277, 1.0], [-0.004267522144715152, 0.014493889436004104, 1.186637200240277, 1.0], [-0.004267522144715041, 0.01449388943600416, 1.186637200240277, 1.0], [-0.004267522144714819, 0.014493889436004131, 1.186637200240277, 1.0], [-0.004267522144715152, 0.014493889436004131, 1.186637200240277, 1.0], [-0.004267522144715152, 0.01449388943600416, 1.186637200240277, 1.0], [-0.004005702752292395, 0.014540376421069895, 1.2503526050581542, 1.0], [-0.00335646810133039, 0.014655650393880892, 1.4083479629462943, 1.0], [-0.003356468101330168, 0.014655650393880892, 1.4083479629463085, 1.0], [-0.003356468101330057, 0.014655650393880726, 1.4083479629462943, 1.0], [-0.003356468101330279, 0.014655650393880948, 1.4083479629462943, 1.0], [-0.00335646810133039, 0.01465565039388067, 1.4083479629463085, 1.0], [-0.003356468101330168, 0.014655650393880892, 1.4083479629462943, 1.0], [-0.003356468101330057, 0.014655650393880726, 1.4083479629462943, 1.0], [-0.00335646810133039, 0.014655650393880892, 1.4083479629462943, 1.0], [-0.003356468101330057, 0.014655650393880726, 1.4083479629463085, 1.0], [-0.003356468101330168, 0.014655650393880892, 1.4083479629462943, 1.0], [-0.003356468101330501, 0.014655650393880726, 1.4083479629463085, 1.0], [-0.004265522251585385, 0.01449189463283368, 2.365151660582825, 1.0], [-0.00433758317434807, 0.014478913677578642, 2.4409977004862498, 1.0], [-0.004337583174348181, 0.014478913677578698, 2.4409977004862355, 1.0], [-0.004337583174348403, 0.014478913677578698, 2.4409977004862498, 1.0], [-0.004337583174348181, 0.014478913677578753, 2.4409977004862355, 1.0], [-0.004337583174348514, 0.014478913677578698, 2.4409977004862498, 1.0], [-0.004337583174348181, 0.014478913677578698, 2.4409977004862355, 1.0], [-0.008086984357605687, 0.013052493609095883, 2.682612552475348, 1.0], [-0.008234333796912963, 