{"text": "み", "text_ids": [32], "strokes": [[[0.0, 0.0, 0.0, 1.0], [-0.013736295755791675, -0.042823544878659886, 34.68504393307352, 1.0], [0.0401873745150666, -0.0366536135723223, 21.93103526233883, 1.0], [0.043085961093142944, -0.03325136128419995, 16.129546257937477, 1.0], [0.041637560935415444, -0.03496865151922357, 12.560747997095092, 1.0], [0.04013318395925908, -0.03678524381338194, 10.562696674267727, 1.0], [0.04013318395925869, -0.03678524381338186, 11.1685483335458, 1.0], [0.040787401804338846, -0.03605160324363693, 14.530852140839471, 1.0], [0.04541544367665648, -0.029444673778313946, 23.563940207853207, 1.0], [0.0262155893333329, 0.018789710849083208, 68.31582942409784, 1.0], [-0.0178727963405117, 0.051604731571735785, 14.6964442733954, 1.0], [-0.011966108811062137, 0.05338810392422022, 8.154480098149236, 1.0], [-0.011966108811062526, 0.05338810392422012, 8.154480098149207, 1.0], [-0.01462738247759493, 0.052670492519865796, 5.158959817065238, 1.0], [-0.014818494086423994, 0.052618959349217335, 4.943845262182947, 1.0], [-0.01481849408642355, 0.05261895934921723, 4.943845262182947, 1.0], [-0.014933179998511237, 0.05258447931079879, 4.482869902040989, 1.0], [-0.015050473159842481, 0.052549215409283784, 4.011414809578298, 1.0], [-0.015050473159842925, 0.05254921540928409, 4.011414809578298, 1.0], [-0.015050473159842953, 0.05254921540928387, 4.011414809578241, 1.0], [-0.015160337608031982, 0.05251544269849506, 4.0863828427642375, 1.0], [-0.015478837774512116, 0.05241753464738197, 4.303717307589295, 1.0], [-0.015478837774512089, 0.05241753464738208, 4.303717307589238, 1.0], [-0.015478837774511714, 0.052417534647381914, 4.303717307589238, 1.0], [-0.017222894979027625, 0.05181449802514865, 4.918713405216806, 1.0], [-0.0187160198086622, 0.05129822542152995, 5.445224772572772, 1.0], [-0.018716019808662214, 0.05129822542152962, 5.445224772572772, 1.0], [-0.02111333668768463, 0.050228433254467575, 5.918307606404198, 1.0], [-0.02446834254263493, 0.04873127657256093, 6.580379313015044, 1.0], [-0.024468342542635312, 0.04873127657256138, 6.580379313015101, 1.0], [-0.028471852332427678, 0.04645271291727027, 8.058474392885955, 1.0], [-0.02853164155267123, 0.046418684389459175, 8.080548562030287, 1.0], [-0.03463362471842718, 0.041920166591658536, 10.802521490474135, 1.0], [-0.037558562239184176, 0.039213036685824765, 13.342808281933628, 1.0], [-0.04638233410907053, 0.022413126725054244, 18.661730405046626, 1.0], [-0.05284972670683813, -0.012150282309295823, 23.475463200119748, 1.0], [-0.01859645627601164, -0.05024271648198142, 20.55219850140236, 1.0], [-0.0014010626925961, -0.0549346475784408, 14.064013706266792, 1.0], [0.010936961069442475, -0.053620221781547905, 10.09696830963287, 1.0], [0.014802614549332072, -0.05228241075496187, 9.619898785898556, 1.0], [0.023317563001431896, -0.04930775700182921, 8.592067633256818, 1.0], [0.027156631219194233, -0.0468133745438607, 7.859344346200999, 1.0], [0.034924282644392374, -0.0417664484785778, 6.3768129708424794, 1.0], [0.03492428264439201, -0.0417664484785778, 6.376812970842536, 1.0], [0.0383749331902318, -0.03855154482397194, 6.1757270913713, 1.0], [0.039123829139458464, -0.037853813108718215, 6.13208534944971, 1.0], [0.039560379803360336, -0.03726501716626701, 6.13858254169071, 1.0], [0.04796644351427666, -0.02592737273171808, 6.263690155619315, 1.0], [0.04796644351427706, -0.02592737273171819, 6.263690155619315, 1.0], [0.04779852534289826, -0.026224145540319543, 6.02283770460906, 1.0], [0.04746566446773107, -0.026812432418302334, 5.545400647195038, 1.0], [0.04746566446773112, -0.026812432418302168, 5.545400647194924, 1.0], [0.04960624592511517, -0.022016282968882694, 5.948350579945895, 1.0], [0.05222208990867927, -0.016155268599046035, 6.4407654579816835, 1.0], [0.052222089908679215, -0.016155268599046035, 6.440765457981797, 1.0], [0.05311977737474721, -0.013025318506540429, 6.7842894267148495, 1.0], [0.05332952282258718, -0.012294002977822599, 6.864554097203609, 1.0], [0.05352768779046124, -0.01143489914063045, 7.534781721244826, 1.0], [0.05374254897484887, -0.010503412259011108, 8.261478789126045, 1.0], [0.054248678945262974, -0.006233494365623232, 9.14088760155505, 1.0], [0.05494178132602834, -0.0003862013172495904, 10.34516392816954, 1.0], [0.05480057796627347, 0.0043400296323368726, 13.174285403709291, 1.0], [0.05437312264408034, 0.008670719428131607, 21.83910481746375, 1.0], [-0.01991547942656091, 0.014143117741084787, 50.27532154804203, 0.0]], [[0.5945736737818611, 0.16250830198574506, 0.0, 1.0], [-0.010227576115781623, -0.007946982088980897, 3.4637161204222418, 1.0], [-0.010227576115781623, -0.007946982088980925, 3.4637161204222418, 1.0], [-0.010227576115782067, -0.00794698208898087, 3.463716120422241, 1.0], [-0.011327020954238876, -0.005818821729138529, 6.929588592057401, 1.0], [-0.012280645139461366, -0.0039729217638204695, 9.935778349140588, 1.0], [-0.00900714569895844, 0.0029896731182013636, 23.065663191665713, 1.0], [0.000327324666654083, 0.012834161741223482, 15.24779069158238, 1.0], [0.0002098473135444534, 0.012830480018808599, 13.717311894677593, 1.0], [-0.0006581025691698716, 0.012803278601227541, 2.4097802121230245, 1.0], [-0.0006581025691698716, 0.012803278601227375, 2.4097802121230245, 1.0], [-0.0006581025691698716, 0.012803278601227541, 2.4097802121230245, 1.0], [-0.0006581025691697606, 0.012803278601227513, 2.4097802121230245, 1.0], [-0.0006581025691698716, 0.012803278601227569, 2.4097802121230245, 1.0], [-0.0006581025691698716, 0.012803278601227541, 2.4097802121230103, 1.0], [-0.0006404639474001383, 0.01280432093968728, 2.3666769886434906, 1.0], [-0.0003851829492810266, 0.012819406540242856, 1.7428508158341884, 1.0], [-0.0003851829492811376, 0.01281940654024305, 1.7428508158341742, 1.0], [-0.0003851829492806935, 0.012819406540242828, 1.7428508158341884, 1.0], [-0.0003851829492810266, 0.012819406540243106, 1.7428508158341742, 1.0], [-0.0003851829492805825, 0.012819406540242828, 1.7428508158341884, 1.0], [-0.0003851829492811376, 0.012819406540242828, 1.7428508158341742, 1.0], [-0.0003851829492810266, 0.01281940654024305, 1.7428508158341742, 1.0], [-0.0003851829492805825, 0.012819406540242884, 1.7428508158341884, 1.0], [-0.0003851829492810266, 0.01281940654024305, 1.7428508158341742, 1.0], [-0.0007562830557057421, 0.012784055632213076, 1.6557147014727605, 1.0], [-0.0015803693321119194, 0.012705553369180944, 1.4622152257751395, 1.0], [-0.0015803693321120305, 0.012705553369180778, 1.4622152257751253, 1.0], [-0.0015803693321114753, 0.012705553369181, 1.4622152257751395, 1.0], [-0.0015803693321120305, 0.012705553369180944, 1.4622152257751253, 1.0], [-0.0015803693321116974, 0.012705553369180778, 1.4622152257751395, 1.0], [-0.0015803693321119194, 0.012705553369180944, 1.4622152257751395, 1.0], [-0.0015803693321120305, 0.012705553369181, 1.4622152257751253, 1.0], [-0.0015803693321115864, 0.012705553369181, 1.4622152257751395, 1.0], [-0.0015803693321119194, 0.012705553369180889, 1.4622152257751253, 1.0], [-0.0015803693321116974, 0.012705553369180833, 1.4622152257751395, 1.0], [-0.001701124237450058, 0.012686774803826184, 1.5939839566717922, 1.0], [-0.0019083347691816188, 0.012654551545471127, 1.8200937674352815, 1.0], [-0.0019083347691819519, 0.012654551545471238, 1.8200937674352815, 1.0], [-0.0019083347691815078, 0.012654551545471016, 1.8200937674352815, 1.0], [-0.0019083347691818409, 0.012654551545471127, 1.820093767435253, 1.0], [-0.0019083347691819519, 0.012654551545471127, 1.8200937674352815, 1.0], [-0.0019083347691815633, 0.012654551545471127, 1.8200937674352815, 1.0], [-0.0019083347691819519, 0.012654551545471016, 1.820093767435253, 1.0], [-0.0019083347691815078, 0.012654551545471127, 1.8200937674352815, 1.0], [-0.0019406427831546447, 0.01264757905663172, 1.8417639286847702, 1.0], [-0.0030615388657487808, 0.012405675130478855, 2.5935897411381745, 1.0], [-0.0030615388657483367, 0.012405675130479077, 2.593589741138203, 1.0], [-0.0030615388657487808, 0.012405675130478633, 2.593589741138203, 