{"text": "み", "text_ids": [32], "strokes": [[[0.0, 0.0, 0.0, 1.0], [-0.00222154131657347, -0.03506328100106437, 35.45680908958577, 1.0], [0.04193342100865178, -0.04244610350820936, 20.98806890066612, 1.0], [0.0405683705660364, -0.04377045075542477, 13.08793279677078, 1.0], [0.03783464207406402, -0.04606636504485291, 12.175453251261828, 1.0], [0.03571900902264616, -0.047826095354461334, 12.243829384039955, 1.0], [0.04029643323520779, -0.04398706766139554, 12.008015003543605, 1.0], [0.04146438949710185, -0.042910761691495325, 17.82507109278383, 1.0], [0.01897695645087563, -0.004207995087359584, 107.39199503683335, 1.0], [-0.005958256546028412, 0.058557786908940646, 34.406321978992196, 1.0], [-0.003218249584246491, 0.058744523975129914, 14.65275628598613, 1.0], [-0.0037499888882799592, 0.05873642608177862, 10.940000298897985, 1.0], [-0.006234604950182743, 0.05861818151038095, 7.51606532320011, 1.0], [-0.0064369224135757686, 0.05860855308443954, 7.237260943833462, 1.0], [-0.007197997095465675, 0.0585454899807426, 5.998137610988749, 1.0], [-0.0077588103752107285, 0.05849902065669793, 5.085064509443555, 1.0], [-0.007758810375210395, 0.05849902065669772, 5.085064509443612, 1.0], [-0.008980787484847375, 0.05835228876175724, 5.041264796257053, 1.0], [-0.01060539174369346, 0.05815721042555139, 4.983033590436662, 1.0], [-0.010605391743693793, 0.05815721042555144, 4.983033590436605, 1.0], [-0.010677278974383725, 0.058144033772089265, 4.984105119784033, 1.0], [-0.014666269801507203, 0.05741286706435106, 5.043563812193611, 1.0], [-0.014666269801507592, 0.05741286706435106, 5.043563812193611, 1.0], [-0.014666269801507217, 0.057412867064351336, 5.043563812193611, 1.0], [-0.01615034774720092, 0.05705139647080615, 5.594982716873915, 1.0], [-0.016959805525990274, 0.05685424026038133, 5.89574206921111, 1.0], [-0.016959805525990287, 0.056854240260381106, 5.895742069211167, 1.0], [-0.01899648186700543, 0.05626804468668889, 8.661149992669266, 1.0], [-0.019219204597855755, 0.056197801719080176, 8.852795410985948, 1.0], [-0.02453573810932368, 0.05424396913980378, 8.427861330793746, 1.0], [-0.024535738109323347, 0.05424396913980334, 8.42786133079369, 1.0], [-0.03988376169537099, 0.044394929766472524, 10.401643972557906, 1.0], [-0.04037110804548544, 0.043951240435403216, 12.366380854704971, 1.0], [-0.046371396463773584, 0.03445905284433404, 20.89534401826421, 1.0], [-0.027834475514488033, -0.037745100900856476, 28.142550750585997, 1.0], [0.002264868651818547, -0.0581998098039731, 15.41772657528304, 1.0], [0.011616972020974475, -0.05800039624544151, 10.0008165877598, 1.0], [0.021100951592232464, -0.05537720696990389, 8.395469718058223, 1.0], [0.023181786508864585, -0.054801665468949046, 8.043248185453535, 1.0], [0.029190860233801866, -0.05179767006160174, 7.468234807056206, 1.0], [0.03168722345024676, -0.05054971339131753, 7.229355686496092, 1.0], [0.03562329034458982, -0.04736712531008791, 6.798383670066073, 1.0], [0.04277553493614899, -0.04158403040795433, 6.0152625096878864, 1.0], [0.04277553493614933, -0.04158403040795444, 6.0152625096878864, 1.0], [0.0443813083648483, -0.03978721368110405, 5.672418355937907, 1.0], [0.04508575473429635, -0.038998957382195165, 5.522013999333581, 1.0], [0.04508575473429638, -0.03899895738219483, 5.522013999333581, 1.0], [0.04743875182146573, -0.035838905255032694, 5.612208417258785, 1.0], [0.048902537906988564, -0.03387305482602326, 5.668317850912558, 1.0], [0.048902537906988175, -0.03387305482602321, 5.668317850912672, 1.0], [0.04952587222347993, -0.03289064642139311, 5.72855287044149, 1.0], [0.04991221368441129, -0.03228175150218948, 5.765886424568407, 1.0], [0.04991221368441173, -0.03228175150218965, 5.765886424568521, 1.0], [0.052800185014460155, -0.026478990406229475, 5.960468188541313, 1.0], [0.054229158051662174, -0.02360777452497309, 6.056747570318976, 1.0], [0.05427430949991008, -0.023476263234783606, 6.108937133137829, 1.0], [0.055882860932434664, -0.01879108297072829, 7.968226243275353, 1.0], [0.05588286093243511, -0.018791082970728207, 7.968226243275467, 1.0], [0.056838166483587305, -0.015018410296820356, 9.984372264512444, 1.0], [0.057009888718381196, -0.014281572416781768, 11.577013300493036, 1.0], [0.057038092756106384, -0.007370860754831704, 23.833411704346986, 1.0], [-0.031091520193147426, 0.013275479819588959, 58.14470322810246, 1.0], [-0.05652575284267769, 0.016417576067651485, 24.780366673385856, 1.0], [-0.057703065338283954, 0.009112460079648138, 22.526121941390443, 0.0]], [[0.0, 0.0, 0.0, 1.0], [-0.006549734862010492, -0.010719797853052167, 5.332662799598867, 1.0], [-0.006549734862010159, -0.010719797853052118, 5.332662799598867, 1.0], [-0.008030362768401855, -0.008391040244097162, 5.3951568044966525, 1.0], [0.00939968358408294, 0.00503164219081341, 16.98075254332997, 1.0], [0.006549734862010492, 0.01071979785305218, 7.55460563276506, 1.0], [0.00496540399446288, 0.011295044204024426, 6.4098679510819565, 1.0], [0.0009839156258619752, 0.012740661847655488, 3.5330952654777548, 1.0], [0.0009839156258618642, 0.012740661847655495, 3.5330952654777477, 1.0], [0.0009839156258619752, 0.012740661847655483, 3.5330952654777477, 1.0], [0.0009839156258619752, 0.012740661847655594, 3.5330952654777548, 1.0], [0.0009839156258618642, 0.012740661847655491, 2.942352460285605, 1.0], [0.0009839156258619752, 0.012740661847655491, 2.7517376586894073, 1.0], [0.0009839156258619752, 0.012740661847655581, 2.751737658689393, 1.0], [0.0009839156258618642, 0.012740661847655488, 2.7517376586894073, 1.0], [0.0009839156258619752, 0.012740661847655481, 2.7517376586894073, 1.0], [0.0009839156258618642, 0.012740661847655571, 2.751737658689393, 1.0], [0.0004708182583589293, 0.012753058333023606, 2.4602990812352488, 1.0], [-0.0014056355705072132, 0.012798393651243106, 1.3944759662103223, 1.0], [-0.0014056355705074353, 0.012798393651243134, 1.3944759662103081, 1.0], [-0.0014056355705071022, 0.012798393651243106, 1.3944759662103081, 1.0], [-0.0014056355705069912, 0.012798393651243106, 1.3944759662103081, 1.0], [-0.0014056355705075463, 0.012798393651243134, 1.3944759662103223, 1.0], [-0.0014056355705072132, 0.012798393651243106, 1.3944759662103081, 1.0], [-0.0014056355705069912, 0.012798393651243106, 1.3944759662103081, 1.0], [-0.0014056355705071022, 0.012798393651243078, 1.3944759662103223, 1.0], [-0.0014056355705074353, 0.012798393651243162, 1.3944759662103081, 1.0], [-0.0014056355705071022, 0.012798393651243134, 1.3944759662103081, 1.0], [-0.001791484002840238, 0.0127576925849619, 1.4450791650384929, 1.0], [-0.002248105908253084, 0.012709526007414318, 1.5049641538906542, 1.0], [-0.002248105908253306, 0.012709526007414457, 1.5049641538906684, 1.0], [-0.002248105908253195, 0.012709526007414262, 1.5049641538906684, 1.0], [-0.002248105908253195, 0.012709526007414373, 1.5049641538906684, 1.0], [-0.002248105908253195, 0.012709526007414262, 1.5049641538906684, 1.0], [-0.002248105908253195, 0.01270952600741454, 1.5049641538906542, 1.0], [-0.002248105908253195, 0.012709526007414262, 1.5049641538906684, 1.0], [-0.002248105908253306, 0.012709526007414262, 1.5049641538906684, 1.0], [-0.002248105908253084, 0.012709526007414373, 1.5049641538906542, 1.0], [-0.002248105908252862, 0.012709526007414207, 1.5049641538906684, 1.0], [-0.002248105908253195, 0.012709526007414484, 1.5049641538906684, 1.0], [-0.0024397799739561687, 0.012679579026836585, 1.6490095800912314, 1.0], [-0.0026333194777878877, 0.012649340591912694, 1.7944569060708773, 1.0], [-0.0026333194777876656, 0.012649340591912916, 1.7944569060708915, 1.0], [-0.0026333194777879987, 0.012649340591913139, 1.7944569060708915, 1.0], [-0.0026333194777877766, 0.01264934059191275, 1.7944569060708773, 1.0], [-0.0026333194777879987, 0.012649340591912916, 1.7944569060708773, 1.0], [-0.0026333194777876656, 0.012649340591913028, 1.7944569060708915, 1.0], [-0.0026333194777879987, 0.012649340591913028, 1.7944569060708773, 1.0], [-0.0026333194777877766, 0.012649340591912694, 1.7944569060708773, 1.0], [-0.0020875297508594626, 