{"text": "み", "text_ids": [32], "strokes": [[[0.0, 0.0, 0.0, 1.0], [-0.034562210273033266, -0.030781089047490405, 13.188025714784942, 1.0], [0.030827437165828378, -0.021532680439954273, 15.728940640329036, 1.0], [0.03854454330627799, -0.023662827612891568, 7.3119806230090845, 1.0], [0.03837963726986635, -0.02394991727073538, 6.6427528629995365, 1.0], [0.03730819060460877, -0.02546847418883609, 6.4953300574400785, 1.0], [0.036354469768012154, -0.026820178777885506, 6.364105418817701, 1.0], [0.036354469768012515, -0.02682017877788556, 6.364105418817701, 1.0], [0.0433084022110157, -0.012609653097308021, 11.972236981375076, 1.0], [0.041887469142005224, 0.008347392958151706, 15.788362812385657, 1.0], [0.019618605002194645, 0.03704005797495585, 12.71941475058263, 1.0], [0.0066976674949120185, 0.045314294186852455, 9.163093763577194, 1.0], [-0.0021372157469106146, 0.04535218170793417, 5.727023467097368, 1.0], [-0.0035479123954124114, 0.04535823134068511, 5.1783741280415825, 1.0], [-0.0035479123954127445, 0.04535823134068505, 5.1783741280415825, 1.0], [-0.004319132417789195, 0.04526472400861453, 4.292292380836841, 1.0], [-0.0048789147634233365, 0.04519685264614762, 3.6491388001694816, 1.0], [-0.004878914763423281, 0.045196852646147756, 3.6491388001694816, 1.0], [-0.004878914763423281, 0.04519685264614759, 3.6491388001694816, 1.0], [-0.0048789147634233365, 0.04519685264614762, 3.6491388001694816, 1.0], [-0.0006585959166705013, 0.045559458774160955, 4.137900151979579, 1.0], [-0.000295570075313889, 0.04559064963899434, 4.179942710233178, 1.0], [-0.00029557007531355595, 0.04559064963899412, 4.179942710233206, 1.0], [-0.0005452073085160936, 0.04557434568108387, 4.550026003989217, 1.0], [-0.0029801041015491414, 0.045415321106419604, 8.159722416511045, 1.0], [-0.0031157554772432983, 0.04538069441951409, 8.162117604772988, 1.0], [-0.017130068838335066, 0.041803368067536706, 8.409567501177747, 1.0], [-0.017130068838335066, 0.041803368067536706, 8.409567501177776, 1.0], [-0.03456246249115094, 0.02894019062930764, 8.433043311340299, 1.0], [-0.03558910232722484, 0.02732017957340671, 8.539614593608377, 1.0], [-0.04375877170753387, 0.012660520419348842, 9.603321262640293, 1.0], [-0.04406482130453423, 0.004778013069575593, 10.002184082794344, 1.0], [-0.04471331530627025, -0.011924373684335743, 10.847341694243823, 1.0], [-0.031863051559015934, -0.031006369256263877, 9.286400794501105, 1.0], [-0.02765739985134469, -0.03725155058804874, 8.775533944629672, 1.0], [-0.008161309088387296, -0.04475126376794958, 7.404750018170944, 1.0], [-0.00669766749491206, -0.0453142941868524, 7.301840342850539, 1.0], [0.006763993770237897, -0.04356142022992493, 7.389367020684574, 1.0], [0.015664316018794443, -0.0424024887451353, 7.447236225883216, 1.0], [0.021607832901591836, -0.03891152052500907, 6.84307309087734, 1.0], [0.028769021613722974, -0.03470534382771823, 6.115132663011764, 1.0], [0.02876902161372262, -0.03470534382771806, 6.11513266301165, 1.0], [0.035143902827923276, -0.027611043535014423, 5.739208094767207, 1.0], [0.03823359452231477, -0.02417267347675245, 5.55701003064712, 1.0], [0.038233594522314784, -0.024172673476752393, 5.55701003064712, 1.0], [0.039345191445908506, -0.022344890370879722, 4.568037575750395, 1.0], [0.040042973217465805, -0.021197537669043753, 3.947230755443684, 1.0], [0.04004297321746608, -0.02119753766904392, 3.9472307554437407, 1.0], [0.04004297321746614, -0.021197537669043975, 3.9472307554437975, 1.0], [0.04226580507391303, -0.0159639557657075, 4.134041844374224, 1.0], [0.044006101268994624, -0.01186648764340939, 4.28029970293511, 1.0], [0.04400610126899468, -0.011866487643409418, 4.28029970293511, 1.0], [0.044006101268994346, -0.011866487643409376, 4.280299702935054, 1.0], [0.045162485630849236, -0.004180328928940283, 5.003295181810927, 1.0], [0.0459687571883286, 0.001178729323806929, 5.507392876342578, 1.0], [0.04596875718832805, 0.0011787293238069707, 5.5073928763425215, 1.0], [0.045675220578134, 0.004911441535832103, 5.686313971629772, 1.0], [0.045384527570608735, 0.008607993521029478, 5.863501789069005, 1.0], [0.04538452757060796, 0.0086079935210292, 5.863501789069005, 1.0], [0.044576197585542654, 0.01208667816956488, 6.3335010643326655, 1.0], [0.044044329740304033, 0.01437559549598158, 6.642752862999487, 1.0], [0.04421750738360797, 0.013712128579780714, 8.01031806304303, 1.0], [0.044934692579886026, 0.0109644953319665, 13.673852325923576, 1.0], [0.015425716908818554, -0.0010029261797350475, 50.66655159097826, 0.0]], [[0.0, 0.0, 0.0, 1.0], [-0.01210875209403639, -0.013147929745959741, 11.510178722339376, 1.0], [-0.017304535615994765, -0.002568284285592304, 2.68623401061728, 1.0], [-0.00035119656843152214, 0.018391690186150278, 3.648136590306091, 1.0], [-0.0003511965684318552, 0.018391690186150195, 3.6481365903060876, 1.0], [-0.00035119656843163316, 0.018391690186150278, 3.648136590306091, 1.0], [-0.00035119656843152214, 0.018391690186150167, 3.648136590306091, 1.0], [0.0008110839693864502, 0.018394195620380957, 2.333238332095849, 1.0], [0.0013886440891198726, 0.018395440620058087, 1.6798394574358007, 1.0], [0.0013886440891203167, 0.018395440620058136, 1.679839457435797, 1.0], [0.0013886440891197616, 0.0183954406200581, 1.6798394574358042, 1.0], [0.0013886440891203167, 0.018395440620058056, 1.6798394574358042, 1.0], [0.0013886440891198726, 0.0183954406200581, 1.679839457435797, 1.0], [0.0013886440891203167, 0.01839544062005804, 1.679839457435797, 1.0], [0.0013886440891198726, 0.018395440620058094, 1.6798394574358042, 1.0], [0.0013886440891202056, 0.018395440620058066, 1.6798394574358042, 1.0], [0.0013886440891199836, 0.018395440620058087, 1.679839457435797, 1.0], [0.001458392996795288, 0.018392095915002224, 1.5422040942890902, 1.0], [0.0015159175904587707, 0.018389337408730874, 1.4286909425748036, 1.0], [0.0015159175904592148, 0.018389337408730846, 1.4286909425748107, 1.0], [0.0015159175904589928, 0.01838933740873086, 1.4286909425748107, 1.0], [0.0015159175904591038, 0.018389337408730805, 1.4286909425748107, 1.0], [0.0015159175904588817, 0.018389337408730666, 1.4286909425748036, 1.0], [0.0015159175904592148, 0.018389337408730833, 1.4286909425748107, 1.0], [0.0015159175904588817, 0.01838933740873086, 1.4286909425748107, 1.0], [0.0015159175904592148, 0.01838933740873086, 1.4286909425748107, 1.0], [0.0015159175904587707, 0.018389337408730833, 1.4286909425748036, 1.0], [0.0015159175904592148, 0.018389337408730833, 1.4286909425748107, 1.0], [0.0006039976180053364, 0.018372273914942117, 1.601362119442868, 1.0], [-0.0010973278154059463, 0.018340439371514083, 1.9235064672985942, 1.0], [-0.0010973278154055022, 0.018340439371514305, 1.9235064672986084, 1.0], [-0.0010973278154058352, 0.018340439371514083, 1.9235064672985942, 1.0], [-0.0010973278154059463, 0.018340439371514083, 1.9235064672986084, 1.0], [-0.0010973278154057242, 0.018340439371514305, 1.9235064672986084, 1.0], [-0.0010973278154056132, 0.018340439371514083, 1.9235064672985942, 1.0], [-0.0010973278154058352, 0.01834043937151436, 1.9235064672986084, 1.0], [-0.0010973278154058352, 0.018340439371514083, 1.92350646729858, 1.0], [-0.004298872448560309, 0.017488833333755838, 1.9162294626248126, 1.0], [-0.007363381029119265, 0.01667367867904962, 1.909263936349575, 1.0], [-0.007363381029119265, 0.016673678679049564, 1.9092639363495607, 1.0], [-0.007363381029119598, 0.01667367867904962, 1.9092639363495607, 1.0], [-0.007363381029119376, 0.016673678679049675, 1.9092639363495607, 1.0], [-0.007363381029119265, 0.016673678679049564, 1.9092639363495607, 1.0], [-0.007363381029119265, 0.016673678679049564, 1.909263936349575, 1.0], [-0.007363381029119265, 0.016673678679049564, 1.9092639363495465, 1.0], [-0.007363381029119265, 0.016673678679049675, 1.909263936349575, 1.0], [-0.009612214456698465, 0.015318319294493343, 1.616220970499512, 1.0], [-0.011068336450035465, 0.014440722677276696, 1.4264753440187548, 1.0], [-0.011068336450035465, 0.014440722677276807, 1.426475344018769, 1.0], [-0.011068336450035465, 