{"text": "み", "text_ids": [32], "strokes": [[[0.0, 0.0, 0.0, 1.0], [-0.019563586553090963, -0.01465292045562471, 37.508859058544964, 1.0], [0.03235640112706964, -0.05126579609342168, 15.456374626058818, 1.0], [0.03376495810121628, -0.0503552916145123, 10.718818560406199, 1.0], [0.03657527139850724, -0.04834961798027941, 10.771067923839723, 1.0], [0.03890256951957409, -0.04640375174240763, 9.949798761749804, 1.0], [0.04137178574038129, -0.04433922703258106, 9.078448796601378, 1.0], [0.04060040212975946, -0.04503437599896026, 13.264424034791958, 1.0], [0.03946121470480951, -0.04487923954082679, 30.147181946944343, 1.0], [0.0025906894719824325, 0.056412785396694254, 61.21104077549222, 1.0], [-0.006935098556438479, 0.06077915059466138, 12.02387896058218, 1.0], [-0.007499534693787918, 0.06069405753346749, 10.03820326126393, 1.0], [-0.007676510019995225, 0.06066737715057505, 9.415607397223823, 1.0], [-0.008449182453583337, 0.0605410930516859, 6.322453500213925, 1.0], [-0.008484925228264606, 0.06053525132122404, 6.179368412681015, 1.0], [-0.009395697117894869, 0.06036163036017843, 5.552517123192075, 1.0], [-0.010969807072254228, 0.06006155688823786, 4.469114280041538, 1.0], [-0.0109698070722542, 0.06006155688823786, 4.469114280041509, 1.0], [-0.010969807072254173, 0.06006155688823811, 4.469114280041595, 1.0], [-0.012624499473415984, 0.05967070620145498, 4.341854924048334, 1.0], [-0.013910753055354302, 0.059366883511796975, 4.242931521507501, 1.0], [-0.013910753055354469, 0.0593668835117972, 4.242931521507558, 1.0], [-0.013910753055354497, 0.059366883511796975, 4.242931521507501, 1.0], [-0.016672377823819168, 0.05852415797686272, 4.175518746095179, 1.0], [-0.018877920815757787, 0.05785112396481096, 4.12168023187138, 1.0], [-0.018877920815758037, 0.057851123964810625, 4.1216802318713235, 1.0], [-0.018877920815758044, 0.057851123964810736, 4.1216802318713235, 1.0], [-0.02290454940898296, 0.056211246100472456, 5.304064092825513, 1.0], [-0.024851582395318986, 0.05541830078120469, 5.875793102961211, 1.0], [-0.024851582395318844, 0.055418300781204355, 5.875793102961154, 1.0], [-0.02703000475728895, 0.054284642180698506, 6.536283248318568, 1.0], [-0.029797397544492787, 0.05284448131522035, 7.375347194865583, 1.0], [-0.03255365478636736, 0.05101662203589308, 8.498580946396658, 1.0], [-0.036575271398507414, 0.04834961798027959, 10.137475693173144, 1.0], [-0.05067061376860074, 0.023082182559954756, 23.142837662265208, 1.0], [-0.03564501370879236, -0.04595183281740001, 18.33047358485112, 1.0], [-0.018648685775859597, -0.0590015782559421, 10.532730113215791, 1.0], [0.005623540855011211, -0.0609549667493815, 8.312503092355655, 1.0], [0.0056235408550112664, -0.060954966749382056, 8.312503092355712, 1.0], [0.01603972690531935, -0.058758692362193776, 6.977598691913556, 1.0], [0.016178152780433247, -0.05872950497992402, 6.959858483651885, 1.0], [0.025647028555344148, -0.05424540091476615, 6.087759424218234, 1.0], [0.033574376349179674, -0.05049130662593271, 5.357637631605144, 1.0], [0.033574376349179536, -0.050491306625932375, 5.357637631605087, 1.0], [0.040081509701390045, -0.04489636004467101, 5.2410387565037695, 1.0], [0.0452376708817074, -0.040463002864669195, 5.148647443628306, 1.0], [0.045237670881706986, -0.04046300286466897, 5.148647443628249, 1.0], [0.0463056918238223, -0.039172170710344234, 5.019051214387616, 1.0], [0.04940836500662944, -0.03542221586320515, 4.642565389810272, 1.0], [0.04940836500662929, -0.035422215863204654, 4.6425653898102155, 1.0], [0.049408365006629734, -0.035422215863204876, 4.642565389810272, 1.0], [0.05100599814093046, -0.03310565082181188, 4.478776602946937, 1.0], [0.052096584930529516, -0.03152430202705636, 4.3669700289581215, 1.0], [0.05209658493052932, -0.03152430202705636, 4.366970028958065, 1.0], [0.052096584930529044, -0.03152430202705625, 4.366970028958008, 1.0], [0.0569633315042426, -0.022124499199859704, 5.2651639870383065, 1.0], [0.05732716354277101, -0.02142178140418513, 5.332311871936895, 1.0], [0.0573271635427709, -0.02142178140418491, 5.332311871936895, 1.0], [0.058106219971416184, -0.01938221833729012, 6.134506259428349, 1.0], [0.05837663702707119, -0.018674268798472213, 6.412954695706162, 1.0], [0.05863831494485561, -0.017642756491649828, 6.6693162758784865, 1.0], [0.061238175500598846, -0.0073943252064546106, 9.216357179981514, 1.0], [0.06132958501417651, -0.0013390984268208395, 12.633504071586003, 1.0], [0.03719861837495153, 0.02796431837851099, 43.307334369577234, 0.0]], [[0.0, 0.0, 0.0, 1.0], [-0.0021022880353284146, -0.013476655219027321, 14.346462112029059, 1.0], [0.0015883313839291091, 0.010181951319258475, 16.252410766665943, 1.0], [0.0021022880353284146, 0.013476655219027314, 5.049436439289298, 1.0], [0.0021022880353283036, 0.013476655219027328, 5.049436439289288, 1.0], [0.0021022880353284146, 0.013476655219027314, 5.049436439289288, 1.0], [0.0021022880353284146, 0.013476655219027436, 2.30851150441174, 1.0], [0.0021022880353283036, 0.013476655219027316, 2.1640441882964794, 1.0], [0.0021022880353284146, 0.01347665521902733, 2.1640441882964723, 1.0], [0.0021022880353283036, 0.013476655219027422, 2.1640441882964794, 1.0], [0.0021022880353284146, 0.013476655219027332, 2.1640441882964794, 1.0], [0.0021022880353284146, 0.013476655219027314, 2.1640441882964794, 1.0], [0.0021022880353283036, 0.013476655219027425, 2.1640441882964794, 1.0], [0.001860076835722535, 0.013483041146680433, 2.0857823665089725, 1.0], [-0.00046706481390978993, 0.01354439651851011, 1.3338503941057667, 1.0], [-0.00046706481390978993, 0.013544396518510096, 1.3338503941057525, 1.0], [-0.00046706481390990096, 0.013544396518510152, 1.3338503941057525, 1.0], [-0.0004670648139096789, 0.013544396518510082, 1.3338503941057525, 1.0], [-0.00046706481390978993, 0.01354439651851011, 1.3338503941057667, 1.0], [-0.0004670648139096789, 0.013544396518510082, 1.3338503941057525, 1.0], [-0.00046706481390978993, 0.013544396518509999, 1.3338503941057525, 1.0], [-0.0004670648139096789, 0.013544396518510221, 1.3338503941057667, 1.0], [-0.00046706481390978993, 0.013544396518510055, 1.3338503941057525, 1.0], [-0.0004670648139096789, 0.013544396518510055, 1.3338503941057525, 1.0], [-0.00046706481390978993, 0.013544396518510221, 1.3338503941057667, 1.0], [-0.0006116949731214127, 0.013527001475128586, 1.3265621666993042, 1.0], [-0.0019291409809797377, 0.013368548835759136, 1.260173204996363, 1.0], [-0.0019291409809794047, 0.013368548835759442, 1.2601732049963772, 1.0], [-0.0019291409809797377, 0.013368548835759386, 1.2601732049963772, 1.0], [-0.0019291409809796267, 0.013368548835759275, 1.260173204996363, 1.0], [-0.0019291409809796267, 0.01336854883575933, 1.2601732049963772, 1.0], [-0.0019291409809797377, 0.01336854883575933, 1.260173204996363, 1.0], [-0.0019291409809795157, 0.01336854883575933, 1.2601732049963772, 1.0], [-0.0019291409809797377, 0.013368548835759275, 1.260173204996363, 1.0], [-0.0019291409809796267, 0.013368548835759275, 1.260173204996363, 1.0], [-0.0019291409809797377, 0.013368548835759386, 1.2601732049963772, 1.0], [-0.0019291409809795157, 0.013368548835759275, 1.2601732049963772, 1.0], [-0.0019291409809796267, 0.01336854883575933, 1.2601732049963772, 1.0], [-0.0019291409809796267, 0.01336854883575933, 1.260173204996363, 1.0], [-0.003124843105038022, 0.013070491043455645, 1.3702831133386724, 1.0], [-0.0038934559565029225, 0.012878895624300224, 1.441063192191649, 1.0], [-0.0038934559565028115, 0.01287889562430028, 1.4410631921916774, 1.0], [-0.0038934559565028115, 0.012878895624300224, 1.441063192191649, 1.0], [-0.0038934559565029225, 0.012878895624300335, 1.4410631921916632, 1.0], [-0.0038934559565028115, 0.012878895624300446, 1.4410631921916632, 1.0], [-0.0038934559565030336, 0.012878895624300224, 1.4410631921916632, 1.0], [-0.0038934559565028115, 0.012878895624300224, 1.441063192191649, 1.0], [-0.0038934559565029225, 0.012878895624300446, 1.4410631921916632, 1.0], [-0.0038934559565029225, 0.012878895624300335, 1.4410631921916632, 1.0], 