{"text": "む", "text_ids": [33], "strokes": [[[0.0, 0.0, 0.0, 1.0], [-0.006371398961848482, -0.0005362808954012967, 4.313750883163035, 1.0], [-0.006371398961848482, -0.0005362808954012967, 4.313750883163035, 1.0], [-0.006371398961848693, -0.0005362808954013144, 4.313750883163033, 1.0], [-0.006371398961848483, -0.0005362808954012968, 8.823757948468133, 1.0], [-0.0017373064854691797, -0.00014622915362744572, 13.568754415815604, 1.0], [0.006382773067012997, 0.0002188635509800252, 12.351159703940937, 1.0], [0.006426996425405163, -0.001015278456609309, 3.347962453436736, 1.0], [0.006426996425405144, -0.0010152784566092054, 3.347962453436736, 1.0], [0.006426996425405374, -0.0010152784566092917, 3.347962453436736, 1.0], [0.006426996425405146, -0.001015278456609205, 3.347962453436736, 1.0], [0.006369604841264395, -0.0013719581084911583, 3.082240581043955, 1.0], [0.006292133028944387, -0.0018534332143388798, 2.7235476588057566, 1.0], [0.0062921330289443834, -0.001853433214338878, 2.7235476588057566, 1.0], [0.00629213302894439, -0.0018534332143388798, 2.7235476588057566, 1.0], [0.006292133028944401, -0.0018534332143389839, 2.7235476588057423, 1.0], [0.006292133028944595, -0.001853433214338859, 2.7235476588057566, 1.0], [0.006305511843141397, -0.001787287507153304, 2.6492376005138425, 1.0], [0.006364964850838754, -0.0014933480607657451, 2.31901726839088, 1.0], [0.006364964850838761, -0.0014933480607657451, 2.3190172683908656, 1.0], [0.006364964850838768, -0.0014933480607658527, 2.31901726839088, 1.0], [0.006364964850838761, -0.0014933480607657451, 2.31901726839088, 1.0], [0.006364964850838761, -0.001493348060765752, 2.3190172683908656, 1.0], [0.006364964850838761, -0.0014933480607657382, 2.31901726839088, 1.0], [0.006364964850838567, -0.00149334806076587, 2.3190172683908656, 1.0], [0.006183342152840679, -0.0022255635586825202, 1.6573573273737168, 1.0], [0.006152043377991287, -0.0023517451883088986, 1.543334434040375, 1.0], [0.006152043377991079, -0.0023517451883088222, 1.5433344340403607, 1.0], [0.006152043377991287, -0.0023517451883088986, 1.5433344340403607, 1.0], [0.006152043377991287, -0.0023517451883089055, 1.543334434040375, 1.0], [0.006152043377991079, -0.0023517451883088222, 1.5433344340403607, 1.0], [0.006152043377991301, -0.0023517451883088986, 1.543334434040375, 1.0], [0.006152043377991051, -0.0023517451883088222, 1.543334434040375, 1.0], [0.006152043377991301, -0.0023517451883088986, 1.5433344340403607, 1.0], [0.006152043377991301, -0.0023517451883089055, 1.543334434040375, 1.0], [0.006049090669633689, -0.0026184866238605636, 1.5488430211705833, 1.0], [0.005940136752495884, -0.0029007766648903935, 1.5546727089496528, 1.0], [0.005940136752495773, -0.0029007766648904212, 1.5546727089496386, 1.0], [0.0059401367524959114, -0.0029007766648902963, 1.5546727089496528, 1.0], [0.0059401367524959114, -0.0029007766648904143, 1.5546727089496528, 1.0], [0.005940136752495717, -0.0029007766648904004, 1.5546727089496528, 1.0], [0.0059401367524959114, -0.0029007766648904004, 1.5546727089496386, 1.0], [0.005940136752495745, -0.002900776664890428, 1.5546727089496528, 1.0], [0.0059401367524959114, -0.0029007766648904004, 1.5546727089496528, 1.0], [0.005940136752495884, -0.0029007766648903033, 1.5546727089496386, 1.0], [0.005940136752495745, -0.0029007766648904143, 1.554672708949667, 1.0], [0.006056910562227846, -0.002598225968170373, 1.9027887101264866, 1.0], [0.006152043377991301, -0.0023517451883089124, 2.1863904482238468, 1.0], [0.006152043377991301, -0.0023517451883088986, 2.186390448223875, 1.0], [0.006152043377991051, -0.0023517451883088153, 2.1863904482238468, 1.0], [0.006152043377991273, -0.0023517451883089124, 2.1863904482238468, 1.0], [0.006152043377991079, -0.0023517451883088014, 2.1863904482238468, 1.0], [0.006152043377991301, -0.0023517451883089124, 2.186390448223875, 1.0], [0.006152043377991301, -0.0023517451883088014, 2.1863904482238468, 1.0], [0.005928271641246985, -0.002905567220857594, 3.4601908670214527, 1.0], [0.005863562548520829, -0.003065718461488967, 3.828541538171663, 1.0], [0.005863562548521273, -0.0030657184614888006, 3.828541538171635, 1.0], [0.00586356254852094, -0.003065718461488856, 3.8285415381716916, 1.0], [0.0029702962399575927, -0.005013765660153921, 10.294109547496163, 1.0], [-0.0022171138146194203, -0.003796116238031999, 20.705575694206544, 1.0], [-0.00605141679462462, 0.0007537335382612614, 23.43204668017259, 1.0], [-0.005221975257736544, 0.004097643493457842, 10.370960506235775, 1.0], [-0.0052219752577360445, 0.00409764349345787, 3.7419210124714937, 1.0], [-0.0052219752577361, 0.004097643493457884, 0.0, 0.0]], [[0.0, 0.0, 0.0, 1.0], [-0.02104517651166521, -0.00879687863355233, 103.44295762662081, 1.0], [-0.0010366216286780694, 0.05322583217385868, 32.117628352404566, 1.0], [-0.008566237592836645, 0.053507638413979625, 19.759732739520985, 1.0], [-0.008566237592836673, 0.05350763841397976, 15.893657661859947, 1.0], [-0.008566237592836645, 0.053507638413979625, 13.752648781324922, 1.0], [-0.008566237592836645, 0.05350763841397964, 12.395444057406166, 1.0], [-0.008566237592836645, 0.053507638413979645, 12.395444057406166, 1.0], [-0.012530552444027648, 0.052991546184203944, 10.893833234204692, 1.0], [-0.011933618165040488, 0.05306925775723378, 10.49139320769973, 1.0], [-0.008566237592836673, 0.05350763841397975, 10.329536714505167, 1.0], [-0.008566237592836645, 0.053507638413979625, 10.947883364274077, 1.0], [-0.009291562210579293, 0.05341321241268218, 11.36058017700961, 1.0], [-0.013406151851076423, 0.05287755673903194, 11.882443502811896, 1.0], [-0.013708148017186422, 0.05282265954470605, 11.247695923822732, 1.0], [-0.014214747646383946, 0.05272466389083463, 12.035967525626688, 1.0], [-0.014180509719208194, 0.05267955543523406, 15.010439982520893, 1.0], [-0.008566237592836638, 0.05350763841397965, 12.962555877026034, 1.0], [-0.01343878509650619, 0.0528508154357632, 12.386310792297138, 1.0], [-0.015723114962900138, 0.052383781513204664, 16.019184721503052, 1.0], [-0.011150959036447885, 0.05307177441202149, 18.1431573843862, 1.0], [-0.014168564420785203, 0.05263053947873375, 17.575349010470347, 1.0], [-0.017029747788055116, 0.05210093970385621, 18.807023422879695, 1.0], [-0.021938558392644074, 0.050223025461108906, 24.822530067144328, 1.0], [-0.025877570249379152, 0.04864726594669366, 28.942816526788533, 1.0], [-0.037778506288357674, 0.039911135157079225, 34.55091867214236, 1.0], [-0.050834941466906064, -0.0016263503604492247, 48.61452998102595, 1.0], [-0.018211544022231435, -0.049125221738954505, 23.889821017032432, 1.0], [-0.007282366333420082, -0.05169399044779477, 20.681366093486076, 1.0], [-0.0004027360851168449, -0.053524718008723826, 19.393817738991288, 1.0], [0.011166744670762785, -0.05282287761961979, 20.465759005136874, 1.0], [0.024524520923266485, -0.04958806481669931, 18.539171876387854, 1.0], [0.027192696509298342, -0.047760560078935144, 16.371992752394704, 1.0], [0.038026013906385686, -0.04106245449625334, 17.859806573262517, 1.0], [0.038053001593104985, -0.04093309183421001, 19.638141648011242, 1.0], [0.04126256108156827, -0.03598755842962931, 27.437029266858076, 1.0], [0.0436645736748646, 0.02052665843266288, 74.06778749501268, 1.0], [0.013158780567656764, 0.0508872022821929, 35.449510478834554, 1.0], [0.0029232171916039676, 0.05282444495462979, 23.338430351701845, 1.0], [-0.005712460413941967, 0.05351307285491502, 20.56963564126761, 1.0], [-0.00393779529573661, 0.053516452345380494, 18.581640357954825, 1.0], [-0.0045314104661259985, 0.053561700507876675, 17.118632516287562, 1.0], [0.00454693536464458, 0.05282628316853322, 18.676388595161598, 1.0], [0.014064285749981122, 0.05060904061609017, 18.082699587360594, 1.0], [0.02449277463459932, 0.0458434898599962, 18.89952342348647, 1.0], [0.03212094033769032, 0.04083995945548069, 21.787810470138766, 1.0], [0.04239470373456612, 0.029534494834735026, 21.738284735628895, 1.0], [0.048375031993402706, 0.021220335978815896, 19.598917915301286, 1.0], [0.0521629538566423, 