{"text": "む", "text_ids": [33], "strokes": [[[0.0, 0.0, 0.0, 1.0], [0.00898481596621649, -0.05002351545455636, 43.57369132406342, 1.0], [0.071294116144874, -0.01694196722070227, 14.771301163115652, 1.0], [0.07010778237520135, -0.022280475284409865, 11.023127158617484, 1.0], [0.06919354231149583, -0.02590681348243945, 9.976985393828699, 1.0], [0.07138961576155042, -0.017463769312668187, 10.61694259201667, 1.0], [0.07168616707595815, -0.016020791547650848, 12.227565645194687, 1.0], [0.04763830182908396, -0.010688615868628765, 43.45570477356023, 1.0], [-0.06318458833556956, -0.02988554397304402, 44.997618549078226, 1.0], [-0.04401752033018058, -0.0524779374593527, 23.407523342930233, 1.0], [-0.03188747873028064, -0.061736044315243155, 18.04172760031983, 1.0], [-0.012463858089905577, -0.06871582888482447, 22.032608211313658, 1.0], [0.009419662117736316, -0.06497054604803992, 64.39664789867791, 1.0], [-0.012212718603256734, 0.07063079352689389, 34.00794781082544, 1.0], [-0.010169085759840074, 0.07083324778231004, 13.046450762283087, 1.0], [-0.015598393280786743, 0.07029538873628843, 8.153218280430792, 1.0], [-0.015598393280786771, 0.07029538873628854, 7.475597917223581, 1.0], [-0.015598393280786743, 0.07029538873628846, 5.2180596994757025, 1.0], [-0.015598393280786799, 0.07029538873628868, 5.218059699475759, 1.0], [-0.016522193803797935, 0.07011399080637074, 5.268830938911776, 1.0], [-0.02121115024181955, 0.06919326498933058, 5.52653173479797, 1.0], [-0.021211150241819826, 0.0691932649893308, 5.52653173479797, 1.0], [-0.021158623890967995, 0.06920555338603551, 5.474398961583404, 1.0], [-0.020617760643151378, 0.0693320868696019, 4.937588378299665, 1.0], [-0.020617760643151656, 0.06933208686960207, 4.937588378299665, 1.0], [-0.0206177606431514, 0.06933208686960185, 4.937588378299608, 1.0], [-0.021000819035630034, 0.06924247140209633, 5.107916951175298, 1.0], [-0.021211150241819823, 0.06919326498933065, 5.2014416327510276, 1.0], [-0.0212111502418198, 0.06919326498933065, 5.2014416327510276, 1.0], [-0.023281127583443688, 0.06864084023841655, 7.455308857848195, 1.0], [-0.024846053063671353, 0.0682232010926972, 9.159257098574528, 1.0], [-0.030202625912288977, 0.06629854844626515, 10.619120712384358, 1.0], [-0.037279128733148814, 0.06187911997414863, 12.284703197876809, 1.0], [-0.06098151356277268, 0.038567809550924204, 23.16948909762033, 1.0], [-0.039021859912208356, -0.04638936996769316, 26.095769461174314, 1.0], [0.0037127546466783345, -0.07114950826274058, 10.723046628658835, 1.0], [0.012569449151847767, -0.07051305312982248, 9.187830478208866, 1.0], [0.015598393280786688, -0.07029538873628827, 8.662794422957631, 1.0], [0.019268474958709342, -0.0696000909716592, 9.098824972014768, 1.0], [0.020287131070353293, -0.0694071063518309, 9.219848214176295, 1.0], [0.03161693120947395, -0.06576262886560591, 10.465321705573501, 1.0], [0.044537470424672015, -0.055568465274526746, 16.432718576004618, 1.0], [0.06537991264147405, -0.030602108335910705, 25.84531208219846, 1.0], [0.048642546933609365, 0.0378839819115559, 23.458574679410503, 1.0], [0.01685890295709169, 0.0676618422345287, 13.501463689505272, 1.0], [0.010931175847369828, 0.06956341155558898, 9.951238291825234, 1.0], [0.004610358785706377, 0.07057666129776552, 7.2539744649235445, 1.0], [0.003975137402880524, 0.07067848957346101, 6.9829082971709795, 1.0], [0.005404962895758564, 0.0704945268746261, 7.776573865989235, 1.0], [0.00629112558020288, 0.07038051234638465, 8.268463830546693, 1.0], [0.012753775976623055, 0.06893154608981344, 9.426295316516416, 1.0], [0.017803469605898486, 0.06779937349404641, 10.330985175914407, 1.0], [0.04907256536261288, 0.04838035863775736, 13.533507397002268, 1.0], [0.06452416257372376, 0.02614869709805734, 16.380224498601137, 1.0], [0.07142747188699003, -0.004549623281070003, 15.20423705100518, 1.0], [0.06825131763951592, -0.025534473125606194, 13.122412031639442, 1.0], [0.06264355761861401, -0.038399124370205096, 11.709197435491205, 1.0], [0.05128144275786345, -0.05339277870092973, 10.00517274803326, 1.0], [0.048917578841616294, -0.05538872754363833, 9.629178134371045, 1.0], [0.04739812957089162, -0.05667168761279184, 9.387495549515393, 1.0], [0.04333723488642216, -0.0595450942830098, 8.73095445858985, 1.0], [0.04230803793571003, -0.060273333159644116, 8.564560069840354, 1.0], [0.031452068312470716, -0.06581306878866111, 14.578617664365083, 1.0], [0.0002220851605971852, -0.06775469982473281, 36.023983300373516, 0.0]], [[0.6054059565039537, -0.04879705088516385, 0.0, 1.0], [-0.005242278426251468, -0.0008130857882792802, 8.427111631155077, 1.0], [-0.003275295501817821, 0.0012169382472971557, 6.08865102367557, 1.0], [0.0005652506832134474, 0.005180572587234179, 1.5227923914826729, 1.0], [0.0005652506832134474, 0.005180572587234013, 1.5227923914826746, 1.0], [0.0005652506832133364, 0.0051805725872341515, 1.5227923914826782, 1.0], [0.0005652506832134474, 0.005180572587234016, 1.522792391482671, 1.0], [0.0005652506832134474, 0.005180572587234176, 1.5227923914826746, 1.0], [0.0005652506832133364, 0.00518057258723402, 1.5227923914826782, 1.0], [0.0005652506832133364, 0.005180572587234148, 1.5227923914826746, 1.0], [0.0005652506832134474, 0.005180572587234018, 1.5227923914826746, 1.0], [0.0005652506832136694, 0.005180572587234204, 1.5227923914826782, 1.0], [0.0005652506832133364, 0.005180572587234147, 1.522792391482671, 1.0], [0.0006850094484853742, 0.005159455917868527, 0.9834175921258996, 1.0], [0.000709246550626208, 0.0051551822693292025, 0.8742574644763756, 1.0], [0.000709246550626097, 0.005155182269329074, 0.8742574644763756, 1.0], [0.000709246550626208, 0.005155182269329216, 0.8742574644763721, 1.0], [0.00070924655062643, 0.005155182269329105, 0.8742574644763792, 1.0], [0.000709246550626097, 0.005155182269329213, 0.8742574644763721, 1.0], [0.000709246550626319, 0.005155182269329213, 0.8742574644763792, 1.0], [0.000709246550626208, 0.005155182269329088, 0.8742574644763721, 1.0], [0.000709246550626208, 0.005155182269329199, 0.8742574644763721, 1.0], [0.000709246550626319, 0.005155182269329241, 0.8742574644763792, 1.0], [0.000709246550626319, 0.005155182269329088, 0.8742574644763792, 1.0], [0.000709246550626097, 0.005155182269329199, 0.8742574644763721, 1.0], [0.000709246550626097, 0.005155182269329067, 0.8742574644763721, 1.0], [0.00070924655062643, 0.005155182269329234, 0.8742574644763721, 1.0], [0.000709246550626319, 0.005155182269329123, 0.8742574644763721, 1.0], [0.000709246550626208, 0.005155182269329206, 0.8742574644763792, 1.0], [0.000709246550626208, 0.005155182269329192, 0.8742574644763792, 1.0], [0.000709246550626208, 0.005155182269329081, 0.8742574644763721, 1.0], [0.000709246550626097, 0.005155182269329206, 0.8742574644763721, 1.0], [0.000774372181809313, 0.005141795834209997, 0.8819730313912189, 1.0], [0.0008776999388560025, 0.0051205570332862466, 0.8942144824017788, 1.0], [0.0008776999388561135, 0.0051205570332862604, 0.8942144824017788, 1.0], [0.0008776999388558915, 0.0051205570332862604, 0.8942144824017788, 1.0], [0.0008776999388561135, 0.0051205570332862604, 0.8942144824017717, 1.0], [0.0008776999388562245, 0.005120557033286288, 0.8942144824017788, 1.0], [0.0008776999388557805, 0.005120557033286205, 0.8942144824017788, 1.0], [0.0008776999388562245, 0.005120557033286288, 0.8942144824017788, 1.0], [0.0008776999388560025, 0.0051205570332862604, 0.8942144824017717, 1.0], [0.0008776999388560025, 0.0051205570332862604, 0.8942144824017788, 1.0], [0.0008776999388562245, 0.005120557033286288, 0.8942144824017788, 1.0], [0.0008776999388557805, 0.005120557033286233, 0.8942144824017717, 1.0], [0.0008776999388561135, 0.005120557033286288, 0.8942144824017788, 1.0], [0.0008776999388562245, 0.005120557033286399, 0.8942144824017788, 1.0], [0.0008776999388558915, 0.005120557033286233, 0.8942144824017788, 1.0], [0.0008776999388561135, 0.005120557033286288, 0.8942144824017788, 1.0], [0.0008776999388558915, 0.005120557033286094, 0.8942144824017717, 1.0], [0.0008776999388562245, 