{"text": "む", "text_ids": [33], "strokes": [[[0.0, 0.0, 0.0, 1.0], [-0.0021831482396489567, -0.009657300865362834, 9.144746651591486, 1.0], [0.001485528863167204, -0.009297661464454543, 3.63341362631178, 1.0], [0.005426940702130424, -0.006551095852520946, 2.52685109939304, 1.0], [0.009069511042043874, -0.003335627599964943, 2.8854895676587127, 1.0], [0.00906951104204388, -0.00333562759996495, 2.885489567658709, 1.0], [0.009069511042043892, -0.0033356275999648632, 2.885489567658709, 1.0], [0.009069511042043878, -0.0033356275999649465, 2.8854895676587162, 1.0], [0.00906951104204387, -0.0033356275999649465, 2.885489567658709, 1.0], [0.00891428592364222, -0.0036542412275412176, 1.496045863675704, 1.0], [0.008898422721809233, -0.003686801887394904, 1.3540519252014533, 1.0], [0.00889842272180924, -0.0036868018873948277, 1.3540519252014462, 1.0], [0.008898422721809227, -0.003686801887394918, 1.3540519252014462, 1.0], [0.008898422721809254, -0.0036868018873948277, 1.3540519252014533, 1.0], [0.008898422721809213, -0.003686801887394904, 1.3540519252014533, 1.0], [0.00889842272180924, -0.0036868018873948277, 1.3540519252014462, 1.0], [0.008898422721809227, -0.003686801887394911, 1.3540519252014533, 1.0], [0.008898422721809227, -0.0036868018873948277, 1.3540519252014533, 1.0], [0.008898422721809268, -0.003686801887394925, 1.3540519252014462, 1.0], [0.008898422721809213, -0.0036868018873948277, 1.3540519252014533, 1.0], [0.008955364156978368, -0.0035499145778141172, 1.3527671363020133, 1.0], [0.009524877101547508, -0.0021808044645594826, 1.3399170227231707, 1.0], [0.009524877101547452, -0.0021808044645594826, 1.3399170227231778, 1.0], [0.00952487710154748, -0.0021808044645594132, 1.3399170227231707, 1.0], [0.00952487710154748, -0.0021808044645594826, 1.3399170227231707, 1.0], [0.00952487710154748, -0.0021808044645594826, 1.3399170227231778, 1.0], [0.009524877101547174, -0.0021808044645593716, 1.3399170227231707, 1.0], [0.009524877101547452, -0.0021808044645594965, 1.3399170227231707, 1.0], [0.00952487710154748, -0.0021808044645594826, 1.3399170227231707, 1.0], [0.00952487710154748, -0.0021808044645593994, 1.3399170227231778, 1.0], [0.00952487710154748, -0.0021808044645594965, 1.3399170227231707, 1.0], [0.00952487710154748, -0.0021808044645594826, 1.3399170227231778, 1.0], [0.00952487710154748, -0.0021808044645594132, 1.3399170227231707, 1.0], [0.009567632238978274, -0.0020415938174433157, 1.4690080909384449, 1.0], [0.009630826767201173, -0.0018358325523262498, 1.6598120420839422, 1.0], [0.009630826767201284, -0.0018358325523262498, 1.659812042083928, 1.0], [0.009630826767201006, -0.0018358325523262081, 1.659812042083928, 1.0], [0.009630826767201173, -0.0018358325523262775, 1.6598120420839422, 1.0], [0.00963082676720134, -0.0018358325523262498, 1.659812042083928, 1.0], [0.00963082676720095, -0.0018358325523262081, 1.6598120420839422, 1.0], [0.009630826767201228, -0.0018358325523262498, 1.659812042083928, 1.0], [0.00963082676720095, -0.001835832552326222, 1.659812042083928, 1.0], [0.009630826767201228, -0.0018358325523262498, 1.659812042083928, 1.0], [0.009654243484576941, -0.001744646784141185, 1.698616234063195, 1.0], [0.00977589519303651, -0.001270929468902643, 1.9002070964346132, 1.0], [0.009775895193036566, -0.0012709294689026707, 1.9002070964345847, 1.0], [0.009775895193036843, -0.0012709294689026984, 1.900207096434599, 1.0], [0.009775895193036566, -0.0012709294689026707, 1.9002070964345847, 1.0], [0.009775895193036566, -0.0012709294689026707, 1.900207096434599, 1.0], [0.009775895193036843, -0.0012709294689026984, 1.900207096434599, 1.0], [0.009775895193036566, -0.0012709294689026707, 1.900207096434599, 1.0], [0.00977589519303651, -0.001270929468902643, 1.9002070964345847, 1.0], [0.009578901100893433, -0.0019785809874363625, 2.576497367122556, 1.0], [0.009510147915647138, -0.002225559439500313, 2.812530385954389, 1.0], [0.009510147915647582, -0.002225559439500313, 2.8125303859543607, 1.0], [0.009510147915647138, -0.002225559439500313, 2.812530385954375, 1.0], [0.009510147915647194, -0.0022255594395002853, 2.8125303859543607, 1.0], [0.009510147915647194, -0.0022255594395002853, 2.812530385954375, 1.0], [0.009695348371735801, -0.0015602735796146072, 5.777067597029074, 1.0], [0.009775895193036566, -0.0012709294689026707, 7.066395139866131, 1.0], [0.009191145613716256, -0.0024893118399984537, 8.472885471491551, 1.0], [0.007767492903254514, -0.005455630117653376, 11.897178269074715, 1.0], [-0.008780984103711753, -0.0033042213025719913, 24.56269743536501, 1.0], [-0.009753681294625283, -0.0005038868699477894, 10.076241574785143, 0.0]], [[0.0, 0.0, 0.0, 1.0], [-0.005651515350690806, 0.0017733191370329915, 19.077930235426745, 1.0], [0.008650128347638508, 0.03826441579183887, 10.54067193491137, 1.0], [0.008650128347638508, 0.03826441579183895, 4.614428706910772, 1.0], [0.008650128347638508, 0.03826441579183901, 4.3919466396103175, 1.0], [0.008650128347638508, 0.038264415791838924, 4.39194663961031, 1.0], [0.007547274598740217, 0.03835889301044222, 4.035639534633596, 1.0], [0.005212144658904516, 0.03855893456809514, 3.2812118605758727, 1.0], [0.005212144658904794, 0.03855893456809518, 3.2812118605758798, 1.0], [0.005212144658904849, 0.03855893456809511, 3.2812118605758727, 1.0], [0.005212144658904738, 0.038558934568095116, 3.2812118605758727, 1.0], [0.004607430398712642, 0.03855194542200045, 3.4365800140615477, 1.0], [0.0008857248569397735, 0.03850893081912962, 4.392791163536913, 1.0], [0.0008857248569400511, 0.03850893081912926, 4.392791163536899, 1.0], [0.0008857248569399956, 0.03850893081912943, 4.392791163536899, 1.0], [9.841468694832267e-05, 0.03842996061035403, 4.825042709406588, 1.0], [-0.0020324477183340517, 0.038216226995025804, 5.994935597655058, 1.0], [-0.002032447718334107, 0.03821622699502575, 5.994935597655058, 1.0], [-0.00889106080877694, 0.035866873019703815, 6.61194490661947, 1.0], [-0.017833201056535353, 0.032803826240140055, 7.416390893319061, 1.0], [-0.019889289922862874, 0.031327213506464946, 8.082147594163942, 1.0], [-0.0252643510731973, 0.027467028341880806, 9.822579652763423, 1.0], [-0.03261866630359411, 0.015220002210644679, 10.854085607347116, 1.0], [-0.037526187420767576, -0.00045245454550141284, 11.500311570919905, 1.0], [-0.03201660886309393, -0.025480868838528736, 10.535569434607083, 1.0], [-0.020750761319602934, -0.03237253814570612, 10.311301246451762, 1.0], [-0.012121444018413974, -0.03765135990828761, 10.139518222699337, 1.0], [0.005916283497288649, -0.036999310092418025, 9.364830403024285, 1.0], [0.00879226519486731, -0.036628691953575876, 9.147778569610267, 1.0], [0.019654942219912486, -0.031700760239430636, 7.090423241055333, 1.0], [0.01965494221991254, -0.03170076023943069, 7.090423241055362, 1.0], [0.030118509530828896, -0.02146267305856328, 9.733416786391928, 1.0], [0.033453011426776424, -0.012991606605417233, 11.090776073853192, 1.0], [0.03560541878383394, 0.01837858114703192, 14.144940076947734, 1.0], [0.016574081771600413, 0.03635991025307542, 7.822044905793462, 1.0], [0.01657408177160019, 0.03635991025307561, 7.822044905793433, 1.0], [0.00947290404038248, 0.03806666338465642, 5.374275450365587, 1.0], [0.008650128347638508, 0.038264415791838924, 5.090665423184703, 1.0], [0.008650128347638508, 0.038264415791838924, 5.090665423184646, 1.0], [0.009416718801879387, 0.03815078233756786, 4.481944301199235, 1.0], [0.010027103884882538, 0.03806030356231849, 3.9972600861617025, 1.0], [0.010027103884882982, 0.03806030356231882, 3.9972600861617593, 1.0], [0.010027103884882482, 0.03806030356231849, 3.9972600861617593, 1.0], [0.013625874457619813, 0.03681610150782788, 4.207882813771164, 1.0], [0.02187267343751037, 0.03396493774888065, 4.690537448203827, 1.0], [0.021872673437510703, 0.0339649377488811, 4.690537448203827, 1.0], [0.02187267343751076, 0.033964937748880764, 4.69053744820377, 1.0], [0.03225743701527117, 0.02461969756993021, 6.394502213483804, 1.0], [0.03350586008884515, 0.02349624267563888, 6.599347409390589, 1.0], 