{"text": "む", "text_ids": [33], "strokes": [[[0.0, 0.0, 0.0, 1.0], [-0.004809664855292059, -0.0003232761575556345, 15.39040259929108, 1.0], [0.007193925271439628, 0.0004835315119585724, 8.39040259929108, 1.0], [0.0069272937780531, -0.0013827403619003282, 5.956488516618016, 1.0], [0.00665759486461991, -0.003270482466772736, 3.4945738524893777, 1.0], [0.006657594864619924, -0.003270482466772821, 3.494573852489374, 1.0], [0.00665759486462008, -0.0032704824667727245, 3.494573852489374, 1.0], [0.00665759486461992, -0.00327048246677282, 3.494573852489374, 1.0], [0.006716076270975896, -0.0031346829449205704, 2.536141349417491, 1.0], [0.006750062069787767, -0.0030557646097438065, 1.9791592887287166, 1.0], [0.00675006206978776, -0.00305576460974372, 1.9791592887287166, 1.0], [0.006750062069787767, -0.0030557646097438065, 1.9791592887287166, 1.0], [0.00675006206978776, -0.00305576460974381, 1.9791592887287166, 1.0], [0.006750062069787746, -0.003055764609743713, 1.9791592887287166, 1.0], [0.006750062069787774, -0.0030557646097438135, 1.9791592887287166, 1.0], [0.006750062069787774, -0.0030557646097437996, 1.9791592887287166, 1.0], [0.006751541838971892, -0.0030520824614500217, 1.9499422891706288, 1.0], [0.006784515411993625, -0.0029700334588566926, 1.298902330617615, 1.0], [0.006784515411993597, -0.0029700334588566996, 1.2989023306176293, 1.0], [0.006784515411993611, -0.0029700334588566163, 1.298902330617608, 1.0], [0.006784515411993611, -0.0029700334588566996, 1.2989023306176222, 1.0], [0.006784515411993625, -0.0029700334588566787, 1.298902330617608, 1.0], [0.006784515411993403, -0.002970033458856637, 1.2989023306176222, 1.0], [0.006784515411993625, -0.0029700334588566857, 1.2989023306176222, 1.0], [0.006784515411993625, -0.0029700334588566996, 1.298902330617608, 1.0], [0.006784515411993597, -0.0029700334588566163, 1.2989023306176222, 1.0], [0.006784515411993625, -0.0029700334588566857, 1.2989023306176222, 1.0], [0.006784515411993597, -0.0029700334588566996, 1.298902330617608, 1.0], [0.00678451541199343, -0.0029700334588566163, 1.2989023306176222, 1.0], [0.006774358225364652, -0.002995609334282584, 1.5361731128962788, 1.0], [0.006770502730107902, -0.003005317501513338, 1.6262370655468317, 1.0], [0.006770502730107875, -0.003005317501513352, 1.6262370655468175, 1.0], [0.006770502730107708, -0.003005317501513366, 1.6262370655468317, 1.0], [0.006770502730107902, -0.0030053175015134492, 1.6262370655468175, 1.0], [0.006770502730107902, -0.003005317501513352, 1.6262370655468175, 1.0], [0.006770502730107875, -0.003005317501513352, 1.6262370655468459, 1.0], [0.006770502730107875, -0.003005317501513366, 1.6262370655468175, 1.0], [0.006770502730107902, -0.003005317501513338, 1.6262370655468175, 1.0], [0.006770502730107875, -0.0030053175015134354, 1.6262370655468317, 1.0], [0.006700584125599235, -0.0031587063387189807, 1.6961147878990346, 1.0], [0.006512763248335995, -0.0035707515471275902, 1.8838258442853686, 1.0], [0.006512763248335829, -0.003570751547127521, 1.8838258442853686, 1.0], [0.006512763248335718, -0.003570751547127604, 1.8838258442853686, 1.0], [0.006512763248335829, -0.003570751547127618, 1.8838258442853686, 1.0], [0.006512763248335829, -0.0035707515471275764, 1.8838258442853544, 1.0], [0.006512763248335773, -0.003570751547127604, 1.8838258442853686, 1.0], [0.006512763248335829, -0.003570751547127632, 1.8838258442853828, 1.0], [0.006512763248335773, -0.003570751547127521, 1.8838258442853686, 1.0], [0.006535312101322577, -0.0035251303901582265, 1.9206529474344904, 1.0], [0.006604021818116368, -0.003386115923345534, 2.0328706211767695, 1.0], [0.006604021818116312, -0.0033861159233454508, 2.0328706211767837, 1.0], [0.006604021818116479, -0.003386115923345534, 2.0328706211767837, 1.0], [0.006604021818116368, -0.003386115923345534, 2.0328706211767695, 1.0], [0.006604021818116368, -0.003386115923345534, 2.0328706211767695, 1.0], [0.006604021818116479, -0.0033861159233454508, 2.0328706211767837, 1.0], [0.006604021818116312, -0.003386115923345534, 2.0328706211767837, 1.0], [0.00656966807860071, -0.0034556208930153764, 3.395073420895031, 1.0], [0.006512763248335995, -0.0035707515471275764, 5.651477532857342, 1.0], [0.006512763248335773, -0.003570751547127604, 5.651477532857257, 1.0], [0.00664044594565022, -0.0032760317582599674, 6.926538768067871, 1.0], [0.006859368189372161, -0.002770710999807552, 9.112733705724821, 1.0], [-0.0002074658523775752, -0.0016205807538695327, 14.174181578481523, 1.0], [-0.007193925271439583, -0.00048353151195856814, 19.979434141336668, 1.0], [-0.007193925271439694, -0.00048353151195856814, 3.376692026849639, 0.0]], [[0.0, 0.0, 0.0, 1.0], [-0.01398026234656291, 0.014093830969267085, 75.13022137056157, 1.0], [-0.006127346326871619, 0.0461894352110509, 30.82867539761159, 1.0], [-0.006127346326871674, 0.04618943521105098, 17.946786004773543, 1.0], [-0.006127346326871674, 0.04618943521105087, 11.962363468620964, 1.0], [-0.006127346326871647, 0.04618943521105098, 10.573504789638122, 1.0], [-0.006127346326871674, 0.0461894352110509, 8.281753344274108, 1.0], [-0.0054238442928140895, 0.04621474866574375, 8.261172376501804, 1.0], [-0.003221579442527406, 0.04629399069890128, 8.196745068952367, 1.0], [-0.0037100721945481085, 0.04627641372179614, 8.291477494612593, 1.0], [-0.006127346326871674, 0.04618943521105098, 8.760254648610186, 1.0], [-0.006127346326871647, 0.0461894352110508, 8.422305783470136, 1.0], [-0.006127346326871674, 0.046189435211051066, 7.274951957324902, 1.0], [-0.006127346326871674, 0.0461894352110509, 7.301398835665282, 1.0], [-0.006127346326871647, 0.0461894352110509, 8.21273873307382, 1.0], [-0.006127346326871674, 0.046189435211051066, 8.21273873307382, 1.0], [-0.006127346326871674, 0.0461894352110509, 8.212738733075497, 1.0], [-0.006127346326871647, 0.046189435211050844, 8.212738733075582, 1.0], [-0.008687314595788947, 0.045936755348527536, 7.770231866946574, 1.0], [-0.009009248159056432, 0.04590497912321406, 7.714583594304742, 1.0], [-0.009782466851667754, 0.045795828356394175, 10.31863277788807, 1.0], [-0.010766999136031491, 0.04561892684536639, 10.6760347681697, 1.0], [-0.013110286040695932, 0.04517819110509391, 9.990447414115863, 1.0], [-0.011552341070215771, 0.045477379148717634, 10.659835776750185, 1.0], [-0.011169948651728753, 0.045508084470582966, 11.793282589559055, 1.0], [-0.017196037565019612, 0.0440540680618402, 15.93505377508933, 1.0], [-0.01719603756501923, 0.0440540680618402, 15.93505377508933, 1.0], [-0.03777165671844766, 0.026857406036576714, 47.0198612124168, 1.0], [-0.024044582620416022, -0.03520333750343885, 26.906392167770605, 1.0], [-0.009334007375132422, -0.04432985458923777, 16.75822410703057, 1.0], [-0.0040823352024445154, -0.045765953928435854, 13.969630993276041, 1.0], [-0.0026026176328497533, -0.0458273302497717, 13.586249869201879, 1.0], [0.006127346326871667, -0.04618943521105101, 14.600424414353427, 1.0], [0.013524255432277938, -0.0450705113449813, 10.25205902247319, 1.0], [0.017069008168437882, -0.043871073503518265, 12.286379190029209, 1.0], [0.026579805615313784, -0.038628610084543324, 16.3450615845847, 1.0], [0.03854869838079306, -0.028431698434472463, 21.558731145710112, 1.0], [0.04409654530571305, -0.007303877602152897, 31.412523743794623, 1.0], [0.03253817818018562, 0.029562905571422937, 33.11982663962783, 1.0], [0.015142285088039414, 0.042393068316627036, 24.995357773870182, 1.0], [0.012610533110804706, 0.04369190791231292, 17.336363426507546, 1.0], [0.0030898023117621465, 0.04590399005502466, 12.127251420085372, 1.0], [0.0052774852515377335, 0.04554794372611848, 11.716108251092237, 1.0], [0.007383257435090218, 0.04510465008600595, 11.516160045805918, 1.0], [0.011540344338888425, 0.044043871362153264, 11.48285964346394, 1.0], [0.016126250360136846, 0.04229136547096257, 12.52505992924614, 1.0], [0.019490145015101212, 0.04068929136624477, 13.974302063226105, 1.0], [0.027613092578264803, 0.03431247493515843, 15.29920222817691, 1.0], [0.03985988904697357, 0.0201436225114332, 