{"text": "む", "text_ids": [33], "strokes": [[[0.0, 0.0, 0.0, 1.0], [-0.0022262828037154826, -0.009567544718299488, 5.390497585676098, 1.0], [-0.0022262828037158374, -0.009567544718299478, 5.390497585676098, 1.0], [0.0022733900308357785, -0.007579533558898236, 7.795044602844797, 1.0], [0.008943671815048836, -0.0046325204957389475, 11.359527345844747, 1.0], [0.00988761208191467, -0.0010014016603457632, 2.122593894919774, 1.0], [0.009892996790301548, -0.00098068793858435, 2.0699017969454374, 1.0], [0.009892996790301898, -0.0009806879385844472, 2.0699017969454374, 1.0], [0.009892996790301915, -0.0009806879385843709, 2.0699017969454374, 1.0], [0.00989299679030154, -0.000980687938584357, 2.0699017969454374, 1.0], [0.009892996790301908, -0.000980687938584357, 2.0699017969454445, 1.0], [0.009892996790301548, -0.000980687938584357, 2.0699017969454303, 1.0], [0.009892996790301894, -0.0009806879385844472, 2.0699017969454374, 1.0], [0.009877247777789214, -0.001197131356716348, 1.5563225164599572, 1.0], [0.00987284135236606, -0.001257690187280197, 1.4126278691640266, 1.0], [0.009872841352366407, -0.0012576901872801138, 1.4126278691640337, 1.0], [0.009872841352366046, -0.001257690187280197, 1.4126278691640266, 1.0], [0.009872841352366046, -0.001257690187280197, 1.4126278691640337, 1.0], [0.009872841352366407, -0.0012576901872801138, 1.4126278691640266, 1.0], [0.009872841352366074, -0.001257690187280197, 1.4126278691640337, 1.0], [0.00987284135236638, -0.001257690187280204, 1.4126278691640266, 1.0], [0.009872841352366074, -0.0012576901872801138, 1.4126278691640266, 1.0], [0.009872841352366046, -0.001257690187280197, 1.4126278691640266, 1.0], [0.009872841352366407, -0.001257690187280204, 1.4126278691640337, 1.0], [0.009872841352366074, -0.001257690187280197, 1.4126278691640337, 1.0], [0.009895415173010624, -0.0008937190739448306, 1.409899640458704, 1.0], [0.009903057864584008, -0.0007704914199023263, 1.4089759594007063, 1.0], [0.009903057864584008, -0.0007704914199023263, 1.4089759594007205, 1.0], [0.009903057864583675, -0.0007704914199022292, 1.4089759594007063, 1.0], [0.009903057864583953, -0.0007704914199023194, 1.4089759594007063, 1.0], [0.009903057864583675, -0.0007704914199023263, 1.4089759594007063, 1.0], [0.009903057864584008, -0.0007704914199022292, 1.4089759594007063, 1.0], [0.009903057864584008, -0.0007704914199023263, 1.4089759594007063, 1.0], [0.009903057864583675, -0.0007704914199023194, 1.4089759594007063, 1.0], [0.009903057864584008, -0.0007704914199023263, 1.4089759594007205, 1.0], [0.009903057864584008, -0.0007704914199022292, 1.4089759594007063, 1.0], [0.009880486239129294, -0.001067486776713672, 1.555501938129666, 1.0], [0.00984537476377434, -0.001529480316884213, 1.7834316147640976, 1.0], [0.009845374763774672, -0.001529480316884116, 1.7834316147640976, 1.0], [0.009845374763774728, -0.001529480316884227, 1.7834316147640976, 1.0], [0.009845374763774395, -0.001529480316884116, 1.7834316147640976, 1.0], [0.009845374763774728, -0.001529480316884213, 1.7834316147640976, 1.0], [0.009845374763774672, -0.001529480316884116, 1.7834316147640976, 1.0], [0.009845374763774395, -0.001529480316884116, 1.7834316147640976, 1.0], [0.009845374763774728, -0.001529480316884213, 1.7834316147640834, 1.0], [0.009845374763774284, -0.001529480316884116, 1.7834316147641118, 1.0], [0.00968317048461309, -0.002465854772721071, 3.0629781061969226, 1.0], [0.009656571724190155, -0.0026194043581319187, 3.2728021056114613, 1.0], [0.009656571724189766, -0.0026194043581318077, 3.2728021056114613, 1.0], [0.009656571724190155, -0.002619404358131905, 3.2728021056114756, 1.0], [0.009656571724189766, -0.0026194043581318077, 3.2728021056114898, 1.0], [0.009693284378323785, -0.002451479635499132, 2.9286305940632786, 1.0], [0.00971179588555443, -0.0023668074757072083, 2.755090064921717, 1.0], [0.009711795885553987, -0.0023668074757071805, 2.755090064921731, 1.0], [0.00971179588555443, -0.0023668074757071944, 2.7550900649217454, 1.0], [0.009711795885554042, -0.0023668074757071805, 2.755090064921717, 1.0], [0.009711795885554375, -0.0023668074757072083, 2.755090064921717, 1.0], [0.009880188074065321, -0.0005268407941015768, 5.020711480025938, 1.0], [0.009908203526645343, -0.000220725054573781, 5.397643509235053, 1.0], [0.00990820352664501, -0.00022072505457379488, 5.397643509235024, 1.0], [0.007762805214626356, 0.0047887547085869175, 15.085050983620732, 1.0], [-0.006048730886631826, 0.005039454441533031, 12.772880002562772, 1.0], [-0.008943671815048737, 0.004632520495738951, 7.009084232574281, 1.0], [-0.008943671815048515, 0.004632520495738951, 0.7099704591152829, 0.0]], [[0.36635331202685323, -0.24544539027766676, 0.0, 1.0], [-0.021055725654123614, -0.019121104572873804, 11.156806165053272, 1.0], [-0.0015642945250932128, 0.036320851970359336, 9.641397127672569, 1.0], [0.0026883694503460065, 0.03703172970239302, 8.640084148459632, 1.0], [-0.0019767110157499768, 0.03724579785676274, 4.6797922370831415, 1.0], [-0.002301087563323978, 0.03726068263514222, 4.404421677682748, 1.0], [-0.002301087563323978, 0.03726068263514214, 4.404421677682748, 1.0], [-0.0024775443671294917, 0.037251312884706574, 4.328025457202571, 1.0], [-0.0046466513985403135, 0.03713613460246287, 3.388919820904519, 1.0], [-0.0046466513985404245, 0.03713613460246287, 3.388919820904526, 1.0], [-0.004646651398540369, 0.037136134602462866, 3.388919820904519, 1.0], [-0.004646651398540702, 0.037136134602462983, 3.388919820904526, 1.0], [-0.005597479561481766, 0.037019694081064786, 3.794457146229007, 1.0], [-0.007332897796876847, 0.03680717092278146, 4.53462965786774, 1.0], [-0.007332897796876736, 0.03680717092278163, 4.534629657867768, 1.0], [-0.007332897796876903, 0.03680717092278146, 4.53462965786774, 1.0], [-0.011368223096889896, 0.035758540042636566, 6.195616158690939, 1.0], [-0.014002485963217959, 0.03507399315169757, 7.279909179770712, 1.0], [-0.014881617761855148, 0.03470244499759506, 7.234909467369505, 1.0], [-0.017260464095828737, 0.033697071325920536, 7.113144561309426, 1.0], [-0.01759519143863683, 0.033363359143942006, 7.1996526435612225, 1.0], [-0.03360225928048868, 0.017404837525240913, 11.336574144669413, 1.0], [-0.03504343842379726, 0.004955615858439177, 15.789896456308668, 1.0], [-0.02727858033908169, -0.021201836413048514, 16.567825338180654, 1.0], [-0.00685770674856484, -0.03367534876654671, 11.512655204099104, 1.0], [0.004052216072827755, -0.03718188972922942, 9.180089407671574, 1.0], [0.01025103723228496, -0.036017666731318565, 8.318018338728137, 1.0], [0.012421523547504448, -0.03561001985462592, 8.016168453119803, 1.0], [0.01830308740015349, -0.03275205361712774, 7.893415878145561, 1.0], [0.021908723819954012, -0.031000004772525597, 7.818163587081415, 1.0], [0.02643663016757561, -0.02671642782185843, 8.4345884855299, 1.0], [0.029804891662611355, -0.023529920373105778, 8.89314042777923, 1.0], [0.02717985172945242, 0.009092563070415588, 14.870632922801377, 1.0], [0.0069159887035969425, 0.03396443899934318, 10.303786891456014, 1.0], [-0.0006847353780628507, 0.037259828137018974, 7.24267154841354, 1.0], [-0.0013035385338808214, 0.03725954390965669, 6.177194185310043, 1.0], [-0.0023743792401341723, 0.037259052053359165, 4.333382431483017, 1.0], [-0.002374379240134561, 0.03725905205335939, 4.333382431483017, 1.0], [-0.002374379240134117, 0.037259052053359165, 4.333382431483017, 1.0], [-0.0012356149796270421, 0.03725957510816058, 4.519121256831056, 1.0], [-0.0006847353780628507, 0.03725982813701878, 4.608972803504344, 1.0], [-0.0006847353780628507, 0.03725982813701889, 4.608972803504287, 1.0], [-0.0006847353780627952, 0.03725982813701878, 4.608972803504344, 1.0], [0.013334538789887329, 0.03418283899085295, 5.502158640936102, 1.0], [0.013540670626675022, 0.034137596604058795, 5.5152915631585415, 1.0], [0.013540670626674967, 0.03413759660405902, 5.515291563158485, 1.0], [0.023469809665233543, 0.02770215185205338, 6.331953066543122, 1.0], [0.02453432174262682, 0.027012201934411673, 6.419508093229638, 1.0], 