{"text": "む", "text_ids": [33], "strokes": [[[0.0, 0.0, 0.0, 1.0], [0.0038792873322925957, -0.012663244227699075, 3.002592463669916, 1.0], [0.003879287332292593, -0.012663244227698957, 3.002592463669916, 1.0], [0.003879287332292117, -0.012663244227699072, 3.0025924636699175, 1.0], [0.003879287332292595, -0.012663244227698954, 3.002592463669915, 1.0], [0.006796450410658097, -0.009852402580175612, 2.239488829287934, 1.0], [0.012526254464949847, -0.004331431885257482, 0.7406236028100821, 1.0], [0.012526254464949857, -0.004331431885257364, 0.7406236028100839, 1.0], [0.012526254464950322, -0.004331431885257364, 0.7406236028100839, 1.0], [0.01263615713178709, -0.0038815634757411593, 1.0550537038458856, 1.0], [0.01290956184715357, -0.0027624264429893935, 1.8372610401188645, 1.0], [0.012909561847153583, -0.0027624264429895184, 1.8372610401188645, 1.0], [0.012909561847153098, -0.0027624264429893797, 1.8372610401188645, 1.0], [0.01290956184715357, -0.0027624264429895323, 1.837261040118861, 1.0], [0.012909561847153098, -0.0027624264429893797, 1.8372610401188645, 1.0], [0.012909561847153556, -0.0027624264429895046, 1.837261040118861, 1.0], [0.012990345803505166, -0.002222057580677131, 1.8671957685688305, 1.0], [0.013016523576056482, -0.002046952846889327, 1.8768960178278498, 1.0], [0.01301652357605651, -0.0020469528468893133, 1.8768960178278462, 1.0], [0.013016523576056455, -0.0020469528468892995, 1.8768960178278533, 1.0], [0.013016523576055983, -0.002046952846889327, 1.8768960178278462, 1.0], [0.01301652357605651, -0.0020469528468894244, 1.8768960178278533, 1.0], [0.013016523576056455, -0.002046952846889327, 1.8768960178278533, 1.0], [0.013016523576056455, -0.0020469528468893133, 1.8768960178278462, 1.0], [0.013016523576056482, -0.0020469528468893133, 1.8768960178278533, 1.0], [0.012941890735102712, -0.0025461765192423685, 1.778020938993464, 1.0], [0.012909561847153084, -0.0027624264429893935, 1.73519098231764, 1.0], [0.012909561847153639, -0.0027624264429895046, 1.7351909823176541, 1.0], [0.012909561847153583, -0.0027624264429894074, 1.735190982317647, 1.0], [0.012909561847153084, -0.0027624264429895184, 1.735190982317647, 1.0], [0.012909561847153583, -0.0027624264429893797, 1.735190982317647, 1.0], [0.012909561847153084, -0.0027624264429895184, 1.7351909823176541, 1.0], [0.012909561847153528, -0.0027624264429893797, 1.735190982317647, 1.0], [0.012909561847153583, -0.0027624264429894074, 1.735190982317647, 1.0], [0.012909561847153084, -0.0027624264429895184, 1.735190982317647, 1.0], [0.01302883730209825, -0.0019131640651332549, 1.655001240249348, 1.0], [0.013042007675637568, -0.0018193886714090168, 1.646146703852608, 1.0], [0.013042007675637013, -0.001819388671408989, 1.6461467038526223, 1.0], [0.013042007675637568, -0.0018193886714091556, 1.6461467038526223, 1.0], [0.013042007675637568, -0.0018193886714090168, 1.646146703852608, 1.0], [0.013042007675637068, -0.0018193886714090168, 1.6461467038526223, 1.0], [0.013042007675637513, -0.0018193886714090168, 1.646146703852608, 1.0], [0.013042007675637568, -0.0018193886714091279, 1.6461467038526223, 1.0], [0.013042007675637013, -0.0018193886714090168, 1.6461467038526223, 1.0], [0.013042007675637568, -0.0018193886714090168, 1.646146703852608, 1.0], [0.013079450881735122, -0.000887506670368271, 1.8959723834793039, 1.0], [0.013107306555235732, -0.00019423802518875322, 2.0818288655793538, 1.0], [0.01310730655523673, -0.00019423802518878097, 2.081828865579368, 1.0], [0.013107306555235732, -0.00019423802518878097, 2.081828865579382, 1.0], [0.013107306555236176, -0.00019423802518875322, 2.0818288655793538, 1.0], [0.013107306555236176, -0.00019423802518878097, 2.081828865579368, 1.0], [0.013107306555236176, -0.00019423802518875322, 2.081828865579368, 1.0], [0.013107306555236176, -0.00019423802518878097, 2.0818288655793538, 1.0], [0.013107306555236176, -0.00019423802518875322, 2.590132818581523, 1.0], [0.013107306555236287, -0.00019423802518878097, 2.6543318035761985, 1.0], [0.013107306555236176, -0.00019423802518878097, 2.6543318035761843, 1.0], [0.013107306555236176, -0.00019423802518875322, 2.6543318035762127, 1.0], [0.013107306555236287, -0.00019423802518878097, 2.6543318035762127, 1.0], [0.013107306555236065, -0.00019423802518875322, 2.6543318035761843, 1.0], [0.013107306555235732, -0.00019423802518878097, 3.509446994000001, 1.0], [0.013107306555236176, -0.00019423802518875322, 4.4238863393239285, 1.0], [0.013107306555236176, -0.00019423802518878097, 4.423886339323985, 1.0], [0.013107306555236287, -0.00019423802518875322, 4.423886339323957, 1.0], [0.004898030072192139, -0.008469166158652286, 18.590553005990614, 0.0]], [[0.0, 0.0, 0.0, 1.0], [-0.031854698359475075, -0.027882617719567127, 13.246138778165676, 1.0], [-0.026836341220673465, 0.04449563885964053, 8.553800948897756, 1.0], [-0.019777140184593367, 0.050935910191621636, 8.933752000796787, 1.0], [-0.011293259161685165, 0.053306563354358516, 5.123210168801677, 1.0], [-0.01129325916168461, 0.053306563354358405, 5.12321016880167, 1.0], [-0.01129325916168461, 0.05330656335435832, 5.12321016880167, 1.0], [-0.010528691748362518, 0.05343453799057815, 3.9669957530536237, 1.0], [-0.010366485349700139, 0.053461688382419895, 3.72169968995685, 1.0], [-0.010366485349700139, 0.05346168838242001, 3.72169968995685, 1.0], [-0.010366485349700083, 0.05346168838242002, 3.72169968995685, 1.0], [-0.009211530774812515, 0.053594546790362525, 3.91281936372539, 1.0], [-0.005875503349761169, 0.053978301530316644, 4.46485880061897, 1.0], [-0.0058755033497606135, 0.0539783015303168, 4.464858800618984, 1.0], [-0.005875503349761113, 0.05397830153031666, 4.46485880061897, 1.0], [-0.007235051461405961, 0.05385404815327438, 6.032663239938188, 1.0], [-0.007893739085393925, 0.05379384862006503, 6.792248996535136, 1.0], [-0.009279232926588943, 0.05353026861150767, 6.916872283560636, 1.0], [-0.016006523251268334, 0.05225045112793186, 7.521982900518481, 1.0], [-0.016006523251268334, 0.05225045112793181, 7.521982900518481, 1.0], [-0.0392136174766374, 0.03766582748394687, 9.502743396783359, 1.0], [-0.04431490943822092, 0.030865501932031747, 11.090983346334667, 1.0], [-0.0515503243394579, 0.010174723216237358, 14.748771136733836, 1.0], [-0.0463641482869879, -0.026151362076686224, 12.785409875918447, 1.0], [-0.019638428382726704, -0.04807222377634679, 11.694400772747485, 1.0], [-0.008988012516228175, -0.052314495638242975, 10.275681227313726, 1.0], [0.001194829999330571, -0.05411230219111279, 8.424748015548232, 1.0], [0.009855714823086711, -0.052355186312954494, 8.673359687169466, 1.0], [0.023467321581032922, -0.049593670503850606, 9.064082387956432, 1.0], [0.030323456368413285, -0.04517025480980236, 8.80546127908056, 1.0], [0.03682362995777111, -0.040976496845457316, 8.560267426611404, 1.0], [0.04143592303905923, -0.03590776516312133, 10.101192655754659, 1.0], [0.0440156210282876, -0.02736107701335025, 11.259740954557316, 1.0], [0.04433676991866717, 0.029349253509521667, 14.29452280147936, 1.0], [0.009477000631375132, 0.05244808842785953, 9.918679593821878, 1.0], [0.005524611495717646, 0.05332948595679787, 8.837344804327358, 1.0], [-0.004035703148861147, 0.05407963331064147, 5.75633402565694, 1.0], [-0.004035703148860592, 0.05407963331064125, 5.75633402565694, 1.0], [-0.005749526400268157, 0.053917218467525396, 5.324669106576721, 1.0], [-0.010069717303694076, 0.05350780452869952, 4.236531893356812, 1.0], [-0.010069717303694159, 0.0535078045286993, 4.236531893356755, 1.0], [-0.010069717303693687, 0.05350780452869919, 4.236531893356812, 1.0], [-0.0041960203176918676, 0.05375993923091593, 4.861957127643905, 1.0], [0.00150742285378766, 0.05400476560671963, 5.469253910277871, 1.0], [0.0015074228537877155, 0.05400476560671974, 5.469253910277871, 1.0], [0.01013144826772805, 0.05162485461886035, 6.078962919615265, 1.0], [0.023117838827404952, 0.048041092732485025, 6.997086295064662, 1.0], [0.023117838827404313, 0.048041092732485136, 6.997086295064719, 1.0], [0.04092463196124746, 0.033631403391783166, 