{"text": "む", "text_ids": [33], "strokes": [[[0.0, 0.0, 0.0, 1.0], [-0.0063127766722584225, 2.7675963025603915e-05, 4.313750883163035, 1.0], [-0.0063127766722584225, 2.7675963025603915e-05, 4.313750883163035, 1.0], [-0.0063127766722586316, 2.7675963025604833e-05, 4.313750883163033, 1.0], [-0.006312776672258422, 2.7675963025603918e-05, 8.823757948468133, 1.0], [-0.0017213217881511048, 7.546479249517497e-06, 13.568754415815604, 1.0], [0.0062851556927592325, -0.0003407871933441829, 12.351159703940937, 1.0], [0.006177763290643026, -0.0015581867122289453, 3.347962453436736, 1.0], [0.006177763290643018, -0.0015581867122288415, 3.347962453436736, 1.0], [0.006177763290643233, -0.001558186712228946, 3.347962453436736, 1.0], [0.006177763290643019, -0.0015581867122288415, 3.347962453436736, 1.0], [0.006077920338046665, -0.0019039149336796193, 3.082240581043955, 1.0], [0.005943144227562468, -0.0023706069110303388, 2.7235476588057566, 1.0], [0.005943144227562466, -0.0023706069110303388, 2.7235476588057566, 1.0], [0.005943144227562466, -0.0023706069110303388, 2.7235476588057566, 1.0], [0.005943144227562473, -0.0023706069110304446, 2.7235476588057423, 1.0], [0.0059431442275626745, -0.0023706069110303388, 2.7235476588057566, 1.0], [0.005964342287592066, -0.0023067304289187684, 2.6492376005138425, 1.0], [0.006058542596195114, -0.00202287500446352, 2.31901726839088, 1.0], [0.006058542596195114, -0.0020228750044635237, 2.3190172683908656, 1.0], [0.006058542596195121, -0.0020228750044636243, 2.31901726839088, 1.0], [0.006058542596195121, -0.0020228750044635237, 2.31901726839088, 1.0], [0.006058542596195107, -0.002022875004463527, 2.3190172683908656, 1.0], [0.006058542596195135, -0.0020228750044635133, 2.31901726839088, 1.0], [0.006058542596194913, -0.0020228750044636312, 2.3190172683908656, 1.0], [0.005791016019614639, -0.0027270506385982454, 1.6573573273737168, 1.0], [0.005744913554565315, -0.0028484001993643107, 1.543334434040375, 1.0], [0.0057449135545651064, -0.0028484001993642205, 1.5433344340403607, 1.0], [0.005744913554565315, -0.0028484001993643177, 1.5433344340403607, 1.0], [0.005744913554565315, -0.0028484001993643177, 1.543334434040375, 1.0], [0.0057449135545651064, -0.0028484001993642205, 1.5433344340403607, 1.0], [0.005744913554565315, -0.0028484001993643177, 1.543334434040375, 1.0], [0.0057449135545651064, -0.0028484001993642136, 1.543334434040375, 1.0], [0.005744913554565301, -0.0028484001993643177, 1.5433344340403607, 1.0], [0.0057449135545653285, -0.0028484001993643177, 1.543334434040375, 1.0], [0.005611383346458193, -0.0031017222544364176, 1.5488430211705833, 1.0], [0.005470069538773048, -0.0033698106868622624, 1.5546727089496528, 1.0], [0.0054700695387728815, -0.0033698106868622762, 1.5546727089496386, 1.0], [0.0054700695387731035, -0.003369810686862179, 1.5546727089496528, 1.0], [0.005470069538773076, -0.0033698106868622762, 1.5546727089496528, 1.0], [0.0054700695387728815, -0.0033698106868622485, 1.5546727089496528, 1.0], [0.005470069538773076, -0.0033698106868622762, 1.5546727089496386, 1.0], [0.0054700695387728815, -0.0033698106868622762, 1.5546727089496528, 1.0], [0.005470069538773076, -0.0033698106868622762, 1.5546727089496528, 1.0], [0.005470069538773076, -0.003369810686862179, 1.5546727089496386, 1.0], [0.005470069538772909, -0.0033698106868622624, 1.554672708949667, 1.0], [0.005621525788576748, -0.0030824808833838507, 1.9027887101264866, 1.0], [0.005744913554565356, -0.0028484001993643177, 2.1863904482238468, 1.0], [0.005744913554565301, -0.0028484001993643177, 2.186390448223875, 1.0], [0.0057449135545651064, -0.0028484001993642205, 2.1863904482238468, 1.0], [0.005744913554565301, -0.0028484001993643177, 2.1863904482238468, 1.0], [0.0057449135545651064, -0.0028484001993642066, 2.1863904482238468, 1.0], [0.005744913554565301, -0.0028484001993643315, 2.186390448223875, 1.0], [0.0057449135545653285, -0.0028484001993642066, 2.1863904482238468, 1.0], [0.005457850408357168, -0.003373487739676398, 3.4601908670214527, 1.0], [0.005374839050370284, -0.0035253296962595715, 3.828541538171663, 1.0], [0.005374839050370783, -0.003525329696259405, 3.828541538171635, 1.0], [0.005374839050370339, -0.0035253296962594327, 3.8285415381716916, 1.0], [0.0022999808724771253, -0.005188838641604326, 10.294109547496163, 1.0], [-0.0026376260326004264, -0.0035396374467713265, 20.705575694206544, 1.0], [-0.005841449383831576, 0.0012682898730722314, 23.43204668017259, 1.0], [-0.0046196987035302395, 0.004484146297703162, 10.370960506235775, 1.0], [-0.00461969870352974, 0.004484146297703134, 3.7419210124714937, 1.0], [-0.004619698703529795, 0.004484146297703134, 0.0, 0.0]], [[0.0, 0.0, 0.0, 1.0], [-0.02170972971761312, -0.006816851517690958, 103.44295762662081, 1.0], [0.005485270756880822, 0.05242792512308103, 32.117628352404566, 1.0], [-0.0018632261647950066, 0.053360927781246376, 19.759732739520985, 1.0], [-0.0018632261647950066, 0.05336092778124646, 15.893657661859947, 1.0], [-0.0018632261647949788, 0.05336092778124636, 13.752648781324922, 1.0], [-0.0018632261647950066, 0.05336092778124636, 12.395444057406166, 1.0], [-0.0018632261647949788, 0.05336092778124636, 12.395444057406166, 1.0], [-0.0058133485767434545, 0.05319877626404833, 10.893833234204692, 1.0], [-0.005218551351397149, 0.053223192538395386, 10.49139320769973, 1.0], [-0.0018632261647950066, 0.05336092778124646, 10.329536714505167, 1.0], [-0.0018632261647950066, 0.05336092778124635, 10.947883364274077, 1.0], [-0.0025859540852633534, 0.05333125998450397, 11.36058017700961, 1.0], [-0.006685813295491269, 0.05316296180993946, 11.882443502811896, 1.0], [-0.00698863168710262, 0.05313528736683226, 11.247695923822732, 1.0], [-0.007497331967092624, 0.05308305652041906, 12.035967525626688, 1.0], [-0.007469271213813619, 0.053035718372887786, 15.010439982520893, 1.0], [-0.0018632261647949927, 0.05336092778124629, 12.962555877026034, 1.0], [-0.006721077295618008, 0.053139509409250274, 12.386310792297138, 1.0], [-0.009017952368232704, 0.05287925533730131, 16.019184721503052, 1.0], [-0.004450832943015071, 0.0531574903611618, 18.1431573843862, 1.0], [-0.0074635460867531755, 0.0529864798246612, 17.575349010470347, 1.0], [-0.010333678734261241, 0.05271495323362718, 18.807023422879695, 1.0], [-0.01537624646330131, 0.051295979415087234, 24.822530067144328, 1.0], [-0.01943100041051103, 0.0500896396924293, 28.942816526788533, 1.0], [-0.03216722156242616, 0.04253597452715674, 34.55091867214236, 1.0], [-0.05004321458804932, 0.002828982061895857, 48.61452998102595, 1.0], [-0.02385753252364603, -0.04671905072674265, 23.889821017032432, 1.0], [-0.013455065139495334, -0.050196985364732494, 20.681366093486076, 1.0], [-0.006933096028430272, -0.052596441954439244, 19.393817738991288, 1.0], [0.0044967145303056455, -0.05291412210981539, 20.465759005136874, 1.0], [0.01798939040631055, -0.05089687588899272, 18.539171876387854, 1.0], [0.020828818559843428, -0.04933229037168585, 16.371992752394704, 1.0], [0.03226926997888128, -0.04368964141701881, 17.859806573262517, 1.0], [0.03231153391920254, -0.043564788371757035, 19.638141648011242, 1.0], [0.03606267511159264, -0.03898136584376233, 27.437029266858076, 1.0], [0.04532127312228028, 0.016380532245369395, 74.06778749501268, 1.0], [0.01911844066277206, 0.04889177055227345, 35.449510478834554, 1.0], [0.009318931451631526, 0.05168829753819115, 23.338430351701845, 1.0], [0.0009356162038625937, 0.053117681197582645, 20.56963564126761, 1.0], [0.0026761192675726353, 0.0529664145779104, 18.581640357954825, 1.0], [0.002099596390071165, 0.0530626170228331, 17.118632516287562, 1.0], [0.010911240118725268, 0.051548664234430386, 18.676388595161598, 1.0], [0.019972326073603275, 0.04853937284980725, 18.082699587360594, 1.0], [0.029615515737617004, 0.04294492959397067, 18.89952342348647, 1.0], [0.036483869513512956, 0.03736041197708928, 21.787810470138766, 1.0], [0.045176477860778635, 0.02534866772319755, 21.738284735628895, 1.0], [0.050024694863505026, 0.01665230963887354, 19.598917915301286, 1.0], 