{"text": "め", "text_ids": [34], "strokes": [[[0.0, 0.0, 0.0, 1.0], [-0.014138702080107871, -0.0072562771847483505, 18.624064628119832, 1.0], [-0.004563523563413208, 0.00912134722694796, 8.638973188537893, 1.0], [0.0027462439281742725, 0.015676911303355606, 7.648643993796046, 1.0], [0.0034031783272048532, 0.015599754784179794, 7.105294902057722, 1.0], [0.004416439336893865, 0.015272818963974033, 5.96355492729414, 1.0], [0.005709037386039539, 0.01485575307536998, 4.50705867420718, 1.0], [0.005709037386039539, 0.014855753075369973, 4.50705867420718, 1.0], [0.005709037386039537, 0.014855753075369973, 4.5070586742071725, 1.0], [0.004298969580062427, 0.015320198878086971, 3.48914060418241, 1.0], [0.003596790164057251, 0.015551481573242112, 2.9822422033245033, 1.0], [0.0035967901640573917, 0.01555148157324214, 2.9822422033245033, 1.0], [0.0035967901640572494, 0.015551481573242099, 2.9822422033245033, 1.0], [0.0035967901640573882, 0.015551481573242126, 2.9822422033245033, 1.0], [0.00359679016405726, 0.015551481573242043, 2.9822422033245033, 1.0], [0.003266104299487607, 0.015632297251386512, 2.172398674961542, 1.0], [0.003254875372566454, 0.01563504146709438, 2.1448992418988837, 1.0], [0.0032548753725664473, 0.015635041467094463, 2.1448992418988695, 1.0], [0.003254875372566725, 0.015635041467094435, 2.1448992418988837, 1.0], [0.003254875372566461, 0.015635041467094463, 2.1448992418988837, 1.0], [0.0032548753725664473, 0.01563504146709438, 2.1448992418988837, 1.0], [0.003254875372566454, 0.01563504146709449, 2.1448992418988837, 1.0], [0.003399405710274403, 0.015599995899911623, 2.1224212683739694, 1.0], [0.003539607640596111, 0.015565999880486514, 2.1006164671959198, 1.0], [0.0035396076405963747, 0.015565999880486348, 2.1006164671959056, 1.0], [0.003539607640596118, 0.015565999880486514, 2.1006164671959056, 1.0], [0.0035396076405960902, 0.015565999880486459, 2.1006164671959198, 1.0], [0.0035396076405963955, 0.015565999880486348, 2.1006164671959056, 1.0], [0.003539607640596104, 0.015565999880486514, 2.1006164671959056, 1.0], [0.003539607640596104, 0.015565999880486459, 2.1006164671959198, 1.0], [0.004655723124792774, 0.015179214446220723, 2.0957045087525046, 1.0], [0.006230738609797934, 0.014633399020335947, 2.0887729584607655, 1.0], [0.00623073860979817, 0.014633399020336058, 2.0887729584607797, 1.0], [0.006230738609798184, 0.014633399020336058, 2.0887729584607797, 1.0], [0.006230738609797906, 0.014633399020335891, 2.0887729584607797, 1.0], [0.006230738609798198, 0.014633399020336113, 2.0887729584607655, 1.0], [0.00623073860979817, 0.014633399020336113, 2.088772958460794, 1.0], [0.006230738609798198, 0.01463339902033578, 2.0887729584607655, 1.0], [0.007813449598032207, 0.013785505044408675, 2.366155727873206, 1.0], [0.00832776987292616, 0.01350997207217175, 2.4562944728971274, 1.0], [0.00832776987292591, 0.01350997207217175, 2.456294472897099, 1.0], [0.00832776987292616, 0.01350997207217175, 2.456294472897156, 1.0], [0.008327769872926188, 0.01350997207217186, 2.4562944728971274, 1.0], [0.008327769872926133, 0.01350997207217186, 2.4562944728971274, 1.0], [0.00832776987292616, 0.01350997207217175, 2.4562944728971274, 1.0], [0.010212180959150524, 0.012081664693894711, 2.7892031116923874, 1.0], [0.010587947786782764, 0.011796848638447432, 2.855587789646137, 1.0], [0.010587947786782487, 0.011796848638447432, 2.8555877896461084, 1.0], [0.01058794778678282, 0.011796848638447432, 2.855587789646165, 1.0], [0.010587947786782737, 0.011796848638447655, 2.855587789646137, 1.0], [0.010587947786782792, 0.011796848638447432, 2.855587789646137, 1.0], [0.013075216199109119, 0.008882863106848493, 3.522212049706468, 1.0], [0.01341277006389291, 0.008487398317748918, 3.6126814153072075, 1.0], [0.01341277006389291, 0.008487398317748807, 3.6126814153072075, 1.0], [0.013412770063892576, 0.008487398317748807, 3.612681415307179, 1.0], [0.013962823010290504, 0.007478385676441102, 4.016636792374641, 1.0], [0.0146306145941979, 0.006253394238190713, 4.507058674207201, 1.0], [0.014630614594197955, 0.0062533942381904906, 4.5070586742071725, 1.0], [0.0146306145941979, 0.0062533942381904906, 4.5070586742071725, 1.0], [0.015476062026799353, 0.0034125671725455664, 6.383547492823425, 1.0], [0.015874285797224275, 0.0020744770422986836, 7.2674137436326305, 1.0], [0.01524731726327988, -0.0014218273223549627, 8.013276167226223, 1.0], [0.014033459122335834, -0.00819093499918544, 9.457321802511728, 1.0], [0.009883329726853518, -0.012171516844088792, 20.321601891692495, 0.0]], [[0.0, 0.0, 0.0, 1.0], [-0.009720968830898125, 0.012638454250975352, 37.910986001074555, 1.0], [-0.004117575645174398, 0.052054270341332455, 18.108682352686365, 1.0], [-0.0100285352390454, 0.05120133850314036, 11.763232190294005, 1.0], [-0.015316635967719872, 0.05025289577951597, 8.345829731723825, 1.0], [-0.016239473644340363, 0.049971505704045016, 7.406774868012079, 1.0], [-0.017533275226349287, 0.049577001953245325, 6.090237085644134, 1.0], [-0.017533275226349343, 0.04957700195324538, 6.090237085644134, 1.0], [-0.01937021963078822, 0.04892111750516076, 5.678616038107805, 1.0], [-0.019860974606363713, 0.048745892519841516, 5.5686480517920245, 1.0], [-0.01986097460636399, 0.04874589251984135, 5.5686480517920245, 1.0], [-0.02396295236457535, 0.046876360869207656, 5.507862183660734, 1.0], [-0.025431575841654508, 0.04620701592510912, 5.486099132207457, 1.0], [-0.025431575841654203, 0.04620701592510912, 5.486099132207457, 1.0], [-0.029024249309824945, 0.044059330592446266, 7.529524612719143, 1.0], [-0.02981342091937142, 0.04358756706987954, 7.978386272352537, 1.0], [-0.032820274983796416, 0.04133104801661802, 8.842026057453552, 1.0], [-0.03417659961842181, 0.04031318272789308, 9.231594653360617, 1.0], [-0.04410794482605787, 0.02822260692511558, 12.335393937981024, 1.0], [-0.04936901796616787, 0.015745223291453225, 15.398247798535294, 1.0], [-0.04500998118031289, -0.015606339730101726, 18.243793899660005, 1.0], [-0.023909512023571028, -0.04385601456246291, 14.620525856320654, 1.0], [-0.008325156003006096, -0.05037265465965002, 11.783832181425794, 1.0], [0.0016480926111360622, -0.05216202660678404, 10.573011069081389, 1.0], [0.01158705037770677, -0.05099131177115834, 8.729012467802676, 1.0], [0.013168897583889227, -0.05080498519291288, 8.435528572997498, 1.0], [0.023029337180612605, -0.047185892401881535, 6.508822224169194, 1.0], [0.024804859523428494, -0.04653421961912496, 6.161889398625874, 1.0], [0.027277574099278012, -0.04487004808347894, 6.1443129285747204, 1.0], [0.034663986571930414, -0.039898889055429376, 6.091809069504791, 1.0], [0.03466398657193056, -0.03989888905542932, 6.091809069504791, 1.0], [0.03758250822578152, -0.03688213201632662, 5.970862595203641, 1.0], [0.041006224969989444, -0.033343175375606215, 5.828980327970385, 1.0], [0.0410062249699894, -0.033343175375606326, 5.8289803279704415, 1.0], [0.04431661539478163, -0.0281132840253957, 5.642552354203872, 1.0], [0.04709474593796653, -0.023724278792434023, 5.486099132207414, 1.0], [0.04709474593796653, -0.023724278792434023, 5.486099132207471, 1.0], [0.0491346377269648, -0.018303235128398126, 6.433237395781191, 1.0], [0.05034687528694465, -0.015081695251001337, 6.9960891037935085, 1.0], [0.050667292873015024, -0.013329486738175522, 7.168237049644915, 1.0], [0.05197073083592968, -0.006201616128550608, 7.868523730573656, 1.0], [0.05193276562445137, -0.005604252892584594, 7.8873097240776815, 1.0], [0.05093940648696138, 0.010025746407785335, 8.378844936903874, 1.0], [0.05014058323026693, 0.012033981850245096, 8.631829348756241, 1.0], [0.044661373687224226, 0.025808671944437506, 10.367075026753128, 1.0], [0.03870432477822516, 0.03272329217190065, 10.761194629220654, 1.0], [0.032440137270565605, 0.039994422275206054, 11.175634585651267, 1.0], [0.01238306289732749, 0.05015854898275801, 9.186374220476125, 1.0], [0.008387687042287428, 0.05084883740591145, 8.937288073845536, 1.0], [-0.003912620873225192, 0.05210104958012546, 8.266720555518305, 1.0], [-0.005653383518765542, 