{"text": "め", "text_ids": [34], "strokes": [[[0.0, 0.0, 0.0, 1.0], [0.002712350676695264, 0.0041331340110132, 12.997416070712239, 1.0], [0.005512209635641942, 0.017170415464925228, 1.5857644761267906, 1.0], [0.0036412257037020303, 0.01765180642200721, 1.98319710864895, 1.0], [0.0029740749959595164, 0.01782345958921805, 2.1249126293121137, 1.0], [0.0029740749959591504, 0.01782345958921818, 2.12491262931211, 1.0], [0.0029740749959595164, 0.017823459589218063, 2.1249126293121137, 1.0], [0.0029740749959591417, 0.01782345958921809, 2.12491262931211, 1.0], [0.0029740749959595164, 0.01782345958921805, 2.12491262931211, 1.0], [0.0029740749959591382, 0.017823459589218077, 2.1249126293121137, 1.0], [0.0030283502612812874, 0.01781347922159951, 1.570341936526681, 1.0], [0.003054122825998616, 0.017808740052314503, 1.3070045030677377, 1.0], [0.003054122825998977, 0.017808740052314392, 1.3070045030677377, 1.0], [0.0030541228259986022, 0.01780874005231442, 1.3070045030677377, 1.0], [0.0030541228259986022, 0.017808740052314448, 1.3070045030677377, 1.0], [0.003054122825998616, 0.01780874005231453, 1.3070045030677448, 1.0], [0.003054122825998984, 0.01780874005231442, 1.3070045030677377, 1.0], [0.0030541228259986022, 0.01780874005231442, 1.3070045030677377, 1.0], [0.003054122825998609, 0.01780874005231453, 1.3070045030677377, 1.0], [0.003054122825998609, 0.017808740052314476, 1.3070045030677377, 1.0], [0.00305412282599897, 0.017808740052314365, 1.3070045030677377, 1.0], [0.003054122825998623, 0.01780874005231453, 1.3070045030677448, 1.0], [0.0030541228259985953, 0.017808740052314365, 1.3070045030677306, 1.0], [0.004269047590679323, 0.017517353441834083, 1.409156674695879, 1.0], [0.004864216943865282, 0.01737460848714356, 1.4591991494909564, 1.0], [0.004864216943865296, 0.017374608487143506, 1.4591991494909422, 1.0], [0.004864216943865296, 0.017374608487143506, 1.4591991494909564, 1.0], [0.00486421694386531, 0.017374608487143728, 1.4591991494909564, 1.0], [0.004864216943865282, 0.017374608487143506, 1.4591991494909493, 1.0], [0.004864216943865296, 0.01737460848714356, 1.4591991494909493, 1.0], [0.004864216943865296, 0.01737460848714356, 1.4591991494909564, 1.0], [0.004864216943865296, 0.01737460848714345, 1.4591991494909493, 1.0], [0.00486421694386531, 0.017374608487143672, 1.4591991494909493, 1.0], [0.004864216943865282, 0.01737460848714356, 1.4591991494909564, 1.0], [0.004930832157721471, 0.01734796278343964, 1.4696439142313977, 1.0], [0.008041186622657598, 0.01610383882602373, 1.9573241116676598, 1.0], [0.008041186622657598, 0.01610383882602373, 1.957324111667674, 1.0], [0.008041186622657598, 0.01610383882602373, 1.9573241116676598, 1.0], [0.00804118662265721, 0.01610383882602373, 1.957324111667674, 1.0], [0.008041186622657598, 0.01610383882602373, 1.9573241116676598, 1.0], [0.008041186622657598, 0.01610383882602373, 1.9573241116676598, 1.0], [0.008041186622657626, 0.01610383882602373, 1.957324111667674, 1.0], [0.008041186622657598, 0.016103838826023842, 1.9573241116676598, 1.0], [0.008888692151051175, 0.015578192904688093, 2.0888340715340377, 1.0], [0.0105662213421919, 0.014537743789369784, 2.349141278048336, 1.0], [0.010566221342192317, 0.014537743789369895, 2.3491412780483216, 1.0], [0.0105662213421919, 0.014537743789369673, 2.3491412780483216, 1.0], [0.010566221342192289, 0.014537743789369784, 2.349141278048336, 1.0], [0.0105662213421919, 0.014537743789369895, 2.349141278048336, 1.0], [0.010566221342191928, 0.014537743789369895, 2.349141278048336, 1.0], [0.01018553486110002, 0.014804918688951174, 2.908442707877313, 1.0], [0.009840608978706589, 0.015046995942987973, 3.4152049618305114, 1.0], [0.009840608978706589, 0.015046995942987973, 3.4152049618305114, 1.0], [0.009840608978706256, 0.015046995942987973, 3.4152049618305114, 1.0], [0.009840608978706589, 0.015046995942987973, 3.4152049618305114, 1.0], [0.01308744036874887, 0.011509942632334513, 4.4604647529928485, 1.0], [0.015777375124182813, 0.00857956483035538, 5.326441547885253, 1.0], [0.01577737512418287, 0.008579564830355602, 5.3264415478853095, 1.0], [0.015192620555372294, 0.001457649914576864, 5.0581164978001425, 1.0], [0.014131468561736471, -0.011466463233873014, 4.571188003304798, 1.0], [0.014131468561736527, -0.011466463233872903, 4.571188003304798, 1.0], [0.014131468561736527, -0.011466463233873014, 4.571188003304798, 1.0], [0.00985830594525533, -0.015129108464739027, 8.49843642452322, 1.0], [0.009134166450649683, -0.01574978834623253, 9.16395654209714, 0.0]], [[0.0, 0.0, 0.0, 1.0], [-0.03757132418449599, -0.03556937382088324, 12.781393986510974, 1.0], [-0.022766276165819443, 0.020520386512774616, 7.960588685809334, 1.0], [-0.01203059026747949, 0.0512030668812841, 9.951298187803456, 1.0], [-0.010835203960772477, 0.051457549377543696, 5.244389729279604, 1.0], [-0.010835203960772144, 0.05145754937754375, 5.244389729279611, 1.0], [-0.010835203960772144, 0.051457549377543765, 5.244389729279611, 1.0], [-0.01373393016862362, 0.05078347183880777, 3.793401111289967, 1.0], [-0.014089875642407879, 0.05070069932712898, 3.615228771423034, 1.0], [-0.014089875642408267, 0.05070069932712906, 3.615228771423041, 1.0], [-0.014089875642408378, 0.05070069932712895, 3.615228771423034, 1.0], [-0.016631284711769223, 0.04986775226663798, 4.19430590940069, 1.0], [-0.01955629622001398, 0.04890907947087764, 4.8607894413774915, 1.0], [-0.01955629622001359, 0.04890907947087736, 4.860789441377477, 1.0], [-0.019556296220013536, 0.0489090794708778, 4.860789441377477, 1.0], [-0.026849642430925635, 0.04534643222754331, 4.503236074856673, 1.0], [-0.027094338235191112, 0.04522690343961633, 4.491239961404972, 1.0], [-0.02709433823519075, 0.04522690343961644, 4.491239961404972, 1.0], [-0.029307447874478643, 0.043709968930763954, 4.672039228117399, 1.0], [-0.03255815921003394, 0.04148182979310766, 4.9376050253689385, 1.0], [-0.032558159210034354, 0.04148182979310744, 4.9376050253689385, 1.0], [-0.032558159210034326, 0.04148182979310766, 4.937605025368953, 1.0], [-0.03620167909377963, 0.038321586031057286, 5.9831959382131, 1.0], [-0.03634527422993879, 0.038197037339740336, 6.024403829013025, 1.0], [-0.03811351932657206, 0.035512888688431166, 6.595225284822405, 1.0], [-0.048955127505620484, 0.019055618128352103, 10.095092229661475, 1.0], [-0.038635074953821416, -0.01499276128220961, 11.645108453044855, 1.0], [-0.024591137758505577, -0.04456622558194945, 11.8017903406882, 1.0], [-0.005890133446107448, -0.05202944627907646, 8.2921082411155, 1.0], [-0.002091832643826036, -0.05175975316509007, 7.643290346565124, 1.0], [0.014537693652377698, -0.050578996567758217, 4.802669026528406, 1.0], [0.014537693652378059, -0.05057899656775855, 4.802669026528434, 1.0], [0.014537693652377712, -0.05057899656775844, 4.802669026528434, 1.0], [0.020631292462588505, -0.048399637077668145, 4.587348014659881, 1.0], [0.021669241377498497, -0.048028417394785916, 4.550671459870642, 1.0], [0.021669241377498115, -0.048028417394785694, 4.550671459870642, 1.0], [0.023188801480852686, -0.04706417485947134, 4.540177914432263, 1.0], [0.034466154817600354, -0.039908088207116055, 4.462300494906259, 1.0], [0.0344661548176, -0.03990808820711583, 4.462300494906202, 1.0], [0.034466154817600354, -0.039908088207116055, 4.462300494906259, 1.0], [0.03669431362689929, -0.03753595574457069, 4.312834344698473, 1.0], [0.04167585493160733, -0.03223252952867811, 3.9786697430514266, 1.0], [0.04167585493160694, -0.03223252952867814, 3.978669743051398, 1.0], [0.041675854931607, -0.03223252952867786, 3.978669743051398, 1.0], [0.04430078582398311, -0.02671177319332574, 4.412009004034189, 1.0], [0.050802699377237526, -0.013036944440577625, 5.4853837059450825, 1.0], [0.05080269937723719, -0.013036944440577458, 5.485383705945054, 1.0], [0.05025499567535069, -0.006749202789289949, 5.590495473645888, 1.0], [0.0478964994013415, 0.02032677863168242, 6.043122891760106, 1.0], [0.04789649940134144, 0.020326778631682307, 6.043122891760163, 1.0], [0.04373293276655543, 0.02648209395989118, 5.711011395657067, 