{"text": "め", "text_ids": [34], "strokes": [[[0.0, 0.0, 0.0, 1.0], [-0.007499447542725745, -0.01741494516724124, 15.47258217531761, 1.0], [-0.006621960625647815, -0.0035507759165810636, 3.080468255868899, 1.0], [-0.0012894963536093373, 0.018807782317875325, 4.206922055863803, 1.0], [-0.0012894963536093408, 0.018807782317875325, 4.2069220558638065, 1.0], [0.0003062500921259745, 0.01884523619130126, 3.265829202933862, 1.0], [0.0017987038753811708, 0.018880265675616743, 2.38565328745322, 1.0], [0.0017987038753815871, 0.01888026567561668, 2.3856532874532093, 1.0], [0.0017987038753811743, 0.018880265675616736, 2.3856532874532164, 1.0], [0.0017987038753811656, 0.018880265675616736, 2.3856532874532164, 1.0], [0.0017987038753815654, 0.018880265675616584, 2.3856532874532164, 1.0], [0.0017987038753811734, 0.018880265675616736, 2.3856532874532164, 1.0], [0.0030880702365716902, 0.018753860720414767, 1.6241335200982547, 1.0], [0.0033905820822550314, 0.01872420352021742, 1.4454653329321587, 1.0], [0.003390582082254995, 0.018724203520217253, 1.4454653329321516, 1.0], [0.003390582082255454, 0.018724203520217392, 1.4454653329321516, 1.0], [0.0033905820822549898, 0.018724203520217197, 1.4454653329321587, 1.0], [0.0033905820822550305, 0.01872420352021742, 1.4454653329321516, 1.0], [0.0033905820822550062, 0.01872420352021731, 1.4454653329321587, 1.0], [0.0033905820822550323, 0.01872420352021742, 1.4454653329321516, 1.0], [0.0033905820822554555, 0.018724203520217364, 1.4454653329321516, 1.0], [0.003390582082254987, 0.018724203520217253, 1.4454653329321587, 1.0], [0.003390582082254994, 0.018724203520217253, 1.4454653329321516, 1.0], [0.0036831553675032228, 0.018631772113555656, 1.4527983852117643, 1.0], [0.009355750952966306, 0.016839653639911967, 1.5949762329055872, 1.0], [0.009355750952966785, 0.016839653639912078, 1.5949762329055872, 1.0], [0.009355750952966299, 0.016839653639911967, 1.5949762329055943, 1.0], [0.009355750952966313, 0.016839653639911967, 1.59497623290558, 1.0], [0.00935575095296673, 0.01683965363991191, 1.59497623290558, 1.0], [0.009355750952966368, 0.01683965363991219, 1.5949762329055943, 1.0], [0.009355750952966715, 0.016839653639911856, 1.5949762329055943, 1.0], [0.009355750952966355, 0.01683965363991219, 1.5949762329055943, 1.0], [0.009355750952966743, 0.01683965363991191, 1.59497623290558, 1.0], [0.009355750952966285, 0.01683965363991191, 1.59497623290558, 1.0], [0.011538927240726804, 0.015102583591222185, 1.745682398894985, 1.0], [0.014945313157564005, 0.012392252325904574, 1.9808275698483726, 1.0], [0.014945313157564394, 0.012392252325904352, 1.9808275698483726, 1.0], [0.014945313157564005, 0.012392252325904463, 1.9808275698483726, 1.0], [0.014945313157563977, 0.012392252325904463, 1.9808275698483726, 1.0], [0.014945313157564394, 0.012392252325904352, 1.9808275698483726, 1.0], [0.014945313157564005, 0.012392252325904463, 1.9808275698483726, 1.0], [0.014945313157564005, 0.012392252325904463, 1.9808275698483584, 1.0], [0.015745473643294927, 0.011134543251836826, 2.0909708553112694, 1.0], [0.01750052080271597, 0.008375923228498672, 2.3325557170087166, 1.0], [0.017500520802715913, 0.00837592322849845, 2.3325557170087166, 1.0], [0.017500520802716413, 0.00837592322849856, 2.3325557170087308, 1.0], [0.01750052080271597, 0.00837592322849845, 2.3325557170087166, 1.0], [0.017500520802716357, 0.00837592322849845, 2.3325557170087308, 1.0], [0.01750052080271597, 0.008375923228498672, 2.3325557170087166, 1.0], [0.017495900763880412, 0.008385595844763727, 2.3403790157565965, 1.0], [0.017315761716427847, 0.008762738968938866, 2.6454157555768205, 1.0], [0.017315761716427847, 0.008762738968938977, 2.6454157555768063, 1.0], [0.017315761716428235, 0.008762738968938755, 2.645415755576792, 1.0], [0.01731576171642779, 0.008762738968938644, 2.6454157555768063, 1.0], [0.017315761716427847, 0.008762738968938977, 2.645415755576792, 1.0], [0.01731576171642779, 0.008762738968938866, 2.645415755576792, 1.0], [0.018427142408388275, 0.003583101425656876, 3.2484318273453994, 1.0], [0.01917179138182512, 0.00011263283889828557, 3.652465568489731, 1.0], [0.01917179138182501, 0.00011263283889817455, 3.6524655684896743, 1.0], [0.01917179138182501, 0.00011263283889817455, 3.6524655684897027, 1.0], [0.018462720966172075, -0.0020841129402280334, 4.613491046400753, 1.0], [0.01592203885189425, -0.00995530963301483, 8.056957575525473, 1.0], [0.01532678093048745, -0.010553581697775427, 7.185077716589973, 1.0], [0.010421317886590842, -0.01548388400595846, 0.0, 0.0]], [[0.4750390800508752, -0.06015513977128102, 0.0, 1.0], [-0.03835192088036704, -0.013136310271499196, 13.828999564950951, 1.0], [-0.029780558392719703, 0.04242544557663568, 3.240152659635484, 1.0], [-0.01695861774811086, 0.04967929439891363, 5.0811142006840235, 1.0], [-0.016958617748110527, 0.04967929439891357, 5.081114200684027, 1.0], [-0.013048179745792698, 0.0507587790871198, 4.756753113683185, 1.0], [-0.00836643330921355, 0.05205118510131976, 4.368413914255715, 1.0], [-0.00836643330921405, 0.05205118510131981, 4.3684139142557115, 1.0], [-0.00836643330921405, 0.05205118510131965, 4.368413914255719, 1.0], [-0.005984712246823454, 0.05241317410695501, 4.341883555168103, 1.0], [-0.004140099633824612, 0.05269352997906174, 4.321336130126127, 1.0], [-0.004140099633824668, 0.05269352997906168, 4.321336130126127, 1.0], [-0.004140099633824612, 0.052693529979061904, 4.321336130126127, 1.0], [-0.0052762480230463815, 0.052546558320271164, 5.061750232387666, 1.0], [-0.005944728268140631, 0.05246008400809299, 5.497390686791732, 1.0], [-0.005944728268140909, 0.05246008400809321, 5.497390686791732, 1.0], [-0.011329427978895135, 0.05115419071727467, 5.895749392963793, 1.0], [-0.015968397873056484, 0.05002915125611529, 6.238939198203667, 1.0], [-0.015968397873056095, 0.05002915125611529, 6.238939198203653, 1.0], [-0.03092334629828697, 0.04215141331191441, 8.132524539221734, 1.0], [-0.031343708723911234, 0.041929981252338155, 8.185750542043223, 1.0], [-0.04722879162299398, 0.022210541040616483, 8.466557817264416, 1.0], [-0.04907496516804638, 0.019918736265443493, 8.499193401608835, 1.0], [-0.05325377732502373, 0.002493330293632967, 9.318977930374132, 1.0], [-0.052584577358833234, -0.004723062268724987, 9.24723324304665, 1.0], [-0.047848482615295174, -0.025977075823311768, 8.562073618199378, 1.0], [-0.042917286610424946, -0.030640012191317623, 8.409685061939058, 1.0], [-0.024441789376467307, -0.04811043273110749, 7.838737497313247, 1.0], [-0.0234742044805617, -0.04831706959875404, 7.805040536820798, 1.0], [-0.0013810086484227768, -0.05303527965182209, 7.035626348714771, 1.0], [-0.0013810086484227213, -0.053035279651821865, 7.035626348714743, 1.0], [0.01791602682797494, -0.04816153785850097, 5.493339909465021, 1.0], [0.023751297761426607, -0.04668775688014781, 5.026964686129929, 1.0], [0.023751297761426565, -0.046687756880148035, 5.026964686129901, 1.0], [0.02754475916017731, -0.044176217816490726, 4.738995080447836, 1.0], [0.0335775035551373, -0.040182115434430954, 4.281036809099675, 1.0], [0.03357750355513728, -0.0401821154344309, 4.281036809099675, 1.0], [0.033577503555137236, -0.04018211543443112, 4.281036809099675, 1.0], [0.03792652627581511, -0.03546038118541034, 4.1880164137687075, 1.0], [0.0440556902112471, -0.028805947504437157, 4.056920926589072, 1.0], [0.04405569021124711, -0.028805947504437268, 4.056920926589044, 1.0], [0.044055690211247056, -0.028805947504437407, 4.0569209265891, 1.0], [0.04731135946027834, -0.02235001129530126, 4.336146332286688, 1.0], [0.050965339682894295, -0.015104231265995638, 4.649533237413664, 1.0], [0.050965339682893906, -0.015104231265995777, 4.649533237413607, 1.0], [0.050965339682893906, -0.015104231265995832, 4.649533237413721, 1.0], [0.05293472790153686, -0.006558193524107331, 5.155944574993839, 1.0], [0.053382074741043395, -0.004616959724723146, 5.270975988918451, 1.0], [0.053382074741043506, -0.004616959724723119, 5.270975988918394, 1.0], [0.05317222442744751, 0.004521682176399311, 5.298116135297391, 