{"text": "め", "text_ids": [34], "strokes": [[[0.0, 0.0, 0.0, 1.0], [-0.0007626665944481588, -0.00914995129758346, 12.56088068424192, 1.0], [0.0016736583165111534, 0.020079405858798915, 2.0608806842419174, 1.0], [0.0016736583165111536, 0.020079405858798915, 1.724352273696768, 1.0], [0.001673658316511153, 0.02007940585879891, 1.6487045473935353, 1.0], [0.001673658316511153, 0.02007940585879891, 1.6487045473935353, 1.0], [0.0016736583165111538, 0.020079405858798915, 1.6487045473935318, 1.0], [0.0016736583165111452, 0.02007940585879882, 1.6487045473935353, 1.0], [0.0016736583165111625, 0.020079405858799013, 1.6487045473935353, 1.0], [0.0016736583165111452, 0.020079405858798832, 1.6487045473935353, 1.0], [0.0016736583165111625, 0.020079405858799027, 1.6487045473935353, 1.0], [0.0016736583165111452, 0.020079405858798804, 1.6487045473935318, 1.0], [0.003046527976855312, 0.019768630520662134, 1.2789076609424335, 1.0], [0.0035846277295715767, 0.019646821336999576, 1.1339648314063488, 1.0], [0.0035846277295719722, 0.01964682133699941, 1.1339648314063524, 1.0], [0.0035846277295715663, 0.01964682133699952, 1.1339648314063453, 1.0], [0.0035846277295715594, 0.01964682133699941, 1.1339648314063524, 1.0], [0.0035846277295715837, 0.019646821336999742, 1.1339648314063453, 1.0], [0.003584627729571563, 0.019646821336999465, 1.1339648314063524, 1.0], [0.0035846277295715698, 0.019646821336999465, 1.1339648314063524, 1.0], [0.0035846277295715837, 0.019646821336999687, 1.1339648314063453, 1.0], [0.0035846277295719722, 0.01964682133699941, 1.1339648314063453, 1.0], [0.0035846277295715698, 0.01964682133699952, 1.1339648314063524, 1.0], [0.003584627729571563, 0.019646821336999465, 1.1339648314063453, 1.0], [0.003584627729571563, 0.019646821336999465, 1.1339648314063524, 1.0], [0.003584627729571563, 0.019646821336999465, 1.1339648314063453, 1.0], [0.0035846277295715767, 0.019646821336999576, 1.1339648314063453, 1.0], [0.007210385139233888, 0.018116194672859187, 1.4044189149709325, 1.0], [0.008573501602190503, 0.017540750105340286, 1.5060970947626515, 1.0], [0.008573501602190503, 0.017540750105340397, 1.5060970947626515, 1.0], [0.008573501602190503, 0.017540750105340286, 1.5060970947626515, 1.0], [0.008573501602190503, 0.017540750105340508, 1.5060970947626515, 1.0], [0.008573501602190503, 0.017540750105340286, 1.5060970947626515, 1.0], [0.00857350160219092, 0.017540750105340508, 1.5060970947626515, 1.0], [0.008573501602190503, 0.017540750105340397, 1.5060970947626515, 1.0], [0.008573501602190503, 0.017540750105340286, 1.5060970947626515, 1.0], [0.00857350160219053, 0.017540750105340508, 1.5060970947626515, 1.0], [0.008573501602190503, 0.017540750105340286, 1.5060970947626515, 1.0], [0.010234548677765909, 0.016326984192888694, 1.7372680499072857, 1.0], [0.012354487860165714, 0.014777895094870819, 2.0323038576518115, 1.0], [0.012354487860165714, 0.014777895094870708, 2.0323038576518115, 1.0], [0.012354487860166102, 0.014777895094870708, 2.0323038576517973, 1.0], [0.012354487860165686, 0.014777895094870708, 2.0323038576517973, 1.0], [0.01235448786016613, 0.01477789509487093, 2.0323038576518115, 1.0], [0.012354487860165686, 0.014777895094870708, 2.0323038576518115, 1.0], [0.012354487860165714, 0.014777895094870708, 2.0323038576517973, 1.0], [0.013619345014242445, 0.01346006100994468, 2.5065989539379814, 1.0], [0.01458733470366902, 0.01245152830530527, 2.869574932269714, 1.0], [0.014587334703668964, 0.012451528305304937, 2.8695749322696855, 1.0], [0.014587334703669408, 0.012451528305305049, 2.869574932269714, 1.0], [0.01458733470366902, 0.01245152830530516, 2.8695749322696855, 1.0], [0.014587334703669408, 0.01245152830530516, 2.869574932269728, 1.0], [0.015657083403919025, 0.010994388569043334, 4.867918976211399, 1.0], [0.016252948418707003, 0.010182741319281319, 5.9810246084176555, 1.0], [0.01625294841870656, 0.010182741319281208, 5.981024608417613, 1.0], [0.017989681454918305, 0.006732097554579819, 16.924842253739698, 1.0], [0.006414572473203373, -0.01947073648512654, 6.320741671085102, 1.0], [0.0062462520733949645, -0.01982588996748791, 6.133756200472419, 1.0], [0.005585840001139986, -0.019932669428248784, 6.033108222577681, 1.0], [0.0031692734013314405, -0.020323394687917884, 5.664819161949794, 1.0], [0.0031692734013318846, -0.020323394687917662, 5.664819161949737, 1.0], [0.0028335569531479643, -0.020335053469400455, 4.454521281864828, 1.0], [0.001597947036188263, -0.020377963806672228, 0.0, 1.0], [0.0015979470361887071, -0.02037796380667245, 0.0, 0.0]], [[0.0, 0.0, 0.0, 1.0], [-0.045309179092288876, 0.0050069295287475165, 14.133119682050443, 1.0], [-0.03808790858394412, 0.03787244468973628, 3.932737554669627, 1.0], [-0.02627802266701995, 0.049814041690112165, 4.490836430248315, 1.0], [-0.026278022667019896, 0.049814041690112165, 4.490836430248315, 1.0], [-0.023573657677640525, 0.05085505646554278, 4.251482507460974, 1.0], [-0.018383375586387696, 0.05285299696797757, 3.7921087233035387, 1.0], [-0.01838337558638775, 0.05285299696797721, 3.792108723303535, 1.0], [-0.018383375586387307, 0.05285299696797735, 3.792108723303542, 1.0], [-0.018383375586387807, 0.052852996967977406, 3.792108723303535, 1.0], [-0.01953943372469885, 0.05250315649104936, 3.560571205107294, 1.0], [-0.01972831270474179, 0.05244599888775042, 3.522742164482601, 1.0], [-0.01972831270474218, 0.05244599888775042, 3.522742164482608, 1.0], [-0.01972831270474218, 0.05244599888775048, 3.522742164482601, 1.0], [-0.022047005617241128, 0.05149043501627859, 3.759638152518633, 1.0], [-0.02702791015735556, 0.04943773868891066, 4.268526714683503, 1.0], [-0.027027910157355534, 0.04943773868891055, 4.268526714683489, 1.0], [-0.027027910157355145, 0.049437738688910327, 4.268526714683475, 1.0], [-0.02995226099078027, 0.04749978854660075, 4.888282609626643, 1.0], [-0.035757109552126604, 0.04365294945774345, 6.118500637514202, 1.0], [-0.03575710955212659, 0.04365294945774345, 6.118500637514188, 1.0], [-0.0440948400483952, 0.031179860202960707, 7.642162262913317, 1.0], [-0.050738223740974614, 0.021241482152914215, 8.856193922933599, 1.0], [-0.046197925746700536, -0.013999304942403201, 10.47185676404419, 1.0], [-0.03958319600526332, -0.030504677788944168, 10.64394790151762, 1.0], [-0.019917835256413413, -0.048827997539696355, 9.229967957421792, 1.0], [-0.012157497330117312, -0.0509534438719651, 8.244696791481175, 1.0], [0.0013945694047740875, -0.05466516246075659, 6.524093807486594, 1.0], [0.0013945694047739765, -0.05466516246075648, 6.524093807486565, 1.0], [0.020585265921135354, -0.0517707377386083, 5.308277763913935, 1.0], [0.022444496971819466, -0.05149032038571533, 5.190487201273129, 1.0], [0.02244449697181994, -0.05149032038571533, 5.190487201273129, 1.0], [0.03130425552502912, -0.04617284860360282, 4.7083897928973215, 1.0], [0.036365024873751595, -0.043135463550049824, 4.433011657843906, 1.0], [0.036365024873751595, -0.043135463550049824, 4.433011657843906, 1.0], [0.03636502487375159, -0.043135463550049824, 4.433011657843906, 1.0], [0.04238936992506284, -0.036524721492543544, 3.816479554006861, 1.0], [0.04388053739772957, -0.034888406931808835, 3.663873318595904, 1.0], [0.04388053739772993, -0.034888406931809, 3.6638733185959325, 1.0], [0.043880537397729985, -0.03488840693180911, 3.6638733185959325, 1.0], [0.04635653459504993, -0.03035540468818626, 3.8135349524139315, 1.0], [0.04957739816232429, -0.02445871716662537, 4.0082200289177194, 1.0], [0.04957739816232398, -0.02445871716662526, 4.008220028917663, 1.0], [0.049577398162324704, -0.024458717166625427, 4.0082200289177194, 1.0], [0.05028890792384272, -0.020228916077032866, 4.2368004026237145, 1.0], [0.05325748066554037, -0.002581270329261892, 5.190487201273157, 1.0], [0.053257480665540424, -0.0025812703292617534, 5.190487201273157, 1.0], [0.05325748066554048, -0.002581270329261892, 5.1904872012731005, 1.0], [0.04722311375887511, 0.020130793929258067, 5.439565962689102, 1.0], [0.04668494321550387, 0.022156352559044662, 5.461779867552167, 1.0], [0.046684943215504204, 