{"text": "も", "text_ids": [35], "strokes": [[[0.0, 0.0, 0.0, 1.0], [-0.0009454034642652893, -0.026650551699358455, 11.638661072128293, 1.0], [-0.0015876699017147895, -0.002481681246527482, 10.343432277254305, 1.0], [-0.0023618645365937998, 0.026651726237722263, 15.398381195255308, 1.0], [-0.004420538634476489, 0.026301891533954822, 10.635938260508176, 1.0], [-0.007847422567946098, 0.025719554131962172, 2.7083409813008075, 1.0], [-0.007847422567945711, 0.025719554131962093, 2.7083409813008004, 1.0], [-0.0078474225679461, 0.025719554131962127, 2.7083409813008004, 1.0], [-0.007847422567945704, 0.0257195541319621, 2.7083409813008004, 1.0], [-0.0078474225679461, 0.02571955413196214, 2.7083409813008075, 1.0], [-0.007683510032087212, 0.025760028405784396, 2.5671163240475323, 1.0], [-0.0061813818270787455, 0.026130942979018495, 1.2729045068013534, 1.0], [-0.006181381827078378, 0.026130942979018357, 1.2729045068013534, 1.0], [-0.006181381827078364, 0.026130942979018523, 1.2729045068013534, 1.0], [-0.006181381827078378, 0.026130942979018412, 1.2729045068013392, 1.0], [-0.006181381827078752, 0.02613094297901858, 1.2729045068013534, 1.0], [-0.006181381827078364, 0.026130942979018412, 1.2729045068013534, 1.0], [-0.006181381827078364, 0.026130942979018468, 1.2729045068013534, 1.0], [-0.006181381827078364, 0.026130942979018468, 1.2729045068013392, 1.0], [-0.006181381827078752, 0.026130942979018523, 1.2729045068013534, 1.0], [-0.006181381827078364, 0.026130942979018412, 1.2729045068013534, 1.0], [-0.006181381827078378, 0.02613094297901858, 1.2729045068013392, 1.0], [-0.006181381827078378, 0.026130942979018357, 1.2729045068013534, 1.0], [-0.0036165123656465847, 0.026429530630815934, 1.5925423211628527, 1.0], [-0.001330163879323748, 0.02669569443992459, 1.8774704409077287, 1.0], [-0.0013301638793236648, 0.0266956944399247, 1.8774704409077287, 1.0], [-0.0013301638793237203, 0.02669569443992481, 1.8774704409077145, 1.0], [-0.0013301638793241088, 0.02669569443992481, 1.8774704409077145, 1.0], [-0.0013301638793237203, 0.026695694439924478, 1.8774704409077287, 1.0], [-0.0013301638793237203, 0.02669569443992481, 1.8774704409077287, 1.0], [-0.0013301638793236925, 0.0266956944399247, 1.8774704409077145, 1.0], [-0.0013301638793241366, 0.02669569443992481, 1.8774704409077287, 1.0], [0.0025318985283486473, 0.0261849070943746, 2.3731570613523445, 1.0], [0.006818165188779257, 0.02561801548603304, 2.923289299250115, 1.0], [0.006818165188779285, 0.02561801548603293, 2.9232892992501007, 1.0], [0.006818165188779257, 0.02561801548603304, 2.923289299250115, 1.0], [0.006818165188779285, 0.02561801548603293, 2.9232892992501007, 1.0], [0.00681816518877966, 0.02561801548603293, 2.9232892992501007, 1.0], [0.012326749805837811, 0.022916102005520078, 3.4543256546411953, 1.0], [0.015182210626635342, 0.021515522978214463, 3.7295966385056545, 1.0], [0.015182210626635342, 0.021515522978214352, 3.7295966385056403, 1.0], [0.015182210626635335, 0.02151552297821413, 3.7295966385056403, 1.0], [0.01907921464838537, 0.015818580817991146, 4.683335110041014, 1.0], [0.025754808435019406, 0.0060596810387392175, 6.317095449809983, 1.0], [0.02575480843501902, 0.0060596810387391065, 6.317095449809955, 1.0], [0.025461454247114258, -0.004092844602323176, 5.106115434156209, 1.0], [0.025321803447755906, -0.008925938451778359, 4.52963030401304, 1.0], [0.025321803447755906, -0.008925938451778359, 4.52963030401304, 1.0], [0.025321803447755892, -0.008925938451778248, 4.52963030401304, 1.0], [0.019341742001965714, -0.01856878404866702, 3.3458302455291573, 1.0], [0.018852808057872567, -0.01935718974862577, 3.2490419371047494, 1.0], [0.018852808057872983, -0.019357189748625547, 3.2490419371047494, 1.0], [0.018852808057872594, -0.01935718974862566, 3.2490419371047494, 1.0], [0.018852808057872983, -0.01935718974862566, 3.2490419371047494, 1.0], [0.014570870816890763, -0.022734569144430172, 3.169479421435909, 1.0], [0.014570400856517146, -0.022734939825828304, 3.1694706891198052, 1.0], [0.014570400856517535, -0.022734939825828526, 3.1694706891198052, 1.0], [0.014570400856517118, -0.022734939825828415, 3.1694706891198052, 1.0], [0.014570400856517507, -0.022734939825828415, 3.1694706891198052, 1.0], [0.013493396499239807, -0.02335604494588206, 4.539397685462404, 1.0], [0.012877579708585385, -0.023711184606279745, 5.322703751605985, 1.0], [0.012877579708585662, -0.023711184606279856, 5.322703751605985, 1.0], [0.009498823350423347, -0.025034302820399645, 2.3547778918716915, 1.0], [0.007516410807723528, -0.02581061394351747, 0.6134112982348938, 0.0]], [[-0.2525545261210139, 0.2430376910686731, 0.0, 1.0], [0.005296294958686137, -0.0030388372746644188, 2.0967271820284834, 1.0], [0.005296294958686137, -0.0030388372746644465, 2.0967271820284834, 1.0], [0.005296294958686165, -0.0030388372746644188, 2.0967271820284843, 1.0], [0.005296294958686137, -0.0030388372746644188, 2.0967271820284825, 1.0], [0.005296294958686165, -0.0030388372746643078, 2.0967271820284843, 1.0], [0.005296294958686137, -0.0030388372746644465, 2.0967271820284843, 1.0], [0.005296294958686193, -0.0030388372746644465, 2.0967271820284825, 1.0], [0.005565420580653541, -0.0018713054802294016, 1.7001072481321575, 1.0], [0.006025514753895761, 0.00012469390387406798, 1.022050215720963, 1.0], [0.006025514753895733, 0.00012469390387420676, 1.0220502157209665, 1.0], [0.006025514753895733, 0.000124693903874179, 1.0220502157209665, 1.0], [0.006025514753895733, 0.00012469390387409574, 1.022050215720963, 1.0], [0.006025514753895733, 0.00012469390387420676, 1.0220502157209665, 1.0], [0.006025514753895761, 0.000124693903874179, 1.022050215720963, 1.0], [0.006025514753895733, 0.0001246939038741235, 1.0220502157209665, 1.0], [0.006025514753895733, 0.000124693903874179, 1.022050215720963, 1.0], [0.006025514753895733, 0.00012469390387409574, 1.0220502157209665, 1.0], [0.006025514753895345, 0.00012469390387420676, 1.0220502157209665, 1.0], [0.006025514753895761, 0.00012469390387420676, 1.0220502157209665, 1.0], [0.006025514753895733, 0.00012469390387406798, 1.022050215720963, 1.0], [0.006025514753895733, 0.00012469390387420676, 1.022050215720963, 1.0], [0.006007220149809672, 0.00036294603827513594, 1.0453207835617349, 1.0], [0.005998254235939332, 0.0004797098723695048, 1.0567253433969377, 1.0], [0.005998254235939762, 0.0004797098723695048, 1.0567253433969377, 1.0], [0.005998254235939374, 0.00047970987236947704, 1.0567253433969412, 1.0], [0.005998254235939762, 0.0004797098723695048, 1.0567253433969341, 1.0], [0.00599825423593936, 0.0004797098723695048, 1.0567253433969412, 1.0], [0.005998254235939748, 0.00047970987236947704, 1.0567253433969341, 1.0], [0.00599825423593936, 0.00047970987236953255, 1.0567253433969341, 1.0], [0.005998254235939762, 0.00047970987236947704, 1.0567253433969412, 1.0], [0.005998254235939748, 0.0004797098723695048, 1.0567253433969412, 1.0], [0.00599825423593936, 0.0004797098723695048, 1.0567253433969341, 1.0], [0.005998254235939748, 0.0004797098723694493, 1.0567253433969341, 1.0], [0.005998254235939374, 0.00047970987236953255, 1.0567253433969412, 1.0], [0.005998254235939755, 0.00047970987236947704, 1.0567253433969341, 1.0], [0.00599825423593936, 0.00047970987236953255, 1.0567253433969412, 1.0], [0.005998254235939755, 0.0004797098723695603, 1.0567253433969412, 1.0], [0.0059886163524993374, 0.00056148310874371, 1.1147611992053328, 1.0], [0.005981741619197026, 0.0006198122216503343, 1.1561583620934854, 1.0], [0.005981741619197033, 0.0006198122216503066, 1.1561583620934925, 1.0], [0.005981741619197033, 0.0006198122216503066, 1.1561583620934854, 1.0], [0.005981741619197029, 0.0006198122216503066, 1.1561583620934925, 1.0], [0.005981741619197029, 0.0006198122216503066, 1.1561583620934854, 1.0], [0.005981741619197029, 0.0006198122216502788, 1.1561583620934925, 1.0], [0.005981741619197029, 0.0006198122216503066, 1.1561583620934854, 1.0], [0.005981741619197029, 0.0006198122216503343, 1.1561583620934925, 1.0], [0.005981741619197033, 0.0006198122216503066, 1.1561583620934854, 