{"text": "も", "text_ids": [35], "strokes": [[[0.0, 0.0, 0.0, 1.0], [0.008855986357003276, -0.006398149499716313, 10.192810098641424, 1.0], [0.010476025401072389, -0.0034944805706436143, 1.7739489287256145, 1.0], [0.010476025401072186, -0.003494480570643544, 1.7739489287256145, 1.0], [0.010658396220818003, -0.0027862904729116667, 2.096627696243969, 1.0], [0.011104631623707263, -0.0010534502409914048, 2.8861766494600136, 1.0], [0.011104631623707062, -0.0010534502409915332, 2.886176649460019, 1.0], [0.011104631623707242, -0.0010534502409914048, 2.8861766494600154, 1.0], [0.011104631623707062, -0.001053450240991436, 2.8861766494600154, 1.0], [0.011114619947396182, -0.0009556281002459643, 2.8085382418074403, 1.0], [0.01121211124823146, -8.324759972269669e-07, 2.050746484896134, 1.0], [0.011212111248231474, -8.324759972234974e-07, 2.0507464848961305, 1.0], [0.011212111248231432, -8.324759972304363e-07, 2.0507464848961376, 1.0], [0.011212111248231682, -8.324759971922724e-07, 2.0507464848961376, 1.0], [0.01121211124823146, -8.324759972269669e-07, 2.0507464848961305, 1.0], [0.01121211124823146, -8.324759972304363e-07, 2.0507464848961376, 1.0], [0.01121211124823146, -8.324759972234974e-07, 2.0507464848961305, 1.0], [0.01121211124823146, -8.324759971263529e-07, 2.0507464848961305, 1.0], [0.0110327834092247, -0.0013734370200714878, 1.6199510923106928, 1.0], [0.010988863393638054, -0.0017096079866314035, 1.514442987926067, 1.0], [0.010988863393638248, -0.0017096079866313722, 1.51444298792606, 1.0], [0.010988863393638082, -0.0017096079866314035, 1.514442987926067, 1.0], [0.010988863393638054, -0.001709607986631296, 1.514442987926067, 1.0], [0.010988863393638026, -0.0017096079866314035, 1.514442987926067, 1.0], [0.010988863393638304, -0.0017096079866313757, 1.514442987926067, 1.0], [0.010988863393638082, -0.0017096079866313896, 1.514442987926067, 1.0], [0.010988863393638026, -0.0017096079866313063, 1.514442987926067, 1.0], [0.010988863393637971, -0.0017096079866314104, 1.514442987926067, 1.0], [0.01100165605125436, -0.001643350155611116, 1.5950202829165718, 1.0], [0.011042540204091456, -0.00143159624400193, 1.8525378795292369, 1.0], [0.011042540204091511, -0.0014315962440020202, 1.8525378795292369, 1.0], [0.011042540204091456, -0.0014315962440020133, 1.8525378795292369, 1.0], [0.011042540204091511, -0.0014315962440020133, 1.8525378795292369, 1.0], [0.011042540204091456, -0.0014315962440020133, 1.852537879529251, 1.0], [0.011042540204091511, -0.0014315962440020272, 1.8525378795292227, 1.0], [0.011042540204091511, -0.0014315962440018953, 1.852537879529251, 1.0], [0.011042540204091456, -0.0014315962440020272, 1.8525378795292369, 1.0], [0.011039848088412185, -0.0014456999974522058, 1.853397657724969, 1.0], [0.010998926924514318, -0.0016600823180012644, 1.8664666074490555, 1.0], [0.010998926924513985, -0.001660082318001195, 1.8664666074490555, 1.0], [0.010998926924514096, -0.0016600823180012853, 1.8664666074490555, 1.0], [0.010998926924514152, -0.0016600823180012853, 1.8664666074490555, 1.0], [0.01099892692451404, -0.001660082318001195, 1.8664666074490412, 1.0], [0.010998926924514207, -0.0016600823180012714, 1.8664666074490555, 1.0], [0.010998926924514096, -0.0016600823180012991, 1.8664666074490412, 1.0], [0.010998926924514096, -0.0016600823180011742, 1.8664666074490697, 1.0], [0.01100661777852785, -0.0016211347045293895, 2.21740692307975, 1.0], [0.011014642440708378, -0.0015804966375084634, 2.583579193870804, 1.0], [0.011014642440708267, -0.00158049663750863, 2.583579193870804, 1.0], [0.011014642440708378, -0.0015804966375084634, 2.5835791938707757, 1.0], [0.011014642440708489, -0.0015804966375084911, 2.583579193870804, 1.0], [0.011014642440708045, -0.0015804966375085328, 2.58357919387079, 1.0], [0.011014642440708489, -0.0015804966375085744, 2.583579193870804, 1.0], [0.011186053686764952, -0.00027377832578495687, 4.266636458461647, 1.0], [0.01120313886428903, -0.0001435329956610415, 4.434392850238851, 1.0], [0.01120313886428903, -0.00014353299566113864, 4.434392850238822, 1.0], [0.011201405040013546, -1.3304498911875795e-06, 4.779293644375869, 1.0], [0.011180232093653153, 0.0017352047435355844, 8.99111955801834, 1.0], [0.007175211637014511, 0.002060558082087008, 9.427966664923133, 1.0], [-0.010476025401072175, 0.0034944805706435544, 11.353273143843893, 1.0], [-0.009066208233643458, 0.006021359363919454, 9.94410911637479, 1.0], [-0.008658432617921985, 0.006752233962120317, 9.536522414900645, 1.0], [-0.010927244419538962, 0.001955914683392311, 0.0664670210531142, 1.0], [-0.0109431684195066, 0.0019222509885966424, 0.0, 0.0]], [[0.0, 0.0, 0.0, 1.0], [-0.01104952583144976, 0.0036857827138212784, 9.72952313097906, 1.0], [-0.00977684199448714, 0.005966871263786255, 5.627241988272967, 1.0], [0.007796233572187783, -0.0003697256645786018, 6.709833831161504, 1.0], [0.011542242167231279, -0.002027482861091112, 7.409028074674868, 1.0], [0.011639635927962036, -0.0015465947398197177, 4.155698139031912, 1.0], [0.011647053969289098, -0.0015099676712015953, 3.9079067432391525, 1.0], [0.011647053969289, -0.001509967671201623, 3.9079067432391597, 1.0], [0.011647053969289022, -0.001509967671201845, 3.9079067432391525, 1.0], [0.011301043261938887, -0.002769917210452555, 3.0318041819565096, 1.0], [0.011049525831449686, -0.0036857827138215282, 2.3949595399333106, 1.0], [0.011049525831449863, -0.0036857827138212784, 2.3949595399333106, 1.0], [0.011049525831449865, -0.003685782713821306, 2.3949595399333035, 1.0], [0.011049525831449684, -0.0036857827138214727, 2.3949595399333106, 1.0], [0.011049525831449865, -0.003685782713821306, 2.3949595399333106, 1.0], [0.011049525831449667, -0.003685782713821306, 2.3949595399333035, 1.0], [0.010945193272284479, -0.003955568083548633, 1.835284274955967, 1.0], [0.010933390785333265, -0.003986087207504818, 1.7719717283776646, 1.0], [0.010933390785333258, -0.003986087207504846, 1.7719717283776504, 1.0], [0.01093339078533348, -0.00398608720750479, 1.7719717283776788, 1.0], [0.01093339078533305, -0.003986087207504679, 1.7719717283776504, 1.0], [0.010933390785333438, -0.00398608720750479, 1.7719717283776788, 1.0], [0.0109333907853333, -0.003986087207504846, 1.7719717283776646, 1.0], [0.010933390785333244, -0.003986087207504846, 1.7719717283776646, 1.0], [0.010933390785333286, -0.003986087207504707, 1.7719717283776504, 1.0], [0.01093339078533323, -0.003986087207504846, 1.7719717283776646, 1.0], [0.011448990310403084, -0.0022217858972423954, 1.578862754881314, 1.0], [0.011629961346799111, -0.0016025311828597733, 1.511083151969018, 1.0], [0.011629961346799084, -0.0016025311828597733, 1.5110831519690322, 1.0], [0.011629961346799084, -0.0016025311828597733, 1.511083151969018, 1.0], [0.01162996134679914, -0.0016025311828597733, 1.511083151969018, 1.0], [0.01162996134679889, -0.0016025311828598288, 1.511083151969018, 1.0], [0.011629961346799084, -0.0016025311828597455, 1.511083151969018, 1.0], [0.011629961346799111, -0.0016025311828597733, 1.5110831519690322, 1.0], [0.011629961346799084, -0.00160253118285969, 1.511083151969018, 1.0], [0.011629961346798945, -0.001602531182859801, 1.511083151969018, 1.0], [0.011616648565067889, -0.0016670243640150573, 1.5387666180063775, 1.0], [0.011542242167231265, -0.0020274828610909734, 1.6934921313542617, 1.0], [0.011542242167231265, -0.002027482861091029, 1.6934921313542617, 1.0], [0.011542242167231098, -0.002027482861091112, 1.6934921313542475, 1.0], [0.01154224216723121, -0.002027482861091001, 1.6934921313542475, 1.0], [0.011542242167231542, -0.0020274828610909734, 1.693492131354276, 1.0], [0.011542242167231265, -0.0020274828610910844, 1.6934921313542475, 1.0], [0.011542242167231265, -0.002027482861091001, 1.6934921313542617, 1.0], [0.011542242167231043, -0.002027482861091029, 1.6934921313542475, 1.0], [0.01154224216723132, -0.002027482861091112, 1.6934921313542617, 1.0], [0.01168339957931952, -0.0012289698412971395, 2.0024219135322596, 1.0], [0.011742797420903006, -0.0008929623362694261, 2.1324169452541355, 1.0], 