{"text": "も", "text_ids": [35], "strokes": [[[0.0, 0.0, 0.0, 1.0], [-0.006139924434532722, -0.023246119084333664, 16.70032288256629, 1.0], [-0.018042633650884266, 0.023278291316021407, 14.857314399688061, 1.0], [-0.009302350338658782, 0.02892841537606142, 4.454563887124561, 1.0], [-0.009302350338659171, 0.028928415376061386, 4.454563887124564, 1.0], [-0.00930235033865879, 0.02892841537606141, 4.454563887124557, 1.0], [-0.008198486679323234, 0.029231720569328573, 2.797658283156892, 1.0], [-0.007845778273171039, 0.029328633163914306, 2.268240968094638, 1.0], [-0.007845778273171039, 0.02932863316391421, 2.268240968094638, 1.0], [-0.007845778273171053, 0.02932863316391418, 2.268240968094638, 1.0], [-0.007845778273171053, 0.02932863316391421, 2.268240968094638, 1.0], [-0.007845778273171025, 0.02932863316391432, 2.268240968094638, 1.0], [-0.00784577827317108, 0.02932863316391421, 2.268240968094638, 1.0], [-0.0073000120407047675, 0.029442715157720623, 2.1273001795153164, 1.0], [-0.005771061894830343, 0.029762312946473024, 1.7324581639434413, 1.0], [-0.005771061894830329, 0.029762312946473135, 1.7324581639434342, 1.0], [-0.005771061894830315, 0.029762312946473024, 1.73245816394342, 1.0], [-0.0057710618948303705, 0.029762312946472913, 1.7324581639434342, 1.0], [-0.005771061894830287, 0.02976231294647319, 1.7324581639434342, 1.0], [-0.005771061894830315, 0.02976231294647308, 1.7324581639434342, 1.0], [-0.005771061894830343, 0.029762312946473024, 1.7324581639434342, 1.0], [-0.005771061894830315, 0.029762312946473024, 1.73245816394342, 1.0], [-0.005771061894830343, 0.029762312946473024, 1.7324581639434484, 1.0], [-0.0030754392625914895, 0.029945996245474005, 1.8949045107827942, 1.0], [0.0002137702666801522, 0.030170127342391995, 2.0931221936398003, 1.0], [0.0002137702666800967, 0.030170127342391884, 2.0931221936398146, 1.0], [0.00021377026668048527, 0.030170127342392217, 2.0931221936398146, 1.0], [0.00021377026668017995, 0.030170127342391995, 2.0931221936398003, 1.0], [0.00021377026668006893, 0.030170127342392106, 2.0931221936398146, 1.0], [0.0002137702666800967, 0.030170127342391995, 2.0931221936398003, 1.0], [0.00021377026668017995, 0.030170127342392217, 2.0931221936398146, 1.0], [0.012540320460506849, 0.026338690443659996, 3.2857483642753635, 1.0], [0.015501074523773445, 0.025418405190471338, 3.572209111616914, 1.0], [0.015501074523773056, 0.02541840519047145, 3.572209111616914, 1.0], [0.015501074523773015, 0.02541840519047145, 3.572209111616914, 1.0], [0.01602472141314157, 0.02484330409520663, 3.5941275658817347, 1.0], [0.026556400020876614, 0.013276769422206569, 4.034955384364139, 1.0], [0.026556400020876683, 0.013276769422206569, 4.034955384364139, 1.0], [0.026556400020876652, 0.013276769422206458, 4.034955384364167, 1.0], [0.026556400020876638, 0.013276769422206458, 4.034955384364139, 1.0], [0.02908760320929219, 0.00550112857466889, 4.893551640622547, 1.0], [0.029590745014940023, 0.003955519753535475, 5.064219753191708, 1.0], [0.029590745014939662, 0.003955519753535475, 5.064219753191708, 1.0], [0.029235467119839, -0.00417090316762847, 4.925562492262088, 1.0], [0.029064223163490194, -0.008087839265178198, 4.858729688236082, 1.0], [0.029064223163490194, -0.008087839265178198, 4.858729688236082, 1.0], [0.027201546333273097, -0.010929008591562206, 4.889945411471501, 1.0], [0.018475230568787887, -0.024239390875915312, 5.036185625205775, 1.0], [0.01847523056878786, -0.024239390875915423, 5.036185625205803, 1.0], [0.01847523056878786, -0.024239390875915312, 5.036185625205775, 1.0], [0.015170653782360821, -0.0263426309269722, 4.4356462143773285, 1.0], [0.014346245428535354, -0.02686733614045511, 4.2858268156809345, 1.0], [0.01434624542853502, -0.02686733614045489, 4.285826815680906, 1.0], [0.013946842741798193, -0.027023021701262584, 4.228336404578926, 1.0], [0.008393985314044783, -0.02918750319182961, 3.4290527069150016, 1.0], [0.008393985314044505, -0.029187503191829056, 3.429052706914973, 1.0], [0.008393985314044783, -0.0291875031918295, 3.429052706914973, 1.0], [0.008393985314044838, -0.02918750319182939, 3.4290527069150016, 1.0], [0.007835715981144853, -0.02928516655481672, 3.54475021276221, 1.0], [0.0032939397881106003, -0.030079702652018647, 4.486002305046895, 1.0], [0.003293939788110989, -0.030079702652018647, 4.486002305046895, 1.0], [0.0032939397881106003, -0.030079702652018203, 4.48600230504681, 1.0], [0.0026639176230919825, -0.03011230675060228, 3.0509391322052295, 1.0], [0.0013244927714267107, -0.030181622946656383, 0.0, 0.0]], [[-0.4117655862741957, 0.39757040140222627, 0.0, 1.0], [0.0029987111465018534, -0.008543311254461172, 7.3659779747832035, 1.0], [0.002736007544654251, -0.008618622797041342, 4.917617766078995, 1.0], [0.0022904021617490833, -0.00874636839524573, 0.7646389693923563, 1.0], [0.0022904021617489723, -0.008746368395245674, 0.7646389693923563, 1.0], [0.002290402161749139, -0.008746368395245674, 0.7646389693923563, 1.0], [0.005254549255198637, -0.004759181427354375, 1.9370482479131361, 1.0], [0.008914665370792774, 0.00016417993663381258, 3.384734195708802, 1.0], [0.008914665370793162, 0.00016417993663359054, 3.384734195708802, 1.0], [0.008914665370792774, 0.00016417993663370156, 3.384734195708802, 1.0], [0.008914772244044966, 0.00016087599020703225, 3.35731476760688, 1.0], [0.008921427113568303, -4.485680050120289e-05, 1.6499397879915811, 1.0], [0.008921427113568747, -4.48568005012584e-05, 1.649939787991574, 1.0], [0.008921427113568359, -4.48568005012584e-05, 1.6499397879915847, 1.0], [0.008921427113568636, -4.48568005012584e-05, 1.6499397879915705, 1.0], [0.008921427113568747, -4.485680050120289e-05, 1.6499397879915847, 1.0], [0.008921427113568303, -4.48568005012584e-05, 1.6499397879915705, 1.0], [0.008921427113568636, -4.485680050131391e-05, 1.6499397879915776, 1.0], [0.008921427113568414, -4.48568005012584e-05, 1.6499397879915847, 1.0], [0.008921427113568692, -4.4856800501147376e-05, 1.6499397879915776, 1.0], [0.008921427113568303, -4.48568005012584e-05, 1.6499397879915776, 1.0], [0.00892277844658279, -0.00020359532785335643, 1.3885188629209537, 1.0], [0.008923323989448506, -0.00026767921406029016, 1.2829813535727226, 1.0], [0.00892332398944845, -0.0002676792140604012, 1.2829813535727226, 1.0], [0.008923323989448478, -0.00026767921406029016, 1.2829813535727155, 1.0], [0.008923323989448478, -0.00026767921406034567, 1.2829813535727226, 1.0], [0.00892332398944845, -0.00026767921406029016, 1.2829813535727226, 1.0], [0.008923323989448478, -0.00026767921406034567, 1.2829813535727155, 1.0], [0.00892332398944845, -0.0002676792140604012, 1.2829813535727226, 1.0], [0.008923323989448478, -0.00026767921406029016, 1.2829813535727226, 1.0], [0.008923323989448478, -0.00026767921406034567, 1.2829813535727226, 1.0], [0.008923323989448478, -0.00026767921406029016, 1.2829813535727155, 1.0], [0.008923323989448478, -0.0002676792140604012, 1.2829813535727226, 1.0], [0.008880039515292953, 0.00017460555711001913, 1.3295248943860756, 1.0], [0.008744052428646565, 0.0015641342200700126, 1.4757510098922921, 1.0], [0.008744052428646565, 0.001564134220069957, 1.4757510098923063, 1.0], [0.008744052428646537, 0.001564134220070068, 1.4757510098923063, 1.0], [0.00874405242864651, 0.0015641342200700126, 1.4757510098923063, 1.0], [0.008744052428646551, 0.001564134220069957, 1.4757510098923063, 1.0], [0.008744052428646551, 0.001564134220069957, 1.4757510098923063, 1.0], [0.008744052428646551, 0.001564134220069957, 1.4757510098923063, 1.0], [0.008744052428646537, 0.001564134220070068, 1.4757510098922921, 1.0], [0.008744052428646176, 0.001564134220070068, 1.4757510098923063, 1.0], [0.008744052428646537, 0.001564134220069957, 1.4757510098923063, 1.0], [0.008744052428646544, 0.0015641342200700126, 1.4757510098923063, 1.0], [0.008744052428646537, 0.001564134220069957, 1.742082734150415, 1.0], [0.008744052428646558, 0.0015641342200700126, 1.8446887623653936, 1.0], [0.008744052428646547, 0.0015641342200700126, 1.8446887623653794, 1.0], [0.008744052428646537, 