{"text": "も", "text_ids": [35], "strokes": [[[0.0, 0.0, 0.0, 1.0], [-0.021594429956397765, -0.004989459018871934, 80.0028997033405, 1.0], [-0.015435493338436808, -0.017500480175511625, 0.01608226284933778, 1.0], [-0.015435493338436801, -0.017500480175511562, 0.01608226284935199, 1.0], [-0.015435493338436794, -0.017500480175511618, 0.01608226284935199, 1.0], [-0.015435493338436815, -0.017500480175511555, 0.01608226284933778, 1.0], [-0.015435493338436787, -0.017500480175511618, 0.01608226284935199, 1.0], [-0.015435493338436815, -0.017500480175511576, 0.01608226284933778, 1.0], [-0.015435493338436787, -0.01750048017551155, 0.01608226284935199, 1.0], [-0.015435493338436801, -0.017500480175511618, 0.01608226284935199, 1.0], [-0.015435493338436801, -0.017500480175511618, 0.01608226284933778, 1.0], [-0.015435493338436829, -0.017500480175511507, 0.01608226284935199, 1.0], [-0.015435493338436662, -0.01750048017551159, 0.01608226284935199, 1.0], [-0.01543549333843694, -0.017500480175511673, 0.01608226284933778, 1.0], [-0.015435493338436634, -0.017500480175511535, 0.01608226284935199, 1.0], [-0.015435493338436801, -0.017500480175511535, 0.01608226284935199, 1.0], [-0.015435493338436773, -0.017500480175511618, 0.01608226284933778, 1.0], [-0.015435493338436856, -0.017500480175511646, 0.01608226284935199, 1.0], [-0.015435493338436801, -0.017500480175511535, 0.01608226284933778, 1.0], [-0.015435493338436745, -0.017500480175511646, 0.01608226284935199, 1.0], [-0.015435493338436856, -0.017500480175511535, 0.01608226284935199, 1.0], [-0.01543549333843669, -0.017500480175511535, 0.01608226284933778, 1.0], [-0.015435493338436912, -0.01750048017551159, 0.01608226284935199, 1.0], [-0.015435493338436634, -0.017500480175511646, 0.01608226284935199, 1.0], [-0.015435493338436967, -0.01750048017551159, 0.01608226284933778, 1.0], [-0.015435493338436634, -0.017500480175511535, 0.01608226284935199, 1.0], [-0.015435493338436856, -0.017500480175511646, 0.01608226284935199, 1.0], [-0.015435493338436801, -0.017500480175511535, 0.01608226284933778, 1.0], [-0.015435493338436745, -0.017500480175511535, 0.01608226284935199, 1.0], [-0.015435493338436801, -0.017500480175511646, 0.01608226284933778, 1.0], [-0.015435493338436801, -0.017500480175511535, 0.01608226284935199, 1.0], [-0.015435493338436801, -0.017500480175511646, 0.01608226284935199, 1.0], [-0.015435493338436856, -0.017500480175511535, 0.01608226284933778, 1.0], [-0.015435493338436634, -0.017500480175511535, 0.01608226284935199, 1.0], [-0.015435493338436745, -0.017500480175511646, 0.01608226284935199, 1.0], [-0.015435493338436856, -0.017500480175511535, 0.01608226284933778, 1.0], [-0.015435493338436856, -0.017500480175511757, 0.01608226284935199, 1.0], [-0.015435493338436745, -0.017500480175511535, 0.01608226284935199, 1.0], [-0.015435493338436856, -0.017500480175511535, 0.01608226284933778, 1.0], [-0.015435493338436745, -0.017500480175511646, 0.01608226284935199, 1.0], [-0.015435493338436745, -0.017500480175511646, 0.01608226284933778, 1.0], [-0.015435493338436856, -0.017500480175511424, 0.01608226284935199, 1.0], [-0.015435493338436745, -0.017500480175511424, 0.01608226284935199, 1.0], [-0.015435493338436856, -0.017500480175511868, 0.01608226284933778, 1.0], [-0.015435493338436634, -0.017500480175511535, 0.01608226284935199, 1.0], [-0.015435493338436967, -0.017500480175511535, 0.01608226284935199, 1.0], [-0.015435493338436634, -0.017500480175511646, 0.01608226284933778, 1.0], [-0.015435493338437078, -0.017500480175511757, 0.01608226284935199, 1.0], [-0.015435493338436634, -0.017500480175511424, 0.01608226284933778, 1.0], [-0.015435493338436634, -0.017500480175511646, 0.01608226284935199, 1.0], [-0.015435493338436967, -0.017500480175511535, 0.01608226284935199, 1.0], [-0.015435493338436745, -0.017500480175511535, 0.01608226284933778, 1.0], [-0.015435493338436745, -0.017500480175511535, 0.01608226284935199, 1.0], [-0.015435493338436967, -0.017500480175511646, 0.01608226284935199, 1.0], [-0.015435493338436634, -0.017500480175511646, 0.01608226284933778, 1.0], [-0.015435493338436745, -0.017500480175511646, 0.01608226284935199, 1.0], [-0.015435493338436856, -0.017500480175511535, 0.01608226284935199, 1.0], [-0.015435493338436745, -0.017500480175511535, 0.01608226284933778, 1.0], [-0.015435493338436745, -0.017500480175511646, 0.01608226284935199, 1.0], [-0.015435493338436856, -0.017500480175511424, 0.01608226284933778, 1.0], [-0.015435493338436856, -0.017500480175511646, 0.01608226284935199, 1.0], [-0.015435493338436745, -0.017500480175511646, 0.01608226284935199, 1.0], [-0.015435493338436745, -0.017500480175511646, 0.01608226284933778, 1.0], [-0.015435493338436634, -0.017500480175511424, 0.01608226284935199, 0.0]], [[0.0, 0.0, 0.0, 1.0], [-0.0037108100329414917, -0.0003617919361652011, 10.312464090954508, 1.0], [-0.0029760764222513947, -0.0002901577934261157, 17.343480681741347, 1.0], [0.0037108100329417137, 0.0003617919361652011, 26.82797238634793, 1.0], [0.0037108100329413807, 0.0003617919361651456, 8.715967931884038, 1.0], [0.0037108100329416027, 0.0003617919361652011, 5.049971272761056, 1.0], [0.0037108100329413807, 0.0003617919361651456, 5.04997127276107, 1.0], [0.0036914813683878167, -0.00017914102369137597, 3.6303986114759965, 1.0], [0.0036816712089745574, -0.0004536886290559261, 2.909902166038435, 1.0], [0.0036816712089745574, -0.0004536886290559261, 2.909902166038435, 1.0], [0.0036816712089745574, -0.0004536886290558706, 2.909902166038435, 1.0], [0.0036816712089744463, -0.0004536886290559816, 2.909902166038435, 1.0], [0.0036816712089745574, -0.0004536886290558706, 2.909902166038435, 1.0], [0.0036367794682641286, -0.0006954200498373586, 2.140042579864101, 1.0], [0.003627005813831685, -0.0007480488705239874, 1.9724317579707105, 1.0], [0.0036270058138319072, -0.0007480488705238764, 1.9724317579706963, 1.0], [0.003627005813831685, -0.0007480488705239319, 1.9724317579706963, 1.0], [0.003627005813831574, -0.0007480488705239874, 1.9724317579706963, 1.0], [0.003627005813831796, -0.0007480488705239319, 1.9724317579706963, 1.0], [0.003627005813831685, -0.0007480488705239874, 1.9724317579706963, 1.0], [0.0036270058138319072, -0.0007480488705239319, 1.9724317579706963, 1.0], [0.003638070464894505, -0.0006884683379014267, 1.8676901186727406, 1.0], [0.0036816712089745574, -0.0004536886290558706, 1.4549510830192247, 1.0], [0.0036816712089745574, -0.0004536886290559261, 1.4549510830192105, 1.0], [0.0036816712089744463, -0.0004536886290558706, 1.4549510830192105, 1.0], [0.0036816712089745574, -0.0004536886290559261, 1.4549510830192247, 1.0], [0.0036816712089745574, -0.0004536886290559816, 1.4549510830192105, 1.0], [0.0036816712089744463, -0.0004536886290558151, 1.4549510830192247, 1.0], [0.0036816712089746684, -0.0004536886290559816, 1.4549510830192105, 1.0], [0.0036816712089744463, -0.0004536886290558151, 1.4549510830192247, 1.0], [0.0036816712089744463, -0.0004536886290559816, 1.4549510830192105, 1.0], [0.0036816712089744463, -0.0004536886290559261, 1.4549510830192247, 1.0], [0.0036816712089746684, -0.0004536886290559261, 1.4549510830192105, 1.0], [0.0036920969361760037, -0.00036892357308104806, 1.4589584814942924, 1.0], [0.0037017916770710757, -0.0002901017087919566, 1.4626849064358254, 1.0], [0.0037017916770708537, -0.0002901017087919566, 1.4626849064358112, 1.0], [0.0037017916770709647, -0.0002901017087919011, 1.4626849064358396, 1.0], [0.0037017916770709647, -0.0002901017087919566, 1.4626849064358112, 1.0], [0.0037017916770708537, -0.0002901017087919011, 1.4626849064358112, 1.0], [0.0037017916770708537, -0.0002901017087919566, 1.4626849064358396, 1.0], [0.0037017916770709647, -0.0002901017087919011, 1.4626849064358112, 1.0], [0.0037017916770708537, -0.0002901017087919566, 1.4626849064358396, 1.0], [0.0037017916770711867, -0.0002901017087918456, 1.4626849064358112, 1.0], [0.0037017916770708537, -0.0002901017087919566, 1.4626849064358396, 1.0], [0.003658462444725563, -0.0005554259039421416, 1.7580206665674325, 1.0], 