{"text": "も", "text_ids": [35], "strokes": [[[0.0, 0.0, 0.0, 1.0], [-0.004974646164918758, -0.007086744315207407, 12.130834793226274, 1.0], [0.00743257456092229, -0.0060184912314641585, 2.130834793197172, 1.0], [0.007790759706402638, -0.005137426600225321, 2.12967866586183, 1.0], [0.009377096481979914, -0.0012353518106108137, 2.124558388450989, 1.0], [0.009377096481979545, -0.0012353518106107512, 2.1245583884509927, 1.0], [0.009377096481979916, -0.0012353518106108102, 2.124558388450989, 1.0], [0.009377096481979562, -0.0012353518106108415, 2.1245583884509927, 1.0], [0.009377096481979909, -0.0012353518106108102, 2.1245583884509927, 1.0], [0.00936785950539347, -0.0012971889614871203, 2.0853976227116426, 1.0], [0.00923560623991175, -0.002182561470029331, 1.5247012628735739, 1.0], [0.009235606239911764, -0.0021825614700294142, 1.5247012628735703, 1.0], [0.00923560623991139, -0.002182561470029449, 1.5247012628735774, 1.0], [0.009235606239911764, -0.0021825614700294246, 1.5247012628735703, 1.0], [0.009235606239911764, -0.0021825614700294177, 1.5247012628735703, 1.0], [0.00923560623991139, -0.0021825614700294454, 1.5247012628735774, 1.0], [0.009235606239911764, -0.0021825614700294177, 1.5247012628735703, 1.0], [0.009235606239911764, -0.0021825614700294108, 1.5247012628735774, 1.0], [0.009235606239911404, -0.0021825614700294524, 1.5247012628735774, 1.0], [0.009235606239911737, -0.0021825614700294177, 1.5247012628735632, 1.0], [0.009235606239911792, -0.0021825614700294177, 1.424870337893232, 1.0], [0.009235606239911376, -0.0021825614700294454, 1.3499959098359753, 1.0], [0.009235606239911737, -0.0021825614700293275, 1.3499959098359824, 1.0], [0.009235606239911792, -0.0021825614700294108, 1.3499959098359682, 1.0], [0.009235606239911404, -0.0021825614700294454, 1.3499959098359824, 1.0], [0.009235606239911737, -0.0021825614700294385, 1.3499959098359753, 1.0], [0.009235606239911764, -0.0021825614700294177, 1.3499959098359824, 1.0], [0.009235606239911764, -0.002182561470029404, 1.3499959098359753, 1.0], [0.009235606239911404, -0.0021825614700294593, 1.3499959098359682, 1.0], [0.009235606239911764, -0.002182561470029404, 1.3499959098359824, 1.0], [0.009235606239911709, -0.0021825614700294177, 1.3499959098359753, 1.0], [0.009235606239911431, -0.0021825614700294454, 1.3499959098359753, 1.0], [0.009235606239911764, -0.0021825614700294177, 1.3499959098359824, 1.0], [0.00929452707133338, -0.0018635524280942867, 1.4434772710766453, 1.0], [0.009295803629883026, -0.001856640887471686, 1.4455026062262846, 1.0], [0.009295803629883082, -0.0018566408874716167, 1.4455026062262846, 1.0], [0.009295803629883026, -0.001856640887471575, 1.4455026062262846, 1.0], [0.009295803629883026, -0.0018566408874716167, 1.4455026062262846, 1.0], [0.009295803629883082, -0.001856640887471686, 1.4455026062262846, 1.0], [0.009295803629883026, -0.0018566408874716028, 1.4455026062262846, 1.0], [0.009295803629883082, -0.0018566408874716028, 1.4455026062262846, 1.0], [0.009295803629883026, -0.001856640887471686, 1.4455026062262846, 1.0], [0.009295803629883082, -0.0018566408874716028, 1.4455026062262846, 1.0], [0.00929580362988297, -0.0018566408874716028, 1.4455026062262846, 1.0], [0.009307716244272679, -0.0017741953058484777, 1.5553521982437104, 1.0], [0.009350403934024476, -0.0014787596193910069, 1.9489874784590029, 1.0], [0.009350403934024532, -0.0014787596193910069, 1.9489874784590029, 1.0], [0.009350403934024476, -0.0014787596193910069, 1.948987478459017, 1.0], [0.00935040393402442, -0.0014787596193910207, 1.9489874784590029, 1.0], [0.009350403934024476, -0.0014787596193910069, 1.9489874784589887, 1.0], [0.009350403934024476, -0.0014787596193910207, 1.9489874784590029, 1.0], [0.009350403934024476, -0.001478759619390979, 1.9489874784590029, 1.0], [0.009350025256539107, -0.001481455528750189, 1.9627789993511584, 1.0], [0.009307312030073622, -0.0017855427571780574, 3.5184045064585234, 1.0], [0.009307312030073622, -0.0017855427571781546, 3.5184045064585376, 1.0], [0.009307312030073567, -0.001785542757178113, 3.5184045064585234, 1.0], [0.009307312030073511, -0.0017855427571780574, 3.5184045064585376, 1.0], [0.009047476500529283, -0.0006043037090535802, 4.923612720733402, 1.0], [0.00783974715606095, 0.004886158137146421, 11.45509514902946, 1.0], [-0.002743916715870265, 0.005670860887874704, 9.423398830634014, 1.0], [-0.007432574560922278, 0.006018491231464251, 8.5233391729127, 1.0], [-0.007432574560921945, 0.006018491231464168, 1.8597392543287583, 1.0], [-0.007432574560922334, 0.0060184912314643485, 0.35513913220469817, 1.0], [-0.00743257456092189, 0.006018491231464182, 0.35513913220469817, 0.0]], [[0.0, 0.0, 0.0, 1.0], [0.00017249189865853332, -0.003939109791527617, 14.530697841710298, 1.0], [0.011966378773229897, -0.006390317722382022, 4.749498626611215, 1.0], [0.011966378773229924, -0.006390317722382188, 4.749498626611214, 1.0], [0.012053145420628686, -0.0061982449225760905, 4.321482769635558, 1.0], [0.012495256331227583, -0.0052195568786218005, 2.1405701038740688, 1.0], [0.012495256331227597, -0.005219556878621856, 2.1405701038740688, 1.0], [0.012495256331227583, -0.0052195568786218005, 2.1405701038740617, 1.0], [0.012495256331227958, -0.005219556878621967, 2.1405701038740688, 1.0], [0.012495256331227583, -0.0052195568786218005, 2.1405701038740617, 1.0], [0.012495256331227583, -0.0052195568786218005, 2.1405701038740688, 1.0], [0.012495256331227583, -0.0052195568786218005, 2.1405701038740688, 1.0], [0.012501047609927894, -0.005204662723948483, 2.041506529023671, 1.0], [0.012521313993059863, -0.00515254113549668, 1.6948369131827548, 1.0], [0.012521313993059873, -0.005152541135496735, 1.6948369131827548, 1.0], [0.012521313993059488, -0.005152541135496513, 1.6948369131827477, 1.0], [0.012521313993059873, -0.005152541135496735, 1.6948369131827619, 1.0], [0.012521313993059866, -0.00515254113549668, 1.6948369131827548, 1.0], [0.012521313993059505, -0.005152541135496735, 1.6948369131827477, 1.0], [0.012521313993059849, -0.005152541135496569, 1.6948369131827548, 1.0], [0.012521313993059863, -0.00515254113549668, 1.6948369131827548, 1.0], [0.012521313993059509, -0.005152541135496735, 1.6948369131827548, 1.0], [0.012636285049750798, -0.00475903076656653, 1.6665257479660411, 1.0], [0.013120792954173954, -0.003100710057804268, 1.5472176044583534, 1.0], [0.01312079295417358, -0.003100710057804046, 1.5472176044583463, 1.0], [0.013120792954173593, -0.003100710057804268, 1.5472176044583392, 1.0], [0.013120792954173927, -0.003100710057804046, 1.5472176044583534, 1.0], [0.013120792954173621, -0.003100710057804268, 1.5472176044583534, 1.0], [0.013120792954173621, -0.0031007100578041014, 1.5472176044583392, 1.0], [0.013120792954173593, -0.003100710057804268, 1.5472176044583534, 1.0], [0.013120792954173927, -0.0031007100578041014, 1.5472176044583392, 1.0], [0.013120792954173593, -0.003100710057804268, 1.5472176044583534, 1.0], [0.013120792954173621, -0.003100710057804268, 1.5472176044583392, 1.0], [0.013207448270749628, -0.0026209192044999163, 1.6484029878015605, 1.0], [0.013222663562544174, -0.0025366755813511777, 1.6661695276257973, 1.0], [0.013222663562544174, -0.0025366755813510666, 1.666169527625783, 1.0], [0.013222663562544146, -0.0025366755813511777, 1.666169527625783, 1.0], [0.013222663562544146, -0.0025366755813511777, 1.6661695276257973, 1.0], [0.013222663562544146, -0.002536675581351122, 1.6661695276257973, 1.0], [0.013222663562544201, -0.002536675581351344, 1.6661695276257973, 1.0], [0.01322266356254409, -0.0025366755813511777, 1.666169527625783, 1.0], [0.013222663562544146, -0.002536675581351122, 1.6661695276257973, 1.0], [0.013222663562544201, -0.0025366755813511777, 1.666169527625783, 1.0], [0.013125505453016051, -0.003048373790793091, 1.8943618046915986, 1.0], [0.013072635043682168, -0.0033268239780182007, 2.0185369163097704, 1.0], [0.013072635043682168, -0.0033268239780180897, 2.0185369163097704, 1.0], [0.013072635043682168, -0.0033268239780181452, 2.0185369163097704, 1.0], [0.013072635043682113, 