{"text": "も", "text_ids": [35], "strokes": [[[0.0, 0.0, 0.0, 1.0], [-0.005811760292522275, -0.006674799591441135, 12.130834793226274, 1.0], [0.0067390057602908626, -0.006698829217671415, 2.130834793197172, 1.0], [0.007200878124881953, -0.005845977368474916, 2.12967866586183, 1.0], [0.009246426710072295, -0.0020688518523292697, 2.124558388450989, 1.0], [0.00924642671007194, -0.0020688518523291795, 2.1245583884509927, 1.0], [0.009246426710072302, -0.0020688518523292697, 2.124558388450989, 1.0], [0.00924642671007194, -0.0020688518523292697, 2.1245583884509927, 1.0], [0.009246426710072302, -0.002068851852329266, 2.1245583884509927, 1.0], [0.009229936169559874, -0.002130114205838661, 2.0853976227116426, 1.0], [0.008993827762015391, -0.0030072568755311405, 1.5247012628735739, 1.0], [0.008993827762015377, -0.0030072568755312307, 1.5247012628735703, 1.0], [0.008993827762015003, -0.0030072568755312307, 1.5247012628735774, 1.0], [0.008993827762015377, -0.0030072568755312376, 1.5247012628735703, 1.0], [0.008993827762015405, -0.0030072568755312237, 1.5247012628735703, 1.0], [0.008993827762015003, -0.0030072568755312307, 1.5247012628735774, 1.0], [0.008993827762015377, -0.0030072568755312307, 1.5247012628735703, 1.0], [0.008993827762015377, -0.0030072568755312307, 1.5247012628735774, 1.0], [0.008993827762015072, -0.0030072568755312376, 1.5247012628735774, 1.0], [0.00899382776201535, -0.0030072568755312237, 1.5247012628735632, 1.0], [0.008993827762015405, -0.0030072568755312376, 1.424870337893232, 1.0], [0.008993827762015016, -0.0030072568755312307, 1.3499959098359753, 1.0], [0.00899382776201535, -0.0030072568755311335, 1.3499959098359824, 1.0], [0.008993827762015405, -0.0030072568755312307, 1.3499959098359682, 1.0], [0.008993827762015016, -0.0030072568755312307, 1.3499959098359824, 1.0], [0.008993827762015377, -0.0030072568755312445, 1.3499959098359753, 1.0], [0.008993827762015405, -0.0030072568755312307, 1.3499959098359824, 1.0], [0.00899382776201535, -0.0030072568755312307, 1.3499959098359753, 1.0], [0.008993827762015016, -0.003007256875531217, 1.3499959098359682, 1.0], [0.008993827762015405, -0.0030072568755312307, 1.3499959098359824, 1.0], [0.008993827762015377, -0.0030072568755312307, 1.3499959098359753, 1.0], [0.008993827762015016, -0.0030072568755312307, 1.3499959098359753, 1.0], [0.00899382776201535, -0.0030072568755312307, 1.3499959098359824, 1.0], [0.00909018547536733, -0.0026922089621281425, 1.4434772710766453, 1.0], [0.009092273128576578, -0.0026853832419593965, 1.4455026062262846, 1.0], [0.009092273128576578, -0.002685383241959313, 1.4455026062262846, 1.0], [0.009092273128576522, -0.0026853832419592993, 1.4455026062262846, 1.0], [0.009092273128576522, -0.002685383241959313, 1.4455026062262846, 1.0], [0.009092273128576578, -0.0026853832419594104, 1.4455026062262846, 1.0], [0.009092273128576578, -0.002685383241959313, 1.4455026062262846, 1.0], [0.009092273128576522, -0.002685383241959313, 1.4455026062262846, 1.0], [0.009092273128576522, -0.0026853832419593965, 1.4455026062262846, 1.0], [0.009092273128576578, -0.0026853832419592993, 1.4455026062262846, 1.0], [0.009092273128576467, -0.002685383241959327, 1.4455026062262846, 1.0], [0.00911385609809745, -0.002603668426908179, 1.5553521982437104, 1.0], [0.009191196560626724, -0.0023108513710625167, 1.9489874784590029, 1.0], [0.00919119656062678, -0.0023108513710625167, 1.9489874784590029, 1.0], [0.00919119656062678, -0.0023108513710625167, 1.948987478459017, 1.0], [0.009191196560626724, -0.0023108513710625167, 1.9489874784590029, 1.0], [0.00919119656062678, -0.0023108513710625167, 1.9489874784589887, 1.0], [0.009191196560626724, -0.0023108513710625445, 1.9489874784590029, 1.0], [0.00919119656062678, -0.002310851371062489, 1.9489874784590029, 1.0], [0.009190501685868324, -0.00231352434428142, 1.9627789993511584, 1.0], [0.00911212273789691, -0.002615024472625821, 3.5184045064585234, 1.0], [0.009112122737896966, -0.002615024472625932, 3.5184045064585376, 1.0], [0.009112122737896855, -0.0026150244726258765, 3.5184045064585234, 1.0], [0.00911212273789691, -0.0026150244726258487, 3.5184045064585376, 1.0], [0.008990198136858696, -0.0014062100142301082, 4.923612720733402, 1.0], [0.008423486114277845, 0.004212423803788834, 11.45509514902946, 1.0], [-0.002084066072949309, 0.005935493788663593, 9.423398830634014, 1.0], [-0.00673900576029085, 0.006698829217671481, 8.5233391729127, 1.0], [-0.006739005760290517, 0.006698829217671398, 1.8597392543287583, 1.0], [-0.006739005760290906, 0.00669882921767162, 0.35513913220469817, 1.0], [-0.006739005760290462, 0.006698829217671398, 0.35513913220469817, 0.0]], [[0.0, 0.0, 0.0, 1.0], [-0.0002884368288891409, -0.003969736884397612, 14.530697841710298, 1.0], [0.01123602836895203, -0.007472770516950777, 4.749498626611215, 1.0], [0.011236028368952058, -0.0074727705169508885, 4.749498626611214, 1.0], [0.011345411842144534, -0.0072876153743948735, 4.321482769635558, 1.0], [0.011902764562197118, -0.0063441755719905735, 2.1405701038740688, 1.0], [0.011902764562197132, -0.006344175571990629, 2.1405701038740688, 1.0], [0.01190276456219714, -0.0063441755719905735, 2.1405701038740617, 1.0], [0.011902764562197486, -0.00634417557199074, 2.1405701038740688, 1.0], [0.011902764562197132, -0.0063441755719905735, 2.1405701038740617, 1.0], [0.011902764562197132, -0.0063441755719905735, 2.1405701038740688, 1.0], [0.01190276456219713, -0.006344175571990518, 2.1405701038740688, 1.0], [0.011910308252007474, -0.006329735039094619, 2.041506529023671, 1.0], [0.011936707138304525, -0.006279200884647007, 1.6948369131827548, 1.0], [0.011936707138304525, -0.006279200884647118, 1.6948369131827548, 1.0], [0.011936707138304171, -0.006279200884646785, 1.6948369131827477, 1.0], [0.01193670713830454, -0.006279200884647118, 1.6948369131827619, 1.0], [0.011936707138304511, -0.006279200884647007, 1.6948369131827548, 1.0], [0.011936707138304178, -0.006279200884647007, 1.6948369131827477, 1.0], [0.011936707138304511, -0.006279200884646896, 1.6948369131827548, 1.0], [0.01193670713830454, -0.006279200884647007, 1.6948369131827548, 1.0], [0.011936707138304178, -0.006279200884647063, 1.6948369131827548, 1.0], [0.012097921055349889, -0.005894313977989729, 1.6665257479660411, 1.0], [0.012777304365894332, -0.00427233402971916, 1.5472176044583534, 1.0], [0.012777304365893971, -0.004272334029718994, 1.5472176044583463, 1.0], [0.012777304365893999, -0.00427233402971916, 1.5472176044583392, 1.0], [0.012777304365894304, -0.004272334029718994, 1.5472176044583534, 1.0], [0.012777304365894027, -0.00427233402971916, 1.5472176044583534, 1.0], [0.012777304365893971, -0.004272334029718994, 1.5472176044583392, 1.0], [0.012777304365893971, -0.004272334029719216, 1.5472176044583534, 1.0], [0.012777304365894332, -0.004272334029719049, 1.5472176044583392, 1.0], [0.012777304365893999, -0.00427233402971916, 1.5472176044583534, 1.0], [0.012777304365893971, -0.00427233402971916, 1.5472176044583392, 1.0], [0.012920261978678349, -0.0037983273565021514, 1.6484029878015605, 1.0], [0.012945363055896941, -0.0037150993431427914, 1.6661695276257973, 1.0], [0.012945363055896886, -0.003715099343142736, 1.666169527625783, 1.0], [0.012945363055896886, -0.003715099343142847, 1.666169527625783, 1.0], [0.012945363055896941, -0.0037150993431427914, 1.6661695276257973, 1.0], [0.012945363055896941, -0.0037150993431427914, 1.6661695276257973, 1.0], [0.012945363055896886, -0.003715099343142958, 1.6661695276257973, 1.0], [0.01294536305589683, -0.003715099343142847, 1.666169527625783, 1.0], [0.012945363055896886, -0.003715099343142736, 1.6661695276257973, 1.0], [0.012945363055896941, -0.0037150993431427914, 1.666169527625783, 1.0], [0.012788151340728415, -0.004220209825819776, 1.8943618046915986, 1.0], [0.012702601634446475, -0.004495075177848418, 2.0185369163097704, 1.0], [0.012702601634446475, -0.004495075177848362, 2.0185369163097704, 1.0], [0.012702601634446475, -0.004495075177848418, 2.0185369163097704, 1.0], [0.01270260163444642, -0.004495075177848473, 