{"text": "や", "text_ids": [36], "strokes": [[[0.0, 0.0, 0.0, 1.0], [-0.0023911222194238774, -0.017442192574799335, 12.022324485931783, 1.0], [0.012773316748786354, -0.00955060530057145, 9.691782282871085, 1.0], [0.01575901985459082, -0.007996842798458106, 9.232925406696882, 1.0], [0.016394411613205182, -0.0065491262970866285, 3.181868750034397, 1.0], [0.016398077786918756, -0.006540773056570401, 3.1469545029544435, 1.0], [0.016398077786918763, -0.006540773056570401, 3.1469545029544506, 1.0], [0.016398077786918763, -0.006540773056570401, 3.1469545029544435, 1.0], [0.016398077786918486, -0.006540773056570359, 3.1469545029544435, 1.0], [0.015997669482720203, -0.007486935775507311, 2.4935159552872435, 1.0], [0.01595806018638385, -0.007580532334627993, 2.4288763341792716, 1.0], [0.015958060186384154, -0.007580532334628132, 2.4288763341792645, 1.0], [0.015958060186384182, -0.007580532334628118, 2.4288763341792716, 1.0], [0.015958060186383877, -0.007580532334628076, 2.4288763341792716, 1.0], [0.015958060186384154, -0.007580532334628118, 2.4288763341792645, 1.0], [0.015958060186384182, -0.007580532334628118, 2.4288763341792645, 1.0], [0.015694433644576344, -0.008123825330385512, 2.1496928711886767, 1.0], [0.01566863459718923, -0.008176993124670295, 2.1223713908016606, 1.0], [0.01566863459718887, -0.008176993124670323, 2.1223713908016606, 1.0], [0.015668634597189146, -0.008176993124670323, 2.1223713908016606, 1.0], [0.015668634597188924, -0.00817699312467024, 2.1223713908016606, 1.0], [0.015668634597189146, -0.008176993124670379, 2.1223713908016464, 1.0], [0.01566863459718898, -0.008176993124670268, 2.122371390801675, 1.0], [0.0156686345971892, -0.008176993124670379, 2.1223713908016464, 1.0], [0.016474421511694204, -0.006301208833770416, 1.986740900753503, 1.0], [0.016563006339704978, -0.006094992989602088, 1.9718302545049227, 1.0], [0.01656300633970509, -0.006094992989602116, 1.9718302545049085, 1.0], [0.016563006339705033, -0.006094992989602144, 1.9718302545049227, 1.0], [0.016563006339705033, -0.006094992989602088, 1.9718302545049227, 1.0], [0.016563006339704922, -0.006094992989602116, 1.9718302545049085, 1.0], [0.01656300633970509, -0.0060949929896021715, 1.9718302545049227, 1.0], [0.016563006339705033, -0.0060949929896020605, 1.9718302545049227, 1.0], [0.016648856404495815, -0.005828958235647885, 1.9834915880634725, 1.0], [0.016870138864753803, -0.005143241515312508, 2.0135492075423684, 1.0], [0.016870138864753526, -0.005143241515312508, 2.0135492075423542, 1.0], [0.016870138864753748, -0.00514324151531248, 2.0135492075423684, 1.0], [0.01687013886475386, -0.005143241515312591, 2.0135492075423542, 1.0], [0.016870138864753415, -0.00514324151531248, 2.0135492075423684, 1.0], [0.01687013886475386, -0.00514324151531248, 2.0135492075423684, 1.0], [0.016870138864753415, -0.00514324151531248, 2.0135492075423542, 1.0], [0.017049605441669446, -0.004300559750689048, 2.2692727472550587, 1.0], [0.017408506217248987, -0.0026153482528810668, 2.78067369061894, 1.0], [0.017408506217248654, -0.0026153482528810668, 2.7806736906188974, 1.0], [0.017408506217248765, -0.0026153482528810112, 2.7806736906189116, 1.0], [0.017408506217248987, -0.0026153482528811223, 2.78067369061894, 1.0], [0.017408506217248987, -0.0026153482528811223, 2.7806736906188974, 1.0], [0.01742868935912467, -0.0017388530839498317, 3.074820555703411, 1.0], [0.017500361750998228, 0.0013736705068314592, 4.119366024044211, 1.0], [0.01750036175099856, 0.0013736705068315702, 4.11936602404424, 1.0], [0.01750036175099845, 0.0013736705068314592, 4.11936602404424, 1.0], [0.016847665353241448, 0.003601006653138117, 5.015111833792844, 1.0], [0.015555695752465293, 0.008009872094445536, 6.788181763693331, 1.0], [0.015555695752465515, 0.008009872094445702, 6.788181763693359, 1.0], [0.004612226871758329, 0.015850787365307206, 10.853687659590435, 1.0], [-0.0015772645128692142, 0.01679277424944217, 9.69162518332945, 1.0], [-0.00817275252537042, 0.015713436203798864, 6.388876954075982, 1.0], [-0.008172752525370086, 0.015713436203798725, 6.388876954075926, 1.0], [-0.011936244203009871, 0.0129637388526474, 5.910128417496082, 1.0], [-0.012492131642144688, 0.012557594147184464, 5.839414750299738, 1.0], [-0.01249213164214491, 0.012557594147184437, 5.839414750299738, 1.0], [-0.01584762250741456, 0.007718380990310858, 5.602982628270809, 1.0], [-0.015987240927434754, 0.007517026457626336, 5.593144938154751, 1.0], [-0.01598724092743442, 0.007517026457626225, 5.593144938154751, 1.0], [-0.01577713643360168, 0.007958754156858039, 16.44399340922405, 0.0]], [[0.0, 0.0, 0.0, 1.0], [0.004293769544931103, -0.005734850887782861, 12.767568566399307, 1.0], [0.0056076472835517865, -0.004441330513160924, 0.7398487818564323, 1.0], [0.005632009720366593, -0.004417345550580876, 0.5168260799225308, 1.0], [0.005632009720366815, -0.004417345550580987, 0.5168260799225308, 1.0], [0.005632009720366704, -0.004417345550580876, 0.516826079922529, 1.0], [0.005632009720366815, -0.004417345550580987, 0.5168260799225308, 1.0], [0.005858035594525801, -0.0039455840683881305, 0.7680070032439144, 1.0], [0.006908022175722173, -0.0017540507863215704, 1.9348495159485743, 1.0], [0.006908022175722284, -0.001754050786321626, 1.934849515948578, 1.0], [0.006908022175722506, -0.0017540507863215704, 1.9348495159485743, 1.0], [0.006908022175722173, -0.0017540507863215704, 1.934849515948578, 1.0], [0.006908022175722284, -0.0017540507863215704, 1.9348495159485708, 1.0], [0.006908022175722284, -0.001754050786321515, 1.9348495159485815, 1.0], [0.006908022175722284, -0.001754050786321626, 1.9348495159485743, 1.0], [0.007031480947324642, -0.0010983168888695771, 2.5831950375298476, 1.0], [0.007039161836645436, -0.001057520925774602, 2.62353133869415, 1.0], [0.0070391618366452136, -0.0010575209257745466, 2.62353133869415, 1.0], [0.007039161836645436, -0.001057520925774602, 2.623531338694143, 1.0], [0.0070391618366452136, -0.0010575209257745466, 2.62353133869415, 1.0], [0.007039161836645436, -0.001057520925774602, 2.62353133869415, 1.0], [0.0070503905647001375, -0.00025333144139522146, 3.9004947747530636, 1.0], [0.007063486775146122, 0.0006846051329073011, 5.389833710403529, 1.0], [0.007063486775146122, 0.0006846051329073566, 5.389833710403522, 1.0], [0.004057468350387672, 0.0038245125010292758, 6.6130026846195165, 1.0], [0.0009668547124994653, 0.007052782977915395, 7.870594016068992, 1.0], [-0.0005045078858816332, 0.006794264461213839, 6.82184204561247, 1.0], [-0.003450013331987578, 0.006276738937796955, 4.72235640964945, 1.0], [-0.003450013331987578, 0.006276738937797011, 4.722356409649464, 1.0], [-0.003450013331987689, 0.006276738937796955, 4.722356409649478, 1.0], [-0.00406867716300674, 0.005879412634461456, 2.9057827324988352, 1.0], [-0.00429376954493077, 0.005734850887782916, 2.2448472204658145, 1.0], [-0.004293769544931103, 0.005734850887782805, 2.2448472204658145, 1.0], [-0.00429376954493077, 0.005734850887782805, 2.2448472204658145, 1.0], [-0.004293769544930881, 0.005734850887782861, 2.2448472204658145, 1.0], [-0.004293769544930881, 0.00573485088778275, 2.2448472204658003, 1.0], [-0.004293769544930992, 0.005734850887782916, 2.2448472204658145, 1.0], [-0.005155750376616308, 0.004869042199958984, 2.0265065433828653, 1.0], [-0.005716668574279882, 0.004305633095204209, 1.884425357161419, 1.0], [-0.005716668574279771, 0.004305633095204209, 1.8844253571614331, 1.0], [-0.005716668574279993, 0.004305633095204209, 1.884425357161419, 1.0], [-0.005716668574279882, 0.004305633095204264, 1.8844253571614331, 1.0], [-0.005716668574280215, 0.004305633095204264, 1.884425357161419, 1.0], [-0.00571666857427966, 0.004305633095204209, 1.884425357161419, 1.0], [-0.005716668574280104, 0.00430563309520432, 1.8844253571614331, 1.0], [-0.005716668574279882, 0.004305633095204209, 1.884425357161419, 1.0], [-0.0059558074064850475, 0.0039450995465054595, 1.844602540670678, 1.0], [-0.00612582065209577, 0.003688781999913182, 1.8162909267913676, 1.0], [-0.006125820652096103, 0.0036887819999132376, 