{"text": "や", "text_ids": [36], "strokes": [[[0.0, 0.0, 0.0, 1.0], [-0.0017460893747607224, -0.008915527695937658, 6.972522062153609, 1.0], [-0.0032867902203949882, -0.0051024231156777695, 5.679865569953475, 1.0], [-0.007269136642671643, 0.004753548227488672, 2.3386549958615603, 1.0], [-0.0033738480667491917, 0.007969352651307372, 2.00665660349849, 1.0], [-0.0033588712096101515, 0.007981716983885894, 2.005380114633585, 1.0], [-0.003358871209610148, 0.007981716983885858, 2.0053801146335886, 1.0], [-0.003358871209610443, 0.007981716983885922, 2.0053801146335886, 1.0], [-0.003358871209610155, 0.007981716983885855, 2.005380114633585, 1.0], [-0.0033588712096101307, 0.007981716983885931, 2.005380114633585, 1.0], [-0.0033588712096104534, 0.00798171698388589, 2.0053801146335886, 1.0], [-0.0031474198531285663, 0.008076845029060288, 1.6025711389784405, 1.0], [-0.0029493128612404773, 0.00816596969199588, 1.2251828081571006, 1.0], [-0.0029493128612404634, 0.008165969691995886, 1.2251828081571006, 1.0], [-0.0029493128612404704, 0.008165969691995886, 1.2251828081571077, 1.0], [-0.0029493128612407757, 0.008165969691995817, 1.2251828081571006, 1.0], [-0.0029493128612404843, 0.008165969691995886, 1.2251828081571006, 1.0], [-0.0029493128612404634, 0.008165969691995886, 1.2251828081571006, 1.0], [-0.0029493128612404704, 0.008165969691995886, 1.2251828081571006, 1.0], [-0.0029493128612407687, 0.008165969691995914, 1.2251828081571077, 1.0], [-0.002949312861240491, 0.008165969691995803, 1.2251828081571006, 1.0], [-0.0029493128612404634, 0.0081659696919959, 1.2251828081571006, 1.0], [-0.0029493128612404773, 0.008165969691995872, 1.2251828081571077, 1.0], [-0.0029493128612407687, 0.008165969691995872, 1.2251828081571006, 1.0], [-0.0029493128612404634, 0.0081659696919959, 1.2251828081571006, 1.0], [-0.003788513783063052, 0.007737374220313842, 1.3704656329665426, 1.0], [-0.0042589052165803165, 0.0074971365929698, 1.4519000004112002, 1.0], [-0.004258905216580303, 0.007497136592969744, 1.451900000411186, 1.0], [-0.0042589052165803165, 0.0074971365929698, 1.451900000411193, 1.0], [-0.004258905216580303, 0.007497136592969772, 1.451900000411193, 1.0], [-0.00425890521658033, 0.007497136592969772, 1.451900000411193, 1.0], [-0.004258905216580303, 0.007497136592969772, 1.451900000411193, 1.0], [-0.004258905216580289, 0.0074971365929698275, 1.451900000411193, 1.0], [-0.00425890521658033, 0.0074971365929698, 1.451900000411193, 1.0], [-0.004258905216580289, 0.007497136592969772, 1.451900000411186, 1.0], [-0.0042589052165803165, 0.007497136592969772, 1.451900000411193, 1.0], [-0.004799293820577713, 0.0071327384529416005, 1.6345635962838898, 1.0], [-0.005129421284732649, 0.00691012488740711, 1.7461541613933491, 1.0], [-0.005129421284732288, 0.006910124887407054, 1.7461541613933633, 1.0], [-0.005129421284732594, 0.006910124887407165, 1.746154161393335, 1.0], [-0.005129421284732344, 0.006910124887406999, 1.7461541613933491, 1.0], [-0.005129421284732566, 0.006910124887407221, 1.7461541613933633, 1.0], [-0.005129421284732344, 0.006910124887407054, 1.746154161393335, 1.0], [-0.005129421284732316, 0.006910124887407054, 1.7461541613933491, 1.0], [-0.005129421284732594, 0.006910124887407165, 1.7461541613933633, 1.0], [-0.005129421284732316, 0.006910124887407054, 1.746154161393335, 1.0], [-0.005375235080500224, 0.0067192652183596935, 1.5734908504707619, 1.0], [-0.0054071496726476875, 0.00669448545172352, 1.5510735604657242, 1.0], [-0.005407149672648021, 0.006694485451723409, 1.5510735604657242, 1.0], [-0.005407149672647632, 0.006694485451723464, 1.5510735604657384, 1.0], [-0.005407149672648021, 0.00669448545172352, 1.55107356046571, 1.0], [-0.00540714967264766, 0.006694485451723464, 1.5510735604657242, 1.0], [-0.005407149672647965, 0.00669448545172352, 1.5510735604657384, 1.0], [-0.005407149672647771, 0.006694485451723464, 1.5510735604657242, 1.0], [-0.00540714967264766, 0.006694485451723353, 1.5510735604657242, 1.0], [-0.005407149672647965, 0.00669448545172352, 1.5510735604657384, 1.0], [-0.0054071496726476875, 0.006694485451723464, 1.5510735604657242, 1.0], [-0.00515026860049464, 0.006893938197093663, 3.764613159134967, 1.0], [-0.005129421284732288, 0.006910124887407054, 3.9442541057355953, 1.0], [-0.005129421284732649, 0.006910124887406999, 3.9442541057355527, 1.0], [-0.005129421284732261, 0.006910124887407276, 3.944254105735581, 1.0], [-0.004151442954900997, 0.00754963045802598, 0.8218016119998026, 1.0], [-0.004003240413843978, 0.007646540939265201, 0.3486261031110729, 1.0], [-0.004003240413844256, 0.007646540939265367, 0.3486261031110587, 0.0]], [[-0.47957812334421557, 0.6396019005479492, 0.0, 1.0], [-0.0061705054059817965, -0.02050472590087349, 12.614514215954765, 1.0], [-0.008156786874955024, -0.020113270984885023, 1.2028626213693165, 1.0], [-0.00784506821819636, -0.020066826938157423, 1.3147590086534766, 1.0], [0.010369139449379117, -0.017353028794627412, 7.853039573695213, 1.0], [0.01087163281903869, -0.016942242360812765, 7.396951232644945, 1.0], [0.015076881912441165, -0.01350446709314701, 3.5800549340654655, 1.0], [0.015076881912441387, -0.013504467093146899, 3.5800549340654655, 1.0], [0.01507688191244122, -0.01350446709314701, 3.5800549340654726, 1.0], [0.01507688191244122, -0.013504467093146844, 3.5800549340654655, 1.0], [0.015557723604770313, -0.012955590306227671, 3.1155421364602987, 1.0], [0.01641923835166853, -0.011972178398097888, 2.283283553969788, 1.0], [0.016419238351668475, -0.011972178398098055, 2.283283553969788, 1.0], [0.016419238351668863, -0.01197217839809811, 2.283283553969788, 1.0], [0.01641923835166853, -0.011972178398098055, 2.283283553969788, 1.0], [0.016419238351668475, -0.011972178398098055, 2.283283553969788, 1.0], [0.016419238351668808, -0.011972178398097943, 2.2832835539697953, 1.0], [0.016859605782769238, -0.011372494253129861, 2.3750884444490694, 1.0], [0.017674722314034275, -0.010262483781012688, 2.5450185496196056, 1.0], [0.017674722314034275, -0.010262483781012799, 2.5450185496196127, 1.0], [0.01767472231403433, -0.010262483781012799, 2.5450185496196127, 1.0], [0.01767472231403433, -0.010262483781012743, 2.5450185496196127, 1.0], [0.01767472231403397, -0.010262483781012688, 2.5450185496195985, 1.0], [0.017674722314034358, -0.010262483781012799, 2.5450185496196127, 1.0], [0.019300953103426444, -0.007109363121481083, 2.8352783057000153, 1.0], [0.020098172247586726, -0.005563624244796839, 2.9775709223666667, 1.0], [0.020098172247586407, -0.005563624244796783, 2.9775709223666667, 1.0], [0.020098172247586435, -0.005563624244796783, 2.9775709223666667, 1.0], [0.02009817224758642, -0.005563624244796728, 2.9775709223666667, 1.0], [0.020098172247586726, -0.005563624244796783, 2.9775709223666524, 1.0], [0.021346565148236275, -0.0003173128251530155, 3.1401862412272834, 1.0], [0.021396299339661952, -0.00010830726585631112, 3.1466646034421757, 1.0], [0.02139629933966195, -0.00010830726585636663, 3.1466646034421757, 1.0], [0.021396299339661962, -0.00010830726585631112, 3.1466646034421757, 1.0], [0.021396299339661952, -0.00010830726585631112, 3.1466646034421757, 1.0], [0.021355876230584228, 0.002583916869917713, 3.315211178293154, 1.0], [0.02132400442667838, 0.004706614546674537, 3.4481025739638937, 1.0], [0.02132400442667838, 0.004706614546674537, 3.4481025739638937, 1.0], [0.021324004426678672, 0.004706614546674481, 3.448102573963922, 1.0], [0.021324004426678395, 0.004706614546674592, 3.4481025739638937, 1.0], [0.018537373541394203, 0.012059455287934895, 3.8900546471406017, 1.0], [0.018291460390307324, 0.012708324948309313, 3.9290558035255856, 1.0], [0.01829146039030763, 0.012708324948309202, 3.929055803525614, 1.0], [0.0182914603903076, 0.012708324948309146, 3.9290558035255856, 1.0], [0.01284503558058439, 0.016908785775680224, 4.73446068570513, 1.0], [0.009094049838860807, 0.019801668579094767, 5.289147904369628, 1.0], [0.009094049838860557, 0.019801668579094878, 5.289147904369628, 1.0], [0.0014759259182209328, 0.019958335790035475, 5.322003942450749, 1.0], 