{"text": "や", "text_ids": [36], "strokes": [[[0.0, 0.0, 0.0, 1.0], [-0.000985624749222897, -0.01831255178689125, 12.022324485931783, 1.0], [0.014101069538651728, -0.008076545276772588, 9.691782282871085, 1.0], [0.017071465613709817, -0.006061193670797195, 9.232925406696882, 1.0], [0.01760751744778476, -0.004480716318048278, 3.181868750034397, 1.0], [0.017610610435876882, -0.004471597055094867, 3.1469545029544435, 1.0], [0.017610610435876875, -0.004471597055094867, 3.1469545029544506, 1.0], [0.017610610435876903, -0.00447159705509486, 3.1469545029544435, 1.0], [0.01761061043587657, -0.00447159705509486, 3.1469545029544435, 1.0], [0.017275715049485135, -0.0055024686610778625, 2.4935159552872435, 1.0], [0.017242586439358415, -0.005604444815162313, 2.4288763341792716, 1.0], [0.017242586439358748, -0.00560444481516241, 2.4288763341792645, 1.0], [0.017242586439358748, -0.00560444481516241, 2.4288763341792716, 1.0], [0.017242586439358443, -0.005604444815162396, 2.4288763341792716, 1.0], [0.01724258643935872, -0.00560444481516241, 2.4288763341792645, 1.0], [0.017242586439358748, -0.005604444815162396, 2.4288763341792645, 1.0], [0.017015241787362717, -0.00620104743649634, 2.1496928711886767, 1.0], [0.016992993361958142, -0.0062594322227691734, 2.1223713908016606, 1.0], [0.016992993361957864, -0.006259432222769243, 2.1223713908016606, 1.0], [0.016992993361958253, -0.006259432222769187, 2.1223713908016606, 1.0], [0.01699299336195792, -0.0062594322227691734, 2.1223713908016606, 1.0], [0.016992993361958142, -0.006259432222769229, 2.1223713908016464, 1.0], [0.016992993361957975, -0.006259432222769201, 2.122371390801675, 1.0], [0.016992993361958197, -0.006259432222769257, 2.1223713908016464, 1.0], [0.017669374205306232, -0.004214053006254659, 1.986740900753503, 1.0], [0.01774373267353052, -0.0039891926084870966, 1.9718302545049227, 1.0], [0.017743732673530632, -0.003989192608487152, 1.9718302545049085, 1.0], [0.01774373267353052, -0.003989192608487152, 1.9718302545049227, 1.0], [0.017743732673530577, -0.0039891926084870966, 1.9718302545049227, 1.0], [0.017743732673530466, -0.003989192608487124, 1.9718302545049085, 1.0], [0.017743732673530577, -0.00398919260848718, 1.9718302545049227, 1.0], [0.017743732673530632, -0.003989192608487069, 1.9718302545049227, 1.0], [0.01781010273458794, -0.003703043039098436, 1.9834915880634725, 1.0], [0.01798117459614179, -0.0029654794639259463, 2.0135492075423684, 1.0], [0.017981174596141125, -0.0029654794639259463, 2.0135492075423542, 1.0], [0.01798117459614168, -0.0029654794639259463, 2.0135492075423684, 1.0], [0.01798117459614157, -0.002965479463926002, 2.0135492075423542, 1.0], [0.017981174596141347, -0.0029654794639259463, 2.0135492075423684, 1.0], [0.01798117459614168, -0.0029654794639259463, 2.0135492075423684, 1.0], [0.017981174596141236, -0.0029654794639259463, 2.0135492075423542, 1.0], [0.018095272046323663, -0.002071890965403056, 2.2692727472550587, 1.0], [0.018323446361930285, -0.0002848751840749397, 2.78067369061894, 1.0], [0.01832344636192995, -0.00028487518407491197, 2.7806736906188974, 1.0], [0.01832344636192995, -0.00028487518407491197, 2.7806736906189116, 1.0], [0.018323446361930285, -0.00028487518407491197, 2.78067369061894, 1.0], [0.018323446361930285, -0.0002848751840749397, 2.7806736906188974, 1.0], [0.01826903877737096, 0.000621508991884484, 3.074820555703411, 1.0], [0.018075831904747597, 0.003840171489961325, 4.119366024044211, 1.0], [0.018075831904747708, 0.0038401714899613804, 4.11936602404424, 1.0], [0.018075831904747708, 0.003840171489961325, 4.11936602404424, 1.0], [0.017205684309337332, 0.006045949507539783, 5.015111833792844, 1.0], [0.015483284361486604, 0.010412142050602063, 6.788181763693331, 1.0], [0.015483284361487049, 0.01041214205060223, 6.788181763693359, 1.0], [0.0034316454373933825, 0.016979607975488725, 10.853687659590435, 1.0], [-0.003084189584164454, 0.01709338344468636, 9.69162518332945, 1.0], [-0.009848251017624876, 0.015067116669627262, 6.388876954075982, 1.0], [-0.009848251017624543, 0.015067116669627165, 6.388876954075926, 1.0], [-0.01352439631838176, 0.011711128286819805, 5.910128417496082, 1.0], [-0.01406738224001014, 0.011215431219394695, 5.839414750299738, 1.0], [-0.014067382240010584, 0.011215431219394625, 5.839414750299738, 1.0], [-0.017139628463110235, 0.005761851643123435, 5.602982628270809, 1.0], [-0.017267461373645543, 0.005534933974601593, 5.593144938154751, 1.0], [-0.01726746137364532, 0.005534933974601516, 5.593144938154751, 1.0], [-0.017087024092278025, 0.0060194182762321954, 16.44399340922405, 0.0]], [[0.0, 0.0, 0.0, 1.0], [0.004957228930609459, -0.005317375220183274, 12.767568566399307, 1.0], [0.006211921451939162, -0.0038018807684198075, 0.7398487818564323, 1.0], [0.006235186453220853, -0.003773779875361649, 0.5168260799225308, 1.0], [0.0062351864532211865, -0.0037737798753617047, 0.5168260799225308, 1.0], [0.006235186453220853, -0.0037737798753615936, 0.516826079922529, 1.0], [0.0062351864532210755, -0.00377377987536176, 0.5168260799225308, 1.0], [0.0064295928370554645, -0.0032561280867951514, 0.7680070032439144, 1.0], [0.007332693400584067, -0.0008514147602816102, 1.9348495159485743, 1.0], [0.007332693400584289, -0.0008514147602815547, 1.934849515948578, 1.0], [0.007332693400584178, -0.0008514147602814992, 1.9348495159485743, 1.0], [0.007332693400584178, -0.0008514147602816102, 1.934849515948578, 1.0], [0.007332693400584178, -0.0008514147602814992, 1.9348495159485708, 1.0], [0.007332693400584289, -0.0008514147602814992, 1.9348495159485815, 1.0], [0.007332693400584178, -0.0008514147602816102, 1.9348495159485743, 1.0], [0.0074046432797201245, -0.00015831072644245658, 2.5831950375298476, 1.0], [0.007409119584247836, -0.00011518981002289763, 2.62353133869415, 1.0], [0.007409119584247503, -0.00011518981002289763, 2.62353133869415, 1.0], [0.007409119584247836, -0.00011518981002289763, 2.623531338694143, 1.0], [0.007409119584247503, -0.00011518981002289763, 2.62353133869415, 1.0], [0.007409119584247836, -0.00011518981002295314, 2.62353133869415, 1.0], [0.007351621965644539, 0.0007154133296491949, 3.9004947747530636, 1.0], [0.007284561751018437, 0.0016841564910078932, 5.389833710403529, 1.0], [0.007284561751018104, 0.0016841564910079487, 5.389833710403522, 1.0], [0.003889324765647517, 0.004504746962114392, 6.6130026846195165, 1.0], [0.0003985391987917364, 0.007404714342586938, 7.870594016068992, 1.0], [-0.0011089045222053562, 0.006934400912517513, 6.82184204561247, 1.0], [-0.004126640391515224, 0.005992885360083244, 4.72235640964945, 1.0], [-0.004126640391515224, 0.0059928853600833, 4.722356409649464, 1.0], [-0.004126640391515224, 0.005992885360083189, 4.722356409649478, 1.0], [-0.004735649344236537, 0.005497583891919955, 2.9057827324988352, 1.0], [-0.0049572289306090145, 0.005317375220183329, 2.2448472204658145, 1.0], [-0.00495722893060957, 0.005317375220183218, 2.2448472204658145, 1.0], [-0.0049572289306090145, 0.005317375220183274, 2.2448472204658145, 1.0], [-0.004957228930609459, 0.005317375220183274, 2.2448472204658145, 1.0], [-0.0049572289306091255, 0.0053173752201831626, 2.2448472204658003, 1.0], [-0.004957228930609459, 0.005317375220183329, 2.2448472204658145, 1.0], [-0.005778902773100336, 0.004305407363961372, 2.0265065433828653, 1.0], [-0.006313591937703089, 0.0036468878642926528, 1.884425357161419, 1.0], [-0.0063135919377032, 0.0036468878642926528, 1.8844253571614331, 1.0], [-0.006313591937703089, 0.0036468878642926805, 1.884425357161419, 1.0], [-0.0063135919377032, 0.003646887864292736, 1.8844253571614331, 1.0], [-0.006313591937703533, 0.0036468878642926528, 1.884425357161419, 1.0], [-0.006313591937702867, 0.0036468878642926528, 1.884425357161419, 1.0], [-0.006313591937703422, 0.003646887864292764, 1.8844253571614331, 1.0], [-0.0063135919377032, 0.0036468878642926528, 1.884425357161419, 1.0], [-0.00653119814770442, 0.0032420858548744824, 1.844602540670678, 1.0], [-0.0066859030013086684, 0.0029542961102468623, 1.8162909267913676, 1.0], [-0.0066859030013088905, 