{"text": "や", "text_ids": [36], "strokes": [[[0.0, 0.0, 0.0, 1.0], [-0.026126829452928622, 0.00563401170516262, 13.987543602935526, 1.0], [-0.027906708573999496, -0.005148550306290892, 3.7310161717770622, 1.0], [-0.009939847864194926, -0.007993455465687674, 19.559046930651462, 1.0], [0.026491572709727768, -0.009197017615302974, 25.578878182729753, 1.0], [0.024720177589257913, -0.013403576202919164, 7.0025945260534, 1.0], [0.024720177589257902, -0.013403576202919168, 7.0025945260534, 1.0], [0.025761911260141573, -0.011329949501772282, 4.176155212566442, 1.0], [0.02578290387060856, -0.011288162585588214, 4.11919791035443, 1.0], [0.025782903870608956, -0.011288162585588221, 4.119197910354444, 1.0], [0.025782903870608567, -0.011288162585588221, 4.11919791035443, 1.0], [0.02487615455479103, -0.013093095693808801, 2.9130301362680626, 1.0], [0.024720177589257875, -0.013403576202919154, 2.7055478850614634, 1.0], [0.02472017758925829, -0.01340357620291939, 2.705547885061449, 1.0], [0.024720177589257958, -0.013403576202919182, 2.7055478850614634, 1.0], [0.024720177589257902, -0.013403576202919154, 2.705547885061449, 1.0], [0.024720177589257902, -0.013403576202919154, 2.705547885061449, 1.0], [0.025191066285774777, -0.012488584091960742, 2.4280513217396447, 1.0], [0.025546524213124422, -0.011797887539444912, 2.2185785652800263, 1.0], [0.025546524213124366, -0.011797887539445107, 2.2185785652800263, 1.0], [0.025546524213124033, -0.011797887539445107, 2.2185785652800405, 1.0], [0.025546524213124422, -0.011797887539445107, 2.2185785652800263, 1.0], [0.025546524213124422, -0.011797887539444912, 2.2185785652800263, 1.0], [0.025546524213124033, -0.011797887539445079, 2.2185785652800405, 1.0], [0.025993343525920087, -0.010699656088362375, 2.3772987123173266, 1.0], [0.026794555917060647, -0.00873036644095937, 2.6619071544509723, 1.0], [0.026794555917060703, -0.00873036644095948, 2.661907154450944, 1.0], [0.026794555917060703, -0.008730366440959314, 2.6619071544509723, 1.0], [0.026794555917060592, -0.00873036644095937, 2.6619071544509723, 1.0], [0.026794555917060703, -0.00873036644095948, 2.6619071544509723, 1.0], [0.026794555917060703, -0.00873036644095937, 2.6619071544509723, 1.0], [0.027987544448634938, -0.0037997141893284514, 3.292453602097112, 1.0], [0.02802238957309, -0.0036556983947022004, 3.3108707694559314, 1.0], [0.028022389573091, -0.003655698394702145, 3.31087076945596, 1.0], [0.028022389573090112, -0.003655698394702256, 3.31087076945596, 1.0], [0.028022389573090445, -0.0036556983947023114, 3.3108707694559314, 1.0], [0.02827343486440781, 1.0158330183751563e-05, 3.4476306277535116, 1.0], [0.02832231713058142, 0.0007239553635380314, 3.474259813905803, 1.0], [0.02832231713058131, 0.0007239553635381424, 3.4742598139058316, 1.0], [0.028322317130581198, 0.0007239553635380869, 3.4742598139058316, 1.0], [0.02823365967042213, 0.0017375456757249275, 3.746216409821983, 1.0], [0.027939714883466138, 0.005098115534618086, 4.647891502977899, 1.0], [0.027939714883465583, 0.005098115534618031, 4.647891502977899, 1.0], [0.027939714883465583, 0.005098115534618031, 4.647891502977899, 1.0], [0.02583173228056157, 0.010773302512031235, 5.5116674833693935, 1.0], [0.02426822948169316, 0.014982621275413055, 6.152335087113727, 1.0], [0.024268229481693382, 0.014982621275412944, 6.152335087113727, 1.0], [0.01118331951896634, 0.024914708391916063, 7.707580461111377, 1.0], [0.008133367629340915, 0.027229771159270666, 8.070091443668161, 1.0], [-0.00025309607801338174, 0.027754375466140624, 6.331552881564107, 1.0], [-0.003771991031356281, 0.02797449535365998, 5.602075620842726, 1.0], [-0.003771991031356503, 0.027974495353659812, 5.602075620842726, 1.0], [-0.012520454320616103, 0.02486774568763088, 4.924813062837529, 1.0], [-0.014084399291759642, 0.024312358374894885, 4.803740214188082, 1.0], [-0.014084399291760086, 0.024312358374895315, 4.80374021418811, 1.0], [-0.017806127083978218, 0.021214075793198083, 5.007035148833097, 1.0], [-0.02127467941491812, 0.018326557986783627, 5.196500676351093, 1.0], [-0.02127467941491834, 0.018326557986783634, 5.19650067635115, 1.0], [-0.021772785150232732, 0.017681301644131377, 5.65377690347276, 1.0], [-0.023298075475549185, 0.015705409404755632, 7.054039851229447, 1.0], [-0.023298075475549407, 0.015705409404755642, 7.054039851229447, 1.0], [-0.026972978228952726, 0.007157847742506232, 10.303815574540806, 1.0], [-0.02461309052580274, -0.0025752429692886616, 12.75600693008073, 1.0], [-0.01828321494707652, -0.021737468912042795, 12.095582745075603, 0.0]], [[0.0, 0.0, 0.0, 1.0], [-0.00941810925130293, -0.004324976014746462, 4.775893709701089, 1.0], [-0.009418109251302376, -0.004324976014746684, 4.775893709701089, 1.0], [-0.009418109251303042, -0.004324976014746573, 4.775893709701087, 1.0], [-0.010168502197101748, -0.0003444346790232311, 9.236466341866063, 1.0], [-0.004736444383812599, 0.0047775419154384435, 6.992177955986293, 1.0], [0.0019272828577151513, 0.010139491190681249, 3.423279116719325, 1.0], [0.0019272828577151513, 0.01013949119068136, 3.4232791167193284, 1.0], [0.0019272828577151513, 0.01013949119068136, 3.4232791167193213, 1.0], [0.0019272828577152623, 0.010139491190681471, 3.4232791167193284, 1.0], [0.0021412016157751346, 0.010097473138464097, 2.434401472633418, 1.0], [0.0023650747025719676, 0.010053499850958048, 1.399508167090218, 1.0], [0.0023650747025723007, 0.01005349985095827, 1.399508167090211, 1.0], [0.0023650747025721897, 0.01005349985095827, 1.399508167090218, 1.0], [0.0023650747025723007, 0.01005349985095838, 1.399508167090218, 1.0], [0.0023650747025720786, 0.010053499850958159, 1.399508167090211, 1.0], [0.0023650747025724117, 0.010053499850958159, 1.399508167090211, 1.0], [0.0023650747025720786, 0.01005349985095827, 1.399508167090218, 1.0], [0.0023650747025723007, 0.01005349985095827, 1.399508167090211, 1.0], [0.0023650747025720786, 0.01005349985095827, 1.399508167090218, 1.0], [0.0023650747025724117, 0.010053499850958159, 1.399508167090211, 1.0], [0.0023576695807489, 0.010055071866542198, 1.3791853249685033, 1.0], [0.0022329428007659136, 0.01008154981606868, 1.036881346930116, 1.0], [0.0022329428007660246, 0.010081549816068569, 1.0368813469301301, 1.0], [0.0022329428007659136, 0.010081549816068569, 1.036881346930116, 1.0], [0.0022329428007658025, 0.010081549816068569, 1.036881346930116, 1.0], [0.0022329428007659136, 0.010081549816068625, 1.036881346930116, 1.0], [0.0022329428007661356, 0.010081549816068625, 1.036881346930116, 1.0], [0.0022329428007658025, 0.01008154981606868, 1.0368813469301301, 1.0], [0.0022329428007658025, 0.010081549816068458, 1.036881346930116, 1.0], [0.0022329428007659136, 0.010081549816068625, 1.036881346930116, 1.0], [0.0022329428007661356, 0.010081549816068625, 1.036881346930116, 1.0], [0.0022329428007659136, 0.010081549816068625, 1.0368813469301301, 1.0], [0.0022329428007656915, 0.010081549816068514, 1.036881346930116, 1.0], [0.0022329428007659136, 0.010081549816068625, 1.036881346930116, 1.0], [0.0022329428007661356, 0.010081549816068569, 1.0368813469301301, 1.0], [0.0022329428007659136, 0.010081549816068569, 1.036881346930116, 1.0], [0.0022329428007658025, 0.010081549816068736, 1.036881346930116, 1.0], [0.002399949434010451, 0.010045037487205477, 1.1359419399628337, 1.0], [0.0024857055600829847, 0.010026288795513816, 1.1868084986132317, 1.0], [0.0024857055600827627, 0.010026288795513816, 1.1868084986132459, 1.0], [0.0024857055600826516, 0.010026288795513871, 1.1868084986132459, 1.0], [0.0024857055600828737, 0.010026288795513816, 1.1868084986132459, 1.0], [0.0024857055600829847, 0.010026288795513871, 1.1868084986132459, 1.0], [0.0024857055600828737, 0.010026288795513705, 1.1868084986132459, 1.0], [0.0024857055600829847, 0.010026288795513871, 1.1868084986132459, 1.0], [0.0024857055600828737, 0.010026288795513871, 1.1868084986132459, 1.0], [0.0024857055600829847, 0.01002628879551376, 1.1868084986132317, 1.0], [0.0024857055600829847, 0.010026288795513816, 1.1868084986132459, 1.0], [0.0024857055600828737, 