{"text": "や", "text_ids": [36], "strokes": [[[0.0, 0.0, 0.0, 1.0], [-0.010295901074553733, -0.01764649359336316, 14.885695093649396, 1.0], [0.017095383651525436, -0.015707507009308588, 9.819031633308818, 1.0], [0.019890988441652862, -0.012252600624726752, 7.424255323935974, 1.0], [0.021462362609642568, -0.009818863531302666, 5.483688906889334, 1.0], [0.021462362609642398, -0.00981886353130268, 5.483688906889334, 1.0], [0.021426031527310818, -0.009897140097275964, 4.473622642746399, 1.0], [0.021385143777441454, -0.009985234160120787, 3.33687322298465, 1.0], [0.02138514377744144, -0.009985234160120773, 3.336873222984643, 1.0], [0.0213851437774413, -0.009985234160120787, 3.336873222984643, 1.0], [0.021385143777441606, -0.009985234160120926, 3.33687322298465, 1.0], [0.02135716435804913, -0.010044346570423732, 3.0026447376529077, 1.0], [0.02131071169874993, -0.010142487586778048, 2.4477439464846142, 1.0], [0.02131071169875029, -0.010142487586777993, 2.447743946484607, 1.0], [0.0213107116987499, -0.010142487586777993, 2.4477439464846213, 1.0], [0.02131071169874993, -0.010142487586778048, 2.447743946484607, 1.0], [0.021310711698750318, -0.010142487586777993, 2.447743946484607, 1.0], [0.02131071169874993, -0.010142487586777993, 2.4477439464846213, 1.0], [0.022254671361725376, -0.007793568856908406, 2.3713735324695477, 1.0], [0.02243544534303965, -0.007343736721873606, 2.3567481365573713, 1.0], [0.02243544534304015, -0.007343736721873634, 2.3567481365573713, 1.0], [0.022435445343039706, -0.007343736721873606, 2.3567481365573713, 1.0], [0.022435445343039817, -0.007343736721873606, 2.356748136557357, 1.0], [0.022435445343039984, -0.0073437367218736616, 2.3567481365573713, 1.0], [0.02243544534304015, -0.007343736721873578, 2.3567481365573713, 1.0], [0.02278985985451698, -0.006084580124859351, 2.4625937312878676, 1.0], [0.02300165261286513, -0.005332127163038963, 2.5258454598174893, 1.0], [0.023001652612864687, -0.005332127163039019, 2.525845459817475, 1.0], [0.023001652612865242, -0.00533212716303888, 2.5258454598174893, 1.0], [0.023001652612864687, -0.0053321271630390465, 2.525845459817475, 1.0], [0.02300165261286513, -0.0053321271630389355, 2.525845459817475, 1.0], [0.023001652612864798, -0.005332127163038991, 2.525845459817475, 1.0], [0.023446518215435863, -0.0026963564864802003, 2.7445815309740738, 1.0], [0.023498417673927796, -0.0023888589635593926, 2.770099987739755, 1.0], [0.023498417673927907, -0.002388858963559448, 2.7700999877397834, 1.0], [0.023498417673927796, -0.0023888589635593926, 2.770099987739755, 1.0], [0.023498417673927685, -0.0023888589635595037, 2.770099987739769, 1.0], [0.02349323063527009, -0.0017550275022299444, 2.8706789109741777, 1.0], [0.023455033403117498, 0.0029124926515567973, 3.6113397646626026, 1.0], [0.02345503340311761, 0.0029124926515568528, 3.6113397646626026, 1.0], [0.02345503340311761, 0.0029124926515567973, 3.6113397646625742, 1.0], [0.02345503340311772, 0.0029124926515568528, 3.6113397646626026, 1.0], [0.023184816607961012, 0.004295073100260671, 3.9742113208241108, 1.0], [0.022799431725734065, 0.006266917977945041, 4.491741002330315, 1.0], [0.022799431725734065, 0.006266917977945097, 4.491741002330343, 1.0], [0.022799431725733843, 0.006266917977945041, 4.491741002330343, 1.0], [0.020241516935765036, 0.011415363141769774, 5.424669895934272, 1.0], [0.018722697377657638, 0.014472368496023458, 5.978617453329775, 1.0], [0.01872269737765775, 0.014472368496023652, 5.978617453329804, 1.0], [0.009574951223007444, 0.021478137973316297, 10.03481842257267, 1.0], [0.002412478259402606, 0.0210407839638298, 9.255086404200227, 1.0], [-0.01385428379842324, 0.0191051646679313, 6.854861637718301, 1.0], [-0.01385428379842324, 0.019105164667931468, 6.854861637718358, 1.0], [-0.0176347700967715, 0.015640689050874956, 4.520690291984778, 1.0], [-0.01780291469508022, 0.01548659965204989, 4.416873409092545, 1.0], [-0.01780291469508022, 0.015486599652049737, 4.416873409092545, 1.0], [-0.018116957290708946, 0.015036518087531092, 4.38556335961735, 1.0], [-0.02069623521629227, 0.011339932145895182, 4.128409328334612, 1.0], [-0.020696235216292158, 0.011339932145895168, 4.128409328334584, 1.0], [-0.020696235216292158, 0.011339932145895175, 4.128409328334641, 1.0], [-0.020696235216292158, 0.011339932145895175, 4.128409328334612, 1.0], [-0.02228351558062458, 0.0077805816160002594, 8.450970734766827, 1.0], [-0.02224543574973703, 0.0078854810561501, 7.683520485870986, 1.0], [-0.02180126111940084, 0.009045221269529788, 0.9037716541353689, 0.0]], [[0.0, 0.0, 0.0, 1.0], [0.0003049088952435941, -0.004478619560571717, 8.445439061932348, 1.0], [0.0021503265124105386, 0.0010112626171840389, 3.6906009022117097, 1.0], [0.0029505861104047737, 0.0033919329130221443, 1.6286801538518514, 1.0], [0.0011022808531155892, 0.004273279685906961, 1.3504553660797871, 1.0], [0.0007901888780899036, 0.004422097774232803, 1.303476262831289, 1.0], [0.0007901888780901256, 0.004422097774232803, 1.303476262831289, 1.0], [0.0007901888780900146, 0.004422097774232858, 1.3034762628312855, 1.0], [0.0007901888780900146, 0.004422097774232803, 1.303476262831289, 1.0], [0.0007901888780900146, 0.004422097774232858, 1.303476262831289, 1.0], [0.0007901888780899036, 0.004422097774232803, 1.303476262831289, 1.0], [0.0007901888780897925, 0.004422097774232803, 1.3034762628312855, 1.0], [0.0007901888780900146, 0.004422097774232803, 1.303476262831289, 1.0], [0.0007901888780900146, 0.004422097774232858, 1.303476262831289, 1.0], [0.0007213141894865105, 0.004429491806513974, 1.319336596171084, 1.0], [0.00019143169571378404, 0.004486377265361052, 1.4413569370620252, 1.0], [0.00019143169571378404, 0.004486377265361163, 1.4413569370620216, 1.0], [0.00019143169571378404, 0.004486377265361163, 1.4413569370620252, 1.0], [0.00019143169571367302, 0.004486377265361219, 1.4413569370620252, 1.0], [0.00019143169571378404, 0.004486377265361108, 1.441356937062018, 1.0], [0.00019143169571378404, 0.004486377265361163, 1.4413569370620252, 1.0], [0.0001914316957141171, 0.004486377265361108, 1.4413569370620252, 1.0], [0.00019143169571378404, 0.004486377265361163, 1.4413569370620252, 1.0], [0.00019143169571378404, 0.004486377265361219, 1.4413569370620252, 1.0], [0.00019143169571378404, 0.004486377265361108, 1.4413569370620252, 1.0], [0.00019143169571367302, 0.004486377265361163, 1.441356937062018, 1.0], [-0.00027676213267391336, 0.004427563695102166, 1.4064320078417012, 1.0], [-0.0012689906416137875, 0.004302921938664328, 1.3324166997705689, 1.0], [-0.0012689906416140095, 0.004302921938664328, 1.332416699770583, 1.0], [-0.0012689906416136765, 0.004302921938664439, 1.332416699770576, 1.0], [-0.0012689906416142316, 0.004302921938664328, 1.332416699770583, 1.0], [-0.0012689906416137875, 0.004302921938664328, 1.332416699770576, 1.0], [-0.0012689906416136765, 0.0043029219386643835, 1.332416699770583, 1.0], [-0.0012689906416140095, 0.004302921938664439, 1.332416699770576, 1.0], [-0.0012689906416137875, 0.004302921938664328, 1.332416699770583, 1.0], [-0.0012689906416137875, 0.004302921938664439, 1.332416699770583, 1.0], [-0.0012689906416140095, 0.004302921938664328, 1.332416699770576, 1.0], [-0.0012689906416136765, 0.0043029219386643835, 1.332416699770576, 1.0], [-0.0014984437929677075, 0.00421196010971614, 1.229842474963995, 1.0], [-0.0020036342838892773, 0.004011688068341568, 1.004003245124828, 1.0], [-0.0020036342838894994, 0.004011688068341512, 1.004003245124828, 1.0], [-0.0020036342838892773, 0.004011688068341568, 1.004003245124828, 1.0], [-0.0020036342838893884, 0.004011688068341512, 1.0040032451248209, 1.0], [-0.0020036342838893884, 0.004011688068341568, 1.0040032451248209, 1.0], [-0.0020036342838892773, 0.004011688068341568, 1.0040032451248209, 1.0], [-0.0020036342838893884, 0.004011688068341512, 1.0040032451248209, 1.0], [-0.0020036342838893884, 0.004011688068341568, 1.004003245124835, 1.0], [-0.0020036342838892773, 0.004011688068341512, 1.0040032451248209, 1.0], [-0.0020036342838893884, 0.00401168806834154, 