{"text": "や", "text_ids": [36], "strokes": [[[0.0, 0.0, 0.0, 1.0], [-0.020933483951887953, 0.018624875538901433, 13.672489354265739, 1.0], [-0.007095730707239421, -0.006900058411989702, 65.32173896588999, 1.0], [0.017299890937470995, -0.02197603165231681, 17.353055342840804, 1.0], [0.01884969711779364, -0.02071446194590257, 9.82985316098528, 1.0], [0.019287428123828408, -0.020305162620369775, 8.027349098647889, 1.0], [0.01970906203089569, -0.01991091484855345, 6.291130234026497, 1.0], [0.019709062030895293, -0.01991091484855327, 6.291130234026511, 1.0], [0.022172591807408423, -0.017002391320030813, 5.428271695661891, 1.0], [0.02276120130187151, -0.016307459770966995, 5.2221094917779, 1.0], [0.022761201301871523, -0.01630745977096698, 5.2221094917779, 1.0], [0.023444832309304137, -0.015227402300662746, 4.748764774179222, 1.0], [0.02400020393358754, -0.014349979736325041, 4.364226592322808, 1.0], [0.0240002039335879, -0.014349979736324958, 4.364226592322808, 1.0], [0.02400020393358751, -0.014349979736325041, 4.3642265923228365, 1.0], [0.024192951869427853, -0.014005559089265346, 4.057760498348387, 1.0], [0.02421785351820105, -0.01396106241569045, 4.0181672803988135, 1.0], [0.024217853518201493, -0.013961062415690423, 4.018167280398842, 1.0], [0.024217853518201105, -0.013961062415690367, 4.0181672803988135, 1.0], [0.024470566081456813, -0.013481925405138984, 3.7431328381390188, 1.0], [0.024603789824201805, -0.013229336356889831, 3.598141559076339, 1.0], [0.024603789824202138, -0.013229336356889831, 3.5981415590763675, 1.0], [0.024603789824202194, -0.013229336356889887, 3.598141559076339, 1.0], [0.024922335223966252, -0.012457089588735037, 3.6063420325802724, 1.0], [0.02613478842794692, -0.009517750113091528, 3.6375548216562663, 1.0], [0.02613478842794642, -0.009517750113091694, 3.6375548216562663, 1.0], [0.02613478842794681, -0.009517750113091639, 3.6375548216562663, 1.0], [0.026134788427946476, -0.009517750113091639, 3.6375548216562663, 1.0], [0.025773872766507333, -0.010502201690825996, 3.9770078052400493, 1.0], [0.02545966829475288, -0.011359241495405736, 4.272527387202814, 1.0], [0.02545966829475277, -0.01135924149540568, 4.272527387202786, 1.0], [0.02545966829475299, -0.01135924149540568, 4.272527387202814, 1.0], [0.026037669942842734, -0.009653799536135044, 4.398120248793532, 1.0], [0.02649982856739541, -0.008290162057322747, 4.4985418035731755, 1.0], [0.02649982856739519, -0.008290162057322636, 4.498541803573204, 1.0], [0.0264998285673953, -0.008290162057322581, 4.4985418035731755, 1.0], [0.02721394307214764, -0.0030428241248656174, 5.4305133631613955, 1.0], [0.027419270156318287, -0.0015340736511590403, 5.698480197032012, 1.0], [0.027419270156317732, -0.0015340736511589848, 5.698480197031955, 1.0], [0.027328058205435823, 0.0008626280073614767, 6.656819164947365, 1.0], [0.027325132079183967, 0.0009395154280618656, 6.687563171460511, 1.0], [0.02660901997722165, 0.004123215268517777, 7.52346894277207, 1.0], [0.025647601166381873, 0.008397502640973109, 8.645717164001269, 1.0], [0.02369456364425182, 0.012110380048617753, 10.272698481370128, 1.0], [0.021830832989885307, 0.015321264625578979, 11.87272611780179, 1.0], [0.017470088228915825, 0.020063863993828257, 15.678706049254913, 1.0], [0.0022439513315579696, 0.027062361334055762, 10.347563415799584, 1.0], [-0.0038785953770399395, 0.02636773120029129, 10.453805013647127, 1.0], [-0.010803284926362622, 0.025582094396382593, 10.57396580903719, 1.0], [-0.012851452445510003, 0.02468976412557794, 7.314101290987878, 1.0], [-0.013180624030607824, 0.024546353116993047, 6.790191620231269, 1.0], [-0.01297767872555855, 0.024644057063948177, 6.201075880689018, 1.0], [-0.012613621415035858, 0.02481932515476451, 5.144279362666339, 1.0], [-0.012613621415035636, 0.024819325154764454, 5.144279362666339, 1.0], [-0.012912277164320196, 0.024629642606427388, 5.205551543677757, 1.0], [-0.01821850711414663, 0.021259544353312648, 6.294177102545348, 1.0], [-0.01821850711414652, 0.021259544353312662, 6.294177102545291, 1.0], [-0.019606546714971418, 0.019912562456957245, 7.105633344876992, 1.0], [-0.0209334839518881, 0.018624875538901534, 7.881368780261994, 1.0], [-0.021471058266496423, 0.017957791242603778, 8.122687895213687, 1.0], [-0.022450910523705403, 0.016741877394577227, 8.562547228272138, 1.0], [-0.024249975468338958, 0.011878623618116875, 9.220997918557657, 1.0], [-0.027328056369192444, 0.0035579186819340476, 10.347563415799698, 1.0], [-0.025106488959948936, -0.007019802111632563, 18.835462642163407, 0.0]], [[0.0, 0.0, 0.0, 1.0], [0.0002929127925542785, -0.0035056556250626647, 7.077611996455699, 1.0], [0.0003524999054272948, -0.003392018245095829, 6.986847834952227, 1.0], [0.0030098540140224284, 0.0016757681265984203, 2.939118286453688, 1.0], [0.0030098540140230945, 0.0016757681265987534, 2.9391182864536916, 1.0], [0.0030098540140230945, 0.0016757681265987534, 2.939118286453688, 1.0], [0.0030098540140228724, 0.0016757681265986424, 2.939118286453688, 1.0], [0.001706020619064219, 0.002686705612032325, 1.9928074506344622, 1.0], [0.0008325761967804546, 0.0033639376198519866, 1.3588691541551334, 1.0], [0.0008325761967805656, 0.0033639376198519866, 1.3588691541551299, 1.0], [0.0008325761967810097, 0.0033639376198518756, 1.3588691541551299, 1.0], [0.0008325761967803436, 0.0033639376198519866, 1.3588691541551299, 1.0], [0.0008325761967805656, 0.0033639376198517645, 1.358869154155137, 1.0], [0.0008325761967804546, 0.0033639376198519866, 1.3588691541551299, 1.0], [0.0008325761967808987, 0.0033639376198518756, 1.3588691541551299, 1.0], [0.0008325761967804546, 0.0033639376198518756, 1.3588691541551299, 1.0], [0.0008325761967804546, 0.0033639376198519866, 1.3588691541551299, 1.0], [0.0008325761967805656, 0.0033639376198517645, 1.358869154155137, 1.0], [0.0008325761967808987, 0.0033639376198520976, 1.3588691541551299, 1.0], [0.0007844500304929891, 0.0033740075126448277, 1.3636459815562603, 1.0], [0.00028837205481324624, 0.003477806597787514, 1.4128848686341868, 1.0], [0.0002883720548135793, 0.003477806597787403, 1.4128848686341868, 1.0], [0.0002883720548135793, 0.003477806597787514, 1.4128848686341868, 1.0], [0.00028837205481335726, 0.003477806597787625, 1.4128848686341868, 1.0], [0.0002883720548134683, 0.003477806597787403, 1.4128848686341868, 1.0], [0.0002883720548135793, 0.003477806597787403, 1.4128848686341868, 1.0], [0.00028837205481335726, 0.003477806597787625, 1.4128848686341868, 1.0], [0.0002883720548134683, 0.003477806597787514, 1.4128848686341868, 1.0], [0.00028837205481335726, 0.003477806597787292, 1.4128848686341868, 1.0], [0.0002883720548134683, 0.003477806597787625, 1.4128848686341868, 1.0], [0.0002883720548135793, 0.003477806597787514, 1.4128848686341868, 1.0], [0.00028837205481335726, 0.003477806597787403, 1.4128848686341868, 1.0], [0.0002883720548134683, 0.003477806597787514, 1.4128848686341868, 1.0], [0.0002883720548136903, 0.003477806597787625, 1.4128848686341868, 1.0], [0.00028837205481324624, 0.003477806597787292, 1.4128848686341868, 1.0], [0.0002883720548134683, 0.003477806597787625, 1.4128848686341797, 1.0], [0.0002883720548136903, 0.003477806597787514, 1.412884868634194, 1.0], [0.0002883720548131352, 0.003477806597787403, 1.4128848686341797, 1.0], [0.0002883720548136903, 0.003477806597787514, 1.4128848686341797, 1.0], [0.0002883720548131352, 0.003477806597787625, 1.412884868634194, 1.0], [0.0002883720548136903, 0.003477806597787403, 1.4128848686341797, 1.0], [0.0002883720548135793, 0.003477806597787403, 1.412884868634194, 1.0], [0.0002883720548131352, 0.003477806597787514, 1.4128848686341797, 1.0], [0.0002951257610496194, 0.0034766564465541494, 1.4261655066382986, 1.0], [0.0005675150062552925, 0.0034302687572796975, 1.9617977706589471, 1.0], [0.0005675150062549594, 0.0034302687572796975, 1.9617977706589755, 1.0], [0.0005675150062552925, 0.0034302687572795865, 1.9617977706589613, 1.0], [0.0005675150062551815, 0.0034302687572796975, 1.9617977706589613, 1.0], [0.0005675150062549594, 0.0034302687572796975, 