{"text": "や", "text_ids": [36], "strokes": [[[0.0, 0.0, 0.0, 1.0], [-0.023741920748606808, -0.00709244521738635, 12.274378300306985, 1.0], [-0.024377600678210466, -0.0035172259221092133, 3.134081982243899, 1.0], [0.012679962985251286, -0.017726810700117612, 22.095832079487757, 1.0], [0.01753473629814017, -0.015513919835491479, 9.71314817560124, 1.0], [0.018132922621158225, -0.014845647422693196, 5.216939816429715, 1.0], [0.018132922621158242, -0.014845647422693023, 5.216939816429708, 1.0], [0.018132922621158225, -0.014845647422693203, 5.216939816429715, 1.0], [0.018359456138601897, -0.01457804400813334, 3.2601308043390844, 1.0], [0.01836532484183917, -0.014571111325309777, 3.209436622242251, 1.0], [0.01836532484183917, -0.014571111325309763, 3.209436622242251, 1.0], [0.018365324841839517, -0.014571111325309694, 3.209436622242251, 1.0], [0.01836532484183917, -0.014571111325309694, 3.209436622242265, 1.0], [0.019889086968438552, -0.01256569981013711, 2.6913267797077083, 1.0], [0.01990533559985541, -0.012544315112368087, 2.6858019174488135, 1.0], [0.01990533559985541, -0.01254431511236817, 2.6858019174488135, 1.0], [0.019905335599855356, -0.01254431511236806, 2.6858019174488135, 1.0], [0.01990533559985541, -0.01254431511236817, 2.6858019174488135, 1.0], [0.019905335599855717, -0.01254431511236806, 2.6858019174488135, 1.0], [0.02037075966730248, -0.01183368813446456, 2.429534962618362, 1.0], [0.020610664318322758, -0.011467392686800276, 2.2974411611444907, 1.0], [0.020610664318322425, -0.011467392686800193, 2.2974411611444765, 1.0], [0.020610664318322314, -0.011467392686800193, 2.2974411611444907, 1.0], [0.020610664318322758, -0.011467392686800304, 2.2974411611444907, 1.0], [0.02061066431832248, -0.011467392686800137, 2.2974411611444765, 1.0], [0.02061066431832237, -0.011467392686800248, 2.2974411611444765, 1.0], [0.021536522123790314, -0.009794194826433511, 2.4136296910644575, 1.0], [0.021941687516925712, -0.00906198533931224, 2.46447504887729, 1.0], [0.021941687516925656, -0.00906198533931224, 2.464475048877304, 1.0], [0.021941687516925656, -0.00906198533931235, 2.4644750488773184, 1.0], [0.021941687516925712, -0.00906198533931224, 2.464475048877304, 1.0], [0.021941687516925712, -0.00906198533931235, 2.464475048877304, 1.0], [0.0219416875169256, -0.00906198533931224, 2.4644750488773184, 1.0], [0.023149374263362166, -0.006006196369477912, 2.63641178987848, 1.0], [0.023455880530787288, -0.0052306488411580365, 2.6800486757456667, 1.0], [0.0234558805307874, -0.005230648841158092, 2.680048675745695, 1.0], [0.02345588053078751, -0.0052306488411581475, 2.6800486757456667, 1.0], [0.023455880530787288, -0.005230648841158092, 2.6800486757456667, 1.0], [0.0234558805307874, -0.005230648841158092, 2.680048675745695, 1.0], [0.023583139211858062, -0.004784340182768354, 2.9627867991343635, 1.0], [0.023735933432821432, -0.004248475884993219, 3.302258738779244, 1.0], [0.02373593343282132, -0.00424847588499333, 3.3022587387792726, 1.0], [0.02373593343282132, -0.004248475884993386, 3.302258738779244, 1.0], [0.023735933432821432, -0.004248475884993275, 3.302258738779244, 1.0], [0.024228885165295866, -0.000993298738822701, 4.370436747315409, 1.0], [0.02454505786784633, 0.001094528705087472, 5.055551953357792, 1.0], [0.024545057867846554, 0.001094528705087472, 5.055551953357821, 1.0], [0.024267556844878246, 0.003119289841399253, 5.585534084481083, 1.0], [0.023419754980603003, 0.009305199528212571, 7.204698705906679, 1.0], [0.023419754980603114, 0.009305199528212516, 7.204698705906679, 1.0], [0.012942315148477546, 0.020899609707661304, 12.501935809547234, 1.0], [-0.0011309369163631233, 0.021833252725043828, 10.25611120758873, 1.0], [-0.009735139794992076, 0.021466498648085308, 8.283541908867932, 1.0], [-0.013455110101689649, 0.018945430832811083, 6.1105699236907185, 1.0], [-0.015326380077336332, 0.017677249067812373, 5.017492049799699, 1.0], [-0.015326380077336443, 0.017677249067812373, 5.017492049799699, 1.0], [-0.01583476230323022, 0.017190455235988333, 4.929189128302141, 1.0], [-0.017160541122914097, 0.015920975464837506, 4.698909356361099, 1.0], [-0.017160541122913764, 0.01592097546483745, 4.698909356361099, 1.0], [-0.017160541122914097, 0.01592097546483734, 4.698909356361071, 1.0], [-0.020928898373680505, 0.010723194886440607, 5.361206068772617, 1.0], [-0.021481413554267803, 0.009961098173253052, 5.45831177380785, 1.0], [-0.021481413554268025, 0.009961098173253136, 5.458311773807907, 1.0], [-0.022096823778193442, 0.008711596362862478, 18.32302560280425, 0.0]], [[0.0, 0.0, 0.0, 1.0], [-0.00047158739802233285, -0.004196265542037336, 4.314636720286616, 1.0], [-0.0004715873980222218, -0.004196265542037336, 4.314636720286616, 1.0], [-4.517494679945333e-05, -0.0023935196736935005, 3.9812114683417583, 1.0], [0.0014775544761984616, 0.0040441304653706656, 2.7905416367019615, 1.0], [0.0014775544761985726, 0.004044130465370777, 2.7905416367019615, 1.0], [0.0014775544761983506, 0.0040441304653706656, 2.7905416367019598, 1.0], [0.0014775544761980175, 0.004044130465370888, 2.7905416367019633, 1.0], [0.0014775544761983506, 0.0040441304653705545, 2.7905416367019598, 1.0], [0.000989544352243965, 0.00411793353431078, 2.2840127264602934, 1.0], [0.0004715873980222218, 0.004196265542037336, 1.7464005772528886, 1.0], [0.0004715873980222218, 0.004196265542037225, 1.746400577252892, 1.0], [0.00047158739802233285, 0.004196265542037225, 1.746400577252885, 1.0], [0.0004715873980222218, 0.004196265542037336, 1.746400577252885, 1.0], [0.0004715873980222218, 0.004196265542037336, 1.7464005772528992, 1.0], [0.0004715873980222218, 0.004196265542037336, 1.746400577252885, 1.0], [0.0004715873980222218, 0.004196265542037336, 1.746400577252885, 1.0], [0.00047158739802233285, 0.004196265542037336, 1.746400577252892, 1.0], [0.0004715873980222218, 0.004196265542037392, 1.746400577252885, 1.0], [-0.00015456849205230938, 0.00415138110508767, 1.3352131096397386, 1.0], [-0.0003623886093874207, 0.00413648403376532, 1.1987406606528594, 1.0], [-0.0003623886093870876, 0.004136484033765209, 1.1987406606528594, 1.0], [-0.0003623886093875317, 0.00413648403376532, 1.1987406606528594, 1.0], [-0.00036238860938719863, 0.004136484033765264, 1.1987406606528594, 1.0], [-0.00036238860938730966, 0.004136484033765264, 1.1987406606528594, 1.0], [-0.00036238860938719863, 0.004136484033765264, 1.1987406606528594, 1.0], [-0.0003623886093875317, 0.00413648403376532, 1.1987406606528594, 1.0], [-0.0003623886093869766, 0.004136484033765209, 1.1987406606528666, 1.0], [-0.0003623886093875317, 0.00413648403376532, 1.1987406606528594, 1.0], [-0.00036238860938719863, 0.004136484033765209, 1.1987406606528594, 1.0], [-0.0003623886093874207, 0.00413648403376532, 1.1987406606528594, 1.0], [-0.0003623886093870876, 0.004136484033765264, 1.1987406606528594, 1.0], [-0.0003623886093876427, 0.004136484033765264, 1.1987406606528594, 1.0], [-0.0009024165233857406, 0.003982475267964969, 1.092284370493239, 1.0], [-0.0013110399944499251, 0.0038659412984713426, 1.0117319811186078, 1.0], [-0.0013110399944499251, 0.0038659412984714536, 1.011731981118615, 1.0], [-0.0013110399944498141, 0.003865941298471398, 1.0117319811186007, 1.0], [-0.0013110399944499251, 0.0038659412984714536, 1.011731981118615, 1.0], [-0.0013110399944502582, 0.0038659412984714536, 1.011731981118615, 1.0], [-0.0013110399944498141, 0.0038659412984713426, 1.0117319811186007, 1.0], [-0.0013110399944499251, 0.0038659412984714536, 1.011731981118615, 1.0], [-0.0013110399944498141, 0.0038659412984714536, 1.0117319811186007, 1.0], [-0.0013110399944499251, 0.0038659412984714536, 1.011731981118615, 1.0], [-0.0013110399944498141, 0.0038659412984713426, 1.011731981118615, 1.0], [-0.0013110399944498141, 0.0038659412984714536, 1.0117319811186007, 1.0], [-0.0013110399944499251, 0.003865941298471398, 1.011731981118615, 1.0], [-0.0013110399944498141, 0.0038659412984714536, 1.011731981118615, 1.0], [-0.0013110399944503692, 0.003865941298471398, 1.0117319811186007, 1.0], [-0.0013110399944498141, 