{"text": "や", "text_ids": [36], "strokes": [[[0.0, 0.0, 0.0, 1.0], [0.001005899933585075, -0.010782126534150808, 22.02485090999692, 1.0], [0.018326270226439435, -0.018907540364121164, 18.33162098225791, 1.0], [0.019126657212107573, -0.018079092691631635, 4.359729465769519, 1.0], [0.01920548338582971, -0.01799750295901402, 2.983706657268378, 1.0], [0.019205483385829426, -0.017997502959013714, 2.983706657268378, 1.0], [0.01920548338582971, -0.017997502959013756, 2.983706657268371, 1.0], [0.01920548338582971, -0.01799750295901402, 2.9837066572683852, 1.0], [0.019092617337615136, -0.018119555909610785, 2.669791062554097, 1.0], [0.018999481035174404, -0.01822027318199257, 2.410750029110261, 1.0], [0.01899948103517468, -0.01822027318199229, 2.410750029110261, 1.0], [0.018999481035174348, -0.01822027318199229, 2.410750029110261, 1.0], [0.018999481035174404, -0.01822027318199229, 2.410750029110247, 1.0], [0.018999481035174376, -0.01822027318199257, 2.410750029110261, 1.0], [0.01899948103517443, -0.01822027318199229, 2.410750029110261, 1.0], [0.019984042723627193, -0.01700719021609673, 2.231595526442945, 1.0], [0.020983924755556105, -0.015775230984832744, 2.049653277158683, 1.0], [0.020983924755555994, -0.015775230984832744, 2.0496532771586686, 1.0], [0.020983924755555994, -0.0157752309848328, 2.049653277158683, 1.0], [0.02098392475555605, -0.0157752309848328, 2.049653277158683, 1.0], [0.020983924755555994, -0.015775230984832744, 2.049653277158683, 1.0], [0.020983924755555716, -0.015775230984832744, 2.049653277158683, 1.0], [0.020983924755556382, -0.015775230984832744, 2.049653277158683, 1.0], [0.02158487958021149, -0.014568147324946323, 2.085418037979153, 1.0], [0.023958151216781076, -0.0098011710141786, 2.226659091318794, 1.0], [0.023958151216781354, -0.009801171014178933, 2.22665909131878, 1.0], [0.023958151216781076, -0.009801171014178878, 2.226659091318794, 1.0], [0.02395815121678113, -0.009801171014178933, 2.226659091318794, 1.0], [0.02395815121678102, -0.009801171014178711, 2.226659091318794, 1.0], [0.02395815121678102, -0.009801171014178933, 2.22665909131878, 1.0], [0.023975026662225285, -0.00972301070818693, 2.239602543517549, 1.0], [0.024987080959974706, -0.00503558045013347, 3.0158473228875806, 1.0], [0.024987080959974928, -0.00503558045013347, 3.015847322887595, 1.0], [0.02498708095997504, -0.00503558045013347, 3.015847322887609, 1.0], [0.024987080959974928, -0.005035580450133359, 3.0158473228875806, 1.0], [0.024987080959974928, -0.00503558045013347, 3.015847322887595, 1.0], [0.02338885830872328, 0.001549276725122506, 3.112735825892898, 1.0], [0.02077581088984415, 0.012315326143841732, 3.2711457023258674, 1.0], [0.02077581088984426, 0.012315326143841676, 3.271145702325896, 1.0], [0.02077581088984426, 0.012315326143841732, 3.271145702325839, 1.0], [0.02077581088984437, 0.01231532614384162, 3.271145702325896, 1.0], [0.019532121619483256, 0.013662883647493851, 3.5258515196631777, 1.0], [0.01396312565856983, 0.019696981129704305, 4.666374077649806, 1.0], [0.013963125658569608, 0.01969698112970436, 4.666374077649834, 1.0], [0.01396312565856983, 0.019696981129704305, 4.666374077649806, 1.0], [0.002843252322648593, 0.023891235940570466, 7.956951427689376, 1.0], [-0.0007892459041765054, 0.02526136154390013, 9.031875217570786, 1.0], [-0.010195347149157818, 0.023286943594739373, 5.711551125721741, 1.0], [-0.0131522435316197, 0.02266626674475808, 4.6677760227239276, 1.0], [-0.01315224353161959, 0.022666266744758107, 4.667776022723956, 1.0], [-0.015335245235939987, 0.02119843523081391, 4.308988830915553, 1.0], [-0.017140881077991388, 0.019984341267248296, 4.012223596185976, 1.0], [-0.017140881077991166, 0.01998434126724799, 4.012223596185947, 1.0], [-0.017140881077991166, 0.019984341267248268, 4.012223596185947, 1.0], [-0.017140881077991388, 0.019984341267248018, 4.012223596185464, 1.0], [-0.017140881077991055, 0.019984341267248268, 4.012223596184242, 1.0], [-0.017140881077991388, 0.019984341267248296, 4.012223596184242, 1.0], [-0.017140881077991055, 0.01998434126724799, 4.012223596184214, 1.0], [-0.017227652884917344, 0.0199055182409145, 4.086463332771757, 1.0], [-0.01832627022643951, 0.018907540364121164, 5.026412204812658, 1.0], [-0.0183262702264394, 0.018907540364121168, 5.026412204812658, 1.0], [-0.01832627022643951, 0.018907540364121168, 5.026412204812658, 1.0], [-0.01832627022643918, 0.01890754036412086, 2.370139184963449, 1.0], [-0.01832627022643929, 0.01890754036412117, 1.1826852246618103, 0.0]], [[0.7165668952239527, -0.8562267254473593, 0.0, 1.0], [-0.0014981366961603904, -0.004891011116023081, 2.14680546781843, 1.0], [-0.0014981366961605014, -0.00489101111602297, 2.14680546781843, 1.0], [-0.0014981366961601683, -0.004891011116023192, 2.14680546781843, 1.0], [-0.0014981366961601683, -0.004891011116023081, 2.14680546781843, 1.0], [-0.0014981366961602793, -0.004891011116023081, 2.14680546781843, 1.0], [-0.0014981366961605014, -0.004891011116023081, 2.14680546781843, 1.0], [0.004730511203697385, 0.0004175535381885087, 2.2472235990419307, 1.0], [0.005096577723657569, 0.0007295454536403456, 2.2531253158236346, 1.0], [0.005096577723657569, 0.0007295454536403456, 2.253125315823638, 1.0], [0.005096577723657569, 0.0007295454536402346, 2.253125315823631, 1.0], [0.005096577723657569, 0.0007295454536402346, 2.253125315823631, 1.0], [0.005096577723657569, 0.0007295454536403456, 2.253125315823638, 1.0], [0.00509657772365768, 0.0007295454536403456, 2.253125315823638, 1.0], [0.005096577723657569, 0.0007295454536403456, 2.2531253158236346, 1.0], [0.005096577723657569, 0.0007295454536403456, 2.2531253158236275, 1.0], [0.004609815686454466, 0.001399717841461201, 2.002388323248354, 1.0], [0.00239648318966712, 0.004447026815959543, 0.8622740756325342, 1.0], [0.002396483189667342, 0.004447026815959432, 0.8622740756325342, 1.0], [0.00239648318966712, 0.004447026815959654, 0.8622740756325342, 1.0], [0.002396483189667009, 0.004447026815959543, 0.8622740756325342, 1.0], [0.002396483189667231, 0.004447026815959654, 0.8622740756325342, 1.0], [0.002396483189667009, 0.004447026815959432, 0.8622740756325342, 1.0], [0.002396483189667342, 0.004447026815959432, 0.8622740756325342, 1.0], [0.00239648318966712, 0.004447026815959654, 0.8622740756325342, 1.0], [0.002396483189667231, 0.004447026815959543, 0.8622740756325342, 1.0], [0.002396483189666898, 0.004447026815959654, 0.8622740756325342, 1.0], [0.0023964831896674532, 0.004447026815959432, 0.8622740756325342, 1.0], [0.00239648318966712, 0.004447026815959543, 0.8622740756325342, 1.0], [0.002396483189667009, 0.004447026815959654, 0.8622740756325342, 1.0], [0.00239648318966712, 0.004447026815959543, 0.8622740756325342, 1.0], [0.00239648318966712, 0.004447026815959654, 0.8622740756325342, 1.0], [0.002396483189667342, 0.004447026815959432, 0.8622740756325342, 1.0], [0.00239648318966712, 0.004447026815959543, 0.8622740756325271, 1.0], [0.00239648318966712, 0.004447026815959654, 0.8622740756325413, 1.0], [0.00239648318966712, 0.004447026815959543, 0.8622740756325271, 1.0], [0.002301476794005386, 0.004502080620550575, 0.8305482432637916, 1.0], [0.0021921537465166008, 0.004565430562960215, 0.794041599110983, 1.0], [0.0021921537465166008, 0.004565430562960215, 0.794041599110983, 1.0], [0.0021921537465164898, 0.004565430562960215, 0.7940415991109973, 1.0], [0.002192153746516823, 0.0045654305629604375, 0.794041599110983, 1.0], [0.0021921537465164898, 0.004565430562960215, 0.794041599110983, 1.0], [0.002192153746516712, 0.004565430562960215, 0.7940415991109901, 1.0], [0.0021921537465163787, 0.004565430562960215, 0.7940415991109901, 1.0], [0.002192153746516823, 0.0045654305629603265, 0.794041599110983, 1.0], [0.0021921537465164898, 0.0045654305629603265, 0.7940415991109901, 1.0], [0.002192153746516823, 0.0045654305629603265, 0.7940415991109901, 1.0], [0.0021921537465164898, 0.004565430562960215, 0.7940415991109901, 1.0], [0.0021921537465166008, 0.004565430562960215, 0.794041599110983, 1.0], [0.0021921537465164898, 0.004565430562960215, 