{"text": "や", "text_ids": [36], "strokes": [[[0.0, 0.0, 0.0, 1.0], [0.00014205991293636153, -0.009632952122923559, 22.02485090999692, 1.0], [0.015145430744702478, -0.017152825097639122, 18.33162098225791, 1.0], [0.01592390545401431, -0.016426477850759822, 4.359729465769519, 1.0], [0.016000573595517476, -0.016354943486395768, 2.983706657268378, 1.0], [0.016000573595517244, -0.016354943486395497, 2.983706657268378, 1.0], [0.0160005735955175, -0.016354943486395518, 2.983706657268371, 1.0], [0.016000573595517473, -0.016354943486395754, 2.9837066572683852, 1.0], [0.01589042756111607, -0.016462033723819727, 2.669791062554097, 1.0], [0.015799535795745112, -0.01655040386611717, 2.410750029110261, 1.0], [0.015799535795745334, -0.016550403866116947, 2.410750029110261, 1.0], [0.01579953579574514, -0.01655040386611692, 2.410750029110261, 1.0], [0.015799535795745112, -0.01655040386611692, 2.410750029110247, 1.0], [0.015799535795745084, -0.01655040386611717, 2.410750029110261, 1.0], [0.01579953579574514, -0.016550403866116947, 2.410750029110261, 1.0], [0.016770865570107013, -0.015483877187086714, 2.231595526442945, 1.0], [0.017757309791787218, -0.014400754742406652, 2.049653277158683, 1.0], [0.017757309791787135, -0.014400754742406596, 2.0496532771586686, 1.0], [0.01775730979178719, -0.014400754742406652, 2.049653277158683, 1.0], [0.017757309791787135, -0.014400754742406652, 2.049653277158683, 1.0], [0.017757309791787135, -0.014400754742406652, 2.049653277158683, 1.0], [0.017757309791786857, -0.014400754742406596, 2.049653277158683, 1.0], [0.017757309791787523, -0.014400754742406652, 2.049653277158683, 1.0], [0.018383195486237403, -0.013333546128744767, 2.085418037979153, 1.0], [0.020854923319065577, -0.009118959891655176, 2.226659091318794, 1.0], [0.0208549233190658, -0.009118959891655454, 2.22665909131878, 1.0], [0.020854923319065577, -0.009118959891655398, 2.226659091318794, 1.0], [0.020854923319065577, -0.009118959891655398, 2.226659091318794, 1.0], [0.020854923319065577, -0.009118959891655287, 2.226659091318794, 1.0], [0.020854923319065577, -0.009118959891655398, 2.22665909131878, 1.0], [0.020875629800600815, -0.00904951010364674, 2.239602543517549, 1.0], [0.02211743901378871, -0.004884467073224208, 3.0158473228875806, 1.0], [0.02211743901378893, -0.004884467073224263, 3.015847322887595, 1.0], [0.022117439013789042, -0.004884467073224208, 3.015847322887609, 1.0], [0.02211743901378893, -0.004884467073224152, 3.0158473228875806, 1.0], [0.02211743901378893, -0.004884467073224263, 3.015847322887595, 1.0], [0.02114575127219176, 0.0010140405304426836, 3.112735825892898, 1.0], [0.019557070156235312, 0.010657928418610851, 3.2711457023258674, 1.0], [0.019557070156235423, 0.010657928418610796, 3.271145702325896, 1.0], [0.019557070156235423, 0.010657928418610907, 3.271145702325839, 1.0], [0.019557070156235423, 0.01065792841861074, 3.271145702325896, 1.0], [0.018533801274749462, 0.011879443768728681, 3.5258515196631777, 1.0], [0.013951804465956341, 0.017349149275655895, 4.666374077649806, 1.0], [0.013951804465956119, 0.01734914927565595, 4.666374077649834, 1.0], [0.013951804465956452, 0.017349149275655895, 4.666374077649806, 1.0], [0.004247156496095084, 0.02126510384852609, 7.956951427689376, 1.0], [0.0010769660202192277, 0.02254431788384531, 9.031875217570786, 1.0], [-0.007522629793341062, 0.02093116384315974, 5.711551125721741, 1.0], [-0.010225993608962036, 0.020424053700176664, 4.6677760227239276, 1.0], [-0.010225993608962036, 0.020424053700176692, 4.667776022723956, 1.0], [-0.012293231166417118, 0.01914915169830514, 4.308988830915553, 1.0], [-0.014003114498339464, 0.018094636374233142, 4.012223596185976, 1.0], [-0.014003114498339353, 0.018094636374232864, 4.012223596185947, 1.0], [-0.014003114498339131, 0.018094636374233142, 4.012223596185947, 1.0], [-0.014003114498339575, 0.018094636374232864, 4.012223596185464, 1.0], [-0.01400311449833902, 0.018094636374233128, 4.012223596184242, 1.0], [-0.014003114498339575, 0.018094636374233156, 4.012223596184242, 1.0], [-0.014003114498339242, 0.018094636374232878, 4.012223596184214, 1.0], [-0.014086733320822886, 0.01802569473902385, 4.086463332771757, 1.0], [-0.015145430744702426, 0.017152825097639122, 5.026412204812658, 1.0], [-0.015145430744702537, 0.01715282509763912, 5.026412204812658, 1.0], [-0.015145430744702426, 0.017152825097639122, 5.026412204812658, 1.0], [-0.015145430744702315, 0.017152825097638845, 2.370139184963449, 1.0], [-0.015145430744702426, 0.01715282509763913, 1.1826852246618103, 0.0]], [[0.0, 0.0, 0.0, 1.0], [-0.0016933963920280348, -0.0043389825832248485, 2.14680546781843, 1.0], [-0.0016933963920282569, -0.0043389825832246265, 2.14680546781843, 1.0], [-0.0016933963920278128, -0.0043389825832249596, 2.14680546781843, 1.0], [-0.0016933963920279238, -0.0043389825832247375, 2.14680546781843, 1.0], [-0.0016933963920280348, -0.0043389825832248485, 2.14680546781843, 1.0], [-0.0016933963920281458, -0.0043389825832247375, 2.14680546781843, 1.0], [0.0042842025662697125, 0.0002980402139570737, 2.2472235990419307, 1.0], [0.0046355145819052535, 0.0005705646567628619, 2.2531253158236346, 1.0], [0.0046355145819052535, 0.0005705646567627509, 2.253125315823638, 1.0], [0.0046355145819053645, 0.0005705646567627509, 2.253125315823631, 1.0], [0.004635514581905142, 0.0005705646567627509, 2.253125315823631, 1.0], [0.0046355145819052535, 0.0005705646567627509, 2.253125315823638, 1.0], [0.0046355145819052535, 0.0005705646567627509, 2.253125315823638, 1.0], [0.004635514581905142, 0.0005705646567627509, 2.2531253158236346, 1.0], [0.0046355145819053645, 0.0005705646567628619, 2.2531253158236275, 1.0], [0.0042451196478211495, 0.0011759811730199798, 2.002388323248354, 1.0], [0.0024699734199957746, 0.003928841805340477, 0.8622740756325342, 1.0], [0.0024699734199962187, 0.003928841805340255, 0.8622740756325342, 1.0], [0.0024699734199961076, 0.003928841805340588, 0.8622740756325342, 1.0], [0.0024699734199958856, 0.003928841805340366, 0.8622740756325342, 1.0], [0.0024699734199959966, 0.003928841805340477, 0.8622740756325342, 1.0], [0.0024699734199958856, 0.003928841805340366, 0.8622740756325342, 1.0], [0.0024699734199963297, 0.003928841805340366, 0.8622740756325342, 1.0], [0.0024699734199958856, 0.003928841805340588, 0.8622740756325342, 1.0], [0.0024699734199959966, 0.003928841805340366, 0.8622740756325342, 1.0], [0.0024699734199958856, 0.003928841805340477, 0.8622740756325342, 1.0], [0.0024699734199963297, 0.003928841805340366, 0.8622740756325342, 1.0], [0.0024699734199959966, 0.003928841805340366, 0.8622740756325342, 1.0], [0.0024699734199958856, 0.003928841805340477, 0.8622740756325342, 1.0], [0.0024699734199959966, 0.003928841805340477, 0.8622740756325342, 1.0], [0.0024699734199959966, 0.003928841805340477, 0.8622740756325342, 1.0], [0.0024699734199962187, 0.003928841805340255, 0.8622740756325342, 1.0], [0.0024699734199958856, 0.003928841805340477, 0.8622740756325271, 1.0], [0.0024699734199959966, 0.003928841805340477, 0.8622740756325413, 1.0], [0.0024699734199959966, 0.003928841805340477, 0.8622740756325271, 1.0], [0.002388417889112482, 0.003979441295364761, 0.8305482432637916, 1.0], [0.0022945726367621377, 0.0040376656960725565, 0.794041599110983, 1.0], [0.00229457263676236, 0.0040376656960725565, 0.794041599110983, 1.0], [0.0022945726367621377, 0.0040376656960726676, 0.7940415991109973, 1.0], [0.0022945726367622488, 0.0040376656960725565, 0.794041599110983, 1.0], [0.0022945726367620267, 0.0040376656960726676, 0.794041599110983, 1.0], [0.002294572636762471, 0.0040376656960725565, 0.7940415991109901, 1.0], [0.0022945726367620267, 0.0040376656960725565, 0.7940415991109901, 1.0], [0.00229457263676236, 0.0040376656960726676, 0.794041599110983, 1.0], [0.0022945726367622488, 0.0040376656960726676, 0.7940415991109901, 1.0], [0.00229457263676236, 0.0040376656960726676, 0.7940415991109901, 1.0], [0.0022945726367620267, 0.0040376656960726676, 0.7940415991109901, 1.0], [0.0022945726367622488, 0.0040376656960725565, 0.794041599110983, 1.0], 