{"text": "ゆ", "text_ids": [37], "strokes": [[[0.0, 0.0, 0.0, 1.0], [0.00812908395145713, 0.007365600515985858, 108.83373556409516, 1.0], [0.003351791950516131, 0.043297179908666064, 20.97428948875448, 1.0], [0.0011390430817741232, 0.043438120303381796, 13.021605907992296, 1.0], [0.00033906883904852997, 0.04343921832495805, 10.13624543218566, 1.0], [8.161755602339657e-05, 0.04343957169516485, 9.207665839480171, 1.0], [-0.002236603483952328, 0.04334620950118617, 8.289298576438824, 1.0], [-0.0024651996205470456, 0.04333700320183875, 8.198739822684928, 1.0], [-0.002465199620547035, 0.043337003201838586, 8.250452457252834, 1.0], [-0.002465199620547053, 0.04333700320183892, 8.252678900465781, 1.0], [-0.004229993770865731, 0.04317356763430852, 6.858178399441442, 1.0], [-0.004428730957151543, 0.04315516281082027, 6.701140760916786, 1.0], [-0.0034251059595998582, 0.04324810737380674, 8.285097653414567, 1.0], [-0.002465199620547035, 0.04333700320183864, 9.800056194307302, 1.0], [-0.005038013737757141, 0.0430580343390623, 11.528449539772794, 1.0], [-0.004576424037756641, 0.04310808426409096, 13.612261033996077, 1.0], [-0.002465199620547042, 0.04333700320183864, 18.721072358578198, 1.0], [-0.009877675024283418, 0.04176836867919309, 21.85872820329405, 1.0], [-0.015197059110533692, 0.009986176195045715, 42.384123498209476, 1.0], [-0.006365679998278494, -0.042807476777505404, 20.095910575419225, 1.0], [0.000407829573449571, -0.043366369198266974, 16.93972421954072, 1.0], [0.004437816469680014, -0.04312311340878505, 14.209856110775377, 1.0], [0.007378560664501585, -0.04256813661067005, 11.354110452531188, 1.0], [0.014582346920442742, -0.04072382834118082, 8.328269797672363, 1.0], [0.015569093283213755, -0.040304831208627045, 8.054956690834729, 1.0], [0.018369461759427483, -0.0391157248628663, 7.279298996617797, 1.0], [0.018369461759427486, -0.03911572486286635, 7.279298996617797, 1.0], [0.023229253931095713, -0.036352162633983, 6.542517271754434, 1.0], [0.023622360518589597, -0.03612861922332894, 6.482919301438471, 1.0], [0.025738330443043744, -0.034388631758133004, 6.3753621739490995, 1.0], [0.0306083316236707, -0.030383971336520932, 6.127814544937564, 1.0], [0.030608331623670687, -0.030383971336521015, 6.127814544937564, 1.0], [0.03245239414328269, -0.028344861630467705, 6.834664723043431, 1.0], [0.03327376516673505, -0.02743661388486232, 7.149505596410677, 1.0], [0.034567689821054404, -0.02558037488352327, 7.18047739360793, 1.0], [0.03739380202239623, -0.021526089595132858, 7.24812412532782, 1.0], [0.03739380202239628, -0.021526089595132927, 7.248124125327877, 1.0], [0.0388976077784009, -0.01870549564418432, 8.014231165944864, 1.0], [0.03894632257314612, -0.018614124365126855, 8.0390486977887, 1.0], [0.04276905788695501, -0.006397713844904326, 10.888358143334415, 1.0], [0.043066611843129154, -0.0037678362215236294, 11.833400494360717, 1.0], [0.04318721598525621, 0.0008629248927171651, 13.196287813590061, 1.0], [0.04177932510605986, 0.01177743045212154, 14.491477088133479, 1.0], [0.028873355418825075, 0.03277948958438383, 15.839282722287749, 1.0], [0.014672784289517349, 0.0408578432890567, 14.633416703302828, 1.0], [0.004252235723855025, 0.04296363599033684, 13.631813129102284, 1.0], [-0.005375014468169015, 0.04262881979405156, 11.21183836403884, 1.0], [-0.010402354658575752, 0.04203814770126438, 9.63220266377391, 1.0], [-0.013794243258710925, 0.04097163260383868, 8.996493397867425, 1.0], [-0.01458234692044269, 0.040723828341180546, 8.848786660022824, 1.0], [-0.01698551518027136, 0.03974188440764331, 7.459521337403999, 1.0], [-0.017281654130444024, 0.03962088087640259, 7.288324180289237, 1.0], [-0.019634355711407925, 0.03844303860464898, 8.023178014921768, 1.0], [-0.020666842470990154, 0.03792614068597511, 8.345669766797528, 1.0], [-0.02422136804153091, 0.03559487692933022, 8.577342876163925, 1.0], [-0.026068740275974056, 0.034383263213316306, 8.697748950397113, 1.0], [-0.0289893003724504, 0.0318422866905409, 8.13620305268364, 1.0], [-0.030220297113905836, 0.030771281911895154, 7.8995151752124, 1.0], [-0.033613668203949565, 0.02659188734973683, 7.918424848402651, 1.0], [-0.036373787206093966, 0.02319242821533296, 7.933805703284634, 1.0], [-0.03768008551245966, 0.020885696799074926, 8.891347094907928, 1.0], [-0.038816525267219015, 0.0188789106980638, 9.724378952153415, 1.0], [-0.04234181204193349, 0.001653414376482476, 13.68353591436653, 1.0], [-0.03032612389483641, -0.025701061207236475, 21.39179781744224, 0.0]], [[0.0, 0.0, 0.0, 1.0], [0.006424610813671183, -0.0027100940197291312, 24.313345714327895, 1.0], [0.01215083625143576, 0.013794663092250387, 13.50612457887398, 1.0], [0.01067822794071771, 0.014716461429123306, 11.118841589811012, 1.0], [0.00722090845441159, 0.01688061555573009, 9.836740240379584, 1.0], [0.007220908454411312, 0.016880615555730102, 7.393960034974285, 1.0], [0.007220908454411368, 0.016880615555730075, 5.55486507692261, 1.0], [0.007220908454411312, 0.01688061555573013, 5.55486507692261, 1.0], [0.004592838760074158, 0.017654064521120255, 4.482516574970276, 1.0], [0.0034128574249373544, 0.01800133664438531, 4.00104105710561, 1.0], [0.003412857424937077, 0.018001336644385364, 4.001041057105596, 1.0], [0.00341285742493741, 0.018001336644385305, 4.00104105710561, 1.0], [0.0025397123693455814, 0.01810756985708239, 3.4698046425938003, 1.0], [0.0014340177998345416, 0.018242096744257266, 2.797081118718097, 1.0], [0.0014340177998344306, 0.018242096744257266, 2.797081118718083, 1.0], [0.0014340177998345416, 0.018242096744257197, 2.797081118718097, 1.0], [0.001434017799834153, 0.018242096744257252, 2.797081118718097, 1.0], [0.0014340177998345416, 0.018242096744257252, 2.797081118718083, 1.0], [0.0013575859214813857, 0.018246933617869804, 2.831554928353057, 1.0], [0.0013280084864828456, 0.01824880538025414, 2.8448955250465815, 1.0], [0.0013280084864827901, 0.01824880538025428, 2.8448955250465815, 1.0], [0.0013280084864828456, 0.01824880538025417, 2.8448955250465815, 1.0], [0.0013280084864828456, 0.01824880538025417, 2.8448955250465673, 1.0], [0.0013280084864828456, 0.01824880538025414, 2.8448955250465815, 1.0], [8.742100070907588e-05, 0.018266823225500967, 2.6147122296970906, 1.0], [-0.00033636683908300213, 0.018272978167254317, 2.5360810306796964, 1.0], [-0.00033636683908311316, 0.01827297816725415, 2.5360810306796964, 1.0], [-0.00033636683908305764, 0.018272978167254317, 2.536081030679668, 1.0], [-0.0003363668390828356, 0.018272978167254372, 2.5360810306796964, 1.0], [-0.00033636683908300213, 0.01827297816725426, 2.5360810306796964, 1.0], [-0.00036589681642801297, 0.018271488168687067, 2.522684939979598, 1.0], [-0.0010374352575883705, 0.018237604251224893, 2.2180456996150326, 1.0], [-0.001037435257588315, 0.01823760425122478, 2.218045699615061, 1.0], [-0.0010374352575883705, 0.018237604251224893, 2.2180456996150326, 1.0], [-0.0010374352575883705, 0.01823760425122478, 2.2180456996150326, 1.0], [-0.001037435257588315, 0.018237604251224893, 2.2180456996150326, 1.0], [-0.0010374352575883705, 0.018237604251224837, 2.2180456996150326, 1.0], [-0.001037435257588315, 0.018237604251224893, 2.2180456996150326, 1.0], [-0.004078450729361194, 0.017710843833459, 2.2264740378051044, 1.0], [-0.004707659347121695, 0.017601853202720785, 2.2282179233826866, 1.0], [-0.004707659347121751, 0.017601853202720674, 2.228217923382715, 1.0], [-0.004707659347121751, 0.017601853202720785, 2.228217923382715, 1.0], [-0.004707659347121473, 0.017601853202720785, 2.228217923382715, 1.0], [-0.004707659347121751, 0.017601853202720896, 2.228217923382715, 1.0], [-0.004707659347121751, 0.017601853202720785, 2.228217923382715, 1.0], [-0.005077258832504317, 0.017476774051246036, 2.205002157253091, 1.0], [-0.006563556954520766, 0.016973783881366722, 2.111642856268503, 1.0], [-0.006563556954520655, 0.016973783881366833, 2.1116428562685314, 1.0], [-0.006563556954520655, 0.01697378388136661, 2.111642856268503, 1.0], [-0.006563556954520988, 0.016973783881366722, 2.111642856268503, 1.0], 