{"text": "ゆ", "text_ids": [37], "strokes": [[[0.0, 0.0, 0.0, 1.0], [-0.021832733977037135, -0.03132870944596918, 36.614976181352425, 1.0], [0.005925533170453932, 0.021467665754219448, 97.725558259085, 1.0], [0.013834492227044862, 0.03708770004212906, 15.340629284215396, 1.0], [0.010168109736735164, 0.03853239557539538, 11.955818872044773, 1.0], [0.0044935684838423445, 0.03985823640525654, 7.684749345699174, 1.0], [0.0037634029552733005, 0.040028837556466926, 7.135174040969673, 1.0], [0.0025585755928430737, 0.040175002810040245, 6.6592670591371075, 1.0], [0.0013701787336467125, 0.04031917477499267, 6.189850128450388, 1.0], [0.0013701787336465668, 0.04031917477499267, 6.189850128450388, 1.0], [0.0014360958729158317, 0.040313074757559075, 6.123759401723817, 1.0], [0.0014572554079862708, 0.04031111663962139, 6.102544144728483, 1.0], [0.0011978821085839898, 0.040329213207609904, 6.301291974470757, 1.0], [-0.00046198398040729616, 0.04044502265908567, 7.57318381380108, 1.0], [-0.00046198398040729616, 0.04044502265908562, 7.57318381380108, 1.0], [-0.002701612756589585, 0.04047779743048002, 7.9559281204049626, 1.0], [-0.0029773435282597557, 0.04048183247999537, 8.00304949343547, 1.0], [-0.004310670983102425, 0.04043444849015765, 12.958723573094545, 1.0], [-0.010448421607911125, 0.03874651514375482, 33.12958989402995, 1.0], [-0.015138892224323, -0.0315870378515718, 35.10696556426274, 1.0], [-0.003214316192285304, -0.04008641333017127, 12.416058904552472, 1.0], [-0.0010485892694520708, -0.04022966000029016, 9.747273182310153, 1.0], [0.004913823013764588, -0.040402255646756646, 7.084107493863883, 1.0], [0.004913823013764591, -0.04040225564675676, 7.084107493863883, 1.0], [0.01076077705187907, -0.039550893060396664, 6.031681937079895, 1.0], [0.011059520597311887, -0.03950739364585698, 5.977909436032633, 1.0], [0.011786976627003815, -0.03926842712366363, 5.910011236520063, 1.0], [0.01782112718223359, -0.03728623175553414, 5.3468047449042615, 1.0], [0.017821127182233602, -0.03728623175553425, 5.3468047449042615, 1.0], [0.01782112718223358, -0.037286231755534, 5.346804744904205, 1.0], [0.02383502645625979, -0.033920264139440603, 5.429762877754456, 1.0], [0.024300803348684744, -0.03365956972724826, 5.436187990573899, 1.0], [0.02430080334868448, -0.03365956972724825, 5.436187990573899, 1.0], [0.027871509305474135, -0.030816986675290287, 6.203749263073405, 1.0], [0.027926333298354866, -0.030773342153761735, 6.21553426420428, 1.0], [0.029080844094259595, -0.02951834277485683, 6.265343001840108, 1.0], [0.03254815364153732, -0.025749238714730595, 6.4149321716903955, 1.0], [0.03254815364153668, -0.025749238714730425, 6.414932171690282, 1.0], [0.03572284447391205, -0.02048512052503465, 7.790376336981296, 1.0], [0.036749619824955504, -0.018782571493475404, 8.235229785781883, 1.0], [0.039173155341258536, -0.009219459801381807, 9.76982782056325, 1.0], [0.04021287430636045, -0.00427264828481945, 10.521693553442162, 1.0], [0.03960539493679177, 0.005412129732812659, 11.475379525559958, 1.0], [0.036643897373203005, 0.013684765924633802, 11.075403874277583, 1.0], [0.03384348865327513, 0.019294332062440092, 10.910556146754516, 1.0], [0.02275425577910184, 0.032071353223718915, 11.167549056403232, 1.0], [0.015652135752362795, 0.035769080324922674, 9.786603374191031, 1.0], [0.010637685618510972, 0.03837985965387898, 8.811587007959702, 1.0], [0.0020869616986006756, 0.03997077536085267, 7.857572681639795, 1.0], [-0.00046198398040731004, 0.040445022659085644, 7.573183813801052, 1.0], [-0.005366165256967093, 0.040092499749919575, 6.911770690279241, 1.0], [-0.009792692793977098, 0.03977431160049116, 6.3147773820173825, 1.0], [-0.009792692793977209, 0.03977431160049116, 6.314777382017496, 1.0], [-0.013959694418675506, 0.03867463432714696, 6.107455856549564, 1.0], [-0.014792108532255321, 0.038454959134968214, 6.066040618594002, 1.0], [-0.014979990871884508, 0.03837263768830046, 6.079653046475414, 1.0], [-0.02085073464082643, 0.035800346322162446, 6.504999443171982, 1.0], [-0.02085073464082654, 0.03580034632216267, 6.504999443171982, 1.0], [-0.02227360139284079, 0.034947789500200666, 7.714271038410743, 1.0], [-0.02334103250915598, 0.03430820348211405, 8.621463596678154, 1.0], [-0.027607017041744286, 0.030679057135949428, 9.840425878173846, 1.0], [-0.03123513217748236, 0.026913784295583776, 11.018067789528232, 1.0], [-0.03841474697506031, 0.014547541930246655, 14.369105994439224, 1.0], [-0.03837377138922876, -0.0072301559395858694, 18.22494211964363, 0.0]], [[0.25869234581489003, -0.19840679803428002, 0.0, 1.0], [0.005157296973936465, -0.020004041943612466, 15.684449051275564, 1.0], [0.013052993834544835, -0.014967321875929362, 10.798508854734557, 1.0], [0.015604381773439258, 0.008764925043633215, 23.289844251366134, 1.0], [0.010261375495284275, 0.017000558488957207, 11.783741551061532, 1.0], [0.006705249456450957, 0.01879434223374074, 6.210092274098741, 1.0], [0.0062088306077050515, 0.019044746199112172, 5.432036455163072, 1.0], [0.006208830607705107, 0.0190447461991122, 5.4320364551630576, 1.0], [0.004694002019129395, 0.019533462005721397, 4.156311423051093, 1.0], [0.004183450375492226, 0.019698176786137986, 3.726346266011973, 1.0], [0.004183450375492392, 0.019698176786137903, 3.726346266011987, 1.0], [0.00418345037549217, 0.019698176786137986, 3.726346266011973, 1.0], [0.0037961839135541853, 0.019781167012114256, 3.4930603109237666, 1.0], [0.0020992826666656472, 0.020144808669163794, 2.470861729384623, 1.0], [0.0020992826666655917, 0.020144808669163794, 2.470861729384609, 1.0], [0.002099282666665536, 0.020144808669163794, 2.470861729384623, 1.0], [0.0020992826666659248, 0.02014480866916378, 2.470861729384623, 1.0], [0.0020992826666656472, 0.02014480866916379, 2.470861729384609, 1.0], [0.002099282666665536, 0.020144808669163718, 2.470861729384623, 1.0], [0.000893874106282222, 0.020288507917227874, 2.240208374154861, 1.0], [0.0004023363755866205, 0.02034710514692853, 2.146153270737628, 1.0], [0.000402336375586676, 0.020347105146928696, 2.146153270737642, 1.0], [0.00040233637558695357, 0.0203471051469285, 2.146153270737628, 1.0], [0.000402336375586565, 0.020347105146928557, 2.146153270737642, 1.0], [0.000402336375586676, 0.02034710514692853, 2.1461532707376136, 1.0], [0.000402336375586676, 0.02034710514692853, 2.146153270737642, 1.0], [0.00040233637558689805, 0.020347105146928612, 2.1461532707376136, 1.0], [-9.895629821610186e-05, 0.020377975729665432, 1.998971158504105, 1.0], [-0.00023286197710048473, 0.02038622190311845, 1.9596557611559433, 1.0], [-0.00023286197710048473, 0.020386221903118507, 1.9596557611559149, 1.0], [-0.00023286197710054024, 0.02038622190311845, 1.9596557611559149, 1.0], [-0.00023286197710048473, 0.020386221903118507, 1.9596557611559433, 1.0], [-0.00023286197710048473, 0.020386221903118507, 1.9596557611559149, 1.0], [-0.00023286197710048473, 0.020386221903118507, 1.9596557611559149, 1.0], [-0.00023286197710054024, 0.02038622190311845, 1.9596557611559433, 1.0], [-0.00023286197710048473, 0.020386221903118507, 2.268334511079246, 1.0], [-0.00023286197710048473, 0.020386221903118507, 2.453943933054603, 1.0], [-0.00023286197710048473, 0.02038622190311845, 2.4539439330546315, 1.0], [-0.00023286197710048473, 0.020386221903118507, 2.4539439330546315, 1.0], [-0.00023286197710054024, 0.02038622190311845, 2.4539439330546315, 1.0], [-0.00023286197710048473, 0.02038622190311845, 2.4539439330546315, 1.0], [-0.00023286197710048473, 0.020386221903118562, 2.4539439330546315, 1.0], [-0.002469416204089303, 0.020310617126506836, 2.635098133897287, 1.0], [-0.0034423001370478268, 0.02027772962861707, 2.7138988216968585, 1.0], [-0.0034423001370476047, 0.02027772962861707, 2.713898821696887, 1.0], [-0.0034423001370476047, 0.02027772962861707, 2.7138988216968585, 1.0], [-0.0034423001370474937, 0.02027772962861707, 2.7138988216968585, 1.0], [-0.0034423001370478823, 0.02027772962861707, 2.7138988216968585, 1.0], [-0.004716742331716206, 0.02003188335443895, 2.8274182031657062, 1.0], 