{"text": "ゆ", "text_ids": [37], "strokes": [[[0.0, 0.0, 0.0, 1.0], [-0.018279150781406225, -0.034274864421472824, 36.614976181352425, 1.0], [0.003732016429472268, 0.0219911974883231, 97.725558259085, 1.0], [0.009948783338321214, 0.038587534333260946, 15.340629284215396, 1.0], [0.006243460020048565, 0.03939468934795131, 11.955818872044773, 1.0], [0.0005949299195938445, 0.03975317515360702, 7.684749345699174, 1.0], [-0.0001318886517460197, 0.0397993029313614, 7.135174040969673, 1.0], [-0.0013183632889502833, 0.03974295976935863, 6.6592670591371075, 1.0], [-0.0024886577031853546, 0.03968738497179894, 6.189850128450388, 1.0], [-0.0024886577031854942, 0.03968738497179894, 6.189850128450388, 1.0], [-0.002423924472380828, 0.03969232397322742, 6.123759401723817, 1.0], [-0.0024031449743228466, 0.03969390940267886, 6.102544144728483, 1.0], [-0.0026572999022297147, 0.03966869497580927, 6.301291974470757, 1.0], [-0.004283770888853296, 0.03950733460367151, 7.57318381380108, 1.0], [-0.004283770888853296, 0.03950733460367151, 7.57318381380108, 1.0], [-0.006466634011522702, 0.03916875836875716, 7.9559281204049626, 1.0], [-0.00673537610827768, 0.03912707472568444, 8.00304949343547, 1.0], [-0.008028567382029318, 0.03886003727947929, 12.958723573094545, 1.0], [-0.013842221740607542, 0.03619226378556284, 33.12958989402995, 1.0], [-0.011739768278592105, -0.03341987751897624, 35.10696556426274, 1.0], [0.0006717546262862417, -0.039764780173121794, 12.416058904552472, 1.0], [0.0027931641327918755, -0.03954655403992868, 9.747273182310153, 1.0], [0.008612543329439337, -0.038728709754853985, 7.084107493863883, 1.0], [0.008612543329439351, -0.03872870975485404, 7.084107493863883, 1.0], [0.014222480908302547, -0.03692781932302991, 6.031681937079895, 1.0], [0.014509114364122694, -0.036835804850360365, 5.977909436032633, 1.0], [0.015194469370270676, -0.03648153464871606, 5.910011236520063, 1.0], [0.020879397561227895, -0.03354291066774823, 5.3468047449042615, 1.0], [0.0208793975612279, -0.033542910667748366, 5.3468047449042615, 1.0], [0.020879397561227878, -0.03354291066774806, 5.346804744904205, 1.0], [0.026413435986339384, -0.029253331835261326, 5.429762877754456, 1.0], [0.02684204762460568, -0.028921103673902465, 5.436187990573899, 1.0], [0.02684204762460536, -0.02892110367390252, 5.436187990573899, 1.0], [0.03004782354256144, -0.025548107065808734, 6.203749263073405, 1.0], [0.03009704446364264, -0.02549631866758538, 6.21553426420428, 1.0], [0.031101719017702395, -0.02407697435208416, 6.265343001840108, 1.0], [0.03411902962714425, -0.019814297802442496, 6.4149321716903955, 1.0], [0.03411902962714358, -0.01981429780244243, 6.414932171690282, 1.0], [0.03670981872604151, -0.014136869435782837, 7.790376336981296, 1.0], [0.03754774548078926, -0.012300645434140205, 8.235229785781883, 1.0], [0.0389999209461937, -0.0025400801245757873, 9.76982782056325, 1.0], [0.039542893287627445, 0.002473465612876478, 10.521693553442162, 1.0], [0.03803354907286366, 0.011851480924314896, 11.475379525559958, 1.0], [0.034366986599373095, 0.019457840091977673, 11.075403874277583, 1.0], [0.031109662224339307, 0.02448449606959915, 10.910556146754516, 1.0], [0.019105635571912916, 0.035154204055852914, 11.167549056403232, 1.0], [0.011842838750159235, 0.03759780869972172, 9.786603374191031, 1.0], [0.006714942803897284, 0.039323115169817124, 8.811587007959702, 1.0], [-0.0017580088837829688, 0.03946503016156855, 7.857572681639795, 1.0], [-0.004283770888853233, 0.03950733460367151, 7.573183813801052, 1.0], [-0.009023428503928232, 0.03835068821916465, 6.911770690279241, 1.0], [-0.013301456530625644, 0.03730669600458786, 6.3147773820173825, 1.0], [-0.013301456530625755, 0.0373066960045878, 6.314777382017496, 1.0], [-0.017252812442492993, 0.035540806495668764, 6.107455856549564, 1.0], [-0.018042148450744144, 0.03518804652995766, 6.066040618594002, 1.0], [-0.018217204106466822, 0.035076383955657986, 6.079653046475414, 1.0], [-0.023687153555041474, 0.03158727282583795, 6.504999443171982, 1.0], [-0.023687153555041307, 0.03158727282583801, 6.504999443171982, 1.0], [-0.024991161073886825, 0.03051738925321401, 7.714271038410743, 1.0], [-0.025969424287609233, 0.0297147652445805, 8.621463596678154, 1.0], [-0.029777326482199662, 0.025456887404503137, 9.840425878173846, 1.0], [-0.032951507011405146, 0.02117134756012029, 11.018067789528232, 1.0], [-0.03876688281831486, 0.007880221530971676, 14.369105994439224, 1.0], [-0.03666250428593776, -0.013426963631560929, 18.22494211964363, 0.0]], [[0.0, 0.0, 0.0, 1.0], [0.0069157834323931855, -0.018724558503379812, 15.684449051275564, 1.0], [0.014122927560447307, -0.012488371080753208, 10.798508854734557, 1.0], [0.014356321338643618, 0.01116077307495511, 23.289844251366134, 1.0], [0.008375423543498017, 0.01833678353876453, 11.783741551061532, 1.0], [0.004744316035013629, 0.01950384050193371, 6.210092274098741, 1.0], [0.004237430117768171, 0.019666756289436912, 5.432036455163072, 1.0], [0.004237430117768171, 0.019666756289436926, 5.4320364551630576, 1.0], [0.002716768247722212, 0.01989436500791375, 4.156311423051093, 1.0], [0.00220425057871082, 0.019971077321241495, 3.726346266011973, 1.0], [0.0022042505787109867, 0.019971077321241454, 3.726346266011987, 1.0], [0.00220425057871082, 0.01997107732124149, 3.726346266011973, 1.0], [0.0018194696569971969, 0.01998820870885893, 3.4930603109237666, 1.0], [0.00013345940305620196, 0.020063274008507152, 2.470861729384623, 1.0], [0.00013345940305614645, 0.020063274008507142, 2.470861729384609, 1.0], [0.00013345940305625748, 0.02006327400850716, 2.470861729384623, 1.0], [0.00013345940305647952, 0.020063274008507173, 2.470861729384623, 1.0], [0.00013345940305625748, 0.02006327400850716, 2.470861729384609, 1.0], [0.00013345940305620196, 0.020063274008507076, 2.470861729384623, 1.0], [-0.001053347120544168, 0.02000442116493739, 2.240208374154861, 1.0], [-0.0015372993708911986, 0.019980422336553255, 2.146153270737628, 1.0], [-0.0015372993708912541, 0.01998042233655342, 2.146153270737642, 1.0], [-0.001537299370890921, 0.019980422336553283, 2.146153270737628, 1.0], [-0.0015372993708913096, 0.019980422336553255, 2.146153270737642, 1.0], [-0.001537299370891143, 0.019980422336553283, 2.1461532707376136, 1.0], [-0.0015372993708912541, 0.019980422336553283, 2.146153270737642, 1.0], [-0.001537299370891032, 0.019980422336553394, 2.1461532707376136, 1.0], [-0.00202811733130831, 0.019927672849356315, 1.998971158504105, 1.0], [-0.002159224996815867, 0.019913582366364924, 1.9596557611559433, 1.0], [-0.0021592249968159227, 0.01991358236636498, 1.9596557611559149, 1.0], [-0.002159224996815867, 0.019913582366364924, 1.9596557611559149, 1.0], [-0.002159224996815867, 0.01991358236636498, 1.9596557611559433, 1.0], [-0.002159224996815867, 0.01991358236636498, 1.9596557611559149, 1.0], [-0.0021592249968159227, 0.01991358236636498, 1.9596557611559149, 1.0], [-0.002159224996815867, 0.019913582366364924, 1.9596557611559433, 1.0], [-0.002159224996815867, 0.01991358236636498, 2.268334511079246, 1.0], [-0.002159224996815867, 0.019913582366364924, 2.453943933054603, 1.0], [-0.002159224996815867, 0.019913582366364924, 2.4539439330546315, 1.0], [-0.0021592249968159227, 0.01991358236636498, 2.4539439330546315, 1.0], [-0.002159224996815867, 0.01991358236636498, 2.4539439330546315, 1.0], [-0.002159224996815867, 0.01991358236636498, 2.4539439330546315, 1.0], [-0.002159224996815867, 0.019913582366364868, 2.4539439330546315, 1.0], [-0.0043288215183314716, 0.01946944323325439, 2.635098133897287, 1.0], [-0.00527257936301706, 0.019276246117178597, 2.7138988216968585, 1.0], [-0.005272579363016672, 0.019276246117178597, 2.713898821696887, 1.0], [-0.005272579363016838, 0.019276246117178597, 2.7138988216968585, 1.0], [-0.005272579363016727, 0.019276246117178708, 2.7138988216968585, 1.0], [-0.005272579363017005, 0.019276246117178486, 2.7138988216968585, 1.0], [-0.006489645598861227, 0.01882471778268824, 2.8274182031657062, 1.0], [-0.008084543876623496, 0.018233014766180222, 2.97617910102403, 