{"text": "ゆ", "text_ids": [37], "strokes": [[[0.0, 0.0, 0.0, 1.0], [-0.019609540971729865, -0.02425797725971225, 53.314221742292204, 1.0], [-0.0017251106253713226, 0.03884784998748845, 66.6620917593179, 1.0], [-0.00043074879375446656, 0.03886417194378076, 10.531218466951671, 1.0], [0.0004327864600511787, 0.038875061159087565, 7.514738042962023, 1.0], [0.0007585495121677985, 0.03886345666639818, 6.768553248153012, 1.0], [0.0020255068063622927, 0.038818324486543654, 3.866492187334984, 1.0], [0.0020255068063622893, 0.038818324486543654, 3.866492187334984, 1.0], [0.0020255068063622945, 0.038818324486543626, 3.866492187334984, 1.0], [0.002072951912599109, 0.038815223104511215, 3.93437680502106, 1.0], [0.002739883134872962, 0.03877162728033273, 4.888624242488959, 1.0], [0.002739883134873255, 0.03877162728033268, 4.888624242488987, 1.0], [0.002739883134872962, 0.03877162728033268, 4.888624242488959, 1.0], [0.004102450892150633, 0.038628945381552426, 6.37465927142199, 1.0], [0.005053422609530634, 0.038529363948190565, 7.411802030747509, 1.0], [0.0030516233867717932, 0.03862341749692044, 9.174337353056444, 1.0], [-0.0017251106253713157, 0.03884784998748825, 14.595113208760296, 1.0], [-0.0006820735434118, 0.015359647262732978, 56.48167497354103, 1.0], [0.004897677785434406, -0.03857531341811371, 17.824486677654363, 1.0], [0.006272604439589132, -0.03837673971442024, 10.390060799677656, 1.0], [0.007613104702119924, -0.038157563272618655, 9.727671389368425, 1.0], [0.009544192217820855, -0.03770495814168301, 9.632927911732793, 1.0], [0.010417659883164225, -0.03750023622005788, 9.590073632191434, 1.0], [0.0163465401131776, -0.035291645301971486, 8.50025334972213, 1.0], [0.01689103035963952, -0.03508881505972222, 8.400167584589553, 1.0], [0.02385094140304013, -0.03067119199575713, 8.068222238868373, 1.0], [0.02469258457343146, -0.030136980817199843, 8.02808098829388, 1.0], [0.02502038275551624, -0.0298656490808486, 7.823998473202323, 1.0], [0.025057163595622434, -0.029835204100504248, 7.8010992420099114, 1.0], [0.02847688040651969, -0.026421833558830765, 7.510474196421399, 1.0], [0.029807204734354636, -0.02509397803084265, 7.397416422984634, 1.0], [0.03271518634962425, -0.020605797894894584, 8.103872244984473, 1.0], [0.03502783974127771, -0.01703644760765413, 8.665700918254743, 1.0], [0.03655898807751673, -0.012901461228680647, 8.05080319551331, 1.0], [0.03760007525965292, -0.010089923498748057, 7.632710367849199, 1.0], [0.03807333873583041, -0.0066923515156620955, 7.588166687189641, 1.0], [0.0388861041386786, -0.0008574855254868535, 7.511668997471361, 1.0], [0.038587225775318146, 0.0016487878204807793, 7.850695683186075, 1.0], [0.03763023070684074, 0.009673762279572035, 8.936243872966429, 1.0], [0.03659815030737967, 0.012368845677191917, 8.936243872966486, 1.0], [0.03455507759496579, 0.017703944909994176, 8.936243872966429, 1.0], [0.032412820824885946, 0.020903390332929372, 9.640452776129337, 1.0], [0.029610501970787628, 0.025088633837149182, 10.561639215644163, 1.0], [0.024722065725380493, 0.029846022601428435, 11.915868410845633, 1.0], [0.015920366857021695, 0.03421510634724009, 11.18006215924106, 1.0], [0.007749914875299635, 0.038068447950831474, 10.343945589296482, 1.0], [-0.0028057448618137304, 0.038559109453667584, 9.2847812386957, 1.0], [-0.004488970889889643, 0.038637351291044175, 9.115884831711924, 1.0], [-0.016861171756673565, 0.0350973583451899, 7.908952843754946, 1.0], [-0.01689103035963957, 0.03508881505972222, 7.906040079613717, 1.0], [-0.022173267412776143, 0.032014798105890085, 9.763207136286951, 1.0], [-0.02451303515019221, 0.029785878324306125, 9.856081427284607, 1.0], [-0.031417669820442584, 0.023043007554676198, 9.991024381734519, 1.0], [-0.034488081433902806, 0.01697351656800472, 10.151518809938125, 1.0], [-0.03710442874699715, 0.011801605295516993, 10.28827870367877, 1.0], [-0.03792627176518171, 0.00875515494610346, 11.207511134847664, 1.0], [-0.03836897484823221, 0.0038795423863726697, 11.414306468088967, 1.0], [-0.03885413204497712, -0.0015395783940301833, 11.625540847218872, 1.0], [-0.03885077828587319, 0.001954729995038318, 10.902424523434433, 1.0], [-0.03862109022725768, -0.0022651922808056835, 12.647398167847541, 1.0], [-0.03835636136117532, -0.006253585759256164, 15.108649221018709, 1.0], [-0.034966920478962216, -0.014019822779411162, 20.43732932519208, 1.0], [-0.017168228647127276, -0.03302436574043438, 28.014345080797625, 1.0], [0.011917840764784249, -0.03545534364495678, 29.799338815936153, 0.0]], [[0.0, 0.0, 0.0, 1.0], [0.0091829461766339, 0.013202988190079146, 34.03758586261251, 1.0], [0.009168730889468513, 0.01689949910119043, 10.868537757379642, 1.0], [0.003736440878363112, 0.018778824567192515, 4.029298107809964, 1.0], [0.0031285166236920126, 0.01898913873136049, 3.263922979092314, 1.0], [0.003128516623691735, 0.018989138731360516, 3.2639229790923068, 1.0], [0.003128516623691957, 0.01898913873136046, 3.263922979092314, 1.0], [0.0031285166236920126, 0.01898913873136046, 3.263922979092314, 1.0], [0.0022629923045040523, 0.019106011797282642, 2.465855459886157, 1.0], [0.0018757632603020324, 0.01915829992438265, 2.1088060785808693, 1.0], [0.0018757632603020324, 0.01915829992438274, 2.1088060785808693, 1.0], [0.00187576326030231, 0.019158299924382675, 2.1088060785808693, 1.0], [0.0018757632603020324, 0.01915829992438274, 2.108806078580855, 1.0], [0.0018757632603022545, 0.019158299924382675, 2.1088060785808693, 1.0], [0.001875763260302088, 0.019158299924382734, 2.1088060785808693, 1.0], [0.0018219950932709117, 0.01916304189996143, 2.1412107435669014, 1.0], [0.0013570963213205278, 0.01920404271410313, 2.421393048250536, 1.0], [0.0013570963213207499, 0.019204042714103156, 2.421393048250536, 1.0], [0.0013570963213205278, 0.019204042714103114, 2.421393048250522, 1.0], [0.0013570963213205278, 0.019204042714103087, 2.421393048250536, 1.0], [0.0013570963213205278, 0.019204042714103198, 2.421393048250536, 1.0], [0.0013570963213208054, 0.019204042714103114, 2.421393048250522, 1.0], [0.0013277580751228646, 0.01920596049059975, 2.3893401865665425, 1.0], [0.0010032573290215674, 0.019227172389218894, 2.0348139663869915, 1.0], [0.0010032573290216784, 0.019227172389218866, 2.0348139663870057, 1.0], [0.0010032573290215674, 0.019227172389218894, 2.0348139663869915, 1.0], [0.001003257329021623, 0.019227172389218894, 2.0348139663869915, 1.0], [0.0010032573290216784, 0.019227172389218894, 2.0348139663869915, 1.0], [0.0010032573290215674, 0.01922717238921884, 2.0348139663869915, 1.0], [0.001003257329021623, 0.019227172389218894, 2.0348139663869915, 1.0], [0.0010032573290215674, 0.019227172389218894, 2.0348139663869915, 1.0], [9.691952231605239e-06, 0.01924772631728272, 1.7359202115326724, 1.0], [-0.00036088941003220576, 0.01925539254925862, 1.6244384133203624, 1.0], [-0.00036088941003220576, 0.019255392549258676, 1.6244384133203766, 1.0], [-0.00036088941003220576, 0.019255392549258787, 1.6244384133203766, 1.0], [-0.00036088941003209474, 0.01925539254925862, 1.6244384133203624, 1.0], [-0.00036088941003220576, 0.019255392549258676, 1.6244384133203766, 1.0], [-0.00036088941003220576, 0.01925539254925862, 1.6244384133203624, 1.0], [-0.00036088941003220576, 0.019255392549258676, 1.6244384133203624, 1.0], [-0.00036088941003220576, 0.019255392549258676, 1.6244384133203766, 1.0], [-0.00036088941003220576, 0.019255392549258787, 1.6244384133203909, 1.0], [-0.0004907927038493853, 0.01925181430461076, 1.6586150643450424, 1.0], [-0.0008544675697166326, 0.019241796716879978, 1.7542953863135438, 1.0], [-0.0008544675697165771, 0.019241796716879978, 1.7542953863135722, 1.0], [-0.0008544675697166326, 0.019241796716879866, 1.7542953863135438, 1.0], [-0.0008544675697165771, 0.019241796716879978, 1.7542953863135438, 1.0], [-0.0008544675697166326, 0.019241796716879866, 1.7542953863135438, 1.0], [-0.0008544675697165771, 0.019241796716879978, 1.7542953863135438, 1.0], [-0.0008544675697166326, 0.019241796716879978, 1.7542953863135438, 1.0], [-0.0008544675697166326, 