{"text": "ゆ", "text_ids": [37], "strokes": [[[0.0, 0.0, 0.0, 1.0], [-0.0003892307011980598, -0.012958956555936601, 37.45633960333914, 1.0], [0.0012281618921136368, 0.04089013676097154, 16.20447599616967, 1.0], [0.001228161892113637, 0.040890136760971536, 9.287320807271193, 1.0], [0.0016475547705313226, 0.040866276932166726, 8.621209651733544, 1.0], [0.00699487667354338, 0.04056206054763689, 7.828593427162318, 1.0], [0.006994876673543026, 0.04056206054763692, 7.828593427162303, 1.0], [0.004418897858688958, 0.040801709081963705, 7.882109690937881, 1.0], [0.004136488340483059, 0.04082798221228898, 7.887976781995405, 1.0], [0.003992650869805065, 0.0408358733975005, 7.174286333597124, 1.0], [0.003943682139897348, 0.04083855991107366, 6.931314077197797, 1.0], [0.002755217360382249, 0.04086113284883436, 8.743206669467696, 1.0], [0.0012281618921136384, 0.040890136760971585, 11.071302998978865, 1.0], [0.0012281618921136384, 0.040890136760971474, 16.75077243930133, 1.0], [-0.013086646390188, -0.01806762303357018, 77.44284290959456, 1.0], [-0.0012281618921136349, -0.04089013676097153, 16.422749443527778, 1.0], [0.0008531621378473214, -0.04074517732213956, 13.096460231052532, 1.0], [0.003731259368696817, -0.04048570809681756, 12.010121416919446, 1.0], [0.009567173518553834, -0.03929510532540481, 9.138988310061848, 1.0], [0.01199647192300212, -0.03834246054322371, 9.568698395883303, 1.0], [0.017176485979725424, -0.03631112781204232, 10.48497293868786, 1.0], [0.0227480709542002, -0.032509391034751756, 8.83420755345702, 1.0], [0.026423765543037617, -0.030001303414354696, 7.745162080448722, 1.0], [0.02989909573400011, -0.026132660943853553, 7.346360606670544, 1.0], [0.032899073485300995, -0.022793167801756067, 7.002106828531225, 1.0], [0.032899073485301356, -0.022793167801756054, 7.002106828531851, 1.0], [0.032899073485300995, -0.022793167801756067, 7.002106828537194, 1.0], [0.032899073485301356, -0.02279316780175606, 7.002106828537194, 1.0], [0.035358880219307, -0.01868492130356141, 6.520538375172748, 1.0], [0.03651099936922064, -0.01676070937353397, 6.294982346950974, 1.0], [0.03702524288689446, -0.015211176350278705, 6.659645487933346, 1.0], [0.04020218293693584, -0.005638331285144361, 8.91249437672667, 1.0], [0.040281402907536734, -0.004893388031387733, 8.885073338835753, 1.0], [0.040864114049465605, 0.0005861233945332438, 8.683374901167326, 1.0], [0.039604514101672095, 0.006067913515724027, 9.256934453989402, 1.0], [0.0363181107698487, 0.020370369902929703, 10.753400080790925, 1.0], [0.02804889488986173, 0.029743958162710422, 9.581420722259509, 1.0], [0.02444018006872095, 0.03383462496489204, 9.06996481850939, 1.0], [0.009792870102650286, 0.03940217178285972, 7.274845563790109, 1.0], [0.006618141665019173, 0.040608908668457455, 6.885762779299512, 1.0], [0.0017979768461034995, 0.04060651572478083, 6.342304561429842, 1.0], [-0.003056437275011814, 0.040604105778230204, 5.794984843915188, 1.0], [-0.003056437275011814, 0.04060410577823051, 5.7949848439153016, 1.0], [-0.006838090881210679, 0.03983470219530766, 5.672307051193513, 1.0], [-0.009753673395418105, 0.03924150676644539, 5.577724822203891, 1.0], [-0.009753673395417994, 0.03924150676644522, 5.577724822203891, 1.0], [-0.016558600512833532, 0.036306168212171364, 7.242512770495921, 1.0], [-0.019529382723942224, 0.03502470679309155, 7.969298279983036, 1.0], [-0.024312770101727943, 0.031351397216274834, 8.379744509083594, 1.0], [-0.028026850549248916, 0.028499241160441724, 8.698437141284046, 1.0], [-0.02974447529224855, 0.026637278334758152, 8.145454943544564, 1.0], [-0.030849360821420424, 0.02543954536640214, 7.789741607053315, 1.0], [-0.033044808528562175, 0.02216763198525873, 7.779898807892323, 1.0], [-0.03600072404633531, 0.017762380380007325, 7.766646621250288, 1.0], [-0.037135749315680366, 0.014991415915603823, 8.478165700578757, 1.0], [-0.03910106805091118, 0.01019343606120482, 9.71017507944066, 1.0], [-0.040185968501230684, 0.003560172426921082, 13.753771618072733, 1.0], [-0.04086411404946541, -0.0005861233945332334, 12.501246151642363, 1.0], [-0.040864114049465466, -0.0005861233945333444, 6.512531175875438, 1.0], [-0.04086411404946544, -0.0005861233945332334, 7.714288746965167, 1.0], [-0.040864114049465466, -0.0005861233945332334, 11.577833201556473, 1.0], [-0.040864114049465466, -0.0005861233945332334, 15.202870477485249, 1.0], [-0.03972550214299975, -0.009539099408253149, 27.338794729249685, 1.0], [0.004523553711385478, -0.028621695348249987, 34.13362714350376, 0.0]], [[0.0, 0.0, 0.0, 1.0], [-0.014140956934620863, -0.013934005599558708, 32.08910674359876, 1.0], [-0.0019319303254916043, 0.006721845085091105, 16.865750279509086, 1.0], [0.005274872833676836, 0.018914680331934247, 7.879633943542956, 1.0], [0.005274872833676836, 0.01891468033193426, 7.879633943542956, 1.0], [0.006106404518312292, 0.01869611784882172, 2.5707830005592456, 1.0], [0.006137708408730624, 0.018687889832803395, 2.3709256875571896, 1.0], [0.0061377084087309575, 0.01868788983280341, 2.3709256875571896, 1.0], [0.004644269975909887, 0.01900917202133382, 2.490471613049536, 1.0], [0.0036043538900187855, 0.01923288831831688, 2.573714235035226, 1.0], [0.003604353890019174, 0.01923288831831688, 2.5737142350352116, 1.0], [0.003604353890018841, 0.019232888318316967, 2.5737142350352116, 1.0], [0.0036043538900191185, 0.019232888318316883, 2.573714235035226, 1.0], [0.003604353890018841, 0.019232888318316876, 2.5737142350352116, 1.0], [0.003163400057937582, 0.019282543911527547, 2.543810856999798, 1.0], [0.0024215817538656426, 0.019366079704309272, 2.493504290719258, 1.0], [0.0024215817538656426, 0.019366079704309355, 2.4935042907192724, 1.0], [0.0024215817538656426, 0.019366079704309272, 2.4935042907192724, 1.0], [0.0024215817538656426, 0.01936607970430937, 2.4935042907192724, 1.0], [0.0024215817538656426, 0.019366079704309286, 2.4935042907192724, 1.0], [0.002421581753865698, 0.01936607970430934, 2.4935042907192724, 1.0], [0.0024215817538659756, 0.01936607970430937, 2.493504290716899, 1.0], [0.002421581753865587, 0.019366079704309258, 2.493504290715009, 1.0], [0.002421581753865698, 0.01936607970430937, 2.493504290714995, 1.0], [0.0024215817538656426, 0.019366079704309258, 2.493504290715009, 1.0], [0.002421581753865698, 0.01936607970430937, 2.493504290714995, 1.0], [0.002421581753865587, 0.019366079704309314, 2.493504290714995, 1.0], [0.0024215817538656426, 0.019366079704309314, 2.493504290715009, 1.0], [0.0002714311390604185, 0.019377694164834147, 2.5532200837848933, 1.0], [-0.0004943308528922996, 0.019381830578518444, 2.5744874705145833, 1.0], [-0.0004943308528918555, 0.019381830578518666, 2.5744874705145833, 1.0], [-0.0004943308528919665, 0.0193818305785185, 2.5744874705146117, 1.0], [-0.0004943308528921886, 0.01938183057851861, 2.5744874705145833, 1.0], [-0.000494330852891911, 0.01938183057851861, 2.5744874705145833, 1.0], [-0.004265532627372504, 0.018709600244172897, 2.7941749460874235, 1.0], [-0.004634038073971447, 0.018643912817620567, 2.815641851370998, 1.0], [-0.004634038073971725, 0.01864391281762051, 2.8156418513710264, 1.0], [-0.004634038073971503, 0.018643912817620456, 2.8156418513710264, 1.0], [-0.004634038073971447, 0.018643912817620678, 2.8156418513710264, 1.0], [-0.00463403807397178, 0.018643912817620456, 2.8156418513710264, 1.0], [-0.0067976031916995305, 0.017860399475873145, 3.9047782841215053, 1.0], [-0.0071115454617476925, 0.01774670844105941, 4.062816496740055, 1.0], [-0.007111545461747637, 0.01774670844105941, 4.0628164967400835, 1.0], [-0.0071115454617476925, 0.01774670844105919, 4.062816496740027, 1.0], [-0.007111545461748081, 0.017746708441059522, 4.0628164967400835, 1.0], [-0.00986477031303451, 0.016268008142452217, 2.6748748058367084, 1.0], [-0.010007879321124069, 0.016191147244986492, 2.6027314214784667, 1.0], [-0.010007879321123625, 0.016191147244986492, 2.6027314214784383, 1.0], [-0.010007879321124069, 0.016191147244986492, 2.6027314214784667, 1.0], [-0.010007879321124069, 0.016191147244986492, 2.6027314214784667, 