{"text": "ゆ", "text_ids": [37], "strokes": [[[0.0, 0.0, 0.0, 1.0], [-0.02500222701888299, -0.03430317479865066, 36.614976181352425, 1.0], [0.0076577060626869566, 0.02286318767916875, 97.725558259085, 1.0], [0.017002077134845854, 0.039754516488542835, 15.340629284215396, 1.0], [0.013254435471559474, 0.04100395749995464, 11.955818872044773, 1.0], [0.007392915599765456, 0.04198630395951719, 7.684749345699174, 1.0], [0.006638690797324459, 0.0421127063398892, 7.135174040969673, 1.0], [0.00538506158433848, 0.042179799801930706, 6.6592670591371075, 1.0], [0.00414852839645978, 0.04224597829525589, 6.189850128450388, 1.0], [0.004148528396459614, 0.04224597829525589, 6.189850128450388, 1.0], [0.004217243096977345, 0.04224429042432565, 6.123759401723817, 1.0], [0.004239300654868633, 0.042243748614342214, 6.102544144728483, 1.0], [0.003968522193915455, 0.04224421613398427, 6.301291974470757, 1.0], [0.0022356684807491242, 0.042247208037936634, 7.57318381380108, 1.0], [0.0022356684807491242, 0.042247208037936634, 7.57318381380108, 1.0], [-0.0001107462350323496, 0.04212215734613772, 7.9559281204049626, 1.0], [-0.00039962390401082626, 0.04210676179303807, 8.00304949343547, 1.0], [-0.0018010237670217366, 0.04196238375499817, 12.958723573094545, 1.0], [-0.008350986548968375, 0.039761267164400205, 33.12958989402995, 1.0], [-0.01800000732037398, -0.03409706793348488, 35.10696556426274, 1.0], [-0.006066755316831127, -0.04213383597714826, 12.416058904552472, 1.0], [-0.003805268644631817, -0.04212952634349476, 9.747273182310153, 1.0], [0.002435692968125111, -0.041885825997496184, 7.084107493863883, 1.0], [0.002435692968125104, -0.04188582599749635, 7.084107493863883, 1.0], [0.008624444056936017, -0.04057992192746379, 6.031681937079895, 1.0], [0.00894065133854291, -0.04051319822665578, 5.977909436032633, 1.0], [0.00971958030680286, -0.040211643004911646, 5.910011236520063, 1.0], [0.01618069200904653, -0.03771028273783217, 5.3468047449042615, 1.0], [0.016180692009046524, -0.03771028273783228, 5.3468047449042615, 1.0], [0.016180692009046538, -0.03771028273783203, 5.346804744904205, 1.0], [0.02271363267472999, -0.033763807061815754, 5.429762877754456, 1.0], [0.023219609356913695, -0.033458152262384105, 5.436187990573899, 1.0], [0.02321960935691339, -0.033458152262384105, 5.436187990573899, 1.0], [0.027155259857782554, -0.030232600595683737, 6.203749263073405, 1.0], [0.02721568714517386, -0.030183076041225505, 6.21553426420428, 1.0], [0.028510786653753895, -0.028789011239921548, 6.265343001840108, 1.0], [0.03240032229664519, -0.02460225593868888, 6.4149321716903955, 1.0], [0.032400322296644635, -0.02460225593868874, 6.414932171690282, 1.0], [0.03608354645461315, -0.018873470578106604, 7.790376336981296, 1.0], [0.03727479435163766, -0.01702063642503577, 8.235229785781883, 1.0], [0.04045943796521795, -0.006851238407969515, 9.76982782056325, 1.0], [0.041882452615215615, -0.0016060242680221715, 10.521693553442162, 1.0], [0.04189676147773497, 0.008474953729969037, 11.475379525559958, 1.0], [0.03934752148173293, 0.01691226961617471, 11.075403874277583, 1.0], [0.03678810454078241, 0.022577146996729382, 10.910556146754516, 1.0], [0.026018540727221873, 0.03514506439163277, 11.167549056403232, 1.0], [0.01881949128762017, 0.03850536436760996, 9.786603374191031, 1.0], [0.013736604165168975, 0.040877903356092225, 8.811587007959702, 1.0], [0.004876761538168406, 0.04193275874546673, 7.857572681639795, 1.0], [0.0022356684807491867, 0.04224720803793666, 7.573183813801052, 1.0], [-0.0029308808476005144, 0.04152983937728719, 6.911770690279241, 1.0], [-0.007594222511288606, 0.04088234044699085, 6.3147773820173825, 1.0], [-0.007594222511288717, 0.040882340446990795, 6.314777382017496, 1.0], [-0.01203796772821697, 0.03943635609689822, 6.107455856549564, 1.0], [-0.012925665062866298, 0.039147501450454425, 6.066040618594002, 1.0], [-0.013128227123840208, 0.03904808024602413, 6.079653046475414, 1.0], [-0.019457666919164396, 0.03594147417775101, 6.504999443171982, 1.0], [-0.019457666919164174, 0.03594147417775123, 6.504999443171982, 1.0], [-0.021007115447507663, 0.03494902223895463, 7.714271038410743, 1.0], [-0.022169507899183816, 0.03420448725040515, 8.621463596678154, 1.0], [-0.026887172701363204, 0.030107227242817003, 9.840425878173846, 1.0], [-0.03094508177250488, 0.025913038334400174, 11.018067789528232, 1.0], [-0.03930578132937762, 0.012475011356390842, 14.369105994439224, 1.0], [-0.04072747325929643, -0.010287856736715506, 18.22494211964363, 0.0]], [[0.0, 0.0, 0.0, 1.0], [0.004062899647198137, -0.020544797344113158, 15.684449051275564, 1.0], [0.012681581114523444, -0.014717906077244075, 10.798508854734557, 1.0], [0.016953245828374375, 0.010272595458038603, 23.289844251366134, 1.0], [0.011904113779896808, 0.01850182482166876, 11.783741551061532, 1.0], [0.008295572100838755, 0.02012403559131437, 6.210092274098741, 1.0], [0.007791836269653962, 0.020350488758017843, 5.432036455163072, 1.0], [0.007791836269653962, 0.020350488758017843, 5.4320364551630576, 1.0], [0.006236158080824894, 0.02075362332237296, 4.156311423051093, 1.0], [0.0057118386546751165, 0.020889494150261256, 3.726346266011973, 1.0], [0.005711838654675283, 0.020889494150261187, 3.726346266011987, 1.0], [0.0057118386546751165, 0.020889494150261242, 3.726346266011973, 1.0], [0.0053113076164376105, 0.02094870216424417, 3.4930603109237666, 1.0], [0.003556284434720891, 0.021208136333293437, 2.470861729384623, 1.0], [0.00355628443472078, 0.021208136333293433, 2.470861729384609, 1.0], [0.00355628443472078, 0.02120813633329343, 2.470861729384623, 1.0], [0.0035562844347211686, 0.021208136333293444, 2.470861729384623, 1.0], [0.0035562844347208356, 0.02120813633329343, 2.470861729384609, 1.0], [0.00355628443472078, 0.021208136333293354, 2.470861729384623, 1.0], [0.0023018798886434433, 0.021272610561057323, 2.240208374154861, 1.0], [0.0017903627282235823, 0.02129890165989702, 2.146153270737628, 1.0], [0.0017903627282236378, 0.0212989016598972, 2.146153270737642, 1.0], [0.0017903627282238044, 0.021298901659897007, 2.146153270737628, 1.0], [0.0017903627282235268, 0.021298901659897035, 2.146153270737642, 1.0], [0.0017903627282236378, 0.021298901659897007, 2.1461532707376136, 1.0], [0.0017903627282235268, 0.021298901659897035, 2.146153270737642, 1.0], [0.0017903627282238599, 0.021298901659897146, 2.1461532707376136, 1.0], [0.0012667511473339887, 0.021295514211911948, 1.998971158504105, 1.0], [0.0011268836250761805, 0.021294609354239324, 1.9596557611559433, 1.0], [0.0011268836250761805, 0.02129460935423938, 1.9596557611559149, 1.0], [0.001126883625076236, 0.021294609354239324, 1.9596557611559149, 1.0], [0.0011268836250761805, 0.021294609354239324, 1.9596557611559433, 1.0], [0.0011268836250761805, 0.02129460935423938, 1.9596557611559149, 1.0], [0.001126883625076236, 0.021294609354239324, 1.9596557611559149, 1.0], [0.0011268836250761805, 0.021294609354239324, 1.9596557611559433, 1.0], [0.0011268836250761805, 0.02129460935423938, 2.268334511079246, 1.0], [0.001126883625076236, 0.021294609354239324, 2.453943933054603, 1.0], [0.0011268836250761805, 0.02129460935423927, 2.4539439330546315, 1.0], [0.0011268836250761805, 0.021294609354239324, 2.4539439330546315, 1.0], [0.001126883625076236, 0.021294609354239435, 2.4539439330546315, 1.0], [0.0011268836250761805, 0.021294609354239324, 2.4539439330546315, 1.0], [0.0011268836250761805, 0.021294609354239324, 2.4539439330546315, 1.0], [-0.0012235959993261991, 0.021056480484297757, 2.635098133897287, 1.0], [-0.0022460366062800885, 0.020952896252471764, 2.7138988216968585, 1.0], [-0.0022460366062797, 0.020952896252471875, 2.713898821696887, 1.0], [-0.002246036606279811, 0.020952896252471764, 2.7138988216968585, 1.0], [-0.0022460366062797, 0.020952896252471764, 2.7138988216968585, 1.0], [-0.0022460366062800885, 0.020952896252471875, 2.7138988216968585, 1.0], [-0.003599033196435175, 0.02060524012668663, 2.8274182031657062, 1.0], [-0.005372060717784399, 0.020149655919403986, 2.97617910102403, 1.0], 