{"text": "ゆ", "text_ids": [37], "strokes": [[[0.0, 0.0, 0.0, 1.0], [-0.03389343301455105, -0.009459105670907268, 100.86481376432766, 1.0], [-0.01012606470968113, 0.04641828667017993, 36.67948788308223, 1.0], [-0.012636344287967435, 0.04591519371236598, 15.679555937178407, 1.0], [-0.008608591754940234, 0.04648311274405195, 12.613657864230873, 1.0], [-0.0038201176036800483, 0.04721161059234261, 11.319457301641336, 1.0], [0.0007701764546866191, 0.04720864669702035, 6.342247893633214, 1.0], [0.0007701764546868828, 0.0472086466970201, 6.3422478936332425, 1.0], [0.0017518039271485764, 0.047137972512859116, 5.960435301196242, 1.0], [0.0027256661799115456, 0.0470678574008328, 5.581643058889313, 1.0], [0.0027256661799115456, 0.04706785740083269, 5.581643058889284, 1.0], [0.004428815057196549, 0.04684074080420009, 5.979727635021192, 1.0], [0.0064582898152095725, 0.04657010832682845, 6.454085813327822, 1.0], [0.006458289815209288, 0.0465701083268284, 6.4540858133278505, 1.0], [0.00541351571928507, 0.04673738823588913, 7.731148612038311, 1.0], [0.005187734080675362, 0.04677353837793552, 8.007129163647932, 1.0], [0.003158798959087064, 0.04701608010569314, 14.747784107748487, 1.0], [0.0008167111071690353, -0.0060546548845376025, 74.43114171455358, 1.0], [0.002731205383778749, -0.04722912849413252, 14.151156141805927, 1.0], [0.005967046912889719, -0.047065560071034684, 9.943450617458836, 1.0], [0.006465550109555095, -0.04701299875811982, 9.166430436561996, 1.0], [0.006997928965908319, -0.04695686565436963, 8.336608044174682, 1.0], [0.010074378799698296, -0.04635507793604848, 7.273217953752351, 1.0], [0.01392108655007544, -0.04560261922382702, 5.94358440745691, 1.0], [0.013921086550075429, -0.04560261922382719, 5.94358440745691, 1.0], [0.020416366197324662, -0.0430615750658907, 7.926427824885252, 1.0], [0.02255391893260037, -0.042225334567369044, 8.578968223564232, 1.0], [0.029254630608779808, -0.03770927098376975, 9.986667898664166, 1.0], [0.031247083196268954, -0.0363664221928878, 10.033862558919395, 1.0], [0.031247083196268982, -0.036366422192887965, 7.694636104605024, 1.0], [0.031498688869425584, -0.03611798916947101, 7.687081864495724, 1.0], [0.03561215950221033, -0.03205638780246485, 7.563578509213812, 1.0], [0.03561215950221011, -0.03205638780246477, 7.563578509213755, 1.0], [0.04059622877397623, -0.024803203630272233, 8.093341452672064, 1.0], [0.041765124316387126, -0.023102140867121992, 8.217584818760656, 1.0], [0.04510893073592703, -0.013264797754630877, 8.72356529584738, 1.0], [0.04627590048811081, -0.009831619988403876, 8.900149654470852, 1.0], [0.0456316384149128, 0.008763617324384066, 9.61354988363911, 1.0], [0.04504526295868394, 0.011449620768014973, 9.895427372804932, 1.0], [0.042600169061438264, 0.01847422144252643, 10.963060515351003, 1.0], [0.04130251233320392, 0.021006856694965714, 10.710255804911753, 1.0], [0.03952061622781966, 0.023795913983464617, 10.660482122079657, 1.0], [0.03181835294316626, 0.033666309504761724, 11.388968020206676, 1.0], [0.024047566750702187, 0.03910308963574398, 11.534258084342014, 1.0], [0.017129345791257133, 0.04307290444380704, 11.187432697509166, 1.0], [0.0054759483445483426, 0.0467304886174347, 8.946066466495722, 1.0], [0.0011994580684167033, 0.04685571193361132, 9.318810099364896, 1.0], [-0.00596704691288974, 0.047065560071034906, 9.943450617458893, 1.0], [-0.012613339954617997, 0.04568095275453282, 10.39745125225295, 1.0], [-0.016074512561526144, 0.044946018276560196, 10.46500097197611, 1.0], [-0.017510338677560133, 0.044445217128965764, 8.10856059973105, 1.0], [-0.018360955279311586, 0.04401316716571907, 8.19814665498916, 1.0], [-0.026842298561296163, 0.039705275636542026, 9.091392902897496, 1.0], [-0.027816859017173567, 0.03896655290573714, 9.612300094084958, 1.0], [-0.0312470831962689, 0.03636642219288766, 11.445771205599954, 1.0], [-0.03935131448216378, 0.02588825920088067, 11.646808344336932, 1.0], [-0.04384081663056577, 0.01698688071984833, 12.357761393706824, 1.0], [-0.0462571559075452, 0.0057764874483497985, 13.759658776417723, 1.0], [-0.04386135143504816, -0.015410502407227411, 16.317808675317792, 1.0], [-0.04233541416279485, -0.019045071899926658, 14.797153765865119, 1.0], [-0.03919850834752486, -0.024696079895018097, 16.173367932616316, 1.0], [-0.035011847414046615, -0.030191907502642557, 18.06828565203716, 1.0], [-0.027519605731931795, -0.03731447980376623, 21.75592435155727, 1.0], [-0.02030717114985059, -0.04079891096198707, 28.145078202102468, 0.0]], [[0.0, 0.0, 0.0, 1.0], [-0.0054083941333561425, 0.01793182935364221, 17.520778338308265, 1.0], [-0.002382058315814728, 0.018628198683154518, 10.8769965880692, 1.0], [0.0010800144935919631, 0.018650107834140423, 7.1264700936887735, 1.0], [0.0010800144935920186, 0.018650107834140478, 7.1264700936887735, 1.0], [0.0010800144935919631, 0.01865010783414041, 5.656566952943422, 1.0], [0.0010800144935919631, 0.018650107834140478, 4.9337100648445755, 1.0], [0.0010800144935920186, 0.018650107834140395, 4.933710064844561, 1.0], [0.0015961605204101725, 0.018569589168854594, 4.718928337763437, 1.0], [0.0033774582666742936, 0.018291707116966954, 3.9776842198015387, 1.0], [0.003377458266674238, 0.018291707116966965, 3.977684219801546, 1.0], [0.0033774582666742936, 0.018291707116966954, 3.977684219801546, 1.0], [0.0033774582666745157, 0.018291707116966933, 3.977684219801546, 1.0], [0.002120594406746945, 0.018521595880647505, 3.4008673349234186, 1.0], [0.0020555811409789793, 0.0185334872395821, 3.371030571665443, 1.0], [0.0020555811409789793, 0.01853348723958203, 3.371030571665443, 1.0], [0.002055581140978757, 0.018533487239582126, 3.371030571665443, 1.0], [0.0020555811409789793, 0.018533487239582078, 3.3710305716654574, 1.0], [0.0019352364129505695, 0.01855064642507004, 2.799104383851258, 1.0], [0.00192302088735391, 0.018552388158779465, 2.7410513299201114, 1.0], [0.001923020887354021, 0.01855238815877938, 2.741051329920083, 1.0], [0.00192302088735391, 0.01855238815877941, 2.7410513299201114, 1.0], [0.00192302088735391, 0.018552388158779326, 2.741051329920083, 1.0], [0.0018634431740652269, 0.018559294292403605, 2.721673080219958, 1.0], [0.0010800144935920186, 0.018650107834140478, 2.4668550324222878, 1.0], [0.0010800144935919631, 0.018650107834140506, 2.4668550324222878, 1.0], [0.0010800144935919631, 0.018650107834140478, 2.4668550324222878, 1.0], [0.0010800144935920186, 0.018650107834140284, 2.4668550324222736, 1.0], [0.0010800144935919631, 0.01865010783414045, 2.4668550324222878, 1.0], [0.0010800144935919631, 0.018650107834140395, 2.4668550324222736, 1.0], [0.0007359937763677937, 0.018664246717152888, 2.3957885481000574, 1.0], [-0.0008385954650521055, 0.018728960648501713, 2.0705159234098005, 1.0], [-0.000838595465052161, 0.018728960648501602, 2.070515923409829, 1.0], [-0.0008385954650524385, 0.01872896064850177, 2.0705159234098005, 1.0], [-0.000838595465052161, 0.01872896064850177, 2.0705159234098005, 1.0], [-0.000838595465052161, 0.018728960648501658, 2.0705159234098005, 1.0], [-0.0008385954650524385, 0.01872896064850177, 2.0705159234098005, 1.0], [-0.0008385954650521055, 0.018728960648501658, 2.0705159234098005, 1.0], [-0.0010505790792109115, 0.01872398664818159, 2.06213472879449, 1.0], [-0.0013078300620344985, 0.018717950490736046, 2.051963798552606, 1.0], [-0.001307830062034443, 0.01871795049073588, 2.051963798552606, 1.0], [-0.0013078300620347205, 0.018717950490736324, 2.051963798552606, 1.0], [-0.001307830062034554, 0.01871795049073588, 2.051963798552606, 1.0], [-0.001307830062034443, 0.018717950490736213, 2.051963798552606, 1.0], [-0.001307830062034776, 0.01871795049073588, 2.0519637985525776, 1.0], [-0.001307830062034443, 0.018717950490736213, 2.051963798552606, 1.0], [-0.0013832271102512395, 0.018714293576263086, 2.1164671827370967, 1.0], [-0.0017592604026077097, 0.018696055175402737, 2.4381696962531976, 1.0], [-0.0017592604026078207, 0.018696055175402404, 2.438169696253169, 1.0], [-0.001759260402607432, 0.018696055175402293, 2.438169696253169, 1.0], 