{"text": "ゆ", "text_ids": [37], "strokes": [[[0.0, 0.0, 0.0, 1.0], [-0.002968687224234258, -0.030199610399976002, 13.371904936911424, 1.0], [-0.00310084300886883, -0.0009267495405957567, 22.14457918957633, 1.0], [0.004713969918773006, 0.030070419161516142, 17.596613531014583, 1.0], [0.006315216828365666, 0.02995188989861933, 8.365200408413557, 1.0], [0.0002676136125603001, 0.030254175761460927, 5.04876031638581, 1.0], [-0.0010771151901979381, 0.030321391233760334, 4.311325607918619, 1.0], [-0.0010771151901982625, 0.030321391233760348, 4.311325607918633, 1.0], [-0.0010771151901979386, 0.030321391233760334, 4.311325607918633, 1.0], [-0.0015242133470801892, 0.03028506934445721, 3.0920229217821316, 1.0], [-0.001588091162029261, 0.030279879962913536, 2.917818689103129, 1.0], [-0.001588091162028937, 0.030279879962913564, 2.917818689103143, 1.0], [-0.0015880911620292596, 0.03027987996291373, 2.917818689103129, 1.0], [-0.0015880911620292613, 0.030279879962913536, 2.917818689103143, 1.0], [-0.0015631972100458207, 0.03028190232725203, 2.9733528154277025, 1.0], [-0.0010771151901979416, 0.030321391233760264, 4.057718219217534, 1.0], [-0.00107711519019826, 0.03032139123376043, 4.057718219217534, 1.0], [-0.0010771151901979355, 0.030321391233760375, 4.0577182192175485, 1.0], [-0.00047140492415479775, 0.03030802273529465, 4.982993160682398, 1.0], [0.0046579271507469575, 0.030194814371796108, 12.818492575878608, 1.0], [0.020122347834977475, 0.005105280256315348, 30.68637190019109, 1.0], [0.011291393487046388, -0.02728830524786008, 13.06699965193394, 1.0], [0.009225643784006532, -0.028600314654379733, 9.345973568321824, 1.0], [0.008705896508878735, -0.02878067206773488, 5.407154742127545, 1.0], [0.008705896508878742, -0.028780672067734825, 5.407154742127545, 1.0], [0.008705896508878416, -0.028780672067734936, 5.407154742127545, 1.0], [0.014480841416724934, -0.02608703914954824, 4.426730543036427, 1.0], [0.015078176430844956, -0.025808421555286565, 4.325319756933197, 1.0], [0.015078176430844623, -0.025808421555286176, 4.325319756933197, 1.0], [0.01597015398490942, -0.02515672931148419, 4.144677909811293, 1.0], [0.019384918307349105, -0.022661851034329467, 3.453125379279186, 1.0], [0.019384918307348786, -0.022661851034329356, 3.4531253792792143, 1.0], [0.019384918307348814, -0.02266185103432944, 3.453125379279186, 1.0], [0.01938491830734912, -0.022661851034329383, 3.4531253792792143, 1.0], [0.021620619003964947, -0.019740409540905807, 3.579183498657443, 1.0], [0.02725611907449557, -0.012376372052722184, 3.896936470565606, 1.0], [0.02725611907449557, -0.012376372052722226, 3.896936470565606, 1.0], [0.027256119074495544, -0.012376372052722115, 3.896936470565606, 1.0], [0.027256119074495933, -0.012376372052722198, 3.896936470565606, 1.0], [0.03003561418114692, -0.002130081587093935, 5.535335069223777, 1.0], [0.030271951656657303, -0.0012588505436579023, 5.674646337576121, 1.0], [0.0301133665196594, -1.3448579358935064e-05, 5.717772070736544, 1.0], [0.02871834454699551, 0.010941948237009072, 6.09713514652492, 1.0], [0.028718344546995567, 0.010941948237009072, 6.097135146524977, 1.0], [0.027806718404556174, 0.012831457741622754, 6.365399121544158, 1.0], [0.025813973366564547, 0.01696178103345275, 6.951803657575965, 1.0], [0.025813973366564325, 0.016961781033452722, 6.951803657576022, 1.0], [0.021153100990903617, 0.022399722926670668, 7.067044104454908, 1.0], [0.02044722425096346, 0.023223284780801157, 7.084496964004757, 1.0], [0.01530499169083177, 0.026349665894667224, 7.016079490093887, 1.0], [0.012017606716758222, 0.02834833440620685, 6.972340788456279, 1.0], [0.010534750784289448, 0.0286866467393862, 7.323996047163234, 1.0], [0.0033870246147138516, 0.030317394450211865, 9.019059903531684, 1.0], [-0.0010266191459166185, 0.029498193285391883, 8.916550241875939, 1.0], [-0.01199597319943524, 0.02746220938970012, 8.661780071560429, 1.0], [-0.014935529696938232, 0.025612079464243043, 7.965282272094157, 1.0], [-0.01868101251989196, 0.023254706893952648, 7.077828485666714, 1.0], [-0.019035881590776627, 0.022774812570665826, 7.109735725029168, 1.0], [-0.02805543718567205, 0.010577543539090573, 7.9207083989527405, 1.0], [-0.028073965785471167, 0.010524697691148555, 8.00148985177691, 1.0], [-0.029094403705012317, 0.007614283104197983, 12.450420615682447, 1.0], [-0.029757297915102954, -0.0006513292485927913, 12.690557375143158, 1.0], [-0.027376758716072314, -0.010592692661586245, 15.606164191959579, 1.0], [-0.021730242763563445, -0.02203108076160898, 10.030820959797666, 0.0]], [[0.414895547200635, -0.0579350357901054, 0.0, 1.0], [0.01257319908303739, 0.005900049442511497, 18.547546657644293, 1.0], [0.003552425690767136, 0.016848489300474064, 7.64656617123708, 1.0], [0.0007149059355243681, 0.0169631892703061, 4.952947797333639, 1.0], [-0.0009298551153194556, 0.01702967481373318, 3.3915988132262136, 1.0], [-0.0009298551153192336, 0.017029674813733183, 3.391598813226217, 1.0], [-0.0009298551153195111, 0.01702967481373326, 3.391598813226217, 1.0], [-0.0009298551153195111, 0.01702967481373318, 3.39159881322621, 1.0], [-0.0013958753589572992, 0.016976555840353368, 2.4514462058448103, 1.0], [-0.0016806924740869755, 0.01694409117178325, 1.876854099447499, 1.0], [-0.0016806924740865314, 0.01694409117178325, 1.876854099447499, 1.0], [-0.0016806924740865314, 0.01694409117178325, 1.876854099447499, 1.0], [-0.00168069247408692, 0.016944091171783332, 1.876854099447499, 1.0], [-0.0016806924740865314, 0.01694409117178325, 1.876854099447499, 1.0], [-0.0016806924740865314, 0.01694409117178325, 1.876854099447499, 1.0], [-0.0016806924740869755, 0.01694409117178325, 1.876854099447499, 1.0], [-0.0016806924740865314, 0.016944091171783332, 1.876854099447499, 1.0], [-0.002506130658799066, 0.016795313203839007, 1.8798814444455587, 1.0], [-0.0031469457382742316, 0.016679811925708138, 1.882231672919886, 1.0], [-0.0031469457382740096, 0.016679811925708193, 1.8822316729199002, 1.0], [-0.003146945738274287, 0.016679811925708166, 1.882231672919886, 1.0], [-0.0031469457382738986, 0.01667981192570822, 1.8822316729199002, 1.0], [-0.0031469457382743427, 0.016679811925708166, 1.8822316729199002, 1.0], [-0.0031469457382738986, 0.01667981192570822, 1.8822316729199002, 1.0], [-0.003146945738274287, 0.01667981192570811, 1.8822316729199002, 1.0], [-0.0031130613103469984, 0.016686865726865285, 1.8955447714993454, 1.0], [-0.0026040113566437317, 0.016792835854505583, 2.095549098859351, 1.0], [-0.0026040113566437317, 0.016792835854505694, 2.095549098859351, 1.0], [-0.002604011356644065, 0.01679283585450575, 2.095549098859351, 1.0], [-0.0026040113566436762, 0.016792835854505528, 2.095549098859351, 1.0], [-0.0026040113566437317, 0.01679283585450575, 2.0955490988593652, 1.0], [-0.0026040113566440093, 0.016792835854505694, 2.095549098859351, 1.0], [-0.0026040113566436762, 0.016792835854505805, 2.095549098859351, 1.0], [-0.0026040113566437317, 0.016792835854505472, 2.0955490988593652, 1.0], [-0.003697398344976177, 0.016544696269039205, 2.2166116380780636, 1.0], [-0.003754972171037041, 0.01653163013098824, 2.2229863559500416, 1.0], [-0.00375497217103693, 0.01653163013098824, 2.2229863559500274, 1.0], [-0.0037549721710369854, 0.01653163013098846, 2.2229863559500274, 1.0], [-0.0037549721710373185, 0.01653163013098813, 2.2229863559500274, 1.0], [-0.00375497217103693, 0.01653163013098824, 2.2229863559500416, 1.0], [-0.0037549721710369854, 0.01653163013098824, 2.2229863559500274, 1.0], [-0.006261100710965806, 0.015594202924638867, 2.5922697823764906, 1.0], [-0.007085585612127354, 0.015285801114732323, 2.713759404511535, 1.0], [-0.007085585612127077, 0.01528580111473199, 2.713759404511549, 1.0], [-0.007085585612127354, 0.015285801114732211, 2.7137594045115208, 1.0], [-0.007085585612127021, 0.0152858011147321, 2.713759404511549, 1.0], [-0.00708558561212741, 0.015285801114732211, 2.713759404511535, 1.0], [-0.00826694205660694, 0.014582237486698957, 2.670906017029978, 1.0], [-0.009506001408541964, 0.013844308560108987, 2.6259594720907273, 