{"text": "よ", "text_ids": [38], "strokes": [[[0.0, 0.0, 0.0, 1.0], [0.004560551672580841, -0.0039920518841824034, 2.632558162015891, 1.0], [0.004560551672580314, -0.00399205188418256, 2.632558162015891, 1.0], [0.004560551672580841, -0.003992051884182403, 2.63255816201589, 1.0], [0.0045605516725803, -0.003992051884182429, 2.6325581620158918, 1.0], [0.00505844842375763, -0.003092814456868577, 1.5715552942195785, 1.0], [0.005687789817902734, -0.0019561785281628427, 0.2304478810199555, 1.0], [0.00568778981790273, -0.0019561785281628497, 0.2304478810199555, 1.0], [0.00568778981790273, -0.001956178528162846, 0.2304478810199555, 1.0], [0.0056877898179032785, -0.001956178528162822, 0.2304478810199555, 1.0], [0.005687789817902723, -0.0019561785281628497, 0.2304478810199555, 1.0], [0.005687789817902737, -0.001956178528162846, 0.2304478810199555, 1.0], [0.005687789817902737, -0.001956178528162846, 0.2304478810199555, 1.0], [0.00568778981790273, -0.0019561785281628427, 0.23044788101995728, 1.0], [0.0057562014747094825, -0.0017040683336038837, 1.2522640073362936, 1.0], [0.005777457788164075, -0.0016257347049384446, 1.5697544013419407, 1.0], [0.0057774577881640615, -0.0016257347049383059, 1.5697544013419389, 1.0], [0.005777457788163562, -0.0016257347049384654, 1.5697544013419353, 1.0], [0.005777457788164075, -0.0016257347049384377, 1.5697544013419389, 1.0], [0.0057774577881640615, -0.0016257347049383128, 1.5697544013419389, 1.0], [0.005777457788163534, -0.0016257347049384654, 1.5697544013419389, 1.0], [0.005777457788164075, -0.0016257347049384377, 1.5697544013419389, 1.0], [0.005777457788164089, -0.0016257347049383128, 1.5697544013419389, 1.0], [0.005777457788164075, -0.0016257347049384377, 1.5697544013419353, 1.0], [0.005827114250673476, -0.0013747924210834178, 1.4040570354996582, 1.0], [0.005864533612781164, -0.001185691149810035, 1.2791933335914187, 1.0], [0.005864533612781192, -0.001185691149810042, 1.2791933335914223, 1.0], [0.005864533612781164, -0.001185691149810035, 1.2791933335914223, 1.0], [0.005864533612781164, -0.001185691149810042, 1.2791933335914152, 1.0], [0.005864533612781164, -0.001185691149810035, 1.2791933335914223, 1.0], [0.005864533612781164, -0.001185691149810028, 1.2791933335914152, 1.0], [0.005864533612780609, -0.001185691149809938, 1.2791933335914223, 1.0], [0.005864533612781164, -0.001185691149810028, 1.2791933335914152, 1.0], [0.005864533612781164, -0.001185691149810042, 1.2791933335914152, 1.0], [0.005864533612781164, -0.001185691149810042, 1.2791933335914223, 1.0], [0.005864533612781164, -0.001185691149810042, 1.2791933335914152, 1.0], [0.005864533612781164, -0.0011856911498100142, 1.2791933335914223, 1.0], [0.005882078974713129, -0.0010169244854366516, 1.3142279931107055, 1.0], [0.005927052341850231, -0.0005843312345006624, 1.4040310197520256, 1.0], [0.005927052341849787, -0.0005843312345008289, 1.4040310197520256, 1.0], [0.005927052341849731, -0.0005843312345006901, 1.4040310197520256, 1.0], [0.005927052341849703, -0.0005843312345006763, 1.4040310197520185, 1.0], [0.005927052341849787, -0.0005843312345006901, 1.4040310197520327, 1.0], [0.0059270523418502585, -0.0005843312345008012, 1.4040310197520185, 1.0], [0.005927052341849703, -0.0005843312345006901, 1.4040310197520327, 1.0], [0.005927052341849759, -0.0005843312345006901, 1.4040310197520185, 1.0], [0.005927052341849703, -0.0005843312345006901, 1.4040310197520256, 1.0], [0.005927052341849759, -0.0005843312345008289, 1.4040310197520185, 1.0], [0.005927052341850314, -0.0005843312345006624, 1.4040310197520256, 1.0], [0.005912109774146079, 0.00015598404629796336, 2.4951734357546655, 1.0], [0.005910165834405068, 0.0002522946887603822, 2.6371246149736294, 1.0], [0.005910165834405068, 0.0002522946887603822, 2.6371246149736294, 1.0], [0.005910165834404568, 0.00025229468876035444, 2.6371246149736294, 1.0], [0.005910165834405123, 0.0002522946887603822, 2.6371246149736294, 1.0], [0.005910165834405068, 0.0002522946887603822, 2.637124614973658, 1.0], [0.005910165834404624, 0.0002522946887603683, 3.793416599422116, 1.0], [0.005910165834405068, 0.0002522946887603683, 5.274249229983383, 1.0], [0.005910165834404568, 0.0002522946887603683, 5.2742492299833685, 1.0], [0.0033657284791897557, 0.00014367708841026006, 8.546675776042207, 1.0], [-0.005910165834405123, -0.0002522946887603822, 20.476497010595907, 1.0], [-0.005387887572898764, -0.0018284331118242486, 8.115744784630408, 1.0], [-0.005044973403966424, -0.0028632841429748618, 0.0, 1.0], [-0.005044973403967035, -0.0028632841429749034, 0.0, 1.0], [-0.005044973403966424, -0.0028632841429748618, 0.0, 0.0]], [[0.0, 0.0, 0.0, 1.0], [0.0030383733142504282, -0.03322045149411684, 17.5249181338214, 1.0], [-0.003916382806503416, 0.0428202829605015, 14.610672072918085, 1.0], [-0.003916382806503409, 0.04282028296050133, 4.786545103453413, 1.0], [-0.003916382806503409, 0.04282028296050144, 4.786545103453413, 1.0], [-0.003916382806503416, 0.04282028296050144, 4.786545103453413, 1.0], [-0.006303900379200977, 0.04264347757453674, 2.5158014044612997, 1.0], [-0.00658536289902565, 0.04262263413027438, 2.2481052623662876, 1.0], [-0.006585362899025636, 0.042622634130274256, 2.2481052623662947, 1.0], [-0.006585362899026184, 0.04262263413027436, 2.2481052623662947, 1.0], [-0.0065853628990256395, 0.04262263413027425, 2.2481052623662876, 1.0], [-0.00658536289902565, 0.04262263413027438, 2.2481052623662876, 1.0], [-0.006585362899026186, 0.04262263413027437, 2.2481052623662947, 1.0], [-0.009473442649333998, 0.04218730094045835, 2.2842214784392567, 1.0], [-0.010300228397896165, 0.04206267582331, 2.2945606571748414, 1.0], [-0.010300228397896165, 0.04206267582331, 2.2945606571748556, 1.0], [-0.010300228397895628, 0.042062675823310025, 2.2945606571748414, 1.0], [-0.01030022839789619, 0.04206267582331025, 2.2945606571748556, 1.0], [-0.010300228397896169, 0.042062675823310025, 2.2945606571748414, 1.0], [-0.010300228397895614, 0.042062675823310025, 2.2945606571748556, 1.0], [-0.009440144829246017, 0.042206824862693615, 2.7869918080508427, 1.0], [-0.007966930638034442, 0.04245373390526819, 3.6304639846014197, 1.0], [-0.00796693063803497, 0.04245373390526774, 3.6304639846014055, 1.0], [-0.007966930638034442, 0.04245373390526819, 3.630463984601434, 1.0], [-0.007966930638034983, 0.042453733905268076, 3.6304639846014197, 1.0], [-0.012682145256570118, 0.041389554110524585, 4.5241996100913155, 1.0], [-0.014840263046370372, 0.04090248713004141, 4.9332555934957725, 1.0], [-0.014840263046370372, 0.04090248713004119, 4.933255593495758, 1.0], [-0.01672492915794463, 0.040081146049828265, 4.7163113600332025, 1.0], [-0.022692529751681317, 0.03748045434754799, 4.029379850802883, 1.0], [-0.022692529751681317, 0.037480454347547876, 4.029379850802897, 1.0], [-0.022692529751681317, 0.03748045434754799, 4.029379850802897, 1.0], [-0.025970872699894204, 0.03461054901213523, 4.884058290839505, 1.0], [-0.03487147534203727, 0.026818842221667083, 7.204484585995402, 1.0], [-0.03487147534203727, 0.026818842221666972, 7.204484585995402, 1.0], [-0.041659126881115005, 0.011523611286283542, 10.21982362549329, 1.0], [-0.034512434127029146, -0.0044160173182290485, 10.585850016735066, 1.0], [-0.015686691206678927, -0.03911879646481764, 10.745012935396119, 1.0], [0.0025346530015928903, -0.04190398293355857, 6.4905406728268815, 1.0], [0.006963589255728431, -0.04258095896699143, 5.456435492082079, 1.0], [0.006963589255728486, -0.042580958966991544, 5.456435492082079, 1.0], [0.013095427528042713, -0.04119114416027325, 4.6748975686257666, 1.0], [0.01586479452222761, -0.04056345192789135, 4.321925876646276, 1.0], [0.015864794522226944, -0.040563451927891014, 4.321925876646247, 1.0], [0.01586479452222761, -0.040563451927891125, 4.321925876646247, 1.0], [0.023094496446069868, -0.03694654770976724, 5.72619410052647, 1.0], [0.02543490963168371, -0.0357756764328645, 6.180786544575767, 1.0], [0.028122948037783924, -0.03203057386864594, 6.644893558474649, 1.0], [0.04155233856955984, -0.013320110207747704, 8.963563680165976, 