{"text": "よ", "text_ids": [38], "strokes": [[[0.0, 0.0, 0.0, 1.0], [-0.0069396768563696485, 0.0011728816073902008, 4.232727135076853, 1.0], [-0.0069396768563696485, 0.0011728816073902008, 4.232727135076853, 1.0], [-0.006939676856370048, 0.0011728816073902685, 4.232727135076855, 1.0], [-0.006939676856369651, 0.0011728816073902008, 2.1160840749113223, 1.0], [0.004549775800400155, -0.003657636864008224, 4.5340259286454945, 1.0], [0.0057568973784072885, -0.004165147818096386, 4.805137922177931, 1.0], [0.006485145492778822, -0.0023227822155091264, 3.5505779023619155, 1.0], [0.006939676856369647, -0.0011728816073902004, 2.767552357550251, 1.0], [0.006939676856370052, -0.001172881607390269, 2.767552357550251, 1.0], [0.006939676856369649, -0.0011728816073902004, 2.767552357550251, 1.0], [0.006939676856369644, -0.0011728816073902013, 2.767552357550251, 1.0], [0.006939676856369651, -0.0011728816073902013, 2.767552357550251, 1.0], [0.006973388280578304, -0.0007597233406539845, 2.432638957074218, 1.0], [0.007010933717421449, -0.00029957643276952786, 2.0596357327758454, 1.0], [0.007010933717421425, -0.00029957643276962674, 2.0596357327758525, 1.0], [0.0070109337174214525, -0.0002995764327695261, 2.0596357327758525, 1.0], [0.007010933717421446, -0.0002995764327695261, 2.0596357327758454, 1.0], [0.007010933717421043, -0.0002995764327694602, 2.0596357327758454, 1.0], [0.0070109337174214525, -0.0002995764327695261, 2.0596357327758454, 1.0], [0.007010933717421439, -0.0002995764327695244, 2.0596357327758525, 1.0], [0.006999765728970278, -8.006566407617322e-05, 1.9273962485996066, 1.0], [0.006959987312352187, 0.0007017932040120842, 1.4563823934249172, 1.0], [0.006959987312352187, 0.0007017932040120842, 1.45638239342491, 1.0], [0.0069599873123522005, 0.0007017932040120824, 1.4563823934249172, 1.0], [0.0069599873123522005, 0.0007017932040120859, 1.4563823934249172, 1.0], [0.006959987312352187, 0.0007017932040120859, 1.456382393424903, 1.0], [0.0069599873123522005, 0.0007017932040120807, 1.4563823934249172, 1.0], [0.0069599873123522005, 0.0007017932040120824, 1.4563823934249172, 1.0], [0.0069599873123522005, 0.0007017932040120859, 1.4563823934249172, 1.0], [0.006959987312352173, 0.0007017932040120859, 1.456382393424903, 1.0], [0.006959987312351784, 0.0007017932040120538, 1.4563823934249172, 1.0], [0.0069599873123522005, 0.0007017932040120816, 1.4563823934249172, 1.0], [0.006908540694876425, 0.0010171694663467842, 1.435784068997421, 1.0], [0.006865840677127283, 0.0012789276277190148, 1.4186877298830893, 1.0], [0.006865840677127671, 0.0012789276277189372, 1.418687729883061, 1.0], [0.006865840677127311, 0.0012789276277191152, 1.4186877298830893, 1.0], [0.006865840677127283, 0.0012789276277190176, 1.4186877298830751, 1.0], [0.006865840677127283, 0.001278927627719007, 1.4186877298830751, 1.0], [0.006865840677127311, 0.0012789276277190174, 1.4186877298830751, 1.0], [0.006865840677127255, 0.001278927627719011, 1.4186877298830893, 1.0], [0.006865840677127283, 0.0012789276277190035, 1.4186877298830751, 1.0], [0.006865840677127699, 0.001278927627718948, 1.4186877298830893, 1.0], [0.006865840677127255, 0.0012789276277190174, 1.418687729883061, 1.0], [0.006865840677127338, 0.0012789276277191085, 1.4186877298830893, 1.0], [0.006928257219878664, 0.0008693119225089366, 1.6872461709515107, 1.0], [0.0069765972236765506, 0.000552075115203032, 1.8952377624260492, 1.0], [0.0069765972236765506, 0.0005520751152030389, 1.8952377624260492, 1.0], [0.0069765972236761065, 0.0005520751152029903, 1.8952377624260635, 1.0], [0.006976597223676495, 0.0005520751152030406, 1.8952377624260492, 1.0], [0.0069765972236765506, 0.0005520751152030389, 1.8952377624260635, 1.0], [0.006976597223676495, 0.000552075115203025, 1.895237762426035, 1.0], [0.006976597223676606, 0.000552075115203032, 1.8952377624260492, 1.0], [0.0069721175030256766, 0.00034277805736013765, 2.168979796079384, 1.0], [0.006939676856369648, -0.0011728816073901943, 4.1513285363395624, 1.0], [0.006939676856370036, -0.0011728816073902706, 4.151328536339591, 1.0], [0.006939676856369592, -0.0011728816073901943, 4.151328536339605, 1.0], [0.006582622428393803, -0.001196362107852008, 4.420864263823191, 1.0], [-0.006657173975772257, -0.0020670334151494324, 14.415413766432081, 1.0], [-0.006657173975772701, -0.0020670334151492668, 14.415413766431982, 1.0], [-0.004701517052195459, -0.004750329216437027, 8.9420364518582, 1.0], [-0.004003794435910035, -0.005707652632509057, 6.98929152313093, 1.0], [-0.004727048966164382, -0.004986635436295269, 4.168604519847975, 1.0], [-0.005618823707337295, -0.004097619333888868, 0.6906900138750416, 0.0]], [[0.0, 0.0, 0.0, 1.0], [-0.0293360832635413, -0.0015489883864071297, 34.32295115435476, 1.0], [0.005889193384319258, 0.04076804905973899, 28.49692752822267, 1.0], [0.005889193384319244, 0.04076804905973885, 8.832410781419988, 1.0], [0.006949651701180573, 0.04055232568870362, 7.897497471270867, 1.0], [0.008577058282716099, 0.04022127106050008, 6.46275548291527, 1.0], [0.008577058282716113, 0.040221271060500066, 6.46275548291527, 1.0], [0.009194025717584445, 0.040067708779089044, 4.740186415924811, 1.0], [0.009384524173097653, 0.040020293995454426, 4.208315966641095, 1.0], [0.009384524173098076, 0.04002029399545436, 4.208315966641081, 1.0], [0.009384524173097639, 0.040020293995454426, 4.208315966641095, 1.0], [0.010581574506291012, 0.039682956040402034, 3.2789483042569145, 1.0], [0.011036863338781795, 0.03955465215922693, 2.925470504511665, 1.0], [0.011036863338782215, 0.03955465215922688, 2.925470504511651, 1.0], [0.011036863338781806, 0.03955465215922699, 2.925470504511665, 1.0], [0.011036863338781792, 0.03955465215922693, 2.925470504511651, 1.0], [0.010959118493787657, 0.03957798214148889, 2.9247746055988557, 1.0], [0.010732282936443512, 0.039646051857617715, 2.9227441865047865, 1.0], [0.010732282936443478, 0.03964605185761755, 2.9227441865047865, 1.0], [0.010732282936443495, 0.039646051857617715, 2.9227441865047865, 1.0], [0.010732282936443883, 0.03964605185761744, 2.9227441865047865, 1.0], [0.010732282936443502, 0.039646051857617715, 2.9227441865047865, 1.0], [0.009869964040261303, 0.0398783811423401, 3.158956531924588, 1.0], [0.008767110935024067, 0.040175516081894624, 3.4610576685166734, 1.0], [0.008767110935024053, 0.04017551608189451, 3.4610576685167302, 1.0], [0.008767110935024067, 0.04017551608189451, 3.4610576685166734, 1.0], [0.008767110935024053, 0.040175516081894624, 3.461057668516702, 1.0], [0.00725042713183098, 0.04048778533718811, 4.314294079749374, 1.0], [0.005889193384319258, 0.040768049059738964, 5.080079403711011, 1.0], [0.00588919338431923, 0.04076804905973874, 5.080079403711011, 1.0], [-0.001833418664096198, 0.04008952047788672, 6.724477897710699, 1.0], [-0.014570749896426344, 0.03897038575462597, 9.436675294745328, 1.0], [-0.017011332599532136, 0.03792941321141852, 10.506559948606395, 1.0], [-0.019933686084583235, 0.03614853881797009, 11.151979869575456, 1.0], [-0.03471217266281652, 0.022828456529890406, 9.284470454004321, 1.0], [-0.036446959971500964, 0.018830553223896374, 9.786444021379964, 1.0], [-0.03970486370438223, 0.01132255265282378, 10.729142616633482, 1.0], [-0.038538056647834856, -0.008203194143011183, 11.737548693187335, 1.0], [-0.03757244077286763, -0.015622370224023019, 11.55018966917018, 1.0], [-0.03646349868917011, -0.018111744111166894, 10.629850235547906, 1.0], [-0.028805178564102557, -0.028279296374901897, 13.03845005905697, 1.0], [-0.018144888613983945, -0.035542511755143114, 13.629365924545937, 1.0], [-0.006105108585037156, -0.04002388330091522, 12.81722213111891, 1.0], [0.004134452634603436, -0.041215204993011234, 11.088902100678979, 1.0], [0.01535100945093204, -0.03849340413198643, 10.373500592171013, 1.0], [0.021153823994154275, -0.034294505010757814, 10.188173082653975, 1.0], [0.03471217266281612, -0.022828456529890184, 9.86474985737948, 1.0], [0.03784149485428569, -0.01434780551253767, 8.094246758884537, 1.0], [0.04060355845386138, -0.006862447328713217, 6.531530661890429,