{"text": "よ", "text_ids": [38], "strokes": [[[0.0, 0.0, 0.0, 1.0], [0.009612408572652718, -0.0045026556893025494, 11.64176330411415, 1.0], [0.0024282286103126122, -0.01228301287121139, 2.222902134198341, 1.0], [0.002804034128334765, -0.01194765248923935, 2.2113645059925258, 1.0], [0.011968048706967141, -0.0037698922326390646, 1.9300195336315333, 1.0], [0.01196804870696765, -0.00376989223263912, 1.9300195336315333, 1.0], [0.011968048706967147, -0.0037698922326390577, 1.9300195336315333, 1.0], [0.011968048706967653, -0.0037698922326389953, 1.9300195336315333, 1.0], [0.01196804870696766, -0.003769892232639113, 1.9300195336315333, 1.0], [0.011968048706967133, -0.0037698922326390646, 1.9300195336315369, 1.0], [0.011968048706967632, -0.00376989223263912, 1.9300195336315298, 1.0], [0.012316671515883254, -0.0024394932181630233, 1.5163650571740277, 1.0], [0.01241182587968534, -0.002076369324409237, 1.4034607160511285, 1.0], [0.012411825879685312, -0.0020763693244092232, 1.4034607160511428, 1.0], [0.01241182587968534, -0.002076369324409244, 1.4034607160511285, 1.0], [0.012411825879684812, -0.0020763693244091747, 1.4034607160511356, 1.0], [0.012411825879685312, -0.00207636932440923, 1.4034607160511356, 1.0], [0.012411825879685312, -0.00207636932440923, 1.4034607160511285, 1.0], [0.01241182587968534, -0.00207636932440923, 1.4034607160511356, 1.0], [0.012411825879685312, -0.00207636932440923, 1.4034607160511356, 1.0], [0.012411825879685312, -0.002076369324409244, 1.4034607160511356, 1.0], [0.01241182587968484, -0.0020763693244091747, 1.4034607160511356, 1.0], [0.01241182587968534, -0.00207636932440923, 1.4034607160511285, 1.0], [0.012145484843971238, -0.0031181734968253466, 1.446988400615325, 1.0], [0.01201587747574101, -0.0036251381732791965, 1.468169923118431, 1.0], [0.012015877475741565, -0.003625138173279266, 1.4681699231184382, 1.0], [0.012015877475741565, -0.003625138173279266, 1.468169923118431, 1.0], [0.012015877475741066, -0.0036251381732790716, 1.468169923118431, 1.0], [0.01201587747574151, -0.003625138173279252, 1.4681699231184382, 1.0], [0.012015877475741565, -0.003625138173279266, 1.468169923118431, 1.0], [0.01201587747574101, -0.0036251381732792104, 1.4681699231184382, 1.0], [0.012015877475741565, -0.003625138173279141, 1.468169923118431, 1.0], [0.012015877475741565, -0.003625138173279238, 1.468169923118431, 1.0], [0.01201587747574101, -0.0036251381732792104, 1.4681699231184382, 1.0], [0.012027206398085744, -0.0035881122950981448, 1.490830084871149, 1.0], [0.012136880863511501, -0.0032296674869334713, 1.7102014470494424, 1.0], [0.012136880863511557, -0.0032296674869334574, 1.7102014470494424, 1.0], [0.012136880863511501, -0.0032296674869334574, 1.7102014470494566, 1.0], [0.012136880863511001, -0.003229667486933402, 1.7102014470494282, 1.0], [0.012136880863511501, -0.0032296674869333186, 1.7102014470494566, 1.0], [0.012136880863511557, -0.003229667486933485, 1.7102014470494424, 1.0], [0.012136880863511057, -0.003229667486933402, 1.7102014470494424, 1.0], [0.012136880863511446, -0.0032296674869334574, 1.7102014470494424, 1.0], [0.012136880863511557, -0.0032296674869334574, 1.7102014470494424, 1.0], [0.011786106931585993, -0.00423070615416718, 1.9950508022125746, 1.0], [0.011661578612434664, -0.004586085078569391, 2.0961752250426287, 1.0], [0.011661578612434664, -0.0045860850785694185, 2.096175225042643, 1.0], [0.011661578612434664, -0.0045860850785695295, 2.0961752250426287, 1.0], [0.011661578612434664, -0.0045860850785694185, 2.0961752250426287, 1.0], [0.011661578612435108, -0.004586085078569585, 2.096175225042643, 1.0], [0.011661578612434775, -0.0045860850785694185, 2.0961752250426287, 1.0], [0.011661578612434553, -0.004586085078569391, 2.0961752250426287, 1.0], [0.011481144891715478, -0.004989390275722011, 5.526078515406908, 1.0], [0.011374260478016929, -0.005228298165926654, 7.557867256274321, 1.0], [0.0023227876019877858, -0.00273922416031383, 13.21396820006727, 1.0], [-0.012329989153500476, 0.002372453312819378, 9.460304141419982, 1.0], [-0.012231118515913852, 0.0028846621053035537, 2.9644394323759116, 1.0], [-0.012231118515913297, 0.002884662105303498, 2.9644394323759116, 1.0], [-0.012231118515913852, 0.0028846621053036647, 2.96443943237594, 1.0], [-0.012231118515913852, 0.0028846621053035537, 2.9644394323759116, 1.0], [-0.012231118515913408, 0.002884662105303498, 2.9644394323759116, 1.0], [-0.01179377136389892, 0.004238446474697732, 5.288093086251791, 1.0], [-0.011762236104792545, 0.004336062157493437, 5.455641953805497, 1.0], [-0.011762236104792545, 0.004336062157493409, 5.455641953805582, 0.0]], [[-0.1365449030809403, -0.1475967100725121, 0.0, 1.0], [-0.036813622465634244, -0.019925394345745334, 16.983247610662477, 1.0], [0.03161290261794189, 0.040204052271437696, 13.472717944209101, 1.0], [0.034564601122498484, 0.0377487579461972, 11.169854192983667, 1.0], [0.032105151589272435, 0.0397089051383015, 9.11908727291857, 1.0], [0.02982456692430715, 0.04152649950931611, 7.217463545278328, 1.0], [0.02815996388673829, 0.04253777866855844, 6.540244688279742, 1.0], [0.024313041217426626, 0.04487486002362703, 4.975181718745404, 1.0], [0.02431304121742614, 0.0448748600236272, 4.975181718745418, 1.0], [0.02431304121742662, 0.04487486002362688, 4.975181718745404, 1.0], [0.01717759157706386, 0.04783115800391835, 4.7413991411037415, 1.0], [0.016250947116350348, 0.048215077348280344, 4.711038989816615, 1.0], [0.01625094711635032, 0.04821507734828012, 4.711038989816615, 1.0], [0.014283942190669571, 0.048680312254164915, 4.722679171203708, 1.0], [0.009137410679794775, 0.04989756701129977, 4.753134895802475, 1.0], [0.009137410679795288, 0.049897567011299604, 4.753134895802475, 1.0], [0.009137410679795316, 0.04989756701129999, 4.753134895802489, 1.0], [-0.004561502288097985, 0.05004724628971635, 4.6691633054156085, 1.0], [-0.00591110883705756, 0.05006199257906607, 4.660890487814811, 1.0], [-0.005911108837057061, 0.05006199257906585, 4.660890487814811, 1.0], [-0.008408983656799346, 0.04947325362614696, 4.961678246602617, 1.0], [-0.015410731439999908, 0.04782297010276837, 5.804810979540804, 1.0], [-0.015410731439999922, 0.04782297010276815, 5.804810979540804, 1.0], [-0.01584596559973757, 0.047669432417983715, 5.795730677452553, 1.0], [-0.01671250501642184, 0.04736374304862878, 5.777652042081627, 1.0], [-0.016712505016422373, 0.04736374304862845, 5.777652042081655, 1.0], [-0.027199075740890248, 0.0407241181663941, 6.75262042606542, 1.0], [-0.035271219432035844, 0.035613199877382096, 7.503112183249527, 1.0], [-0.03840132203431679, 0.031245016598964392, 8.288927021177216, 1.0], [-0.04572853347851514, 0.021019600191001686, 10.128429492849477, 1.0], [-0.04886370176304432, 0.007859616144167303, 10.040511221229849, 1.0], [-0.05053292242119442, -0.0008228726361407812, 9.994994740489972, 1.0], [-0.037713838430338015, -0.03463521226460409, 10.422067966436032, 1.0], [-0.035579101097420074, -0.036616847781528516, 10.330243888015076, 1.0], [-0.03220644846792764, -0.03974761620619305, 10.185171838746157, 1.0], [-0.01731313033855797, -0.04672891996684592, 9.332578057522625, 1.0], [-0.011478681805423219, -0.0494638415693992, 8.998574950021009, 1.0], [0.0036258843547284925, -0.050181855364879735, 10.337314390786275, 1.0], [0.015489744124978833, -0.0441223693976599, 11.995613188843947, 1.0], [0.042372654271673915, -0.02548296787121862, 14.976074427135472, 1.0], [0.04895991331190028, -0.012391214110341164, 13.458479379048981, 1.0], [0.04957321601875084, -0.009933539708571248, 8.69928278520183, 1.0], [0.049653098971036536, -0.009377657412160345, 8.477715522803749, 1.0], [0.05067578166406912, -0.0022611051612142496, 5.641152800558018, 1.0], [0.05067578166406962, -0.0022611051612144717, 5.641152800558075, 1.0], [0.05070071170769641, -0.0013127620482958902, 5.441572080437027, 1.0], [0.05078134936982359, 0.001754708376758063, 4.796016744986446, 1.0], [0.05078134936982412, 0.001754708376758174, 4.7960167449865025, 1.0], [0.05078134936982415, 0.001754708376758285, 4.796016744986559, 