{"text": "ら", "text_ids": [39], "strokes": [[[0.0, 0.0, 0.0, 1.0], [-0.003875771866552502, -0.00613481093559414, 6.719430938615812, 1.0], [-0.003875771866552502, -0.00613481093559414, 6.719430938615812, 1.0], [-0.0030131593598523585, -0.0065817589612331626, 3.172769359631033, 1.0], [-0.002481866862204224, -0.0068570391490539034, 0.9883416195069543, 1.0], [-0.002481866862204222, -0.006857039149053907, 0.9883416195069579, 1.0], [0.00288923916599354, -0.005359349953187022, 5.802383442943569, 1.0], [0.0070267765010791575, -0.002092142027674, 7.592690409374793, 1.0], [0.007495009184475548, 0.0013043922333582023, 5.048314881310549, 1.0], [0.007495009184475545, 0.0013043922333581953, 5.048314881310553, 1.0], [0.007495009184475545, 0.0013043922333582023, 4.993315036113444, 1.0], [0.007495009184475546, 0.0013043922333582023, 2.8847513607488793, 1.0], [0.0074950091844751855, 0.0013043922333581398, 2.8847513607488864, 1.0], [0.00749500918447555, 0.0013043922333582023, 2.8847513607488864, 1.0], [0.007495009184475543, 0.0013043922333581988, 2.8847513607488864, 1.0], [0.007495009184475543, 0.0013043922333581988, 2.8847513607488864, 1.0], [0.007447340611640527, 0.001440646996030557, 2.8586781569523723, 1.0], [0.007134880556588029, 0.00233377569936033, 2.6877723754463148, 1.0], [0.007134880556588369, 0.0023337756993604894, 2.687772375446329, 1.0], [0.007134880556588008, 0.00233377569936033, 2.687772375446329, 1.0], [0.007134880556588369, 0.002333775699360486, 2.687772375446329, 1.0], [0.007134880556588022, 0.0023337756993603333, 2.687772375446329, 1.0], [0.00714429701626601, 0.0023113174907914286, 2.6549083038069057, 1.0], [0.0071873456838936756, 0.0022086466368527527, 2.50466558570443, 1.0], [0.007187345683893703, 0.0022086466368526608, 2.5046655857044158, 1.0], [0.007187345683893315, 0.0022086466368526876, 2.50466558570443, 1.0], [0.0071873456838936756, 0.0022086466368527527, 2.5046655857044158, 1.0], [0.007187345683893703, 0.002208646636852746, 2.50466558570443, 1.0], [0.007187345683893648, 0.00220864663685275, 2.5046655857044158, 1.0], [0.006170601291067418, 0.003547780966701204, 2.7591658121711617, 1.0], [0.004594582995259999, 0.0056235241124483835, 3.1536573048500145, 1.0], [0.004594582995259666, 0.0056235241124483245, 3.1536573048500003, 1.0], [0.004594582995259999, 0.0056235241124483835, 3.1536573048500003, 1.0], [0.004594582995260027, 0.005623524112448382, 3.1536573048500003, 1.0], [0.004587106812943581, 0.005626438862567699, 3.155958141974537, 1.0], [-0.00013590508003835655, 0.007467806407739377, 4.609491595741659, 1.0], [-0.00013590508003830104, 0.007467806407739287, 4.609491595741645, 1.0], [-0.00013590508003868962, 0.007467806407739225, 4.609491595741645, 1.0], [-0.0030254918525484953, 0.0065034611980590296, 4.001359922873178, 1.0], [-0.0055830040053785335, 0.005649939643785809, 3.463115437994503, 1.0], [-0.0055830040053788665, 0.005649939643785837, 3.46311543799456, 1.0], [-0.005583004005378506, 0.005649939643785809, 3.463115437994503, 1.0], [-0.005583004005378561, 0.005649939643785892, 3.4631154379945315, 1.0], [-0.006464580088355681, 0.00450433467570957, 2.6719036171777475, 1.0], [-0.007001224937644934, 0.0038069666126347435, 2.190266516832736, 1.0], [-0.00700122493764499, 0.0038069666126347573, 2.190266516832736, 1.0], [-0.007001224937645351, 0.003806966612634674, 2.1902665168327644, 1.0], [-0.007001224937645004, 0.0038069666126347435, 2.190266516832736, 1.0], [-0.007001224937644948, 0.0038069666126347435, 2.190266516832736, 1.0], [-0.00700122493764499, 0.00380696661263466, 2.190266516832736, 1.0], [-0.007001224937645351, 0.003806966612634688, 2.190266516832736, 1.0], [-0.007364024996779642, 0.0029416570717127055, 2.0391689663498482, 1.0], [-0.00742308816672424, 0.0028007862995527433, 2.0145705682028847, 1.0], [-0.007423088166724212, 0.0028007862995527155, 2.0145705682028563, 1.0], [-0.00742308816672424, 0.0028007862995528265, 2.0145705682028563, 1.0], [-0.007423088166724247, 0.0028007862995528127, 2.0145705682028847, 1.0], [-0.007423088166724226, 0.0028007862995527433, 2.0145705682028563, 1.0], [-0.007423088166724219, 0.0028007862995527155, 2.0145705682028847, 1.0], [-0.007423088166724233, 0.002800786299552799, 2.0145705682028563, 1.0], [-0.007359034628742215, 0.0029870088242354986, 5.3060288006393534, 1.0], [-0.007353302066763996, 0.003003675072472678, 5.600602510544235, 1.0], [-0.007353302066763608, 0.0030036750724726224, 5.6006025105441495, 1.0], [-0.007574849595768975, 0.0022326580804967466, 0.6582525809966739, 1.0], [-0.007604356659181849, 0.0021299692923301417, 0.0, 0.0]], [[0.0, 0.0, 0.0, 1.0], [-0.017595273951092533, 0.016292474729862838, 16.965844044084385, 1.0], [0.006675582275355807, 0.01975954677204378, 36.15739829188538, 1.0], [0.010176108198940076, 0.01963032447745658, 16.217709194796598, 1.0], [0.006788006270835964, 0.02079098403978391, 10.937635636473132, 1.0], [-0.0032610974460551972, 0.022815092522877556, 7.64326770644729, 1.0], [-0.003261097446055211, 0.02281509252287761, 7.64326770644729, 1.0], [-0.005981347673170295, 0.02251328973761435, 6.246467463945976, 1.0], [-0.00614545857076676, 0.022495082175128744, 6.162199428867751, 1.0], [-0.00614545857076676, 0.022495082175128744, 6.288420417958363, 1.0], [-0.0061454585707667875, 0.0224950821751288, 6.846888254297511, 1.0], [-0.00614545857076676, 0.022495082175128744, 6.846888254297497, 1.0], [-0.00614545857076676, 0.02249508217512869, 10.180648308110705, 1.0], [-0.00614545857076676, 0.0224950821751288, 14.479320683343303, 1.0], [0.0001973942077081181, 0.01844800687656517, 40.06156033755897, 1.0], [0.022310841457192976, -0.008047350216118188, 25.05507904287043, 1.0], [0.020868904831810836, -0.012325466222331327, 13.813039534572397, 1.0], [0.02277427085246375, -0.008160374504034507, 9.946432785099262, 1.0], [0.023140121019344553, -0.006543120834427263, 8.93212039943188, 1.0], [0.023443371556180252, -0.005202591055012251, 8.09136425574843, 1.0], [0.02344966581350614, -0.0023664993217031305, 7.89161467545523, 1.0], [0.02345749141057011, 0.0011595896179761311, 7.643267706453855, 1.0], [0.023327719128366047, 0.0017846860684864185, 7.377546079887793, 1.0], [0.02287186041371869, 0.003980499069687948, 6.44413012169764, 1.0], [0.02287186041371872, 0.003980499069687948, 6.444130121697583, 1.0], [0.01957187819885217, 0.010476046558086316, 6.3057212543381524, 1.0], [0.018404663067360647, 0.012773544187506036, 6.256765558884069, 1.0], [0.01831536360723554, 0.01286404466081803, 6.238311703457498, 1.0], [0.014281007127823694, 0.016952660318589774, 5.404606425657619, 1.0], [0.014281007127823597, 0.016952660318589774, 5.404606425657676, 1.0], [0.014281007127823764, 0.016952660318589774, 5.404606425657676, 1.0], [0.011171913092005714, 0.019082342970247468, 4.446307573356648, 1.0], [0.010732584581714083, 0.019383276391999327, 4.310895777397718, 1.0], [0.010732584581713722, 0.019383276391999327, 4.310895777397661, 1.0], [0.010912854358684831, 0.01927423310661458, 4.62604224248139, 1.0], [0.01182735216800257, 0.018721063034065177, 6.224761433108938, 1.0], [0.011827352168002597, 0.01872106303406529, 6.224761433108938, 1.0], [0.007306809021884686, 0.020402874613456357, 6.176487793972228, 1.0], [0.0014026234183315, 0.02259945307625799, 6.113438616913186, 1.0], [0.0014026234183311947, 0.02259945307625788, 6.113438616913186, 1.0], [-0.002877009658195595, 0.022746467208011212, 6.1282808791731895, 1.0], [-0.003839124656713294, 0.022779517822076434, 6.13161760521416, 1.0], [-0.004276115313351869, 0.02264268272603409, 6.179099712615823, 1.0], [-0.013785018513344988, 0.01966515525979806, 7.212308904060251, 1.0], [-0.01378501851334496, 0.019665155259798284, 7.212308904060251, 1.0], [-0.017838244808726644, 0.015985631953193136, 6.240134423746326, 1.0], [-0.019686154371605313, 0.014308097611512194, 5.7969095978823475, 1.0], [-0.019686154371604925, 0.014308097611512305, 5.7969095978823475, 1.0], [-0.020810985455813183, 0.012544460441351046, 5.057354361125249, 1.0], [-0.02117746205628987, 0.011969857050966537, 