{"text": "ら", "text_ids": [39], "strokes": [[[0.0, 0.0, 0.0, 1.0], [0.0032551238785607723, -0.00406158664373484, 3.0297294222571853, 1.0], [0.0032551238785604652, -0.004061586643734888, 3.0297294222571853, 1.0], [0.003255123878560773, -0.004061586643734837, 3.0297294222571853, 1.0], [0.0035419344834809897, -0.0037618378168479197, 2.299815128630847, 1.0], [0.004031730180386012, -0.003249947102059572, 1.0533170075910387, 1.0], [0.004031730180386321, -0.003249947102059527, 1.0533170075910405, 1.0], [0.004006939506573857, 0.000567157349954106, 1.7976292375002618, 1.0], [0.003984162590978831, 0.004074196593013592, 2.481480631193099, 1.0], [0.003984162590978828, 0.004074196593013595, 2.4814806311931044, 1.0], [0.003984162590978828, 0.00407419659301367, 2.4814806311930973, 1.0], [0.003984162590979133, 0.004074196593013639, 2.4814806311931044, 1.0], [0.003984162590978842, 0.0040741965930135935, 2.481480631193101, 1.0], [0.00404035107898882, 0.003997933515886801, 2.395856508051839, 1.0], [0.004749632322118044, 0.003035245747178569, 1.3150019299258418, 1.0], [0.004749632322118051, 0.003035245747178489, 1.3150019299258382, 1.0], [0.004749632322118051, 0.003035245747178568, 1.3150019299258489, 1.0], [0.004749632322118058, 0.0030352457471784916, 1.3150019299258418, 1.0], [0.004749632322118044, 0.003035245747178568, 1.3150019299258418, 1.0], [0.004749632322118044, 0.0030352457471784916, 1.3150019299258346, 1.0], [0.004749632322118058, 0.003035245747178568, 1.3150019299258418, 1.0], [0.004749632322118058, 0.0030352457471784916, 1.3150019299258489, 1.0], [0.004749632322118336, 0.0030352457471786165, 1.3150019299258418, 1.0], [0.004749632322118058, 0.003035245747178488, 1.3150019299258418, 1.0], [0.004749632322118058, 0.003035245747178568, 1.3150019299258418, 1.0], [0.004749632322118058, 0.0030352457471784916, 1.3150019299258346, 1.0], [0.004586004145969866, 0.0033099385584044183, 1.1595224441131435, 1.0], [0.004569051469927615, 0.0033383980716096204, 1.143414012080008, 1.0], [0.004569051469927615, 0.0033383980716096065, 1.1434140120800151, 1.0], [0.004569051469927629, 0.0033383980716096134, 1.143414012080008, 1.0], [0.004569051469927615, 0.0033383980716096065, 1.143414012080008, 1.0], [0.004569051469927615, 0.0033383980716096204, 1.143414012080008, 1.0], [0.004569051469927643, 0.0033383980716096134, 1.143414012080008, 1.0], [0.0045690514699275875, 0.0033383980716096204, 1.143414012080008, 1.0], [0.004569051469927643, 0.0033383980716095996, 1.1434140120800151, 1.0], [0.004569051469927643, 0.0033383980716096273, 1.143414012080008, 1.0], [0.0045690514699279206, 0.003338398071609655, 1.1434140120800151, 1.0], [0.004569051469927615, 0.0033383980716096134, 1.143414012080008, 1.0], [0.004569051469927615, 0.0033383980716096134, 1.143414012080008, 1.0], [0.004569051469927643, 0.0033383980716096134, 1.1434140120800151, 1.0], [0.004580251790811896, 0.003318490618200179, 1.159683781123249, 1.0], [0.004860985891841557, 0.0028195137500964945, 1.5674827212996547, 1.0], [0.004860985891841557, 0.0028195137500964945, 1.5674827212996405, 1.0], [0.004860985891841557, 0.002819513750096578, 1.5674827212996405, 1.0], [0.004860985891841557, 0.0028195137500964945, 1.5674827212996405, 1.0], [0.004860985891841557, 0.0028195137500964945, 1.5674827212996405, 1.0], [0.004860985891841557, 0.002819513750096578, 1.5674827212996547, 1.0], [0.004860985891841252, 0.002819513750096439, 1.5674827212996405, 1.0], [0.004860985891841585, 0.002819513750096578, 1.5674827212996547, 1.0], [0.004860985891841529, 0.0028195137500964945, 1.5674827212996405, 1.0], [0.004860985891841585, 0.0028195137500964945, 1.5674827212996405, 1.0], [0.0049014316740726704, 0.0027232775342076604, 1.686161397012981, 1.0], [0.005070602451809847, 0.002320754586440099, 2.1825534251493224, 1.0], [0.005070602451810069, 0.00232075458644021, 2.1825534251493366, 1.0], [0.0050706024518101245, 0.002320754586440224, 2.1825534251493224, 1.0], [0.005070602451809791, 0.002320754586440099, 2.1825534251493224, 1.0], [0.005070602451810097, 0.00232075458644021, 2.182553425149351, 1.0], [0.0050706024518101245, 0.002320754586440127, 2.1825534251493224, 1.0], [0.005070602451809847, 0.0023207545864401824, 2.1825534251493366, 1.0], [0.0037689423965493463, 0.004165295576671724, 10.592259110075744, 1.0], [0.0018551777983260576, 0.004894730639246614, 10.40609737123907, 1.0], [-0.00033306105027597344, 0.005452020366270072, 8.441152786476493, 1.0], [-0.001901565672399852, 0.00451818120097372, 4.861490292781653, 1.0], [-0.004031730180385995, 0.0032499471020596415, 0.0, 0.0]], [[0.0, 0.0, 0.0, 1.0], [-0.01305684996768891, -0.021542997103720207, 9.654349956525483, 1.0], [-0.017152613295284044, 0.009356861272389355, 2.9479604212728265, 1.0], [-0.01447227601149828, 0.016623741375110662, 2.4831968239973694, 1.0], [-0.004402982725344111, 0.02343695567042675, 4.354453579804371, 1.0], [-0.004402982725344423, 0.02343695567042675, 4.354453579804375, 1.0], [-0.004402982725344416, 0.02343695567042675, 4.354453579804375, 1.0], [-0.0005804166815849138, 0.0239832275733734, 3.9496005130735625, 1.0], [0.002246257595391918, 0.02438717945245633, 3.650223671291755, 1.0], [0.0022462575953919317, 0.02438717945245622, 3.650223671291762, 1.0], [0.002246257595391918, 0.02438717945245633, 3.650223671291755, 1.0], [0.0037448840796864835, 0.024114020183210683, 4.09159013794612, 1.0], [0.01006811945761981, 0.022961464577657242, 5.9538714240639905, 1.0], [0.010068119457619793, 0.022961464577657464, 5.9538714240639905, 1.0], [0.01326899101870956, 0.020498673903376285, 8.25430646334474, 1.0], [0.019572352677281295, 0.015411308785152511, 12.763796339436468, 1.0], [0.017815949817077265, -0.014361301944294524, 8.791905869202779, 1.0], [0.017764146113223817, -0.014423633623055654, 8.46058905679017, 1.0], [0.017115669382254214, -0.015203899130578069, 4.313178206848946, 1.0], [0.01711566938225388, -0.015203899130577847, 4.313178206848946, 1.0], [0.01711566938225423, -0.015203899130578014, 4.3131782068489315, 1.0], [0.018291848256107163, -0.013527559251035326, 4.460785453478238, 1.0], [0.020343258084297128, -0.010603803195959494, 4.718231802140664, 1.0], [0.020343258084297128, -0.010603803195959438, 4.718231802140664, 1.0], [0.0203432580842971, -0.010603803195959494, 4.718231802140636, 1.0], [0.02278608442552943, -0.003304041789908896, 4.620597814262538, 1.0], [0.023551721991252744, -0.0010161298499758997, 4.589997092652084, 1.0], [0.023551721991252744, -0.0010161298499757887, 4.589997092652055, 1.0], [0.02204850480481943, 0.004080357618581221, 4.6956501041641445, 1.0], [0.018095961539262517, 0.01748100750712872, 4.973453007767745, 1.0], [0.01809596153926285, 0.017481007507129054, 4.973453007767745, 1.0], [0.018095961539262573, 0.017481007507128887, 4.973453007767716, 1.0], [0.015450037794791704, 0.01987081329156848, 4.324664685090937, 1.0], [0.015009904789667294, 0.020268342662461303, 4.216742771337351, 1.0], [0.015009904789667239, 0.020268342662461025, 4.216742771337323, 1.0], [0.015009904789667183, 0.020268342662461247, 4.21674277133738, 1.0], [0.011066406767492043, 0.02243924314943846, 3.5503984746198114, 1.0], [0.010234724866380773, 0.022897085053752653, 3.4098667719608784, 1.0], [0.010234724866380718, 0.022897085053752875, 3.4098667719608784, 1.0], [0.010234724866380829, 0.02289708505375243, 3.4098667719608784, 1.0], [0.009091637158472055, 0.02309523966648408, 3.6128829397876245, 1.0], [0.0016765591565873206, 0.02438064576408283, 4.929825384067101, 1.0], [0.001676559156586932, 0.02438064576408283, 4.929825384067101, 1.0], [0.001676559156587265, 0.024380645764082942, 4.929825384067101, 1.0], [-0.007116477101781482, 0.021631020465382678, 5.7823557754530555, 1.0], [-0.011156825729191078, 0.02036758375534753, 6.174088493873597, 1.0], [-0.011156825729191522, 0.020367583755347418, 6.174088493873626, 1.0], [-0.018363622541263336, 0.013428959875121493, 3.7173265681319094, 1.0], [-0.018891714119554037, 0.0129205191723204, 3.5373027216602395, 1.0], [-0.01889171411955376, 0.0129205191723204, 