{"text": "ら", "text_ids": [39], "strokes": [[[0.0, 0.0, 0.0, 1.0], [-0.002866524794171026, -0.009034307428702785, 6.600500140011806, 1.0], [-0.002866524794171026, -0.009034307428702785, 6.600500140011806, 1.0], [0.003803277137650058, -0.0065623794242110935, 7.503116489934852, 1.0], [0.008714173277783007, -0.004742328121333832, 8.16770221439393, 1.0], [0.009457246777283827, -0.002229944707250773, 3.8312928058355524, 1.0], [0.009576334623132496, -0.0018273003807727714, 3.1363229871946956, 1.0], [0.009576334623132912, -0.0018273003807728963, 3.1363229871946956, 1.0], [0.009576334623132489, -0.0018273003807727645, 3.1363229871947027, 1.0], [0.009576334623132496, -0.0018273003807728824, 3.1363229871946956, 1.0], [0.009479482593632398, -0.002342120782184251, 2.61036732082335, 1.0], [0.00935697058491522, -0.0029933377141458384, 1.9450649465136323, 1.0], [0.00935697058491479, -0.0029933377141457065, 1.9450649465136394, 1.0], [0.009356970584915206, -0.0029933377141458453, 1.9450649465136394, 1.0], [0.00935697058491479, -0.0029933377141458106, 1.9450649465136323, 1.0], [0.00935697058491522, -0.0029933377141457412, 1.9450649465136394, 1.0], [0.00935697058491522, -0.0029933377141458314, 1.9450649465136394, 1.0], [0.00935697058491479, -0.0029933377141458245, 1.9450649465136394, 1.0], [0.00935697058491522, -0.0029933377141458384, 1.9450649465136394, 1.0], [0.009454884251843654, -0.0025436607712705783, 2.1061052775068703, 1.0], [0.009496559152837175, -0.0023522652014658363, 2.1746487205282534, 1.0], [0.009496559152837591, -0.0023522652014659473, 2.174648720528239, 1.0], [0.00949655915283712, -0.0023522652014658224, 2.174648720528239, 1.0], [0.009496559152837591, -0.0023522652014659473, 2.1746487205282534, 1.0], [0.00949655915283712, -0.0023522652014659196, 2.174648720528239, 1.0], [0.009496559152837591, -0.002352265201465864, 2.174648720528239, 1.0], [0.009496559152837175, -0.0023522652014659196, 2.174648720528239, 1.0], [0.009628577150521928, -0.0006823020232627902, 2.702888513497129, 1.0], [0.009645885538490329, -0.00046335937083621936, 2.7721440652957625, 1.0], [0.009645885538489885, -0.0004633593708362055, 2.7721440652957767, 1.0], [0.009645885538490329, -0.00046335937083621936, 2.7721440652957767, 1.0], [0.009645885538490273, -0.00046335937083621936, 2.7721440652957767, 1.0], [0.009645885538490329, -0.00046335937083621936, 2.7721440652957767, 1.0], [0.007419347078688021, 0.0047822036934957735, 3.4618965198557277, 1.0], [0.006683695482862129, 0.006515345477907247, 3.6897917496408184, 1.0], [0.006683695482862129, 0.006515345477907136, 3.6897917496408184, 1.0], [0.006683695482862018, 0.006515345477907233, 3.6897917496408184, 1.0], [0.004801198792405981, 0.007662075352544581, 4.391325230377362, 1.0], [0.0021515419163538607, 0.009276123713272438, 5.378749548538181, 1.0], [0.002151541916353805, 0.009276123713272438, 5.378749548538167, 1.0], [0.0005899280385797678, 0.009225520034383303, 4.706632577226614, 1.0], [-0.003977750567585425, 0.009077505634188347, 2.7407085070097708, 1.0], [-0.003977750567585758, 0.009077505634188368, 2.740708507009799, 1.0], [-0.003977750567585481, 0.009077505634188455, 2.740708507009799, 1.0], [-0.003977750567585814, 0.009077505634188372, 2.7407085070097708, 1.0], [-0.003977750567585925, 0.009077505634188372, 2.740708507009799, 1.0], [-0.005219986762196649, 0.00828258387931367, 2.687721526772691, 1.0], [-0.006957646666769179, 0.007170634584396367, 2.613602489328912, 1.0], [-0.006957646666769124, 0.007170634584396471, 2.613602489328912, 1.0], [-0.006957646666769179, 0.007170634584396367, 2.613602489328912, 1.0], [-0.006957646666769124, 0.007170634584396367, 2.613602489328912, 1.0], [-0.006957646666769179, 0.007170634584396485, 2.613602489328912, 1.0], [-0.006957646666769124, 0.007170634584396367, 2.613602489328912, 1.0], [-0.007349250230641369, 0.006760696961057716, 2.1324258122094193, 1.0], [-0.007386829387875188, 0.006721358426313134, 2.0862510179151457, 1.0], [-0.007386829387874716, 0.00672135842631312, 2.0862510179151457, 1.0], [-0.007386829387875188, 0.006721358426313134, 2.0862510179151457, 1.0], [-0.007386829387875188, 0.006721358426313051, 2.086251017915174, 1.0], [-0.007386829387874716, 0.0067213584263131065, 2.0862510179151457, 1.0], [-0.007386829387875188, 0.006721358426313148, 2.0862510179151457, 1.0], [-0.00738682938787516, 0.006721358426313134, 2.0862510179151457, 1.0], [-0.007957033600234975, 0.005982150322174459, 4.914620439603198, 1.0], [-0.008133314396258418, 0.005753621331683001, 5.78902157922397, 1.0], [-0.008133314396258834, 0.00575362133168289, 5.7890215792239985, 0.0]], [[0.0, 0.0, 0.0, 1.0], [0.007029005734681567, 0.026009351573069495, 38.68714988347582, 1.0], [0.00850029047420276, 0.02580411851722586, 10.375388674735127, 1.0], [0.0054741604328177335, 0.02688059055681863, 6.918100359757325, 1.0], [0.005474160432818153, 0.02688059055681874, 6.918100359757325, 1.0], [0.0029817189252040743, 0.02741405808453179, 7.023550146813221, 1.0], [0.0025098427680531298, 0.027515055683140943, 7.04351420219281, 1.0], [0.0035285892288765743, 0.027308079325944867, 9.064096613561873, 1.0], [0.0045225862555082, 0.02708528632106033, 12.057333269629865, 1.0], [-0.0005571199638824305, 0.027832450326599645, 16.035748011479015, 1.0], [0.01900036989384533, 0.0006096622890697789, 46.254251189914214, 1.0], [0.025062057897811872, -0.013638987676582559, 15.341021981960239, 1.0], [0.02506205789781185, -0.013638987676582504, 10.756861885089734, 1.0], [0.025062057897811893, -0.013638987676582559, 9.50801950396766, 1.0], [0.026836051285562365, -0.008641657078150511, 7.518006042651336, 1.0], [0.027048497029589502, -0.008043198468065615, 7.279690672745005, 1.0], [0.0272318175712378, -0.007154748316262283, 6.566893226840591, 1.0], [0.027312208253328918, -0.00676514051200322, 6.254313565261839, 1.0], [0.02731220825332853, -0.00676514051200322, 6.254313565261867, 1.0], [0.027731808792333584, -0.0014573986739040978, 5.336714986274188, 1.0], [0.027741672575830267, -0.0013326266312603252, 5.315144485575473, 1.0], [0.027741672575830323, -0.0013326266312603252, 5.315144485575473, 1.0], [0.026866421973515853, 0.004405959411331983, 5.532290104893093, 1.0], [0.02661757408217208, 0.006037532165714787, 5.594028113800277, 1.0], [0.02661757408217208, 0.006037532165714565, 5.594028113800221, 1.0], [0.024111606779725847, 0.011646868419644907, 6.162926416433777, 1.0], [0.02322961830425635, 0.013621104047608246, 6.363153189603224, 1.0], [0.021734869003597168, 0.01531688431027678, 6.189951765425576, 1.0], [0.016591975602300135, 0.021151452768735757, 5.594028113809827, 1.0], [0.016591975602299747, 0.021151452768735646, 5.594028113809827, 1.0], [0.015170045028166546, 0.021998813090832958, 5.567063339444303, 1.0], [0.008956946483061556, 0.02570133786958917, 5.449241271737549, 1.0], [0.00895694648306189, 0.02570133786958928, 5.4492412717376055, 1.0], [0.008527973138775291, 0.02582201788816252, 5.527751949502374, 1.0], [0.0025098427680527724, 0.02751505568314072, 6.629189837370006, 1.0], [0.0025098427680531055, 0.027515055683141165, 6.629189837370006, 1.0], [-0.001293441374906057, 0.02771869647445524, 6.444614889468653, 1.0], [-0.003314754676629339, 0.027826924475515713, 6.346519721362824, 1.0], [-0.003314754676629339, 0.027826924475515824, 6.346519721362881, 1.0], [-0.011764210504780048, 0.025938905010305935, 5.306020592105938, 1.0], [-0.011986769130761576, 0.02588917458664919, 5.278613850032514, 1.0], [-0.01198676913076202, 0.02588917458664941, 5.278613850032627, 1.0], [-0.018034830833279558, 0.02191943329659818, 4.854814493580989, 1.0], [-0.020010268104221796, 0.020622823690730208, 4.716391791347803, 1.0], [-0.02001026810422224, 0.02062282369073065, 4.716391791347803, 1.0], [-0.0205621560848388, 0.02003474531041405, 4.365502032107656, 1.0], [-0.02153747969582498, 0.0189954642432818, 3.7453923738800086, 1.0], [-0.02153747969582498, 0.018995464243281468, 3.7453923738799517, 1.0], [-0.021537479695824646, 0.018995464243281468, 3.7453923738800086, 1.0], [-0.021537479695825423,