{"text": "ら", "text_ids": [39], "strokes": [[[0.0, 0.0, 0.0, 1.0], [0.0004539610418366082, -0.006832568281737238, 2.331349827338087, 1.0], [0.0004539610418366082, -0.006832568281737238, 2.331349827338087, 1.0], [0.0004539610418366081, -0.006832568281737235, 2.3313498273380864, 1.0], [0.0004539610418366083, -0.006832568281737242, 2.3313498273380873, 1.0], [0.0004539610418366081, -0.006832568281737235, 2.3313498273380873, 1.0], [0.0004539610418366081, -0.006832568281737235, 2.3313498273380855, 1.0], [0.005879447651139831, 0.0034225998100944274, 8.310213304492219, 1.0], [0.005852534611292889, 0.0035518249544620115, 7.853550995628609, 1.0], [0.005192844739975697, 0.00447484387343489, 1.9816473532373706, 1.0], [0.00519284473997603, 0.004474843873434914, 1.9816473532373777, 1.0], [0.005192844739975697, 0.00447484387343489, 1.9816473532373706, 1.0], [0.00519284473997569, 0.00447484387343489, 1.9816473532373706, 1.0], [0.005192844739976034, 0.004474843873434914, 1.9816473532373777, 1.0], [0.005192844739976027, 0.004474843873434914, 1.9816473532373777, 1.0], [0.005192844739975701, 0.00447484387343489, 1.9816473532373706, 1.0], [0.005192844739975694, 0.0044748438734348904, 1.9816473532373706, 1.0], [0.005600968677134471, 0.0038844921900622704, 1.684091709658425, 1.0], [0.0060125126966628015, 0.0032891933541196565, 1.3840425470325854, 1.0], [0.006012512696662808, 0.003289193354119613, 1.3840425470325783, 1.0], [0.006012512696662475, 0.0032891933541195906, 1.3840425470325783, 1.0], [0.006012512696662822, 0.0032891933541196548, 1.3840425470325854, 1.0], [0.006012512696662808, 0.0032891933541195732, 1.3840425470325783, 1.0], [0.006012512696662822, 0.0032891933541196565, 1.3840425470325854, 1.0], [0.0060125126966627945, 0.0032891933541195732, 1.3840425470325783, 1.0], [0.006012512696662822, 0.0032891933541196565, 1.3840425470325783, 1.0], [0.0060125126966627945, 0.0032891933541195698, 1.3840425470325783, 1.0], [0.006012512696662836, 0.00328919335411966, 1.3840425470325854, 1.0], [0.0060125126966627945, 0.003289193354119653, 1.3840425470325783, 1.0], [0.006082381166135825, 0.003142205632879251, 1.4034904595349573, 1.0], [0.006337400200379151, 0.002605702300275063, 1.4744750954057366, 1.0], [0.006337400200379123, 0.0026057023002751464, 1.4744750954057224, 1.0], [0.006337400200379151, 0.002605702300275063, 1.4744750954057366, 1.0], [0.006337400200378818, 0.0026057023002751256, 1.4744750954057224, 1.0], [0.006337400200379095, 0.0026057023002751464, 1.4744750954057224, 1.0], [0.006337400200379151, 0.002605702300275063, 1.4744750954057366, 1.0], [0.006337400200378818, 0.0026057023002751256, 1.4744750954057224, 1.0], [0.006337400200379123, 0.00260570230027507, 1.4744750954057366, 1.0], [0.006337400200379151, 0.0026057023002751395, 1.4744750954057224, 1.0], [0.006337400200378818, 0.0026057023002751256, 1.4744750954057224, 1.0], [0.006337400200379123, 0.00260570230027507, 1.6979410645986945, 1.0], [0.006337400200379151, 0.0026057023002751395, 2.0888397184914567, 1.0], [0.006337400200379151, 0.00260570230027507, 2.0888397184914425, 1.0], [0.00633740020037879, 0.0026057023002751256, 2.0888397184914567, 1.0], [0.006337400200379123, 0.0026057023002751395, 2.0888397184914425, 1.0], [0.0063374002003791785, 0.002605702300275084, 2.0888397184914567, 1.0], [0.006337400200378762, 0.0026057023002751117, 2.0888397184914425, 1.0], [0.0063374002003791785, 0.0026057023002751395, 2.0888397184914567, 1.0], [0.006133544183644257, 0.00296038834184964, 2.7834885178771884, 1.0], [0.00543236152780785, 0.004180365581683998, 5.172800826776367, 1.0], [0.005432361527807739, 0.004180365581684081, 5.172800826776367, 1.0], [0.004033754762310771, 0.004222554556249411, 6.340893736531328, 1.0], [-0.005151617790992213, 0.004499631329067819, 14.01236281394523, 1.0], [-0.0051516177909925465, 0.004499631329067791, 3.2820529301552597, 1.0], [-0.005151617790992213, 0.004499631329067819, 2.335393802324205, 1.0], [-0.005151617790992491, 0.004499631329067777, 2.3353938023242335, 1.0], [-0.005151617790992213, 0.004499631329067749, 2.3353938023241767, 1.0], [-0.005151617790992186, 0.004499631329067888, 2.335393802324205, 1.0], [-0.005151617790992519, 0.0044996313290677215, 2.335393802324205, 1.0], [-0.005151617790992186, 0.004499631329067805, 2.335393802324205, 1.0], [-0.005151617790992519, 0.0044996313290677215, 3.6534690314659883, 1.0], [-0.005151617790992186, 0.00449963132906786, 4.396035392610287, 1.0], [-0.005151617790992213, 0.004499631329067749, 4.39603539261023, 1.0], [-0.005151617790992519, 0.004499631329067777, 4.396035392610287, 0.0]], [[0.0, 0.0, 0.0, 1.0], [-0.0023302035585795328, -0.02650863823006605, 13.08488453917169, 1.0], [-0.005769393736234994, 0.007876768495019781, 10.291742040870599, 1.0], [-0.0031613244024444806, 0.026258961554058602, 9.39668242067739, 1.0], [0.00013221003192059877, 0.026694905979900818, 5.179514980700972, 1.0], [0.00013221003192061265, 0.02669490597990093, 5.179514980700972, 1.0], [0.0009721905479927739, 0.02666291758219036, 4.492896118144984, 1.0], [0.0020141159715243995, 0.026623238656078685, 3.6412029711202223, 1.0], [0.0020141159715240733, 0.02662323865607863, 3.641202971120208, 1.0], [0.0020141159715244203, 0.026623238656078574, 3.641202971120215, 1.0], [0.0020141159715244134, 0.026623238656078574, 3.641202971120215, 1.0], [0.005690264766361912, 0.02601723691407326, 5.558103523671576, 1.0], [0.006741923200574124, 0.025843874278691448, 6.106483022474251, 1.0], [0.006741923200574443, 0.025843874278691614, 6.106483022474251, 1.0], [0.01030302963471005, 0.02464610443656956, 10.807048590297342, 1.0], [0.01751523337019876, 0.006316775397642971, 22.39065896011934, 1.0], [0.016719902626849963, -0.020769405890411652, 6.327876741667424, 1.0], [0.01671990262684963, -0.020769405890411652, 6.327876741667424, 1.0], [0.01744667932266089, -0.020115724571214022, 5.415508460630491, 1.0], [0.018866484391020073, -0.018838716027272273, 3.6331382813271205, 1.0], [0.018866484391019726, -0.018838716027272162, 3.633138281327149, 1.0], [0.018866484391020066, -0.01883871602727244, 3.633138281327149, 1.0], [0.018866484391020052, -0.018838716027272107, 3.6331382813271205, 1.0], [0.021002311370242874, -0.016246214743350584, 3.339614311514538, 1.0], [0.022105414121776495, -0.014907250806913575, 3.188016311352925, 1.0], [0.02210541412177655, -0.014907250806913575, 3.1880163113529534, 1.0], [0.022105414121776523, -0.014907250806913575, 3.188016311352925, 1.0], [0.02210541412177655, -0.014907250806913575, 3.1880163113529534, 1.0], [0.0243111189420038, -0.0003793650578926555, 4.854602383858094, 1.0], [0.025548445197212333, 0.00777029046495048, 5.789501145090412, 1.0], [0.025548445197212277, 0.00777029046495048, 5.789501145090441, 1.0], [0.017205395116967948, 0.01845239777320712, 4.950226815311453, 1.0], [0.013702217842608222, 0.02293772570539465, 4.597822511039453, 1.0], [0.013702217842608333, 0.022937725705394763, 4.597822511039453, 1.0], [0.012812578078976122, 0.02337262180638583, 4.488628342939819, 1.0], [0.009737177689395193, 0.024876016430919634, 4.111154447503225, 1.0], [0.00973717768939486, 0.024876016430919523, 4.111154447503196, 1.0], [0.009737177689395138, 0.024876016430919523, 4.111154447503225, 1.0], [0.009229353436069954, 0.025011611484539786, 4.118105593072386, 1.0], [0.004049143050322779, 0.026394788637696287, 4.189012794204359, 1.0], [0.004049143050322945, 0.026394788637696287, 4.189012794204331, 1.0], [0.004049143050323056, 0.02639478863769651, 4.189012794204359, 1.0], [0.003707457973184558, 0.02637497383521681, 4.2065030201777915, 1.0], [-0.006957337198936653, 0.02575650722967371, 4.7524141237088315, 1.0], [-0.006957337198936264, 0.02575650722967382, 4.752414123708888, 1.0], [-0.006957337198936597, 0.02575650722967393, 4.75241412370886, 1.0], [-0.015197925546413249, 0.02082230237613536, 4.495674318602511, 1.0], [-0.01936162186940288, 0.018329212108879722, 4.3659521995727175, 1.0], [-0.019361621869402823, 0.018329212108879833, 4.365952199572746, 1.0], [-0.019361621869403267, 