{"text": "ら", "text_ids": [39], "strokes": [[[0.0, 0.0, 0.0, 1.0], [0.004639901547309568, 0.00021208570930504941, 5.279131833300406, 1.0], [0.00463990154730987, 0.00021208570930506318, 5.279131833300406, 1.0], [0.0046399015473095676, 0.00021208570930504936, 2.08130225004939, 1.0], [0.004639901547309569, 0.00021208570930504947, 0.879855305550068, 1.0], [0.004639901547309571, 0.00021208570930504958, 0.879855305550068, 1.0], [0.0044804363209542605, 0.0007858561475048091, 1.1505005521822618, 1.0], [0.00413724900567437, 0.0020206754292547615, 1.7329599240941072, 1.0], [0.004137249005674672, 0.0020206754292547376, 1.7329599240941107, 1.0], [0.004137249005674366, 0.0020206754292547624, 1.7329599240941072, 1.0], [0.004137249005674373, 0.0020206754292547615, 1.7329599240941072, 1.0], [0.004137249005674665, 0.0020206754292547754, 1.7329599240941107, 1.0], [0.004137249005674359, 0.0020206754292547615, 1.7329599240941072, 1.0], [0.004137249005674679, 0.002020675429254737, 1.7329599240941107, 1.0], [0.004137249005674359, 0.0020206754292547632, 1.7329599240941072, 1.0], [0.0041513098619618966, 0.0019927004364397767, 1.347694305658539, 1.0], [0.004158503848607734, 0.001978387529699921, 1.1505800149343308, 1.0], [0.00415850384860772, 0.0019783875296999556, 1.1505800149343273, 1.0], [0.004158503848607734, 0.001978387529699921, 1.1505800149343344, 1.0], [0.004158503848607734, 0.0019783875296999175, 1.1505800149343273, 1.0], [0.00415850384860772, 0.0019783875296999175, 1.1505800149343273, 1.0], [0.004158503848607734, 0.001978387529699959, 1.1505800149343344, 1.0], [0.0041585038486077475, 0.001978387529699914, 1.1505800149343273, 1.0], [0.0041585038486074005, 0.001978387529699907, 1.1505800149343344, 1.0], [0.0041585038486077475, 0.001978387529699921, 1.1505800149343273, 1.0], [0.004158503848607734, 0.001978387529699914, 1.1505800149343273, 1.0], [0.00415850384860772, 0.0019783875296999626, 1.1505800149343344, 1.0], [0.004158503848607734, 0.001978387529699914, 1.1505800149343273, 1.0], [0.004158503848607734, 0.001978387529699914, 1.1505800149343273, 1.0], [0.004158503848607734, 0.001978387529699928, 1.1505800149343344, 1.0], [0.004022717468254555, 0.002230167381079236, 1.3165662200534953, 1.0], [0.004005311769399084, 0.002262441636123415, 1.3378430660301888, 1.0], [0.004005311769399056, 0.002262441636123408, 1.3378430660301817, 1.0], [0.004005311769398778, 0.002262441636123387, 1.3378430660301817, 1.0], [0.004005311769399056, 0.002262441636123415, 1.3378430660301888, 1.0], [0.004005311769399111, 0.002262441636123408, 1.3378430660301817, 1.0], [0.004005311769399084, 0.0022624416361234495, 1.3378430660301888, 1.0], [0.0040053117693987506, 0.002262441636123394, 1.3378430660301817, 1.0], [0.004005311769399084, 0.0022624416361233662, 1.3378430660301817, 1.0], [0.004005311769399056, 0.0022624416361234495, 1.3378430660301817, 1.0], [0.004005311769399084, 0.00226244163612338, 1.3378430660301817, 1.0], [0.004005311769398778, 0.0022624416361234218, 1.3378430660301817, 1.0], [0.003947161638576446, 0.002349421685750114, 1.4480376624700355, 1.0], [0.003681100673265103, 0.002747391486317405, 1.9522236425537187, 1.0], [0.003681100673265103, 0.0027473914863173216, 1.952223642553733, 1.0], [0.0036811006732654084, 0.0027473914863174187, 1.9522236425537187, 1.0], [0.003681100673265131, 0.0027473914863173216, 1.9522236425537187, 1.0], [0.003681100673265103, 0.002747391486317391, 1.9522236425537471, 1.0], [0.003681100673265103, 0.002747391486317405, 1.9522236425537187, 1.0], [0.0036811006732654084, 0.0027473914863173354, 1.9522236425537187, 1.0], [0.003681100673265131, 0.002747391486317405, 1.952223642553733, 1.0], [0.004410685746535803, 0.0013531387329533684, 3.6002186470500277, 1.0], [0.004422868133373309, 0.0013298579299158425, 3.627736360043059, 1.0], [0.0044228681333730036, 0.0013298579299157315, 3.6277363600430164, 1.0], [0.0044228681333730036, 0.0013298579299157454, 3.6277363600430306, 1.0], [0.0036383725827255353, 0.002195606338128195, 4.53839998404851, 1.0], [0.0017855423775833823, 0.004240340434409393, 6.689215330150901, 1.0], [0.0017855423775836876, 0.0042403404344094064, 6.689215330150944, 1.0], [-0.0013521247593206442, 0.00409692050329484, 6.391720539657356, 1.0], [-0.0023645117298930207, 0.004050645209184453, 6.295732075436163, 1.0], [-0.0026103403865773978, 0.0038524558759590877, 4.944351276667007, 1.0], [-0.003509763579231745, 0.0031273325919468353, 0.0, 1.0], [-0.003509763579232078, 0.003127332591946891, 0.0, 1.0], [-0.003509763579231745, 0.0031273325919468353, 0.0, 0.0]], [[-0.003307689471436819, 0.27464283399530376, 0.0, 1.0], [-0.0109735387050362, 0.009298918477705365, 29.272881173407853, 1.0], [-0.003744339981063065, 0.023083745657602406, 6.755264570376774, 1.0], [-0.003558540634903757, 0.023131009921462442, 6.244556603726835, 1.0], [-0.003089245125109573, 0.023172078847668642, 5.557762069019148, 1.0], [-0.0016270691660143465, 0.023300036595636453, 3.417928133833591, 1.0], [-0.0016270691660143534, 0.023300036595636564, 3.417928133833591, 1.0], [-0.0016270691660143395, 0.023300036595636398, 3.417928133833591, 1.0], [-0.0016270691660143465, 0.023300036595636453, 3.417928133833591, 1.0], [-0.0006671687872796817, 0.023270743045692655, 3.9462884354862595, 1.0], [0.0019386871385108431, 0.023191219407199037, 5.380636054797165, 1.0], [0.0019386871385108292, 0.02319121940719926, 5.380636054797179, 1.0], [0.0030896401431668025, 0.02296962698223004, 7.304419333158407, 1.0], [0.005832652318857656, 0.022441516175558007, 11.889281560014098, 1.0], [0.0165231199465148, -0.00877074831786473, 22.968156762544808, 1.0], [0.01347584120516962, -0.01937109005685722, 11.943600631021823, 1.0], [0.01529705950810886, -0.018000311991290152, 7.519441894536897, 1.0], [0.015297059508108855, -0.018000311991290097, 7.519441894536897, 1.0], [0.01883100294080956, -0.013971214111242691, 5.964219293178928, 1.0], [0.019821309985227, -0.01284215132649763, 5.528403630848288, 1.0], [0.01982130998522698, -0.01284215132649763, 5.52840363084826, 1.0], [0.020539685733699617, -0.011593347838620705, 4.48150735499749, 1.0], [0.02083872030104357, -0.011073514852208588, 4.0457212422725775, 1.0], [0.02083872030104361, -0.011073514852208644, 4.0457212422725775, 1.0], [0.02083872030104361, -0.011073514852208644, 4.0457212422725775, 1.0], [0.022587010322415696, -0.0007904638899102756, 4.764054777831632, 1.0], [0.023165779909550044, 0.0026137294002026024, 5.001858345156052, 1.0], [0.02316577990954971, 0.002613729400202769, 5.00185834515608, 1.0], [0.020105936161029347, 0.008023298303344695, 5.021694818672444, 1.0], [0.01448661237138732, 0.01795783147806357, 5.058123988491047, 1.0], [0.014486612371387375, 0.01795783147806357, 5.058123988491047, 1.0], [0.014486612371387375, 0.017957831478063513, 5.058123988491047, 1.0], [0.011960786629990505, 0.019748862495933772, 4.480843024042173, 1.0], [0.0119394426270098, 0.019763997257908283, 4.4759648226586535, 1.0], [0.011939442627009855, 0.019763997257908228, 4.47596482265871, 1.0], [0.009054546543269648, 0.020969088020741933, 4.379019505943688, 1.0], [0.005020765554988205, 0.0226540957531417, 4.243466555640936, 1.0], [0.005020765554988149, 0.022654095753142145, 4.243466555640964, 1.0], [0.005020765554988482, 0.022654095753141923, 4.243466555640936, 1.0], [0.002974168337995353, 0.022926338545320224, 4.701077586596483, 1.0], [3.8951139929965795e-05, 0.023316787491022506, 5.357380525412481, 1.0], [3.8951139929965795e-05, 0.023316787491022284, 5.3573805254125375, 1.0], [-0.0015933517119709473, 0.023114053674669344, 5.3448214246994326, 1.0], [-0.006830401334995517, 0.022463606329515495, 5.304527043311452, 1.0], [-0.00683040133499585, 0.022463606329515495, 5.304527043311509, 1.0], [-0.009223826220528863, 0.020971423308518422, 5.43805613837003, 1.0], [-0.017644253637080387, 0.015721699827968116, 5.907831504931153, 1.0], [-0.017644253637080498, 0.01572169982796834, 5.907831504931266, 1.0], [-0.01827555292365246, 0.014910172997119941, 5.452942652805859, 1.0], [-0.019480530056757817, 