{"text": "り", "text_ids": [40], "strokes": [[[0.0, 0.0, 0.0, 1.0], [-0.0081218862982915, -0.0065140958391877975, 14.693497172977256, 1.0], [-0.008121886298291208, -0.006514095839187836, 2.1934971729772563, 1.0], [0.0026427716554458837, 0.00888253274021424, 49.55299486603271, 1.0], [0.005571971124479708, 0.008842911326296984, 7.398876914931705, 1.0], [0.004699818918737605, 0.009252025849662726, 6.909181615744899, 1.0], [0.0026882857769273574, 0.010195608193579083, 5.779747650873148, 1.0], [0.002688285776927364, 0.010195608193579158, 5.779747650873134, 1.0], [0.0024111953077210514, 0.01026781497428627, 4.841943478615576, 1.0], [0.0019210169953833064, 0.010395550143264716, 3.1829500539170823, 1.0], [0.0019210169953830175, 0.01039555014326475, 3.1829500539170823, 1.0], [0.0019210169953833064, 0.010395550143264737, 3.1829500539170965, 1.0], [0.0019210169953833064, 0.010395550143264709, 3.1829500539170823, 1.0], [0.0019297573839023013, 0.010393422721667434, 3.1655995678164857, 1.0], [0.002354105556895589, 0.010290135840769002, 2.323228881290433, 1.0], [0.0023541055568955978, 0.010290135840769071, 2.3232288812904187, 1.0], [0.002354105556895591, 0.010290135840768988, 2.323228881290433, 1.0], [0.0023541055568952994, 0.010290135840769044, 2.3232288812904187, 1.0], [0.0023541055568955978, 0.010290135840769044, 2.323228881290433, 1.0], [0.002354105556895591, 0.010290135840769016, 2.3232288812904187, 1.0], [0.0023541055568955874, 0.01029013584076896, 2.323228881290433, 1.0], [0.0018163217009202065, 0.010412046428554644, 2.056040163917345, 1.0], [0.0015888812632580268, 0.010463605055935243, 1.9430402697356612, 1.0], [0.0015888812632577493, 0.010463605055935438, 1.9430402697356612, 1.0], [0.0015888812632577423, 0.010463605055935382, 1.9430402697356897, 1.0], [0.0015888812632580268, 0.010463605055935243, 1.9430402697356612, 1.0], [0.0015888812632577423, 0.010463605055935382, 1.9430402697356612, 1.0], [0.0015888812632580337, 0.010463605055935354, 1.9430402697356612, 1.0], [0.0015888812632577423, 0.010463605055935327, 1.9430402697356612, 1.0], [0.0021738531312360254, 0.010316481532735178, 2.505648134354743, 1.0], [0.002838123336199344, 0.010149414057765982, 3.1445226888459956, 1.0], [0.002838123336199032, 0.010149414057765982, 3.1445226888459388, 1.0], [0.002838123336199337, 0.010149414057766037, 3.1445226888459956, 1.0], [0.00283812333619933, 0.010149414057765982, 3.1445226888459956, 1.0], [0.0028491621041477483, 0.01014581743469578, 3.1633125265027786, 1.0], [0.0030160660310720594, 0.010091437225158373, 3.4474110514315726, 1.0], [0.0030160660310723647, 0.010091437225158373, 3.4474110514315726, 1.0], [0.0030160660310720594, 0.010091437225158373, 3.4474110514315726, 1.0], [0.0030160660310723647, 0.010091437225158373, 3.4474110514315726, 1.0], [0.0031771673884181395, 0.010026186374956558, 3.680806452338487, 1.0], [0.004247739159689512, 0.009592572906837404, 5.231796039712805, 1.0], [0.004247739159689776, 0.009592572906837349, 5.231796039712833, 1.0], [0.004528907701206633, 0.009369150595748554, 5.754196731004214, 1.0], [0.008121886298291511, 0.006514095839187939, 12.429817313537853, 1.0], [0.00980727364787512, 0.0009716338745393016, 11.928725232038204, 1.0], [0.009360999908100992, -0.0032881347734787236, 9.816524506889209, 1.0], [0.005982515513255265, -0.008976626776589225, 4.236584597283212, 1.0], [0.005982515513255238, -0.008976626776589447, 4.23658459728324, 1.0], [0.005982515513255265, -0.00897662677658928, 4.23658459728324, 1.0], [0.005840917126330808, -0.009066310444681092, 3.6858203792486677, 1.0], [0.005686053189010776, -0.009164396067375125, 3.0834581829540184, 1.0], [0.0056860531890110255, -0.00916439606737518, 3.0834581829540184, 1.0], [0.005686053189010748, -0.009164396067375236, 3.0834581829540184, 1.0], [0.005686053189011053, -0.009164396067375125, 3.0834581829540184, 1.0], [0.0056860531890108035, -0.00916439606737518, 3.0834581829540184, 1.0], [0.006707754268186622, -0.008447949244307473, 4.105475910818825, 1.0], [0.006745539084829166, -0.008421453420435654, 4.143272437845951, 1.0], [0.0067455390848288055, -0.008421453420435487, 4.143272437845894, 1.0], [0.0067455390848291386, -0.008421453420435543, 4.143272437845951, 1.0], [0.007482514280647612, -0.007757503865397086, 5.303703509300874, 1.0], [0.007601193876543566, -0.007650584032363128, 5.490574779062115, 1.0], [0.0076011938765432885, -0.0076505840323629615, 5.490574779062115, 1.0], [0.008646722137035157, -0.006333697488400236, 12.611354840213323, 1.0], [0.007448113215860391, -0.007633550083090135, 4.678465317324651, 0.0]], [[0.0, 0.0, 0.0, 1.0], [-0.011199244685485443, -0.013711585162842717, 17.79502107828204, 1.0], [0.012422285298811508, 0.01129269275461061, 30.594479932480688, 1.0], [0.009574654796236481, 0.015195309065951377, 13.508558538831814, 1.0], [0.01034617112603109, 0.014654753944133717, 7.983893938536433, 1.0], [0.01041469625075997, 0.01460674250780385, 7.493200072184351, 1.0], [0.0070154458203069425, 0.016383019826222915, 5.039761880293241, 1.0], [0.00518268857555676, 0.017340726588529618, 3.7169535986637214, 1.0], [0.005182688575556371, 0.017340726588529587, 3.7169535986637214, 1.0], [0.005182688575556649, 0.017340726588529573, 3.7169535986637214, 1.0], [0.004267141264611918, 0.0175740678450972, 3.4258795008856993, 1.0], [0.00252971615797537, 0.01801687724743857, 2.873511054901911, 1.0], [0.002529716157975037, 0.018016877247438612, 2.873511054901911, 1.0], [0.0025297161579753147, 0.018016877247438584, 2.873511054901911, 1.0], [0.0025297161579750926, 0.018016877247438612, 2.873511054901911, 1.0], [0.002529716157975259, 0.018016877247438584, 2.873511054901911, 1.0], [0.002161910476540574, 0.018072979435062836, 2.720643042607307, 1.0], [0.001672350398052802, 0.018147653081401205, 2.5171712642342925, 1.0], [0.001672350398052802, 0.01814765308140115, 2.5171712642342925, 1.0], [0.001672350398052802, 0.018147653081401177, 2.5171712642342925, 1.0], [0.001672350398052802, 0.01814765308140115, 2.5171712642342925, 1.0], [0.001672350398052802, 0.018147653081401205, 2.5171712642342783, 1.0], [0.001672350398052802, 0.018147653081401205, 2.5171712642342783, 1.0], [0.001202604962770526, 0.018198754668850847, 2.292996176779667, 1.0], [0.000976825153957972, 0.018223316284095792, 2.1852480123814075, 1.0], [0.0009768251539575834, 0.018223316284095792, 2.1852480123814075, 1.0], [0.0009768251539579165, 0.018223316284095792, 2.1852480123814075, 1.0], [0.000976825153957972, 0.018223316284095792, 2.1852480123814075, 1.0], [0.0009768251539575834, 0.018223316284095792, 2.1852480123814075, 1.0], [0.0009768251539579165, 0.018223316284095792, 2.1852480123814075, 1.0], [0.00024466975631537435, 0.01824654947990878, 2.2245905755559647, 1.0], [-0.001093990709376269, 0.018289028659638495, 2.2965238483424457, 1.0], [-0.0010939907093765466, 0.018289028659638495, 2.296523848342474, 1.0], [-0.0010939907093765466, 0.01828902865963833, 2.2965238483424457, 1.0], [-0.0010939907093765466, 0.01828902865963844, 2.296523848342474, 1.0], [-0.0010939907093762136, 0.01828902865963844, 2.296523848342474, 1.0], [-0.0010939907093766021, 0.01828902865963844, 2.2965238483424457, 1.0], [-0.0010939907093764911, 0.01828902865963844, 2.296523848342474, 1.0], [-0.0015620845134130534, 0.018270463141638382, 2.6818845102354203, 1.0], [-0.0015861684151474154, 0.018269507926877537, 2.7017117077617456, 1.0], [-0.0015861684151477484, 0.018269507926877426, 2.7017117077617456, 1.0], [-0.001586168415147804, 0.018269507926877315, 2.701711707761717, 1.0], [-0.001586168415147693, 0.018269507926877426, 2.7017117077617456, 1.0], [-0.0015861684151475264, 0.018269507926877426, 2.7017117077617456, 1.0], [-0.0027512703933034732, 0.01814867720686708, 2.744115269031653, 1.0], [-0.003354798754939159, 0.01808608631967412, 2.766080515285239, 1.0], [-0.0033547987549389924, 0.01808608631967401, 2.7660805152852674, 1.0], [-0.003354798754939159, 0.018086086319674233, 2.766080515285239, 1.0], [-0.0033547987549388814, 0.01808608631967401, 2.766080515285239, 1.0], 