{"text": "り", "text_ids": [40], "strokes": [[[0.0, 0.0, 0.0, 1.0], [-0.011165206291715522, -0.002458208213219953, 14.264079362280334, 1.0], [-0.010358174942087179, 0.0007929812081037787, 18.834204913874153, 1.0], [-0.0043892678377159405, 0.010337643533824326, 14.174376918032088, 1.0], [-0.002757621309653586, 0.011212201243122224, 6.486752139418705, 1.0], [-0.002709457472555802, 0.011222516879659864, 6.349324381774871, 1.0], [-0.0014884470853927245, 0.011484030499036652, 2.865367752120754, 1.0], [-0.0014884470853927245, 0.011484030499036658, 2.8653677521207612, 1.0], [-0.0014884470853927176, 0.011484030499036638, 2.865367752120747, 1.0], [-0.0014884470853927245, 0.011484030499036582, 2.8653677521207612, 1.0], [-0.0014884470853927245, 0.011484030499036665, 2.865367752120747, 1.0], [-0.0014410456943500377, 0.011490574667687409, 2.73813789933898, 1.0], [-0.0010371261939585985, 0.011546339219606891, 1.6539794508267391, 1.0], [-0.0010371261939585985, 0.011546339219606891, 1.6539794508267391, 1.0], [-0.0010371261939585846, 0.01154633921960696, 1.653979450826725, 1.0], [-0.0010371261939585916, 0.011546339219606905, 1.6539794508267391, 1.0], [-0.001037126193958876, 0.011546339219606905, 1.653979450826725, 1.0], [-0.0010371261939585846, 0.011546339219606905, 1.6539794508267391, 1.0], [-0.0010371261939586054, 0.011546339219606877, 1.6539794508267391, 1.0], [-0.0010371261939585846, 0.011546339219606905, 1.653979450826725, 1.0], [-0.0010371261939588622, 0.01154633921960696, 1.6539794508267391, 1.0], [-0.0006488498755706715, 0.011577339782433749, 1.7794408329008746, 1.0], [-0.00013706584905506802, 0.011618201385669352, 1.9448105148757264, 1.0], [-0.00013706584905481128, 0.011618201385669435, 1.9448105148757264, 1.0], [-0.0001370658490547974, 0.011618201385669408, 1.9448105148757264, 1.0], [-0.00013706584905508884, 0.01161820138566938, 1.9448105148757264, 1.0], [-0.00013706584905480435, 0.011618201385669491, 1.9448105148757264, 1.0], [-0.00013706584905480435, 0.01161820138566938, 1.9448105148757264, 1.0], [-0.00013706584905506802, 0.011618201385669491, 1.9448105148757264, 1.0], [-0.00013706584905481128, 0.011618201385669324, 1.9448105148757264, 1.0], [0.0006269751121241451, 0.011613647082955314, 2.962138038211137, 1.0], [0.0009699547514718104, 0.011611602646620367, 3.4188185629221977, 1.0], [0.0009699547514718174, 0.011611602646620478, 3.418818562922212, 1.0], [0.0009699547514718243, 0.011611602646620478, 3.4188185629221977, 1.0], [0.0009699547514718104, 0.011611602646620423, 3.418818562922212, 1.0], [0.0038564628083593844, 0.010924427942738513, 4.411318946093431, 1.0], [0.004991842798121836, 0.010654134427916462, 4.801709359934506, 1.0], [0.004991842798121558, 0.010654134427916406, 4.801709359934534, 1.0], [0.004973096490380385, 0.0106622994035811, 4.535269006028557, 1.0], [0.004886107014359556, 0.010700187768831027, 3.298891843298037, 1.0], [0.004886107014359837, 0.010700187768831027, 3.2988918432980086, 1.0], [0.004886107014359556, 0.010700187768831027, 3.298891843298037, 1.0], [0.004886107014359544, 0.010700187768830915, 3.2988918432980086, 1.0], [0.005573323723789207, 0.010313182791077236, 3.642377764954915, 1.0], [0.006986528770287496, 0.009517338656210461, 4.3487285146185, 1.0], [0.006986528770287765, 0.009517338656210406, 4.3487285146185, 1.0], [0.0069865287702877595, 0.00951733865621035, 4.348728514618472, 1.0], [0.008335990141677976, 0.008015360107428648, 4.909058742579731, 1.0], [0.010214969151871908, 0.005924017423039829, 5.689257983134183, 1.0], [0.010214969151872165, 0.005924017423039718, 5.689257983134212, 1.0], [0.010823395300752173, 0.0031101632330495788, 7.393345830778117, 1.0], [0.011630228517138061, -0.0006212855725763466, 9.653134765966172, 1.0], [0.0066263489218868765, -0.008079098320895595, 7.631529305376574, 1.0], [0.005151973869071291, -0.010276515915660978, 7.035870556801257, 1.0], [0.0042990535359418575, -0.010609827331335142, 5.68490173285727, 1.0], [0.0027576213096535823, -0.011212201243122277, 3.2433760697315677, 1.0], [0.0027576213096538738, -0.011212201243122166, 3.2433760697315677, 1.0], [0.002757621309653846, -0.011212201243122277, 3.2433760697315677, 1.0], [0.0027576213096538876, -0.01121220124312211, 3.2433760697315392, 1.0], [0.002757621309653846, -0.011212201243122388, 3.5718242560126328, 1.0], [0.0027576213096538738, -0.01121220124312211, 6.10517848415742, 1.0], [0.0027576213096535823, -0.011212201243122333, 6.105178484157534, 1.0], [0.004183736522468562, -0.01061631705756394, 3.4196290989486897, 1.0], [0.005644238904144089, -0.0100060646288746, 0.6693244686063053, 0.0]], [[0.0, 0.0, 0.0, 1.0], [-0.010401523713076899, -0.008619374530046672, 16.568911451627812, 1.0], [0.0013414827755923175, 0.016059269696681477, 18.69089212568484, 1.0], [0.0021138419061617064, 0.015982741955969014, 11.314178305824086, 1.0], [0.002792243769853542, 0.015915523792981376, 4.834839607997466, 1.0], [0.002792243769853653, 0.015915523792981452, 4.834839607997466, 1.0], [0.0028074577939438683, 0.01591327989417266, 4.356336182474294, 1.0], [0.0028604471245460283, 0.01590546455911686, 2.6897438293258773, 1.0], [0.0028604471245461394, 0.015905464559116855, 2.6897438293258773, 1.0], [0.0028604471245462504, 0.015905464559116775, 2.6897438293258915, 1.0], [0.0028604471245461394, 0.015905464559116844, 2.6897438293258773, 1.0], [0.0028604471245462504, 0.01590546455911679, 2.6897438293258773, 1.0], [0.0028604471245459173, 0.015905464559116858, 2.6897438293258915, 1.0], [0.0019567264976685372, 0.016011767267355453, 1.913036233193779, 1.0], [0.0018593875378718483, 0.016023217039260212, 1.829377736060195, 1.0], [0.0018593875378722924, 0.016023217039260268, 1.8293777360602093, 1.0], [0.0018593875378721814, 0.016023217039260268, 1.829377736060195, 1.0], [0.0018593875378721814, 0.016023217039260296, 1.829377736060195, 1.0], [0.0018593875378722924, 0.016023217039260185, 1.8293777360602093, 1.0], [0.0018593875378721814, 0.016023217039260268, 1.829377736060195, 1.0], [0.0018593875378721814, 0.016023217039260296, 1.8293777360602093, 1.0], [0.0018593875378719593, 0.016023217039260296, 1.829377736060195, 1.0], [0.00124591061824475, 0.016056589767728918, 1.76181171392534, 1.0], [0.0008536657660060953, 0.016077927621734933, 1.7186113529651692, 1.0], [0.0008536657660060953, 0.016077927621734933, 1.7186113529651834, 1.0], [0.0008536657660059843, 0.016077927621734933, 1.7186113529651692, 1.0], [0.0008536657660060953, 0.016077927621734933, 1.7186113529651834, 1.0], [0.0008536657660058733, 0.016077927621734767, 1.7186113529651834, 1.0], [0.0008536657660063174, 0.016077927621734933, 1.7186113529651692, 1.0], [0.0008536657660060953, 0.016077927621734933, 1.7186113529651692, 1.0], [0.0008536657660059843, 0.016077927621734767, 1.7186113529651834, 1.0], [0.0008536657660060953, 0.016077927621734933, 1.7186113529651834, 1.0], [-0.00023642745390395348, 0.01605200388358774, 1.6735977654533087, 1.0], [-0.000663978741054172, 0.016041836195714643, 1.6559427457463158, 1.0], [-0.000663978741054505, 0.016041836195714476, 1.6559427457463158, 1.0], [-0.000663978741054283, 0.016041836195714587, 1.6559427457463158, 1.0], [-0.000663978741054394, 0.01604183619571481, 1.65594274574633, 1.0], [-0.0006639787410546161, 0.016041836195714476, 1.6559427457463158, 1.0], [-0.000663978741054061, 0.01604183619571453, 1.6559427457463158, 1.0], [-0.0006639787410546161, 0.016041836195714865, 1.65594274574633, 1.0], [-0.000663978741054172, 0.01604183619571442, 1.6559427457463158, 1.0], [-0.0007490309958539942, 0.01603181580578661, 1.6781344168102237, 1.0], [-0.0021797947850655808, 0.015863251067596007, 2.051446558331037, 1.0], [-0.002179794785065803, 0.015863251067596118, 2.051446558331037, 1.0], [-0.002179794785065914, 0.01586325106759623, 2.051446558331037, 1.0], [-0.0021797947850655808, 0.015863251067596007, 2.051446558331037, 1.0], [-0.002179794785065692, 0.015863251067596118, 2.051446558331037, 1.0], [-0.002179794785065914, 0.01586325106759634, 2.051446558331037, 1.0], [-0.0021797947850654698, 