{"text": "り", "text_ids": [40], "strokes": [[[0.0, 0.0, 0.0, 1.0], [-0.009642324318151336, -0.00693940197310215, 16.619098739598535, 1.0], [-0.01292216457578825, 0.005451967997707832, 2.481529791448626, 1.0], [-0.003380064993997619, 0.01373811932313644, 1.8679595591505205, 1.0], [-0.003380064993997619, 0.01373811932313644, 1.867959559150517, 1.0], [-0.003380064993997598, 0.013738119323136334, 1.8679595591505205, 1.0], [-0.0033800649939980457, 0.0137381193231364, 1.867959559150517, 1.0], [-0.0033800649939976224, 0.013738119323136441, 1.867959559150517, 1.0], [-0.003172339445691792, 0.01376837423719808, 1.8885848580283167, 1.0], [-0.002121826723973805, 0.013921379837017203, 1.9928914252130596, 1.0], [-0.0021218267239738117, 0.013921379837017217, 1.9928914252130596, 1.0], [-0.002121826723973805, 0.01392137983701719, 1.9928914252130596, 1.0], [-0.0021218267239738117, 0.013921379837017203, 1.9928914252130525, 1.0], [-0.002121826723973791, 0.013921379837017106, 1.9928914252130667, 1.0], [-0.0021218267239738117, 0.013921379837017245, 1.9928914252130525, 1.0], [-0.0021218267239738117, 0.01392137983701719, 1.9928914252130667, 1.0], [-0.0021218267239738117, 0.013921379837017217, 1.9928914252130525, 1.0], [-0.002121826723973805, 0.01392137983701719, 1.9184776598162614, 1.0], [-0.0021218267239738117, 0.01392137983701719, 1.8756625178475872, 1.0], [-0.002121826723973805, 0.013921379837017245, 1.8756625178475872, 1.0], [-0.002121826723973805, 0.01392137983701719, 1.87566251784758, 1.0], [-0.0021218267239738187, 0.013921379837017245, 1.8756625178475872, 1.0], [-0.002121826723973805, 0.01392137983701719, 1.8756625178475872, 1.0], [-0.002121826723973805, 0.01392137983701719, 1.8756625178475872, 1.0], [-0.0021218267239738187, 0.01392137983701719, 1.87566251784758, 1.0], [-0.002121826723973777, 0.013921379837017023, 1.9825281846454885, 1.0], [-0.0021218267239738464, 0.013921379837017467, 2.8987511639462724, 1.0], [-0.002121826723973777, 0.013921379837016967, 2.898751163946258, 1.0], [-0.002121826723973805, 0.013921379837017245, 2.8987511639462724, 1.0], [-0.002121826723973805, 0.013921379837017134, 2.8987511639462724, 1.0], [-0.002121826723973805, 0.013921379837017245, 2.8987511639462724, 1.0], [-0.0009108479370682904, 0.013826064609974154, 3.0459586842672763, 1.0], [0.002926873562241139, 0.01352400044502755, 3.512475085466619, 1.0], [0.0029268735622415415, 0.013524000445027606, 3.512475085466633, 1.0], [0.002926873562241167, 0.013524000445027273, 3.512475085466619, 1.0], [0.002926873562241125, 0.013524000445027606, 3.512475085466619, 1.0], [0.0077162468035687215, 0.010746292441831895, 5.473893854667821, 1.0], [0.00992205929085576, 0.009466980370971267, 6.3772525606817965, 1.0], [0.010002191091849279, 0.009270323238503408, 6.3557495707622, 1.0], [0.014152367651125777, -0.0009149192153382613, 5.242069313832914, 1.0], [0.014152367651126194, -0.0009149192153383723, 5.242069313832872, 1.0], [0.014152367651125783, -0.0009149192153383723, 5.242069313832928, 1.0], [0.01296381665847024, -0.0056043151040537365, 4.0507044302581505, 1.0], [0.012620627486810318, -0.006958358725722313, 3.7067027592611907, 1.0], [0.0126206274868099, -0.006958358725722369, 3.7067027592611623, 1.0], [0.012620627486810324, -0.006958358725722258, 3.7067027592611623, 1.0], [0.012078695289770902, -0.007650212041950044, 3.469978420195446, 1.0], [0.009763268204994312, -0.010606183131762204, 2.458564170786957, 1.0], [0.009763268204994333, -0.010606183131762426, 2.4585641707869854, 1.0], [0.009763268204994291, -0.010606183131762204, 2.458564170786957, 1.0], [0.009763268204994319, -0.010606183131762426, 2.4585641707869854, 1.0], [0.009763268204994804, -0.01060618313176237, 2.458564170786957, 1.0], [0.009763268204994305, -0.01060618313176237, 2.4585641707869854, 1.0], [0.00988842697832397, -0.01049259408378439, 2.380675857365304, 1.0], [0.009946839728044443, -0.010439581031211453, 2.3443246656992187, 1.0], [0.009946839728044082, -0.010439581031211953, 2.3443246656992187, 1.0], [0.009946839728044471, -0.01043958103121162, 2.3443246656992187, 1.0], [0.009946839728044443, -0.010439581031211675, 2.3443246656992187, 1.0], [0.009946839728044027, -0.010439581031211675, 2.3443246656992187, 1.0], [0.009946839728044471, -0.010439581031211731, 2.3443246656991903, 1.0], [0.009766598156856016, -0.01059927927345905, 4.916799014064537, 1.0], [0.009527910119819544, -0.010810762449670996, 8.32344293361885, 1.0], [0.010476610137561265, -0.009819403525458181, 4.432306375600319, 1.0], [0.011395570873667216, -0.008859121128807879, 0.6631468427937364, 0.0]], [[0.0, 0.0, 0.0, 1.0], [0.0030552982925281524, -0.020045919662099662, 14.404464916044889, 1.0], [0.01021086375817426, 0.008567912239375489, 20.02036973492386, 1.0], [0.004646900319026814, 0.019356951440082183, 8.52605882350413, 1.0], [0.005503792380154471, 0.019078391366412803, 6.744588751568706, 1.0], [0.006278794436341439, 0.01882645224868851, 5.133367185378582, 1.0], [0.00627879443634155, 0.01882645224868841, 5.133367185378582, 1.0], [0.005795627757533117, 0.018975400551155833, 4.825738313036872, 1.0], [0.004014912828735173, 0.01952435079432402, 3.691969471900606, 1.0], [0.004014912828735173, 0.01952435079432413, 3.69196947190062, 1.0], [0.004014912828735062, 0.01952435079432413, 3.691969471900606, 1.0], [0.00401491282873534, 0.01952435079432402, 3.691969471900606, 1.0], [0.0005928041735177025, 0.020042518247259167, 2.543967250001259, 1.0], [0.00012479894961581195, 0.020113382471415087, 2.386967256421073, 1.0], [0.00012479894961592297, 0.020113382471415114, 2.386967256421059, 1.0], [0.00012479894961570093, 0.020113382471415198, 2.386967256421059, 1.0], [0.00012479894961581195, 0.020113382471415198, 2.386967256421073, 1.0], [0.00012479894961592297, 0.020113382471415003, 2.386967256421059, 1.0], [0.00012479894961570093, 0.020113382471415198, 2.386967256421059, 1.0], [-0.0015890579171265462, 0.020115595363846106, 2.1580633122469095, 1.0], [-0.002137163992188884, 0.02011630306576012, 2.0848578743587467, 1.0], [-0.0021371639921887176, 0.020116303065760066, 2.084857874358761, 1.0], [-0.0021371639921892727, 0.020116303065760066, 2.084857874358761, 1.0], [-0.0021371639921887176, 0.0201163030657599, 2.084857874358761, 1.0], [-0.0021371639921888286, 0.020116303065760066, 2.084857874358761, 1.0], [-0.0021371639921888286, 0.020116303065760177, 2.084857874358761, 1.0], [-0.0021371639921887176, 0.020116303065759844, 2.084857874358761, 1.0], [-0.0032418275993185697, 0.020006365896576117, 2.0108267041774326, 1.0], [-0.003967129758199073, 0.01993418313828116, 1.9622191758670624, 1.0], [-0.003967129758198962, 0.019934183138280992, 1.9622191758670624, 1.0], [-0.003967129758198962, 0.019934183138281103, 1.9622191758670766, 1.0], [-0.003967129758198629, 0.019934183138281214, 1.9622191758670624, 1.0], [-0.003967129758198962, 0.019934183138281103, 1.9622191758670766, 1.0], [-0.003967129758199073, 0.019934183138281214, 1.9622191758670766, 1.0], [-0.003967129758198962, 0.019934183138280992, 1.9622191758670624, 1.0], [-0.004885921224688061, 0.019750952116939224, 2.1007440306414082, 1.0], [-0.006010616164402127, 0.019526658563920996, 2.270312652980408, 1.0], [-0.006010616164401905, 0.01952665856392055, 2.270312652980408, 1.0], [-0.006010616164402127, 0.019526658563920996, 2.2703126529804365, 1.0], [-0.006010616164402571, 0.019526658563920885, 2.270312652980408, 1.0], [-0.006010616164401961, 0.019526658563920773, 2.270312652980408, 1.0], [-0.006010616164401961, 0.019526658563920885, 2.270312652980408, 1.0], [-0.006010616164402127, 0.019526658563920885, 2.270312652980408, 1.0], [-0.008003404211860798, 0.01890050193185222, 2.4666163915723587, 1.0], [-0.008082844935490996, 0.018875540754459963, 2.474441865568423, 1.0], [-0.008082844935490996, 0.018875540754460185, 2.4744418655684512, 1.0], [-0.008082844935490996, 0.018875540754460074, 2.4744418655684512, 1.0], [-0.008082844935491051, 0.018875540754460185, 2.4744418655684512, 1.0], [-0.008082844935490607, 0.018875540754459963, 2.474441865568423, 1.0], 