{"text": "り", "text_ids": [40], "strokes": [[[0.0, 0.0, 0.0, 1.0], [-0.010761510948409632, -0.006252896534500285, 16.619098739598535, 1.0], [-0.011606807856881085, 0.006297270152274813, 2.481529791448626, 1.0], [-0.0006863758714095933, 0.013896865082160094, 1.8679595591505205, 1.0], [-0.0006863758714095898, 0.013896865082160096, 1.867959559150517, 1.0], [-0.0006863758714095967, 0.013896865082159988, 1.8679595591505205, 1.0], [-0.00068637587141002, 0.013896865082160086, 1.867959559150517, 1.0], [-0.0006863758714095898, 0.013896865082160086, 1.867959559150517, 1.0], [-0.00047729558345837794, 0.013912934502399193, 1.8885848580283167, 1.0], [0.0005800683476737227, 0.013994201012607177, 1.9928914252130596, 1.0], [0.0005800683476737262, 0.01399420101260719, 1.9928914252130596, 1.0], [0.0005800683476737262, 0.01399420101260715, 1.9928914252130596, 1.0], [0.0005800683476737227, 0.013994201012607177, 1.9928914252130525, 1.0], [0.0005800683476737227, 0.013994201012607094, 1.9928914252130667, 1.0], [0.0005800683476737262, 0.013994201012607177, 1.9928914252130525, 1.0], [0.0005800683476737227, 0.013994201012607177, 1.9928914252130667, 1.0], [0.0005800683476737262, 0.013994201012607177, 1.9928914252130525, 1.0], [0.0005800683476737262, 0.013994201012607177, 1.9184776598162614, 1.0], [0.0005800683476737227, 0.01399420101260715, 1.8756625178475872, 1.0], [0.0005800683476737262, 0.013994201012607205, 1.8756625178475872, 1.0], [0.0005800683476737262, 0.01399420101260715, 1.87566251784758, 1.0], [0.0005800683476737262, 0.013994201012607232, 1.8756625178475872, 1.0], [0.0005800683476737262, 0.013994201012607177, 1.8756625178475872, 1.0], [0.0005800683476737227, 0.013994201012607121, 1.8756625178475872, 1.0], [0.0005800683476737262, 0.013994201012607177, 1.87566251784758, 1.0], [0.0005800683476737158, 0.013994201012606955, 1.9825281846454885, 1.0], [0.0005800683476737366, 0.013994201012607455, 2.8987511639462724, 1.0], [0.000580068347673714, 0.013994201012606955, 2.898751163946258, 1.0], [0.0005800683476737262, 0.013994201012607177, 2.8987511639462724, 1.0], [0.0005800683476737244, 0.013994201012607121, 2.8987511639462724, 1.0], [0.0005800683476737262, 0.013994201012607232, 2.8987511639462724, 1.0], [0.0017470950836421043, 0.01381756466378431, 3.0459586842672763, 1.0], [0.005445527825258872, 0.013257785152560098, 3.512475085466619, 1.0], [0.005445527825259299, 0.013257785152560153, 3.512475085466633, 1.0], [0.005445527825258858, 0.013257785152559876, 3.512475085466619, 1.0], [0.005445527825258872, 0.013257785152560098, 3.512475085466619, 1.0], [0.009602915268423926, 0.010170615148257567, 5.473893854667821, 1.0], [0.01151765790269849, 0.008748776046825946, 6.3772525606817965, 1.0], [0.011558554954950326, 0.00854770193475074, 6.3557495707622, 1.0], [0.013676690145908575, -0.0018663041934645075, 5.242069313832914, 1.0], [0.013676690145908978, -0.001866304193464563, 5.242069313832872, 1.0], [0.013676690145908568, -0.001866304193464563, 5.242069313832928, 1.0], [0.011618499924186551, -0.006451659292464218, 4.0507044302581505, 1.0], [0.011024206030465583, -0.007775661567432479, 3.7067027592611907, 1.0], [0.011024206030465139, -0.007775661567432479, 3.7067027592611623, 1.0], [0.011024206030465583, -0.007775661567432368, 3.7067027592611623, 1.0], [0.010361769508808238, -0.008427402085611657, 3.469978420195446, 1.0], [0.007531482855662297, -0.01121198963417036, 2.458564170786957, 1.0], [0.007531482855662269, -0.011211989634170583, 2.4585641707869854, 1.0], [0.007531482855662297, -0.01121198963417036, 2.458564170786957, 1.0], [0.007531482855662297, -0.011211989634170638, 2.4585641707869854, 1.0], [0.007531482855662741, -0.011211989634170583, 2.458564170786957, 1.0], [0.007531482855662297, -0.011211989634170583, 2.4585641707869854, 1.0], [0.007675656360116884, -0.011107430628890136, 2.380675857365304, 1.0], [0.007742943459598445, -0.01105863198023016, 2.3443246656992187, 1.0], [0.007742943459597973, -0.011058631980230604, 2.3443246656992187, 1.0], [0.007742943459598445, -0.011058631980230382, 2.3443246656992187, 1.0], [0.007742943459598417, -0.011058631980230438, 2.3443246656992187, 1.0], [0.007742943459598028, -0.011058631980230382, 2.3443246656992187, 1.0], [0.007742943459598389, -0.011058631980230382, 2.3443246656991903, 1.0], [0.007536059499018644, -0.011205345688635737, 4.916799014064537, 1.0], [0.007262089814225464, -0.01139963386996301, 8.32344293361885, 1.0], [0.008379798310940767, -0.010477382680723013, 4.432306375600319, 1.0], [0.009462469549145647, -0.009584041671037602, 0.6631468427937364, 0.0]], [[0.0, 0.0, 0.0, 1.0], [-0.0008352622823403766, -0.02015077761818348, 14.404464916044889, 1.0], [0.011628740266612647, 0.007834752437379015, 20.02036973492386, 1.0], [0.008242123342504903, 0.018945001028238317, 8.52605882350413, 1.0], [0.009027625673306505, 0.018609967198296877, 6.744588751568706, 1.0], [0.009738060451649155, 0.018306951312310953, 5.133367185378582, 1.0], [0.00973806045164921, 0.018306951312310853, 5.133367185378582, 1.0], [0.009293597844573953, 0.018487784005636044, 4.825738313036872, 1.0], [0.007655527103306248, 0.019154244444118396, 3.691969471900606, 1.0], [0.007655527103306303, 0.0191542444441185, 3.69196947190062, 1.0], [0.007655527103306303, 0.019154244444118507, 3.691969471900606, 1.0], [0.007655527103306303, 0.019154244444118396, 3.691969471900606, 1.0], [0.0044051066962893515, 0.019900957243722275, 2.543967250001259, 1.0], [0.003960581439020894, 0.0200030771721576, 2.386967256421073, 1.0], [0.003960581439020894, 0.02000307717215763, 2.386967256421059, 1.0], [0.003960581439020894, 0.020003077172157713, 2.386967256421059, 1.0], [0.003960581439020783, 0.020003077172157713, 2.386967256421073, 1.0], [0.003960581439020894, 0.020003077172157546, 2.386967256421059, 1.0], [0.003960581439020894, 0.020003077172157713, 2.386967256421059, 1.0], [0.0022836070930906116, 0.020121053113320686, 2.1580633122469095, 1.0], [0.0017472963634351801, 0.02015878282769623, 2.0848578743587467, 1.0], [0.0017472963634351801, 0.020158782827696176, 2.084857874358761, 1.0], [0.001747296363434847, 0.020158782827696176, 2.084857874358761, 1.0], [0.0017472963634350691, 0.02015878282769601, 2.084857874358761, 1.0], [0.0017472963634352912, 0.02015878282769623, 2.084857874358761, 1.0], [0.0017472963634351801, 0.02015878282769623, 2.084857874358761, 1.0], [0.0017472963634351801, 0.020158782827695954, 2.084857874358761, 1.0], [0.0006451527191508877, 0.02012402459943957, 2.0108267041774326, 1.0], [-7.849487767053187e-05, 0.02010120297498197, 1.9622191758670624, 1.0], [-7.849487767053187e-05, 0.020101202974981858, 1.9622191758670624, 1.0], [-7.849487767064289e-05, 0.02010120297498208, 1.9622191758670766, 1.0], [-7.849487767008778e-05, 0.020101202974982024, 1.9622191758670624, 1.0], [-7.849487767064289e-05, 0.02010120297498197, 1.9622191758670766, 1.0], [-7.849487767053187e-05, 0.02010120297498208, 1.9622191758670766, 1.0], [-7.849487767064289e-05, 0.020101202974981858, 1.9622191758670624, 1.0], [-0.0010127079811943496, 0.019980966117221555, 2.1007440306414082, 1.0], [-0.0021562805855012135, 0.019833783877918787, 2.270312652980408, 1.0], [-0.0021562805855011025, 0.019833783877918343, 2.270312652980408, 1.0], [-0.0021562805855011025, 0.019833783877918787, 2.2703126529804365, 1.0], [-0.0021562805855015466, 0.019833783877918676, 2.270312652980408, 1.0], [-0.0021562805855009914, 0.019833783877918565, 2.270312652980408, 1.0], [-0.0021562805855011025, 0.019833783877918565, 2.270312652980408, 1.0], [-0.0021562805855011025, 0.019833783877918787, 2.270312652980408, 1.0], [-0.004226170216991787, 0.019345415331627924, 2.4666163915723587, 1.0], [-0.0043086845267147345, 0.01932594695376144, 2.474441865568423, 1.0], [-0.0043086845267147345, 0.019325946953761775, 2.4744418655684512, 1.0], [-0.0043086845267147345, 0.019325946953761552, 2.4744418655684512, 1.0], [-0.0043086845267148455, 0.019325946953761663, 2.4744418655684512, 1.0], [-0.00430868452671429, 0.01932594695376144, 2.474441865568423, 1.0], 