{"text": "る", "text_ids": [41], "strokes": [[[0.0, 0.0, 0.0, 1.0], [0.007484940433011797, -0.06046102215617527, 39.30481478873686, 1.0], [0.06909874976672348, -0.032753041672671596, 20.229637425630152, 1.0], [0.06628391330640733, -0.037857089794089305, 12.678252911179165, 1.0], [0.06613693233609408, -0.03818632591186971, 11.171331809478758, 1.0], [0.06834725695079605, -0.03427668226765296, 11.354609993252268, 1.0], [0.07076370449400932, -0.028952632004214857, 13.037896043765869, 1.0], [0.07287737099984415, -0.023079189848446147, 16.880195880176856, 1.0], [0.046340398354270285, 0.031039042640784498, 34.266554054991886, 1.0], [-0.02958876908732616, 0.06951127344552488, 16.923449809525607, 1.0], [-0.0420095421479218, 0.06340367529577384, 11.558233952566013, 1.0], [-0.04598172564644848, 0.060850485091625585, 10.30869081928634, 1.0], [-0.05120108703946863, 0.05657916700321268, 7.672597536557902, 1.0], [-0.05122677963486463, 0.05655458418715999, 7.664366744510744, 1.0], [-0.05455005688598827, 0.05337485430400074, 6.599733002862763, 1.0], [-0.05455005688598791, 0.053374854304000546, 6.599733002862735, 1.0], [-0.0559534545145272, 0.05185926559164469, 6.722803422943031, 1.0], [-0.05780009184104676, 0.04986500350157588, 6.884743579381279, 1.0], [-0.057800091841046744, 0.049865003501575855, 6.884743579381279, 1.0], [-0.05796600969011725, 0.04967374075152131, 7.947754084317239, 1.0], [-0.0579724592930668, 0.049666305934809585, 7.989075712622309, 1.0], [-0.06749259048377051, 0.035076234093476266, 14.8296272609374, 1.0], [-0.0030197428062596343, -0.023344345234610986, 34.3218859737475, 1.0], [0.04913812018924421, -0.05836837902021147, 15.417982810944977, 1.0], [0.05232436535438853, -0.05550694882748791, 11.152513582109975, 1.0], [0.05465943999006444, -0.05312335417610131, 10.29208295896126, 1.0], [0.05911127465541727, -0.04831844319952877, 10.263169767452041, 1.0], [0.06361437092519817, -0.04182270480210412, 9.676941197529857, 1.0], [0.06654192420125878, -0.03759969488036713, 9.295822236801882, 1.0], [0.07070656681497484, -0.028774172356407057, 9.257390761167073, 1.0], [0.07190018341385243, -0.026244713971750558, 9.246376023171138, 1.0], [0.0749669743775318, -0.015734095681324056, 9.91497488786058, 1.0], [0.07554686032585778, -0.01173430822423742, 10.2382871327668, 1.0], [0.07680595850728911, -0.0007432290642201966, 11.165946590020667, 1.0], [0.07540793199730061, 0.013493357414642401, 12.542662430519613, 1.0], [0.07316213299852814, 0.023134076471894707, 13.65711864245435, 1.0], [0.06766450018576176, 0.03579319092917643, 15.00718093294256, 1.0], [0.05174410326666412, 0.05369033028437167, 14.893908432537273, 1.0], [0.028253160466609306, 0.07149724019708115, 12.750534171066192, 1.0], [0.023984338609473355, 0.07299968862989148, 14.757451627749901, 1.0], [0.008193318409434602, 0.07602004160705822, 13.009509836801158, 1.0], [-0.002664489404222148, 0.07610904024335646, 12.533125532875033, 1.0], [-0.011377852170953884, 0.07553476189549796, 12.106232771917462, 1.0], [-0.019193451361009917, 0.07396370794640827, 11.093518064020031, 1.0], [-0.03178216688567037, 0.06894260876818581, 11.740269528128124, 1.0], [-0.0391662150158022, 0.06529537267645935, 12.200079241547087, 1.0], [-0.045446458225779196, 0.06128852669171547, 12.694839901455225, 1.0], [-0.052918444051516134, 0.054965815042936406, 10.351624041772311, 1.0], [-0.059926756652960544, 0.04538539893128957, 11.537611364367535, 1.0], [-0.06994206514801082, 0.03039872422005574, 13.142936234882086, 1.0], [-0.07490729863527934, 0.01623276056256795, 12.791135895080856, 1.0], [-0.07627868267327198, 0.007150579120559386, 12.927423147096192, 1.0], [-0.07587887169233865, -0.00689573963494905, 14.326894712028206, 1.0], [-0.0714962232307767, -0.026093134570097543, 15.096518996697114, 1.0], [-0.05831079628873079, -0.0476384519530787, 16.85155291811509, 1.0], [-0.02671804870372184, -0.06989913841451645, 25.389979358634378, 1.0], [0.0430772228020868, -0.05784242424494623, 26.737239641236783, 1.0], [0.06966511607160031, -0.030906465954162132, 20.70953180755805, 1.0], [0.07517390810709126, -0.01368423873995761, 17.34674376127441, 1.0], [0.07606119144457796, 0.008683484491452287, 17.15975745448668, 1.0], [0.07248293852085053, 0.02557307085125171, 17.41111127374984, 1.0], [0.06442221961888678, 0.04113838671890102, 18.518236030915546, 1.0], [0.024872372318386016, 0.07199713991564816, 26.51628095232934, 1.0], [-0.011329024629309736, 0.06967315057000223, 39.446771958261365, 0.0]]]}