{"text": "る", "text_ids": [41], "strokes": [[[0.0, 0.0, 0.0, 1.0], [0.048977290543168996, -0.06342807601147489, 18.802848139803995, 1.0], [0.07000481178784479, -0.042687973387796924, 14.110058805942518, 1.0], [0.07452934696077718, -0.03361359999363374, 15.745934520033039, 1.0], [0.07056290318894717, -0.042327835585226875, 15.96175327869799, 1.0], [0.07126161219300303, -0.0410386953406279, 16.47395216758875, 1.0], [0.07414427891256747, -0.03456313136231243, 27.782930286028602, 1.0], [-0.014437220254528593, 0.05193028948384884, 51.899854625849784, 1.0], [-0.053533733295606234, 0.062306689702574025, 18.972976038761942, 1.0], [-0.05359841159878492, 0.06225647002253716, 16.84317392621938, 1.0], [-0.05321107192805313, 0.06256234834418278, 11.254492783975508, 1.0], [-0.05234051643011514, 0.06322407597186991, 9.39489719563909, 1.0], [-0.0516055474742558, 0.06378274140415639, 7.824928329647406, 1.0], [-0.050643478281029636, 0.06445837682508698, 7.453555416857853, 1.0], [-0.04900311773604826, 0.06561035809118496, 6.8203520278460985, 1.0], [-0.04910682209106895, 0.06553501154384045, 6.833289393994562, 1.0], [-0.05336756350645258, 0.06243936377943771, 7.364827068990678, 1.0], [-0.05336756350645237, 0.06243936377943793, 7.36482706899065, 1.0], [-0.05489725321925133, 0.06117023725640974, 7.166800323773657, 1.0], [-0.056006270117512635, 0.06025012728358681, 7.023231987714439, 1.0], [-0.053535645343899346, 0.06210110224134069, 8.020355665063562, 1.0], [-0.04781341635478642, 0.06638815654213992, 10.329799848250332, 1.0], [-0.054828858522755264, 0.06101040920530121, 17.585761867932774, 1.0], [-0.03668096145761113, 0.046170487091218626, 62.00322932947984, 1.0], [0.035356102302980585, -0.07249024424704686, 26.32554819204961, 1.0], [0.040871052081984105, -0.0702299624256183, 14.31234449414552, 1.0], [0.04946777547324088, -0.06529701365078733, 9.510996622643347, 1.0], [0.052056051151442295, -0.06329413944818962, 9.253419319029717, 1.0], [0.05613235960571744, -0.06013978726165131, 8.84775753068459, 1.0], [0.06048130929798126, -0.0554706790065046, 8.261457838697254, 1.0], [0.06544544690206812, -0.05014109427753899, 7.59222214865548, 1.0], [0.06693323693853331, -0.0477564603177556, 8.137440587505182, 1.0], [0.07197547521258851, -0.03967474695301776, 9.985229060816607, 1.0], [0.07112532119783184, -0.0412603390142082, 9.510344216044643, 1.0], [0.07035713127771243, -0.042693062753301814, 9.081243435904469, 1.0], [0.07447593932731045, -0.033491406906400206, 9.863161843791374, 1.0], [0.07604992473103916, -0.029043925729376613, 10.33039880137352, 1.0], [0.0794202125575878, -0.010976940198306986, 12.876383011379403, 1.0], [0.07710426071940041, 0.008265254747127956, 15.320576194458795, 1.0], [0.06813388498925999, 0.032120592967601946, 17.126532172612315, 1.0], [0.04532162789819716, 0.05784797711757508, 18.385644595945905, 1.0], [0.027176112414858844, 0.07005772253966627, 16.057398650252708, 1.0], [0.013098523186514499, 0.07500649222273342, 13.877180074107173, 1.0], [-0.0009879807920514239, 0.07696943593393712, 12.76435331299274, 1.0], [-0.0122327141321813, 0.07741043590091073, 11.897517879481256, 1.0], [-0.02456860217202539, 0.07598206133182339, 10.684573911239454, 1.0], [-0.03452654529093224, 0.0727170005149187, 10.815015660099448, 1.0], [-0.04047464953169866, 0.07022731044957964, 10.987225342700754, 1.0], [-0.05180355046127927, 0.06363621738810232, 11.638480796303725, 1.0], [-0.06447463790984426, 0.05026267000862206, 13.69669509910318, 1.0], [-0.06783178255284555, 0.04678692904066162, 13.380804509262703, 1.0], [-0.07050301398101944, 0.04000211317431257, 13.26575200375612, 1.0], [-0.07850078401163771, 0.01925768876727607, 14.968888131692779, 1.0], [-0.07867495675526143, 0.005063553925401365, 18.818953769388827, 1.0], [-0.05212545977957281, -0.04318445182305286, 26.826508044951765, 1.0], [0.006790529458715694, -0.07614720265788144, 23.007105891143738, 1.0], [0.04252254111632925, -0.06790745395091113, 20.490368931415446, 1.0], [0.0676299644706205, -0.04259580784190331, 18.936907026746894, 1.0], [0.07839994531105582, -0.0165906861937698, 18.4447864946643, 1.0], [0.0767237554670765, 0.009517415876885371, 20.635438826727636, 1.0], [0.05467929630623991, 0.0500973027884557, 19.237778255267585, 1.0], [0.02479778700558405, 0.06836520552652181, 21.77126598255495, 1.0], [-0.013812916562928768, 0.07709134018321273, 18.548506619131103, 1.0], [-0.03286067658761377, 0.07268352955215573, 25.49396462419554, 0.0]]]}