{"text": "る", "text_ids": [41], "strokes": [[[0.0, 0.0, 0.0, 1.0], [0.03397138721983998, -0.03739035169725966, 37.71850337289861, 1.0], [0.06307736389699892, -0.014496090703148383, 15.399874722596039, 1.0], [0.06332816583694871, -0.012722119678601693, 12.481711410813588, 1.0], [0.06399209031281433, -0.006655353014014362, 11.274444321576652, 1.0], [0.06358546297706438, -0.010801341155508848, 14.679731548229356, 1.0], [0.063730362887288, -0.0034726992708757065, 18.18134211086263, 1.0], [0.06008602149715403, 0.016371173573509312, 21.102530513552722, 1.0], [0.011013424600413824, 0.05372839753133184, 31.823921807866924, 1.0], [-0.041606982904991596, 0.04946974939175439, 16.501466110899116, 1.0], [-0.05164654381910644, 0.039855592351884635, 10.455990669271387, 1.0], [-0.0522502309417987, 0.039189851568457126, 9.488152467802337, 1.0], [-0.05258858973761163, 0.038739761688372246, 7.720111846582483, 1.0], [-0.05283451676205311, 0.03836725048021436, 7.574618403796336, 1.0], [-0.05605383751903735, 0.03349087275248655, 5.670028774287772, 1.0], [-0.056053837519037315, 0.03349087275248644, 5.670028774287772, 1.0], [-0.05656115759328547, 0.03254400644980404, 5.847413813795498, 1.0], [-0.05809033216256287, 0.029689942626854204, 6.382091436768519, 1.0], [-0.05809033216256238, 0.029689942626854038, 6.382091436768519, 1.0], [-0.0590439735047802, 0.027556349218932463, 7.863847678130469, 1.0], [-0.05971934449410557, 0.026045333466012566, 8.913230852249711, 1.0], [-0.04738464670828396, 0.015861018479295386, 35.2660160579465, 1.0], [0.06025851094482215, -0.022735755591246187, 23.21860941161276, 1.0], [0.06331605701120663, -0.013075329762054166, 13.639206060225604, 1.0], [0.06306331837447907, -0.014598770510896864, 10.506363168311282, 1.0], [0.0636765159511054, -0.009623632640270496, 9.345883512594867, 1.0], [0.06394977287207665, -0.007406580734399759, 8.828743344958355, 1.0], [0.06405410482477711, -0.004129060139882679, 7.578558878399349, 1.0], [0.0640684021033528, -0.0036799204107548777, 7.407238059360168, 1.0], [0.06318688289138824, 0.00431310196215362, 8.399756512318561, 1.0], [0.0625600537981626, 0.009996765912002159, 9.105514745869755, 1.0], [0.058489828218255824, 0.02120613200138971, 8.513651190559983, 1.0], [0.05688668348681902, 0.025621178744168804, 8.28053316754233, 1.0], [0.05244798472337164, 0.032777529194439214, 10.654248014141729, 1.0], [0.049009525212135696, 0.03726092759328592, 11.271499124249033, 1.0], [0.0433256574601254, 0.04371511231654701, 11.189292498840757, 1.0], [0.02072827087340967, 0.05645571417839401, 9.932140702176014, 1.0], [0.013667850671511439, 0.06043644010988802, 9.539351035638106, 1.0], [0.006812949858198802, 0.06190114805052904, 10.150084457948594, 1.0], [-0.0016367611250830416, 0.0619384790520191, 10.656993170917303, 1.0], [-0.013820498658053904, 0.06194904151713698, 11.381893432337222, 1.0], [-0.02176129290482476, 0.06009216855333843, 9.291795727074202, 1.0], [-0.0252294340386221, 0.058551896598412756, 9.56382218508071, 1.0], [-0.0403391363866884, 0.050938217562431776, 12.216329965114028, 1.0], [-0.04614137613624231, 0.04583251962015544, 10.563555360723285, 1.0], [-0.04892376346810795, 0.04251197618732139, 10.010865651653944, 1.0], [-0.062136128083965014, 0.018763074340899077, 9.581435266772473, 1.0], [-0.06289402677297251, 0.01342580844061203, 10.161625621719963, 1.0], [-0.06404413028132144, 0.005326562029522863, 11.04205855083535, 1.0], [-0.06277130751819598, -0.007815537338087486, 9.93898813556575, 1.0], [-0.061959148116142004, -0.011692055991002315, 9.829195587923664, 1.0], [-0.05734020372063173, -0.02472313697999806, 10.392525694903838, 1.0], [-0.051950335247998844, -0.03283882683573092, 12.04640752415321, 1.0], [-0.0425222994676409, -0.043284145373563065, 14.50759168678485, 1.0], [-0.015506415008919666, -0.05655282520601279, 17.769814196273728, 1.0], [0.023846771336709843, -0.0582787190739279, 21.518420536659733, 1.0], [0.05550558365667499, -0.02866236814081502, 23.562777201595736, 1.0], [0.0632708198268181, 0.0040100346635009165, 17.963303764030115, 1.0], [0.05855136137986175, 0.02086113242492227, 16.655201495589154, 1.0], [0.049463209803575756, 0.03699474422631743, 15.074650064159641, 1.0], [0.044386877859000085, 0.04268095750502854, 11.884307802999729, 1.0], [0.040201829405558054, 0.046398585528302116, 13.969123407709958, 1.0], [0.032743362632307815, 0.05169196571831858, 18.489422004612834, 1.0], [0.004056866926139213, 0.060234138213838495, 53.97007394907939, 0.0]]]}