{"text": "る", "text_ids": [41], "strokes": [[[0.0, 0.0, 0.0, 1.0], [0.028324235348053728, -0.04245905938850345, 37.71850337289861, 1.0], [0.060864866325765404, -0.023922705200241805, 15.399874722596039, 1.0], [0.06138273241121392, -0.022186720303976462, 12.481711410813588, 1.0], [0.0629600737837378, -0.01622088864949607, 11.274444321576652, 1.0], [0.06192920157657772, -0.02030493947148601, 14.679731548229356, 1.0], [0.06317781166373232, -0.012999981829326962, 18.18134211086263, 1.0], [0.06252387275718346, 0.007383280731422637, 21.102530513552722, 1.0], [0.01910043392689903, 0.052066982852404284, 31.823921807866924, 1.0], [-0.03413699838437523, 0.055676714415463346, 16.501466110899116, 1.0], [-0.045619910516396966, 0.04756620903967939, 10.455990669271387, 1.0], [-0.04632358615951909, 0.04699090823759788, 9.488152467802337, 1.0], [-0.046729576895768454, 0.04659153000784201, 7.720111846582483, 1.0], [-0.0470314944440865, 0.04625588971359311, 7.574618403796336, 1.0], [-0.05098376212351571, 0.041862172639959144, 5.670028774287772, 1.0], [-0.0509837621235157, 0.041862172639959006, 5.670028774287772, 1.0], [-0.051633456079123737, 0.040991416116437196, 5.847413813795498, 1.0], [-0.05359177692065848, 0.03836676395029631, 6.382091436768519, 1.0], [-0.05359177692065801, 0.03836676395029609, 6.382091436768519, 1.0], [-0.0548663200638742, 0.03637633637995191, 7.863847678130469, 1.0], [-0.055768954445863134, 0.03496671100209414, 8.913230852249711, 1.0], [-0.044973845026379466, 0.0229410598524602, 35.2660160579465, 1.0], [0.05680633141542871, -0.03173865559752587, 23.21860941161276, 1.0], [0.06131743171585928, -0.022538022635869626, 13.639206060225604, 1.0], [0.0608353625561902, -0.024023256772920276, 10.506363168311282, 1.0], [0.062197588744905524, -0.019141168848427537, 9.345883512594867, 1.0], [0.06280463245835707, -0.016965582438746407, 8.828743344958355, 1.0], [0.0634025481731759, -0.013704563961533245, 7.578558878399349, 1.0], [0.06348448440956334, -0.013257685623686677, 7.407238059360168, 1.0], [0.06380721416305493, -0.005135072129937801, 8.399756512318561, 1.0], [0.06403670025478408, 0.0006407412406651547, 9.105514745869755, 1.0], [0.06165661895953023, 0.012455550884257982, 8.513651190559983, 1.0], [0.06071917342636002, 0.017109064420842868, 8.28053316754233, 1.0], [0.05736035912369397, 0.02492706573752196, 10.654248014141729, 1.0], [0.05459874355864702, 0.029923307504964358, 11.271499124249033, 1.0], [0.049889582899259044, 0.037225500200177175, 11.189292498840757, 1.0], [0.02922154489827855, 0.05334109413244387, 9.932140702176014, 1.0], [0.022763938286303964, 0.05837631643694974, 9.539351035638106, 1.0], [0.01613281476574746, 0.060865487474121904, 10.150084457948594, 1.0], [0.007692640573398801, 0.06216611299112429, 10.656993170917303, 1.0], [-0.004483862034611152, 0.06399824658718867, 11.381893432337222, 1.0], [-0.012700644030650299, 0.06332910290754967, 9.291795727074202, 1.0], [-0.016399161129506568, 0.062307772662814176, 9.56382218508071, 1.0], [-0.032648571089343714, 0.05695522372987594, 12.216329965114028, 1.0], [-0.03921709947580765, 0.05271841837245972, 10.563555360723285, 1.0], [-0.042498309696526015, 0.04981478133873696, 10.010865651653944, 1.0], [-0.05928140999201453, 0.028047789573903525, 9.581435266772473, 1.0], [-0.06084281088427246, 0.022825307522527982, 10.161625621719963, 1.0], [-0.06321222076737515, 0.014900244428088127, 11.04205855083535, 1.0], [-0.06391933813714179, 0.0015714702408642367, 9.93898813556575, 1.0], [-0.06369140302000742, -0.00242540453238993, 9.829195587923664, 1.0], [-0.061037228205093025, -0.01614346504641828, 10.392525694903838, 1.0], [-0.0568721723096173, -0.02506274937633801, 12.04640752415321, 1.0], [-0.04902168850954934, -0.03691476103350633, 14.50759168678485, 1.0], [-0.02401673408178121, -0.0542188909619441, 17.769814196273728, 1.0], [0.015058282603993438, -0.061827950429644285, 21.518420536659733, 1.0], [0.05116299026759537, -0.03695303052225818, 23.562777201595736, 1.0], [0.06384546681281121, -0.005450605172279022, 17.963303764030115, 1.0], [0.0616661627332645, 0.012101446682310724, 16.655201495589154, 1.0], [0.055012127721438486, 0.029589367756046814, 15.074650064159641, 1.0], [0.0507945561449723, 0.03603296887787366, 11.884307802999729, 1.0], [0.047171363715493075, 0.040375272885383895, 13.969123407709958, 1.0], [0.04051359567364321, 0.04678229896109165, 18.489422004612834, 1.0], [0.01312693783403479, 0.05961099543416615, 53.97007394907939, 0.0]]]}