{"text": "る", "text_ids": [41], "strokes": [[[0.0, 0.0, 0.0, 1.0], [0.023340621266793798, -0.06791709353116346, 24.211388867370392, 1.0], [0.05741015457304535, -0.0664182705449074, 13.218932413250098, 1.0], [0.059930610839449214, -0.06398983987912138, 12.052984163828832, 1.0], [0.06465687192647321, -0.05943614160185748, 10.015063680354821, 1.0], [0.06711985956433766, -0.05665204354282771, 11.414851837937533, 1.0], [0.06649118887501049, -0.057331152878782876, 12.265699659869554, 1.0], [0.06361983063909865, -0.06048627542096402, 13.199114992705958, 1.0], [0.07582815211533389, -0.044029741447449866, 23.750956668896848, 1.0], [0.006132116919792097, 0.05774481615582305, 48.552943453027495, 1.0], [-0.03259561858367027, 0.08179031417654126, 14.972045336372702, 1.0], [-0.03736895425321618, 0.07970328898434464, 11.775779804692974, 1.0], [-0.03900921948951003, 0.07887752419764549, 8.76387928786869, 1.0], [-0.03876052258606788, 0.07900170731894335, 8.41463783490255, 1.0], [-0.03673297368392797, 0.0800141338822304, 5.567380330916166, 1.0], [-0.03673297368392747, 0.0800141338822306, 5.567380330916194, 1.0], [-0.036451647488503824, 0.08013975046474456, 5.5677263302736435, 1.0], [-0.031687374161594506, 0.08226707363344574, 5.5735858468654556, 1.0], [-0.03168737416159412, 0.08226707363344576, 5.5735858468654556, 1.0], [-0.03167305790666089, 0.08227272107450428, 5.5763000712653366, 1.0], [-0.029156077774306982, 0.08326561321072756, 6.0534953238683045, 1.0], [-0.0291560777743074, 0.08326561321072756, 6.053495323868333, 1.0], [-0.028133628137450427, 0.08363304964131613, 6.976549696446057, 1.0], [-0.026335952019193448, 0.08427907823034109, 8.599468558775186, 1.0], [-0.026882012536120922, 0.08408779342848716, 10.154216634096144, 1.0], [-0.026898921043120173, 0.0840511128576078, 13.690841227984663, 1.0], [-0.03273135692954994, 0.07956406084475809, 30.333225708250893, 1.0], [0.016846886969786708, -0.08279739962946697, 40.29845933343529, 1.0], [0.01384976774359005, -0.08747469123408946, 11.555607232399382, 1.0], [0.028885221435741425, -0.0833674292996468, 9.766771682816682, 1.0], [0.03185793857273433, -0.08211942909093872, 9.060700262292926, 1.0], [0.03566385935762777, -0.08052163498037113, 8.156728652768152, 1.0], [0.04133321112844595, -0.0771521671123031, 8.025808762934105, 1.0], [0.051662116859129706, -0.0710133848707466, 7.787287807623784, 1.0], [0.053021851574479334, -0.06989126746528002, 8.049911544366637, 1.0], [0.05959855679428486, -0.0644638592256731, 9.320158512972569, 1.0], [0.06038387541523477, -0.06371581869102719, 9.225957414861227, 1.0], [0.06185960691213116, -0.06231013831049856, 9.048939420105114, 1.0], [0.0679542619680617, -0.0551764364159905, 10.57574462587371, 1.0], [0.07359320090419058, -0.04785233296993871, 11.745122961015682, 1.0], [0.08211816320335397, -0.032775953259384344, 12.16737501558265, 1.0], [0.08797522321767204, 0.0017233368819066733, 15.918462539290829, 1.0], [0.06859155131618278, 0.054087567301972936, 13.83815585978607, 1.0], [0.05326736030011836, 0.07246353434705521, 12.05404375485898, 1.0], [0.04214141536258653, 0.08001027511755748, 10.97404211794344, 1.0], [0.021204430816045172, 0.08736492943590923, 10.107277343099895, 1.0], [0.016417590594964837, 0.08798602684747736, 9.97127209887526, 1.0], [0.008054887673308087, 0.0890710960995224, 9.733668293293931, 1.0], [-0.00877141879041543, 0.08742147136013273, 9.685355265768635, 1.0], [-0.01919349986414065, 0.08639970685036247, 9.655430558830062, 1.0], [-0.04826308448729166, 0.07313464556827576, 10.60199328341514, 1.0], [-0.053193149498514725, 0.06959055776706946, 10.182095958047285, 1.0], [-0.05974710869159794, 0.06432668320614165, 9.376178145093036, 1.0], [-0.07207829378132047, 0.04845946811769375, 10.904299261710321, 1.0], [-0.08030297608630976, 0.03551422395306991, 12.264967381279234, 1.0], [-0.08719279905539112, 0.016205199312890994, 14.537287640383624, 1.0], [-0.08398801186623822, -0.028923788367899883, 17.407888936347263, 1.0], [-0.0362391139819091, -0.08255839281496036, 16.479950407510728, 1.0], [-0.01200984939248606, -0.08799661760754085, 17.632861466296617, 1.0], [0.04567568494640245, -0.07126922524376589, 24.592448395839824, 1.0], [0.07829807940257327, -0.03895919792490776, 18.208034242814506, 1.0], [0.08621076086946328, -0.019290480010365485, 17.7519650353795, 1.0], [0.08788071267916309, 0.012816977494442217, 18.445965772395994, 1.0], [0.06682643027194202, 0.05870257500069065, 34.99625378122164, 0.0]]]}