{"text": "る", "text_ids": [41], "strokes": [[[0.0, 0.0, 0.0, 1.0], [0.02936210317014121, -0.04086802378220029, 47.313007320193066, 1.0], [0.06124447876907002, -0.035371901326832274, 14.765569083051076, 1.0], [0.06300997254297497, -0.03199981612660868, 11.341055805861146, 1.0], [0.06393754120975553, -0.029972623333680934, 11.657808325974045, 1.0], [0.06502452144378068, -0.027377865062720774, 12.683608850166053, 1.0], [0.06731977883509233, -0.020775676677099564, 18.054217622585128, 1.0], [0.043230429610041865, 0.0129388959261445, 50.1308087203456, 1.0], [-0.03463126578375103, 0.06111684452169616, 20.43754139411297, 1.0], [-0.04035356315677363, 0.05797798787080801, 12.337638769125562, 1.0], [-0.04132172510672033, 0.05732053178605374, 8.209558557257509, 1.0], [-0.04155008355579562, 0.057158316574549214, 7.586147134978006, 1.0], [-0.04219761078391909, 0.056698343375878174, 5.818418058681885, 1.0], [-0.042197610783919426, 0.05669834337587827, 5.818418058681885, 1.0], [-0.0410765578613078, 0.057474760005725295, 5.450338696852953, 1.0], [-0.04000303438131993, 0.05821825878761305, 5.097864848872945, 1.0], [-0.0400030343813199, 0.05821825878761305, 5.097864848872945, 1.0], [-0.03935063832855154, 0.05862125186388123, 5.15105299523006, 1.0], [-0.03629833095610947, 0.06050669971801187, 5.399899643770169, 1.0], [-0.03629833095610949, 0.060506699718012036, 5.399899643770226, 1.0], [-0.03629833095610947, 0.060506699718011925, 5.399899643770141, 1.0], [-0.03756271824259062, 0.05975925554118089, 6.661197414350909, 1.0], [-0.03779872386942301, 0.05961974051017693, 6.896626364127712, 1.0], [-0.033956206802203875, 0.0616451772090123, 9.256346455530945, 1.0], [-0.03028564577132689, 0.06356548634872095, 12.325605529371842, 1.0], [-0.02565811261693418, 0.050596714121513786, 40.672395950277746, 1.0], [0.031873469637774154, -0.062223135362261206, 33.41957992869408, 1.0], [0.030959122172119075, -0.06313617557840356, 11.461906285870384, 1.0], [0.03473737831536558, -0.06137502196701916, 10.320325722653422, 1.0], [0.036218808004510605, -0.06054692288502317, 8.883739461933601, 1.0], [0.0365392601953403, -0.06036779446131624, 8.57298747826735, 1.0], [0.042505793264081076, -0.05638302307487397, 6.837723683464617, 1.0], [0.04364918039295604, -0.05561940771193541, 6.505189150374349, 1.0], [0.04775122605481154, -0.05167894020448088, 7.261087119719605, 1.0], [0.05445514633565311, -0.045239085015917724, 8.49644141478825, 1.0], [0.054455146335653085, -0.04523908501591756, 8.991550860389452, 1.0], [0.05445514633565274, -0.04523908501591756, 9.803586247849353, 1.0], [0.060654094414591075, -0.035251779229059005, 10.265654018966359, 1.0], [0.06463574564142482, -0.027954925234284972, 10.858499167789319, 1.0], [0.06863683583647001, -0.015269369099955826, 13.251268684130423, 1.0], [0.06844588412986907, 0.007856899184738975, 17.18938154413928, 1.0], [0.055240938965568864, 0.039636649423662074, 15.923548811004707, 1.0], [0.029814612908852678, 0.060959742272038736, 12.649239820327466, 1.0], [0.015621334444052115, 0.066318525472777, 11.088222190230226, 1.0], [0.004018904165000059, 0.06927357846732024, 9.876912521926329, 1.0], [-0.004730974752931383, 0.0693210055564687, 8.51141978094256, 1.0], [-0.007509309545881249, 0.06933606500279332, 8.077837096270287, 1.0], [-0.023526576951316436, 0.06557550266137391, 8.831189990421763, 1.0], [-0.028089948710750656, 0.0645041061769398, 9.045822688686599, 1.0], [-0.04311217366677983, 0.05570764292953512, 9.901543018864459, 1.0], [-0.047677858484321545, 0.05152297501447811, 10.022629052135812, 1.0], [-0.05929002942680878, 0.03862395630283977, 10.123103868365092, 1.0], [-0.06164111395324151, 0.03430601772402386, 11.206989084033125, 1.0], [-0.06474330787046767, 0.021264829076445002, 13.817650787703656, 1.0], [-0.061271680460319305, -0.025585164593357912, 20.54799420503616, 1.0], [-0.022427465226528498, -0.061198142189603844, 19.218673396599, 1.0], [0.012550391069462902, -0.06738813090174967, 18.904609046531505, 1.0], [0.03876689694057714, -0.05821114884344969, 18.31580557305392, 1.0], [0.05938324828769831, -0.03749563256557609, 15.097324310791123, 1.0], [0.06619403173395791, -0.02291265196391079, 15.237543988680045, 1.0], [0.06842098537819347, 0.00014961102736466003, 13.866549110258916, 1.0], [0.06406805624085793, 0.02187799640524124, 13.576121110916233, 1.0], [0.05122357374238112, 0.043361392112513, 15.469694194176668, 1.0], [0.03109261590068252, 0.061305742767502, 28.607865848201982, 0.0]]]}