{"text": "れ", "text_ids": [42], "strokes": [[[0.0, 0.0, 0.0, 1.0], [-0.010011579935108176, -0.018373420087599335, 13.747313985363517, 1.0], [-0.002643071994649396, -0.0175118607997773, 19.68176486706008, 1.0], [0.020019066234218983, -0.005322360949149237, 36.541442267829964, 1.0], [0.01927354502585576, -0.008303834136606535, 17.70571913952503, 1.0], [0.01967393171161163, -0.0072640600198985925, 15.076861915441157, 1.0], [0.018908004003641177, -0.008814289735193985, 13.557249844649931, 1.0], [0.01843921308019618, -0.009322119805658113, 15.837107114228857, 1.0], [0.002242407754006817, -0.004358785959427305, 33.353447960070696, 1.0], [-0.01820411080463355, 0.010091155980866268, 17.527894350426664, 1.0], [-0.01641509159857183, 0.01308110435108107, 15.811645178469746, 1.0], [-0.014520386183169108, 0.014603711798529671, 13.791947596934364, 1.0], [-0.009243244699970954, 0.01884448445808742, 9.964149661010481, 1.0], [-0.005959805402516158, 0.019887904158715636, 8.335460230652785, 1.0], [-0.0033596835370600514, 0.02071417750585906, 7.045717794058135, 1.0], [-0.0030191498599565856, 0.020749597660547014, 6.547170193753487, 1.0], [-0.0010153302852147633, 0.020958022271902937, 3.613541282429651, 1.0], [-0.0010153302852147616, 0.02095802227190293, 3.6135412824296225, 1.0], [-0.0010153302852147633, 0.02095802227190295, 3.613541282429651, 1.0], [-0.0010153302852147564, 0.02095802227190302, 3.613541282429651, 1.0], [0.0002273919944373419, 0.020965606673296902, 3.102602597393968, 1.0], [0.0007167652320761754, 0.020968593344676656, 2.9013993819813777, 1.0], [0.0007167652320758319, 0.020968593344676684, 2.9013993819813777, 1.0], [0.0007167652320761771, 0.020968593344676628, 2.9013993819813777, 1.0], [0.0007167652320761754, 0.020968593344676628, 2.9013993819813777, 1.0], [0.0007167652320761945, 0.020968593344676822, 2.9013993819813777, 1.0], [0.0016145392069984964, 0.02091449932185871, 2.25813344550221, 1.0], [0.0017628464174245274, 0.02090556329358334, 2.1518695313478133, 1.0], [0.0017628464174245274, 0.02090556329358334, 2.15186953134787, 1.0], [0.0017628464174245344, 0.02090556329358334, 2.1518695313478133, 1.0], [0.0017628464174245274, 0.02090556329358334, 2.1518695313478133, 1.0], [0.0017628464174245274, 0.02090556329358334, 2.1518695313478133, 1.0], [0.0017628464174245274, 0.02090556329358334, 2.1518695313478133, 1.0], [0.0017628464174245274, 0.02090556329358334, 2.15186953134787, 1.0], [0.001762846417424531, 0.020905563293583285, 1.7273923245991796, 1.0], [0.0017628464174245344, 0.020905563293583396, 1.7088375690115072, 1.0], [0.001762846417424524, 0.02090556329358334, 1.7088375690115072, 1.0], [0.001762846417424531, 0.02090556329358334, 1.7088375690115072, 1.0], [0.001762846417424531, 0.02090556329358334, 1.7088375690115072, 1.0], [0.001762846417424524, 0.020905563293583285, 1.7088375690115072, 1.0], [0.001762846417424531, 0.020905563293583396, 1.7088375690115072, 1.0], [0.001762846417424524, 0.020905563293583285, 1.7088375690115072, 1.0], [0.001762846417424531, 0.020905563293583396, 1.7088375690115072, 1.0], [0.00225914312690554, 0.020853184753569454, 2.073783253362137, 1.0], [0.002596918343565492, 0.020817536375565826, 2.3221621066683156, 1.0], [0.0025969183435651244, 0.020817536375565826, 2.3221621066683156, 1.0], [0.0025969183435651313, 0.020817536375565826, 2.3221621066683156, 1.0], [0.002596918343565152, 0.020817536375566048, 2.3221621066683156, 1.0], [0.0025969183435654783, 0.020817536375565715, 2.3221621066683156, 1.0], [0.002596918343565152, 0.020817536375566048, 2.3221621066683156, 1.0], [0.003483137309060136, 0.020634351491935377, 2.6656967034730883, 1.0], [0.005828169076338596, 0.02014962436678469, 3.574726609210302, 1.0], [0.005828169076338582, 0.02014962436678458, 3.574726609210302, 1.0], [0.005828169076338582, 0.02014962436678469, 3.574726609210302, 1.0], [0.00582816907633861, 0.020149624366784802, 3.5747266092103587, 1.0], [0.00604811415458581, 0.020084142627882273, 3.960502057170686, 1.0], [0.00610365199723234, 0.020067607979594837, 4.0579133577393804, 1.0], [0.006103651997232326, 0.020067607979594726, 4.0579133577393804, 1.0], [0.00610365199723234, 0.020067607979594948, 4.0579133577393804, 1.0], [0.006916164887992224, 0.019789486995384076, 6.447107056536936, 1.0], [0.007437711417652079, 0.01961096301651577, 7.980714333988317, 1.0], [0.009107914595712613, 0.01879177097281548, 16.602485412629846, 1.0], [0.0067000899418772075, -0.013179139571667164, 30.455644908255863, 1.0], [-0.001762846417424524, -0.020905563293583396, 7.100477346391244, 0.0]], [[-0.17096483800806384, 0.3103193344670096, 0.0, 1.0], [-0.01231853410141534, -0.00896389235588363, 51.36401666741034, 1.0], [0.048003756145801324, -0.009630210020211694, 30.603087561546502, 1.0], [0.04283096826771138, -0.027024346372499397, 18.2458244657101, 1.0], [0.042222854786614215, -0.027958422129575583, 12.932500570688404, 1.0], [0.04437348543785744, -0.02442686342799777, 14.23730622335728, 1.0], [0.0446580736173072, -0.02390074888475127, 17.937734481592855, 1.0], [0.03908755547703564, -0.03180286578634267, 42.18807686614991, 1.0], [-0.02134748806812671, 0.03445022296360481, 47.59590828826805, 1.0], [-0.024747848948248802, 0.04402522412050355, 19.120440119937257, 1.0], [-0.01885044016850399, 0.04694667399602781, 15.249930896436553, 1.0], [-0.015396863341055493, 0.0482215129366515, 12.646989208312164, 1.0], [-0.012961386771784758, 0.04896318577159359, 9.432298939137127, 1.0], [-0.01147701553274335, 0.04930992145658797, 8.383114391999243, 1.0], [-0.010153550231971828, 0.04961907097091456, 7.447661517596146, 1.0], [-0.008032875252382547, 0.049929294981010675, 7.7044339455277395, 1.0], [-0.004577634583525926, 0.050434746606770386, 8.122796280241687, 1.0], [-0.0035636594535549543, 0.050490199392849267, 7.897639760194011, 1.0], [-0.0010501796643275704, 0.05062765785010892, 7.3395132876352704, 1.0], [-0.0010501796643271818, 0.05062765785010914, 7.3395132876352704, 1.0], [0.0041018437438102295, 0.050459027223315744, 8.222153309932366, 1.0], [0.004513357966458541, 0.05041020107751326, 8.713596788864606, 1.0], [0.016569835360939277, 0.047337396625939165, 25.49285445705175, 1.0], [0.036203660602411813, 0.009206434358947635, 34.18225171904487, 1.0], [0.019809599653925123, -0.04603071515416535, 17.99439510908644, 1.0], [0.015919520084485956, -0.04808181574355652, 11.760451145772947, 1.0], [0.015522503816146914, -0.04821383255817746, 10.195595266521138, 1.0], [0.017003027676906396, -0.047713796260974384, 11.604789452999057, 1.0], [0.02067308815060001, -0.04611101886103952, 11.124145344655517, 1.0], [0.023495781356420747, -0.04487830105988411, 10.75447545262972, 1.0], [0.02618987604473, -0.043360954278706676, 9.719122300879746, 1.0], [0.02717047604690015, -0.04272640988823584, 9.459223111403162, 1.0], [0.02902863182173626, -0.04151696219257034, 8.976742760672096, 1.0], [0.031512996809846955, -0.03950096809322501, 9.344585308944602, 1.0], [0.034652761309862945, -0.0369531352523767, 9.80946827911555, 1.0], [0.03465276130986267, -0.03695313525237631, 10.306474831994592, 1.0], [0.03511207196242477, -0.036490211695813846, 10.759387698049522, 1.0], [0.03721047135446043, -0.03437530644763065, 12.29821318612278, 1.0], [0.031144421056732763, -0.03974490737293529, 14.61897908562787, 1.0], [0.023985138914922433, -0.0443942710529342, 15.997428359191872, 1.0], [0.026736784168914174, -0.04283564172121565, 17.481486550801378, 1.0], [0.019391684823067967, -0.018750200693966657, 65.81053087305793, 1.0], [-0.004820956826609324, 0.05031832505630793, 27.698771516378088, 1.0], [0.0003172767605340576, 0.050544520376221425, 16.131564360421294, 1.0], [0.00425449943347378, 0.05045403065738613, 12.940196762844266, 1.0], [0.00425449943347378, 0.050454030657385796, 7.331827684913037, 1.0], [0.004254499433473724, 0.050454030657385796, 7.331827684913151, 1.0], [0.008181662674332013, 0.04996026750796556, 5.626761237803521, 1.0], [0.008264062353141088, 0.049949907377146996, 5.59098555979574, 1.0], [0.008264062353140644, 0.04994990737714711, 