{"text": "れ", "text_ids": [42], "strokes": [[[0.0, 0.0, 0.0, 1.0], [0.004164175844790415, -0.017123371802230454, 14.62387985319557, 1.0], [0.006928864782093812, 0.010966576741625347, 8.379811628523482, 1.0], [0.0015714623159660112, 0.01785010294464747, 3.0829845711207007, 1.0], [0.001437703559405163, 0.01784554575918314, 3.050864290876568, 1.0], [-0.0008591322032773796, 0.01776729214184468, 2.4993115531797976, 1.0], [-0.0008591322032773727, 0.017767292141844748, 2.499311553179801, 1.0], [-0.0008591322032770413, 0.017767292141844762, 2.499311553179801, 1.0], [-0.0008591322032773796, 0.017767292141844665, 2.499311553179794, 1.0], [-0.0008591322032773709, 0.017767292141844762, 2.499311553179801, 1.0], [-0.00085913220327705, 0.01776729214184468, 2.499311553179801, 1.0], [-0.0008591322032773744, 0.017767292141844748, 2.499311553179794, 1.0], [-0.0013824969870335066, 0.017705275042076613, 1.5522485491999873, 1.0], [-0.0014726554423900558, 0.017694591545413668, 1.3891008934647076, 1.0], [-0.001472655442390064, 0.017694591545413585, 1.3891008934647147, 1.0], [-0.0014726554423897232, 0.017694591545413696, 1.3891008934647147, 1.0], [-0.001472655442390055, 0.017694591545413668, 1.3891008934647147, 1.0], [-0.0014726554423900627, 0.017694591545413585, 1.3891008934647147, 1.0], [-0.0014726554423900636, 0.01769459154541364, 1.3891008934647076, 1.0], [-0.0014726554423900515, 0.01769459154541364, 1.3891008934647147, 1.0], [-0.0014726554423900558, 0.017694591545413696, 1.3891008934647147, 1.0], [-0.0014726554423900636, 0.017694591545413585, 1.3891008934647147, 1.0], [-0.0014726554423900515, 0.017694591545413696, 1.3891008934647147, 1.0], [-0.0008528957197634166, 0.01774675134235071, 1.5076404731267985, 1.0], [0.0003784444476716605, 0.017850382557399236, 1.7431552065628608, 1.0], [0.00037844444767165704, 0.017850382557399125, 1.7431552065628608, 1.0], [0.00037844444767165704, 0.01785038255739918, 1.7431552065628466, 1.0], [0.0003784444476719771, 0.017850382557399125, 1.7431552065628608, 1.0], [0.0003784444476716553, 0.01785038255739918, 1.7431552065628608, 1.0], [0.00037844444767165183, 0.017850382557399125, 1.7431552065628466, 1.0], [0.00037844444767166224, 0.01785038255739918, 1.7431552065628608, 1.0], [0.00037844444767165617, 0.01785038255739918, 1.7431552065628608, 1.0], [0.00037844444767165357, 0.017850382557399125, 1.7431552065628466, 1.0], [0.0003289058391446305, 0.017848636971143694, 1.7513511197269196, 1.0], [0.0002933814749650392, 0.01784738520320539, 1.757228446779152, 1.0], [0.00029338147496471307, 0.01784738520320539, 1.757228446779152, 1.0], [0.0002933814749646966, 0.01784738520320539, 1.757228446779152, 1.0], [0.0002933814749650652, 0.017847385203205612, 1.757228446779152, 1.0], [0.0002933814749647031, 0.01784738520320528, 1.7572284467791661, 1.0], [0.00029338147496471307, 0.01784738520320539, 1.757228446779152, 1.0], [0.0002933814749650392, 0.0178473852032055, 1.757228446779152, 1.0], [0.0002933814749647226, 0.0178473852032055, 1.757228446779152, 1.0], [0.00022038988481288798, 0.01784433226127291, 1.9158852574186938, 1.0], [0.00014040037573085544, 0.017840986624797606, 2.089752964219869, 1.0], [0.00014040037573119285, 0.017840986624797606, 2.089752964219855, 1.0], [0.00014040037573085935, 0.017840986624797606, 2.089752964219855, 1.0], [0.00014040037573119285, 0.017840986624797495, 2.089752964219855, 1.0], [0.0001404003757312024, 0.017840986624797717, 2.089752964219855, 1.0], [0.00014040037573085956, 0.017840986624797606, 2.089752964219855, 1.0], [0.00014040037573119263, 0.017840986624797495, 2.089752964219855, 1.0], [-0.0003832309753527955, 0.017794669469960667, 2.3574652927110264, 1.0], [-0.0013898114971589342, 0.017705633651559194, 2.8720907343480064, 1.0], [-0.001389811497158909, 0.017705633651559527, 2.8720907343480206, 1.0], [-0.0013898114971589003, 0.017705633651559416, 2.872090734348035, 1.0], [-0.0013898114971589185, 0.017705633651559527, 2.8720907343480206, 1.0], [-0.0013898114971589133, 0.017705633651559305, 2.8720907343480206, 1.0], [-0.001991899463378393, 0.017602669337033583, 4.188031442593541, 1.0], [-0.0028126414853342774, 0.017462312537970148, 5.981868719298944, 1.0], [-0.002812641485334595, 0.017462312537970037, 5.981868719298973, 1.0], [-0.005524953856243353, 0.015754507723126032, 19.716674344355056, 1.0], [0.0019036107667278444, -0.01748509390523878, 20.522856932662535, 1.0], [0.0034017478519777836, -0.017327735033820568, 6.775687989150754, 1.0], [0.0032029982568310637, -0.0173731380815213, 8.778271126513573, 1.0], [0.0028126414853342756, -0.017462312537970037, 12.711471028510289, 0.0]], [[-0.2807951198186236, 0.4449188083206357, 0.0, 1.0], [-0.001757081327523946, -0.04894381386466645, 22.672712987350785, 1.0], [0.042473146410346996, -0.028400767791231074, 18.198182147132705, 1.0], [0.04352431832682502, -0.027614538658173593, 12.417215699292818, 1.0], [0.04199941649121716, -0.029885525261066304, 12.809946298397598, 1.0], [0.044044842665620976, -0.025756916822959164, 25.70723347473536, 1.0], [0.011194191737787046, 0.04126315430413646, 30.68531877392789, 1.0], [-0.011509132165943889, 0.05057920133350502, 11.994715309038867, 1.0], [-0.016218211467222507, 0.04927492907380082, 7.066986030402546, 1.0], [-0.01623807957336934, 0.04926749929154267, 6.704068334045786, 1.0], [-0.016304920483671353, 0.04924250378337475, 5.483129155953719, 1.0], [-0.016304920483671326, 0.04924250378337447, 5.483129155953719, 1.0], [-0.016623783389731972, 0.049114228809727156, 5.396092152910455, 1.0], [-0.018782179523332526, 0.04824593023408186, 4.806935097392426, 1.0], [-0.0187821795233325, 0.048245930234081635, 4.806935097392426, 1.0], [-0.018782179523332415, 0.04824593023408197, 4.806935097392426, 1.0], [-0.017988290093095688, 0.048575357883902215, 5.8941041635879685, 1.0], [-0.017441510172156727, 0.048802246437224195, 6.642876213474523, 1.0], [-0.01649751406237876, 0.049127462228870766, 8.41866773226775, 1.0], [-0.0034977539488764142, 0.04216033674813724, 31.933549656664468, 1.0], [0.033920731316447406, -0.037966024166473655, 20.053210368726468, 1.0], [0.027976848417044398, -0.04323694757777685, 10.31968349127402, 1.0], [0.03187640378755213, -0.04032193176744281, 8.001027605220997, 1.0], [0.03264460511685746, -0.03974768193440259, 7.544258982998258, 1.0], [0.03220102657395313, -0.040109505313685734, 6.501601708124326, 1.0], [0.03188251440383866, -0.04036931307846059, 5.75292024771943, 1.0], [0.031882514403838685, -0.040369313078460256, 5.752920247719487, 1.0], [0.03381172094956322, -0.03870746314214479, 5.015863083806664, 1.0], [0.0349592329606167, -0.03771897760817389, 4.577453857849321, 1.0], [0.03495923296061636, -0.03771897760817389, 4.577453857849321, 1.0], [0.03558528812856856, -0.03706592640070705, 4.6873522701844195, 1.0], [0.039715015070507634, -0.032758122066522566, 5.412289076921866, 1.0], [0.039715015070507634, -0.032758122066522566, 5.412289076921866, 1.0], [0.03971501507050765, -0.032758122066522566, 5.412289076921866, 1.0], [0.038145872936625747, -0.03452882900566584, 5.392403707954998, 1.0], [0.03813104834120201, -0.03454555790065844, 5.392215839346136, 1.0], [0.038236727657603164, -0.03441577595402534, 5.437748264732477, 1.0], [0.042647148722717354, -0.028999455610615676, 7.33799871021904, 1.0], [0.042647148722717076, -0.02899945561061562, 7.337998710218983, 1.0], [0.039605687953000124, -0.03275559719332047, 7.512058152781435, 1.0], [0.03834335281497775, -0.034314555161953586, 7.584300199313361, 1.0], [0.04129276886010358, -0.03059879278980973, 9.708743728667173, 1.0], [0.04385779568081932, -0.026829421656559493, 12.163390615141793, 1.0], [0.03761217091143898, 0.014244880918746428, 29.435948565919773, 1.0], [-0.010834165376988336, 0.05058102451346186, 11.053689919646047, 1.0], [-0.011925439542734395, 0.0506759243328469, 8.870991536496888, 1.0], [-0.010554465599472707, 0.05105036376497363, 5.496940586287224, 1.0], [-0.010554465599472929, 0.05105036376497385, 5.496940586287224, 1.0], [-0.009590619038317594, 0.05122247838087257, 