{"text": "ろ", "text_ids": [43], "strokes": [[[0.0, 0.0, 0.0, 1.0], [0.02916917427758836, -0.04095541230058302, 22.03858189467724, 1.0], [0.05876746792333813, -0.0034340434219110594, 10.999062584049494, 1.0], [0.058696898726440225, -0.005028503967437807, 10.819383542399649, 1.0], [0.05843778473796385, -0.0077139992461280615, 10.081503124186526, 1.0], [0.05833169506333011, -0.008813528152386244, 9.779390938168149, 1.0], [0.057860330696466566, -0.011807886246764404, 8.410975738486542, 1.0], [0.05786496181421419, -0.011786230127634051, 8.503869804254975, 1.0], [0.05815870724352401, -0.010042600800124452, 10.609278424547313, 1.0], [0.058404807063794195, -0.007749795416702662, 10.705353582512643, 1.0], [0.05869689872644024, -0.005028503967437703, 10.819383542381118, 1.0], [0.058304795356423744, -0.002988459677570804, 19.217226026461134, 1.0], [0.017705255098707462, 0.04811142981335034, 30.875903999136852, 1.0], [-0.03629861440023174, 0.04617133829862696, 19.17630165216275, 1.0], [-0.046154232879127344, 0.03733307361990264, 14.255789530360545, 1.0], [-0.05011237784652939, 0.031743968576866906, 10.79037775069429, 1.0], [-0.04940576533758745, 0.03280453454535289, 9.351175084967764, 1.0], [-0.04769407532673281, 0.035339193167081714, 6.993678235086719, 1.0], [-0.04786182535374128, 0.03508931860325949, 7.016647825425139, 1.0], [-0.05048132064983557, 0.031187410173088237, 7.375328744394636, 1.0], [-0.050481320649835515, 0.031187410173088098, 7.375328744394636, 1.0], [-0.05157583626656309, 0.029282250929300285, 7.243246554051041, 1.0], [-0.051930620758247725, 0.02866469833931834, 7.200432443365486, 1.0], [-0.050662735758112185, 0.030795203275047256, 7.899127551088782, 1.0], [-0.04955235886029179, 0.03266103768516648, 8.511024455108952, 1.0], [-0.052145369226992214, 0.027758297099482687, 10.245676764053542, 1.0], [-0.054604850889772086, 0.02289141743916745, 12.700295032496228, 1.0], [-0.03932355762149717, 0.01920811530159733, 47.120478326993975, 1.0], [0.055987086077919114, -0.018839870991489982, 22.041179593687048, 1.0], [0.05712406096175279, -0.01523538145143094, 13.63234960575545, 1.0], [0.05723951080324007, -0.014762116975577, 10.942607536733306, 1.0], [0.05727929157389375, -0.014593192120052279, 9.736085786877652, 1.0], [0.057316235978873725, -0.01443631159282227, 8.615588938476947, 1.0], [0.05759860406065789, -0.013039595148146899, 7.330491847963117, 1.0], [0.05797405671742356, -0.011182441547117616, 5.621753686815225, 1.0], [0.057974056717423506, -0.011182441547117394, 5.621753686815168, 1.0], [0.058632830782867074, -0.0057051894417131654, 7.320290597517612, 1.0], [0.05867568508349219, -0.00534888548161766, 7.430783124793152, 1.0], [0.05870850947231954, -0.0006681178275849131, 7.216500337513821, 1.0], [0.05872609563378983, 0.0018396740524384003, 7.101695101773316, 1.0], [0.05838533955441094, 0.004734749756470147, 7.2784199044234015, 1.0], [0.0578702643697504, 0.009110846745192636, 7.545551045634113, 1.0], [0.05677670757312869, 0.012014487751065672, 7.903484223349608, 1.0], [0.05033757326892163, 0.02911184791175908, 10.011083764919874, 1.0], [0.04746808887667908, 0.033048385888417464, 9.705196710594294, 1.0], [0.043918962674094675, 0.037917298964998514, 9.326859834996014, 1.0], [0.03341359248543796, 0.046696695285124934, 11.873592611700929, 1.0], [0.023819290493093725, 0.05223687085786455, 12.54465397822969, 1.0], [0.011963498590236488, 0.057026805318863505, 12.000720738964333, 1.0], [-0.006727412934770416, 0.058274034823852405, 10.09389280993787, 1.0], [-0.011915947021466033, 0.057046309058277345, 10.333043829494954, 1.0], [-0.023355242701332934, 0.0542485028391938, 10.904740507269935, 1.0], [-0.03082727285173703, 0.05041133801490483, 8.87461967892989, 1.0], [-0.03225838939903236, 0.04967640654859662, 8.485791013632252, 1.0], [-0.04015238590561465, 0.04362802696108836, 8.08378566656836, 1.0], [-0.04053516714761407, 0.043334739999451366, 8.064292358468947, 1.0], [-0.04340954845511524, 0.04044396129933814, 9.739825974996279, 1.0], [-0.04427459621292873, 0.0395202044854297, 9.739476097162765, 1.0], [-0.04615423287912712, 0.03733307361990268, 8.05032820537997, 1.0], [-0.04754953860799138, 0.03497054191573179, 8.410601251804678, 1.0], [-0.054564507222259806, 0.02309279683655019, 10.22189182486909, 1.0], [-0.05530433009330038, 0.020996457428532622, 12.136302716282444, 1.0], [-0.057179036407411454, 0.013315870620747239, 16.210002645583472, 1.0], [-0.05422077519208307, -0.008334540206132113, 26.735940866178908, 0.0]]]}