{"text": "ろ", "text_ids": [43], "strokes": [[[0.0, 0.0, 0.0, 1.0], [0.006854128337130505, -0.016373998693200345, 98.75240929226595, 1.0], [0.03875020227869612, -0.035838727515160505, 22.051077321206662, 1.0], [0.0433501071928513, -0.02995280919034956, 16.740913724075853, 1.0], [0.0453595723859086, -0.027088514176374118, 17.04712928317062, 1.0], [0.04616969751551464, -0.025476658278764414, 18.06396614830038, 1.0], [0.04593723416934689, -0.025904818996703965, 18.084510158090808, 1.0], [0.04605897108572671, -0.025811771030083003, 19.791469698484775, 1.0], [0.0426966855354482, -0.03079740978179424, 41.77697649435132, 1.0], [-0.00576524615315166, 0.02655686207079533, 100.39669791303368, 1.0], [-0.02561909913119953, 0.046266161818652035, 23.90223801418415, 1.0], [-0.027448417227469046, 0.04521020112608251, 16.07010711174115, 1.0], [-0.025568652223907223, 0.04627461723743616, 13.616859711561972, 1.0], [-0.02396555269677539, 0.04713925247383053, 12.223710066700221, 1.0], [-0.02317490946639761, 0.04753891354711733, 11.35488588356543, 1.0], [-0.028089253273555465, 0.04481634769118657, 13.019930950581681, 1.0], [-0.026350545344897225, 0.04583980159908646, 12.434326333413765, 1.0], [-0.025525449557578947, 0.0463245915115118, 11.951462120411236, 1.0], [-0.02552544955757892, 0.0463245915115118, 11.441297891279419, 1.0], [-0.030427773819499085, 0.04321887580188527, 13.714734341192695, 1.0], [-0.025012600543639296, 0.04634583984693336, 12.693061192103016, 1.0], [-0.022093810281091204, 0.04804803464487284, 12.321933818184561, 1.0], [-0.02212530368515052, 0.048033018809671646, 12.862313179378248, 1.0], [-0.02362447932897025, 0.04731822232839411, 15.164605245580333, 1.0], [-0.029310678269382023, 0.04372517884375515, 20.567159616979666, 1.0], [-0.017802092547681975, 0.03862458619949449, 74.8107385379443, 1.0], [0.009892174754406347, -0.05048062477416593, 65.30245102408048, 1.0], [0.018278209905746134, -0.04943720957298142, 22.085628030731982, 1.0], [0.026121888278976373, -0.04586608056629632, 17.03928662335261, 1.0], [0.028098379098772445, -0.04481392203725043, 13.196293770657917, 1.0], [0.030039450612622188, -0.04350663921239095, 12.524186736133743, 1.0], [0.03279164557698122, -0.04132564618730644, 13.024717552124343, 1.0], [0.03762136629303699, -0.03717163238251428, 15.364085434981462, 1.0], [0.03780311840784094, -0.03698086397187905, 16.595398877551247, 1.0], [0.0379147475588906, -0.036814629566752965, 19.533053470970117, 1.0], [0.040289764595599575, -0.033355581338313456, 22.97817134501463, 1.0], [0.04583401243711038, -0.026161668658558207, 27.03471381052759, 1.0], [0.05084940588567427, -0.012687380841948578, 35.241611033102004, 1.0], [0.052267337578739526, -0.0019441399345955096, 39.036424928035444, 1.0], [0.05049005080538704, 0.010820560279512462, 35.41953015319109, 1.0], [0.04769145100647887, 0.01730117543144094, 33.222977541609225, 1.0], [0.042569869782921654, 0.030859648566549727, 31.838561580940677, 1.0], [0.03612412879234356, 0.03808674901733475, 36.55952838560597, 1.0], [0.03056792977389977, 0.042819323217786726, 30.992806891995087, 1.0], [0.017567788870110124, 0.0495047377209788, 22.357257640706166, 1.0], [0.01659579759109786, 0.05000459111809058, 22.786364806724578, 1.0], [0.012451786674654297, 0.05103495866839125, 27.60723366996035, 1.0], [0.012747587135340188, 0.05096141079359079, 21.426080390367815, 1.0], [0.00814908171041595, 0.05210478393262463, 19.105198256687345, 1.0], [0.00174772009504498, 0.05260864561244777, 21.70085679444378, 1.0], [-0.0025420183517845807, 0.05261957168769216, 22.571763965994478, 1.0], [-0.0076638856283197665, 0.052256630374379776, 20.03439661922812, 1.0], [-0.015493833582167937, 0.04989632072426664, 18.67105321701547, 1.0], [-0.022093810281091253, 0.048048034644872506, 18.437095268372786, 1.0], [-0.023331824162171166, 0.0474577582689083, 16.49055380992536, 1.0], [-0.03106145633571189, 0.04251205054822904, 12.64382124808003, 1.0], [-0.03473143003270951, 0.03979881537285668, 11.282500385827461, 1.0], [-0.037970947535776955, 0.036813004886209755, 10.6869514198263, 1.0], [-0.04255280317718835, 0.03112602542066678, 9.902298015261294, 1.0], [-0.04384780185955639, 0.029518678640036322, 9.68052648762, 1.0], [-0.04384780185955661, 0.029518678640036766, 9.68052648762, 1.0], [-0.044638833843039294, 0.028177922379268527, 10.769055576848814, 1.0], [-0.04735070790751253, 0.022839097024641264, 14.50006395433843, 1.0], [-0.05205380548504773, 0.0084626503997427, 30.822460746767547, 0.0]]]}