{"text": "ろ", "text_ids": [43], "strokes": [[[0.0, 0.0, 0.0, 1.0], [0.008395039539390642, -0.020300889677972105, 43.51551885502748, 1.0], [0.0403919299185474, -0.023724092761889026, 20.305586460111755, 1.0], [0.04016244824915099, -0.024156012544117415, 13.245845588053712, 1.0], [0.0428779233813007, -0.018812910112769685, 11.621933349539049, 1.0], [0.04340788359438158, -0.017852256502354766, 11.730828827350763, 1.0], [0.042909662656337805, -0.018987886544888477, 12.858413691656864, 1.0], [0.040878730582470574, -0.022947313960062235, 15.187196620201874, 1.0], [0.04042027837841167, -0.02364754858832413, 18.687635348655732, 1.0], [0.03473801666455645, -0.008367738639076333, 50.14316336938256, 1.0], [-0.028286223475699868, 0.037222641843131093, 42.09515238491602, 1.0], [-0.03152931487039484, 0.03463038507153392, 17.272425398863447, 1.0], [-0.03019770018508222, 0.03576853132413935, 12.575178894022656, 1.0], [-0.029021630488628464, 0.03678709960879148, 10.53384090138809, 1.0], [-0.02916577194181605, 0.03667135205818006, 7.320324032078133, 1.0], [-0.02916895054965482, 0.03666879959278204, 7.249459546637354, 1.0], [-0.030109984845588744, 0.03588451870442042, 7.864780957910739, 1.0], [-0.030388913966192116, 0.035652052385773056, 8.047166510569525, 1.0], [-0.026682024558809594, 0.038406857687822565, 8.599530519769075, 1.0], [-0.024762337224041635, 0.03983348909408063, 8.885583346306134, 1.0], [-0.025728781012496642, 0.039196119903887244, 8.84724872962488, 1.0], [-0.026058522139194063, 0.038978655797431205, 8.834169334995863, 1.0], [-0.023738893349939352, 0.040461194892118635, 8.454606486608327, 1.0], [-0.023576194313678144, 0.040565180358691, 8.427983903754011, 1.0], [-0.023725822121315673, 0.040475418522436635, 9.598427854057377, 1.0], [-0.023775821338493028, 0.04044519420761378, 9.878968668465859, 1.0], [-0.02395999080105625, 0.040333552244821436, 10.762021465754287, 1.0], [-0.026345963061926436, 0.03873204544854281, 16.943471704818535, 1.0], [-0.007956497793967843, -0.0034639149731112706, 65.33249542796648, 1.0], [0.01873622733948324, -0.043059135920809566, 18.41141748800925, 1.0], [0.02170403983041741, -0.0415853171358645, 13.335766940213489, 1.0], [0.024972192525122783, -0.03959125620877613, 13.029521363336983, 1.0], [0.02897962017436452, -0.03662398779791237, 12.819154810761233, 1.0], [0.03448851560449763, -0.031680291984976516, 11.256804187910802, 1.0], [0.03645137951442857, -0.029342198695844035, 9.408616662457689, 1.0], [0.03727539555496698, -0.028360660258679116, 8.632742105290731, 1.0], [0.039354298580043, -0.025388063164959562, 8.997623072289343, 1.0], [0.03971853581778714, -0.024867244953969303, 9.06155257449393, 1.0], [0.0434482319209165, -0.017731998844408375, 9.409207995915267, 1.0], [0.043727227752411835, -0.0170877091434527, 9.860633587532107, 1.0], [0.044206709765185204, -0.015880454277240275, 11.021209720293768, 1.0], [0.045861546080607274, -0.009963150570293622, 14.336209123899039, 1.0], [0.04653154010578775, 0.003052779361383512, 17.798212083430826, 1.0], [0.04009481306772389, 0.024512700156018724, 19.709574674830037, 1.0], [0.03509361836579811, 0.03245594257575518, 15.778495692063416, 1.0], [0.03660063689079757, 0.03073777557633134, 13.790905577332637, 1.0], [0.030416220744261202, 0.03634991203107582, 14.044860501291964, 1.0], [0.01688790220066233, 0.04307865036890329, 12.68576156800566, 1.0], [0.005689147896123625, 0.04714380268368362, 10.893051761410106, 1.0], [-0.0009196126306767471, 0.04729843229268743, 9.147046011958537, 1.0], [-0.002920524528502888, 0.04708238315787744, 8.822004777544976, 1.0], [-0.011730573538587141, 0.04564128700028436, 7.770217228600927, 1.0], [-0.01173057353858692, 0.045641287000284136, 7.770217228600927, 1.0], [-0.012871192997031655, 0.045308634336779785, 8.641305958035218, 1.0], [-0.012931506114528202, 0.045291044492041355, 8.687366961553266, 1.0], [-0.01952776296274994, 0.04272599671157473, 10.360958880280577, 1.0], [-0.0202977190944697, 0.042346584094918205, 10.208003063503043, 1.0], [-0.02117969270354475, 0.04190600415216095, 10.00681079408821, 1.0], [-0.029996762569236612, 0.03545294472617533, 9.729442068269691, 1.0], [-0.03291091185487305, 0.03332012976577958, 9.637768316500114, 1.0], [-0.03831517984809241, 0.026937150057018355, 8.239233295940721, 1.0], [-0.038412858044482356, 0.026813506550039223, 8.318115774427497, 1.0], [-0.039111326397964385, 0.02579813869835068, 10.533840901378994, 1.0], [-0.039561003779233134, 0.02509562548552524, 6.027389070047889, 0.0]]]}