{"text": "ろ", "text_ids": [43], "strokes": [[[0.0, 0.0, 0.0, 1.0], [0.014651465035299181, -0.044546044741216206, 22.03858189467724, 1.0], [0.05467681482039635, -0.014863693417495744, 10.999062584049494, 1.0], [0.05410258306936856, -0.01635961591364815, 10.819383542399649, 1.0], [0.05300232298043302, -0.01885143365700563, 10.081503124186526, 1.0], [0.05255184079869629, -0.019871664695834554, 9.779390938168149, 1.0], [0.05115189689299943, -0.022614020020416015, 8.410975738486542, 1.0], [0.05116318143749571, -0.022594427930379135, 8.503869804254975, 1.0], [0.05199666028317612, -0.021001348135226194, 10.609278424547313, 1.0], [0.05295963951201271, -0.018878814610014227, 10.705353582512643, 1.0], [0.054102583069368604, -0.01635961591364804, 10.819383542381118, 1.0], [0.054379504775721454, -0.014350330863134003, 19.217226026461134, 1.0], [0.03210818859899944, 0.042060496595511976, 30.875903999136852, 1.0], [-0.01975778367035408, 0.0508939427257564, 19.17630165216275, 1.0], [-0.031922409029981114, 0.044471961536200005, 14.255789530360545, 1.0], [-0.03745674280007605, 0.03996147566055795, 10.79037775069429, 1.0], [-0.03644877039681049, 0.04082615384666538, 9.351175084967764, 1.0], [-0.0340180277399616, 0.04288812359854721, 6.993678235086719, 1.0], [-0.03425671491945853, 0.04268465183101869, 7.016647825425139, 1.0], [-0.03798392709986986, 0.03950734481394172, 7.375328744394636, 1.0], [-0.03798392709986986, 0.039507344813941594, 7.375328744394636, 1.0], [-0.039628712422730694, 0.037919528996278706, 7.243246554051041, 1.0], [-0.040161865459364676, 0.037404842481852524, 7.200432443365486, 1.0], [-0.03828086391609278, 0.03917179225088585, 7.899127551088782, 1.0], [-0.036633537338216504, 0.04071923559388235, 8.511024455108952, 1.0], [-0.040654021211457406, 0.036588962550079596, 10.245676764053542, 1.0], [-0.04453637980450911, 0.032466263935411854, 12.700295032496228, 1.0], [-0.031206501680211864, 0.025958954422570235, 47.120478326993975, 1.0], [0.04713705920795353, -0.028902788169199667, 22.041179593687048, 1.0], [0.04936276377386643, -0.02571418975127293, 13.63234960575545, 1.0], [0.04962288839229359, -0.025288846076277793, 10.942607536733306, 1.0], [0.049714381535641644, -0.025136743819039076, 9.736085786877652, 1.0], [0.04979935122539947, -0.024995486440221815, 8.615588938476947, 1.0], [0.05051166605646601, -0.02372866597480469, 7.330491847963117, 1.0], [0.05145880035750866, -0.022044229453579367, 5.621753686815225, 1.0], [0.05145880035750883, -0.022044229453579173, 5.621753686815168, 1.0], [0.053826502496826245, -0.01698774059161115, 7.320290597517612, 1.0], [0.05398052528641656, -0.01665880794965363, 7.430783124793152, 1.0], [0.0555008177509686, -0.0122328647760864, 7.216500337513821, 1.0], [0.05631533737246275, -0.009861598955499623, 7.101695101773316, 1.0], [0.0569130070703584, -0.007052791984165835, 7.2784199044234015, 1.0], [0.057816424055816995, -0.002807095848469221, 7.545551045634113, 1.0], [0.057702423695900174, 0.00015856762415417114, 7.903484223349608, 1.0], [0.0570311612333535, 0.01762113148941727, 10.011083764919874, 1.0], [0.05556044246502989, 0.021915796370854917, 9.705196710594294, 1.0], [0.05374138168484255, 0.02722765926275425, 9.326859834996014, 1.0], [0.04656504797972527, 0.03761701605085879, 11.873592611700929, 1.0], [0.03922277449568767, 0.04475899170976638, 12.54465397822969, 1.0], [0.029495703465004963, 0.0516373774012151, 12.000720738964333, 1.0], [0.012155141980648487, 0.05651156571238147, 10.09389280993787, 1.0], [0.006840722180927461, 0.05637417774345799, 10.333043829494954, 1.0], [-0.004905070146633328, 0.05598509595360385, 10.904740507269935, 1.0], [-0.013216657485809469, 0.053827908241032674, 8.87461967892989, 1.0], [-0.014808574265580576, 0.05341474247899225, 8.485791013632252, 1.0], [-0.02422407787707881, 0.049247032468553664, 8.08378566656836, 1.0], [-0.024680637259066662, 0.049044939496665996, 8.064292358468947, 1.0], [-0.02832805039669717, 0.046875479432315625, 9.739825974996279, 1.0], [-0.029442850586670732, 0.046171657139631894, 9.739476097162765, 1.0], [-0.031922409029981114, 0.04447196153619992, 8.05032820537997, 1.0], [-0.033998147827134506, 0.042510472225913976, 8.410601251804678, 1.0], [-0.04443402737111224, 0.0326489876320839, 10.22189182486909, 1.0], [-0.04580303752414183, 0.0308100511214231, 12.136302716282444, 1.0], [-0.050025609045184494, 0.023907381390122273, 16.210002645583472, 1.0], [-0.05410614642727407, 0.0028211140449089234, 26.735940866178908, 0.0]]]}