{"text": "ろ", "text_ids": [43], "strokes": [[[0.0, 0.0, 0.0, 1.0], [-0.001932921770054991, -0.009769237943948142, 53.42885723414434, 1.0], [0.051422162477372184, -0.03911295134168541, 19.755351304455097, 1.0], [0.05136394475493512, -0.03936216602569442, 10.272137616907898, 1.0], [0.052089697966909335, -0.038350450693209095, 9.708936423721866, 1.0], [0.05431195978028372, -0.035239492680741974, 9.108144643280895, 1.0], [0.055497691798191584, -0.0331291392444385, 9.25261120176576, 1.0], [0.058846703779573795, -0.027168602768749883, 9.66064626193777, 1.0], [0.056409099513957894, -0.03166893923491493, 11.383142316750394, 1.0], [0.05621423773296014, -0.032075214370187344, 12.644705359480099, 1.0], [0.05836793349447139, -0.0281128359322515, 15.43207642907069, 1.0], [0.06081277438535393, -0.022414476652555526, 27.363098117120842, 1.0], [-0.010332121355708046, 0.05058186554826255, 46.17678456094441, 1.0], [-0.03882509085691743, 0.05165309491278203, 18.42747499740767, 1.0], [-0.04236731582785913, 0.04883359412646321, 15.156628926782389, 1.0], [-0.041438447570169956, 0.049614713212385, 11.67011683935067, 1.0], [-0.04016426719023336, 0.050686217815363685, 9.600827443676508, 1.0], [-0.03678507079136456, 0.05317550892192437, 8.809185641842532, 1.0], [-0.0364103093831214, 0.05345157758752049, 8.721390568262677, 1.0], [-0.03320313344819892, 0.055504384348991256, 8.120137096901715, 1.0], [-0.03303766668961142, 0.0556102941237339, 8.089116827039959, 1.0], [-0.03146940549621552, 0.05651436873524843, 9.262137188328722, 1.0], [-0.030553276656927142, 0.05700110665226052, 9.769243515661344, 1.0], [-0.027199945886066695, 0.058716662477137, 11.341118446901078, 1.0], [-0.03395059509291219, 0.05477426616563269, 12.349863350971987, 1.0], [-0.03634245984506995, 0.05346829106788009, 12.81835402830086, 1.0], [-0.034348638346759955, 0.054804101429994034, 13.605358847515618, 1.0], [-0.03687323716446891, 0.05306232130499755, 28.175543050836723, 1.0], [-0.006854524293286303, -0.037396017605502874, 55.08539817649188, 1.0], [0.024765072200465914, -0.059792856881461465, 15.662088301733377, 1.0], [0.028088699486919454, -0.05829129072482431, 13.277288316566, 1.0], [0.033398873686066345, -0.055301876793383775, 12.417612164994978, 1.0], [0.03764616865666301, -0.052409275034403846, 10.763380014818495, 1.0], [0.04203384340410751, -0.04914801672145369, 8.528221583023083, 1.0], [0.04582295309269366, -0.0453538320351691, 9.078183385403122, 1.0], [0.049436569285848275, -0.0417353758940137, 9.602673579150405, 1.0], [0.05088998518974208, -0.039944840537352894, 9.820406142557886, 1.0], [0.05151350881044309, -0.03914656330960249, 9.915282530126206, 1.0], [0.056327844710379604, -0.031974490897004354, 10.696973393598114, 1.0], [0.058913417474157626, -0.02641936439756863, 11.89991792211731, 1.0], [0.06175740202722396, -0.01959697995371941, 13.56299117716128, 1.0], [0.0638363180289836, -0.010454611091737245, 15.713491842688654, 1.0], [0.0642809457085034, 0.008339348915646368, 16.700327239690864, 1.0], [0.055941429976942514, 0.032154961598834436, 20.55596412768034, 1.0], [0.04276684288590582, 0.04881171033493238, 16.949986968738358, 1.0], [0.030688079813852687, 0.057039706208207315, 15.381783672498614, 1.0], [0.014619825716306267, 0.06291796569192203, 15.176261323180029, 1.0], [0.003217876962127608, 0.06490734321676322, 11.608384775727359, 1.0], [-0.008547729415386174, 0.06424778842912543, 11.798681557150758, 1.0], [-0.012384814092303076, 0.0635139181063083, 11.062627068241568, 1.0], [-0.01672578502452915, 0.06258961461166296, 10.085203233047082, 1.0], [-0.02109802514676362, 0.06118641990170337, 10.909714533172405, 1.0], [-0.026377459074109044, 0.05862095756817831, 10.337670999218176, 1.0], [-0.036410309383121064, 0.05345157758752017, 8.721390568262677, 1.0], [-0.03831193548102363, 0.05200630934177419, 8.251751894611061, 1.0], [-0.041698359528703044, 0.04943256934728213, 7.415417296591045, 1.0], [-0.04218769646275877, 0.04895081537267676, 7.328445599427823, 1.0], [-0.04899240651356174, 0.04225155381103196, 6.119018841229263, 1.0], [-0.048992406513561904, 0.04225155381103207, 6.119018841229149, 1.0], [-0.04867433163327145, 0.04261148649943336, 6.892870044041047, 1.0], [-0.04828915048066612, 0.043047356467072806, 7.829985537009975, 1.0], [-0.05021324664971477, 0.040642103685763264, 10.277463644594945, 1.0], [-0.055073466515044356, 0.031803743475886326, 14.782839925327153, 1.0], [-0.06464438267674383, 0.0071167644668610475, 29.56829553977184, 0.0]]]}