{"text": "ろ", "text_ids": [43], "strokes": [[[0.0, 0.0, 0.0, 1.0], [0.019443570491062587, -0.03463599710834455, 46.20606333545767, 1.0], [0.05551224900324975, -0.034149618348988754, 19.244522058440666, 1.0], [0.056138436261729416, -0.03326697011567849, 14.222178384687837, 1.0], [0.05552306502651874, -0.03420208806877152, 13.016043956224735, 1.0], [0.05703037618864104, -0.03189080853770668, 14.531958519799119, 1.0], [0.058523776420554396, -0.029402909851802744, 14.064905981624122, 1.0], [0.06024272346218568, -0.02619198002966694, 15.951106241807764, 1.0], [0.06140325781436762, -0.023818642560950287, 19.932765174519034, 1.0], [0.062156575492889055, -0.022059358591764083, 25.144470001246447, 1.0], [0.04505170478799553, 0.01259656734253417, 66.87569979633102, 1.0], [-0.048024193441298824, 0.04124581402250213, 30.360487856752854, 1.0], [-0.04217163930901735, 0.04922079725967282, 17.61869945099602, 1.0], [-0.04080769432231729, 0.05033501425423759, 14.010689739762256, 1.0], [-0.03896416112196904, 0.05184101049448299, 12.180420545587424, 1.0], [-0.04436360233979597, 0.0472296300934273, 8.949154140253029, 1.0], [-0.04466303505385877, 0.046973900270032655, 8.769960251371458, 1.0], [-0.04466303505385877, 0.046973900270032544, 8.769960251371458, 1.0], [-0.04321464831700342, 0.0482286185562457, 8.69215180862426, 1.0], [-0.03981306509783225, 0.051175365138885875, 8.509416157693693, 1.0], [-0.04221858556799206, 0.048966252592046206, 9.203610641653256, 1.0], [-0.04780877469705041, 0.043832495844846914, 10.816849234225117, 1.0], [-0.038632134715337704, 0.051651383591886646, 11.788506568211233, 1.0], [-0.03443187274640698, 0.055072626267268054, 13.453902285038225, 1.0], [-0.03538621407215061, 0.05423101997366231, 16.42730131759879, 1.0], [-0.042171639309017496, 0.04922079725967299, 23.53097744278955, 1.0], [-0.031496297269762885, 0.01482698348373207, 76.37777836598116, 1.0], [0.04280849763076265, -0.04781109707577785, 25.69617272279129, 1.0], [0.038030179850916716, -0.05242916876545933, 17.949358448137673, 1.0], [0.041972677561700825, -0.049378521225850236, 13.351323913700185, 1.0], [0.042171639309017295, -0.04922079725967271, 10.654424715329355, 1.0], [0.042266152807887196, -0.0491229520785412, 9.793210627849135, 1.0], [0.05182178846810777, -0.03923047202877983, 9.60485986923186, 1.0], [0.052310562514937514, -0.03859432801426668, 9.982559702776143, 1.0], [0.053859563999376386, -0.03657828802771432, 11.179549613814402, 1.0], [0.054955049069519396, -0.03503622896769583, 13.019293529480592, 1.0], [0.05770881547129464, -0.030540685763880887, 13.131284458399932, 1.0], [0.06064717847659418, -0.025175596541702927, 13.520281732198669, 1.0], [0.06414148769285377, -0.01682777404506295, 16.313831029193352, 1.0], [0.06639578162491167, -0.008718892490680943, 18.288404984886483, 1.0], [0.06772709966861201, 0.0012361439617569747, 18.557043514649536, 1.0], [0.06758091227171803, 0.011799517013384511, 18.72983233525258, 1.0], [0.06102931689594027, 0.03144163401756374, 18.250528304577074, 1.0], [0.052069494976353936, 0.04715401031397434, 17.065049123255335, 1.0], [0.04322385457755695, 0.05516839412282408, 17.027537511410515, 1.0], [0.030517660598628926, 0.062107799239727424, 17.686919819734385, 1.0], [0.02449507741235435, 0.06469675123493454, 17.810693173921663, 1.0], [0.011321441049274017, 0.06684218506043982, 15.179761915538165, 1.0], [0.007927002733055577, 0.06737867864591585, 13.493333145396377, 1.0], [0.001786395562899168, 0.06697963734411849, 13.65354715975127, 1.0], [-0.00547785574297921, 0.06650757713616962, 14.0522617686604, 1.0], [-0.005477855742978988, 0.06650757713616995, 12.784304086363022, 1.0], [-0.01581508910934548, 0.06399020972338965, 16.058697852257637, 1.0], [-0.0295198159717307, 0.057914134233779446, 12.442210151334166, 1.0], [-0.03741959420472196, 0.05262175457658047, 11.375853925452247, 1.0], [-0.04233578554544415, 0.04905086472699427, 10.861667235358937, 1.0], [-0.05182178846810781, 0.03923047202877983, 9.60485986923186, 1.0], [-0.0525406818351678, 0.03827552030346393, 9.229468954962726, 1.0], [-0.05473143526086355, 0.035365403366141246, 8.085503842621051, 1.0], [-0.054634090321409756, 0.03550247096068415, 8.591268768946634, 1.0], [-0.05436850890589895, 0.03587642574440286, 9.971122367946577, 1.0], [-0.058806803860123325, 0.028029737677922384, 10.091279755646724, 1.0], [-0.06224762090333441, 0.021946541696050037, 10.184432552324552, 1.0], [-0.06463693751981764, 0.004240218093041648, 18.078688009569305, 0.0]]]}