{"text": "ろ", "text_ids": [43], "strokes": [[[0.0, 0.0, 0.0, 1.0], [0.011999988055025071, -0.021625131385910733, 43.51551885502748, 1.0], [0.04815791291732948, -0.02170859069580195, 20.305586460111755, 1.0], [0.047957714498583916, -0.022216232125280677, 13.245845588053712, 1.0], [0.05029660703235768, -0.015950779651821914, 11.621933349539049, 1.0], [0.050763709458765266, -0.014819431049811788, 11.730828827350763, 1.0], [0.05035469851162061, -0.016141902444549924, 12.858413691656864, 1.0], [0.04860065830721999, -0.020786998940319462, 15.187196620201874, 1.0], [0.04817964042408429, -0.021620062647933258, 18.687635348655732, 1.0], [0.03985799533707396, -0.005269391477397134, 50.14316336938256, 1.0], [-0.036394129955165055, 0.03814847095617231, 42.09515238491602, 1.0], [-0.03967825505222544, 0.03488436852234417, 17.272425398863447, 1.0], [-0.038339346550898046, 0.03630674062361491, 12.575178894022656, 1.0], [-0.03715856658028496, 0.037577850628038874, 10.53384090138809, 1.0], [-0.037304462779613745, 0.03743218199321796, 7.320324032078133, 1.0], [-0.03730768008312077, 0.03742896970796444, 7.249459546637354, 1.0], [-0.03825646352519513, 0.0364461020523003, 7.864780957910739, 1.0], [-0.03853768954669544, 0.03615477323245986, 8.047166510569525, 1.0], [-0.034756933753284494, 0.03965389639335595, 8.599530519769075, 1.0], [-0.032798993222874565, 0.041465987793058545, 8.885583346306134, 1.0], [-0.033795167727494704, 0.04064373282197706, 8.84724872962488, 1.0], [-0.03413505268248608, 0.040363187503319464, 8.834169334995863, 1.0], [-0.03173794426075162, 0.042284124542271206, 8.454606486608327, 1.0], [-0.03156981079395017, 0.04241885929224648, 8.427983903754011, 1.0], [-0.031725196693216565, 0.04230148422971697, 9.598427854057377, 1.0], [-0.031777090259703294, 0.04226200669922042, 9.878968668465859, 1.0], [-0.03196819700507825, 0.04211624558888205, 10.762021465754287, 1.0], [-0.03442394740830487, 0.04005511884476631, 16.943471704818535, 1.0], [-0.008432264301056647, -0.004783777978272785, 65.33249542796648, 1.0], [0.02649054068524509, -0.04575956482655785, 18.41141748800925, 1.0], [0.02961227302351338, -0.04377281686683504, 13.335766940213489, 1.0], [0.03300185487496399, -0.04117183259256196, 13.029521363336983, 1.0], [0.03709054750933795, -0.03740113472369755, 12.819154810761233, 1.0], [0.042599154868227546, -0.03125492330642293, 11.256804187910802, 1.0], [0.04448722788465104, -0.028422969343620763, 9.408616662457689, 1.0], [0.045279846488197203, -0.02723410674361587, 8.632742105290731, 1.0], [0.04721525430459983, -0.023682169243930073, 8.997623072289343, 1.0], [0.04755435025494086, -0.02305984685182258, 9.06155257449393, 1.0], [0.05079316890408976, -0.014680833800135962, 9.409207995915267, 1.0], [0.05102112635698139, -0.013930968364866014, 9.860633587532107, 1.0], [0.05139994366987957, -0.01253093235763822, 11.021209720293768, 1.0], [0.052480589017412316, -0.005749733214306552, 14.336209123899039, 1.0], [0.05154248869657557, 0.008820412716654097, 17.798212083430826, 1.0], [0.04157821606209622, 0.03196418653072966, 19.709574674830037, 1.0], [0.03496706682641498, 0.040225591343418465, 15.778495692063416, 1.0], [0.03687173397625049, 0.03848814813833479, 13.790905577332637, 1.0], [0.029241833644175153, 0.04401621529485389, 14.044860501291964, 1.0], [0.013270130865175367, 0.04993187789627479, 12.68576156800566, 1.0], [0.0002436693636449494, 0.05315329220682774, 10.893051761410106, 1.0], [-0.007152973887465275, 0.052555468522092696, 9.147046011958537, 1.0], [-0.009358381631850543, 0.05208178969201238, 8.822004777544976, 1.0], [-0.019005382418528616, 0.04945079352834025, 7.770217228600927, 1.0], [-0.019005382418528227, 0.04945079352834014, 7.770217228600927, 1.0], [-0.020235439182567316, 0.04894752011165149, 8.641305958035218, 1.0], [-0.020300481522137592, 0.04892090826622919, 8.687366961553266, 1.0], [-0.027330891501049226, 0.045296421619590466, 10.360958880280577, 1.0], [-0.028141161819849603, 0.044784271311469226, 10.208003063503043, 1.0], [-0.02906854168223233, 0.0441909653927226, 10.00681079408821, 1.0], [-0.03807418496029691, 0.035978774256027135, 9.729442068269691, 1.0], [-0.0410506600620294, 0.033264544778542016, 9.637768316500114, 1.0], [-0.04625605474724881, 0.025528008479794195, 8.239233295940721, 1.0], [-0.04634906649712356, 0.02537896185494304, 8.318115774427497, 1.0], [-0.04699716848602037, 0.024167060824531017, 10.533840901378994, 1.0], [-0.047408096881267875, 0.02333248247398867, 6.027389070047889, 0.0]]]}