{"text": "わ", "text_ids": [44], "strokes": [[[0.0, 0.0, 0.0, 1.0], [-0.001482239384350615, -0.018542388026902216, 11.888006628557045, 1.0], [-0.0009160795480865919, -0.01861610385053397, 8.664537207739494, 1.0], [0.00421963847410356, -0.015117429646539546, 35.65573072857589, 1.0], [0.003641107721774317, 0.016491534341558, 28.208507875090902, 1.0], [-0.0015648910793151683, 0.018765644013681238, 10.53678801907543, 1.0], [-0.003146050382227629, 0.018689112612779005, 4.40231380922495, 1.0], [-0.003153048474883537, 0.01868877389053034, 4.375163085806292, 1.0], [-0.0031530484748832806, 0.01868877389053032, 4.375163085806278, 1.0], [-0.0032751592543366877, 0.01867422288016503, 4.1023109147864005, 1.0], [-0.004262902976926504, 0.018556520993321092, 1.8952328801814673, 1.0], [-0.004262902976926502, 0.0185565209933211, 1.8952328801814673, 1.0], [-0.004262902976926504, 0.0185565209933211, 1.8952328801814815, 1.0], [-0.0042629029769265005, 0.0185565209933211, 1.8952328801814673, 1.0], [-0.00426290297692649, 0.01855652099332103, 1.8952328801814673, 1.0], [-0.0042629029769265005, 0.018556520993321113, 1.8952328801814673, 1.0], [-0.004262902976926504, 0.018556520993321085, 1.8952328801814673, 1.0], [-0.004262902976926497, 0.018556520993321085, 1.8952328801814673, 1.0], [-0.004534724157142102, 0.018512991787830946, 1.7109813992509117, 1.0], [-0.004669948967782812, 0.01849133700520844, 1.619320508074992, 1.0], [-0.0046699489677825695, 0.018491337005208497, 1.619320508074992, 1.0], [-0.00466994896778284, 0.018491337005208608, 1.619320508074992, 1.0], [-0.004669948967782563, 0.018491337005208386, 1.619320508074992, 1.0], [-0.0046699489677825695, 0.018491337005208552, 1.6193205080750204, 1.0], [-0.004669948967782819, 0.018491337005208497, 1.619320508074992, 1.0], [-0.004669948967782556, 0.01849133700520844, 1.619320508074992, 1.0], [-0.004669948967782861, 0.018491337005208608, 1.619320508074992, 1.0], [-0.004669948967782556, 0.01849133700520844, 1.619320508074992, 1.0], [-0.00468026624746265, 0.018489551931757997, 1.6604820913431126, 1.0], [-0.004730796581380106, 0.018480809282501176, 1.8620767569569523, 1.0], [-0.004730796581380342, 0.01848080928250112, 1.8620767569569239, 1.0], [-0.00473079658138037, 0.01848080928250123, 1.8620767569569239, 1.0], [-0.004730796581380106, 0.018480809282501176, 1.8620767569569239, 1.0], [-0.004730796581380314, 0.018480809282501065, 1.8620767569569239, 1.0], [-0.004730796581380148, 0.018480809282501287, 1.8620767569569239, 1.0], [-0.004730796581380342, 0.018480809282501176, 1.8620767569569239, 1.0], [-0.00473079658138012, 0.018480809282501287, 1.8620767569569523, 1.0], [-0.004712095863024152, 0.018483835319546338, 1.8725835676826534, 1.0], [-0.004262902976926525, 0.018556520993321057, 2.124958077779212, 1.0], [-0.004262902976926497, 0.018556520993321057, 2.1249580777792403, 1.0], [-0.004262902976926497, 0.01855652099332117, 2.124958077779212, 1.0], [-0.004262902976926497, 0.018556520993321057, 2.1249580777792403, 1.0], [-0.004262902976926497, 0.018556520993321057, 2.124958077779212, 1.0], [-0.004262902976926497, 0.018556520993321057, 2.124958077779212, 1.0], [-0.004262902976926525, 0.01855652099332117, 2.1249580777792403, 1.0], [-0.0033863781475237664, 0.018646896536764546, 2.7618372922060246, 1.0], [-0.0025455992614432377, 0.018733586435551786, 3.372743656191858, 1.0], [-0.0025455992614432377, 0.018733586435551786, 3.3727436561918296, 1.0], [-0.0025455992614430434, 0.018733586435552008, 3.372743656191858, 1.0], [-0.0025455992614432377, 0.018733586435551675, 3.3727436561918296, 1.0], [-0.0015832566992869668, 0.01873885667126851, 3.9420934849109415, 1.0], [-0.0004980653593100182, 0.018744799684063285, 4.584124220991981, 1.0], [-0.0004980653593099627, 0.01874479968406295, 4.584124220991981, 1.0], [-0.0004980653593100182, 0.018744799684063285, 4.58412422099201, 1.0], [0.00080038759354914, 0.018640883433441058, 6.495031348668789, 1.0], [0.0008273004961834585, 0.018638729571856305, 6.534638526855019, 1.0], [0.0012303154859351906, 0.018582070715569943, 12.973537012358548, 1.0], [0.002774801982118935, -0.005908708539934304, 27.585064924368027, 1.0], [0.0026890097995560247, -0.018724741548580615, 5.823449386862478, 1.0], [0.0026890097995556916, -0.01872474154858028, 5.823449386862478, 1.0], [0.0024742131808634937, -0.01873703154939077, 6.906317575959463, 1.0], [0.002373577621265943, -0.018742789606088883, 7.4136581795650045, 1.0], [0.0018866744118581635, -0.018750995595788522, 4.537938966463798, 1.0], [0.001118331996228683, -0.01876394480176269, 0.0, 0.0]], [[0.0, 0.0, 0.0, 1.0], [0.016722510576778538, -0.03280742907402065, 28.20776310055711, 1.0], [0.03668990709908637, -0.01875416386693654, 19.95149000611932, 1.0], [0.03858538047430464, -0.0014943110459234854, 25.64935618979061, 1.0], [0.004949493659269985, 0.03604657209410095, 27.17715683026826, 1.0], [-0.011371816346542094, 0.038495503024689376, 15.579754912498032, 1.0], [-0.014461243422092679, 0.037807057726133575, 10.429607221904433, 1.0], [-0.0160300911271737, 0.03729566327625583, 7.629400752896473, 1.0], [-0.0161973627417724, 0.037241138050479905, 7.330840825273242, 1.0], [-0.01811109283033191, 0.03646471821910702, 6.006082500576639, 1.0], [-0.01947047546525492, 0.03591320280818888, 5.065065022287513, 1.0], [-0.019470475465254947, 0.03591320280818899, 5.0650650222874845, 1.0], [-0.018681191293068833, 0.03625197050920226, 5.409143074593487, 1.0], [-0.01761677622787458, 0.036708826806675976, 5.873160820525044, 1.0], [-0.01761677622787436, 0.03670882680667609, 5.873160820525015, 1.0], [-0.017458978905157685, 0.03677085282048698, 7.2682265210775086, 1.0], [-0.0173197546584985, 0.03682557824229615, 8.499090060809323, 1.0], [-0.020990742087192343, 0.03494143521772308, 11.938685140252062, 1.0], [-0.024902519772173337, 0.032815740224365175, 24.260427310372847, 1.0], [0.009476485590009687, -0.037136652567615336, 37.38655237191551, 1.0], [0.014867113094801265, -0.03768289058344898, 11.914857105454985, 1.0], [0.017565571866286434, -0.03669842895615416, 8.147500647454137, 1.0], [0.018276723689432145, -0.036438983939440894, 7.154651528594798, 1.0], [0.021011715602660214, -0.03504435296800512, 6.166896189052466, 1.0], [0.023203572826548557, -0.0339266780108638, 5.375296526202135, 1.0], [0.023203572826548502, -0.033926678010863465, 5.375296526202078, 1.0], [0.02502586504137433, -0.032612577963271994, 5.110099905100412, 1.0], [0.02784631226081752, -0.030578683621219738, 4.699642643358061, 1.0], [0.027846312260817283, -0.030578683621219793, 4.699642643358004, 1.0], [0.027846312260817546, -0.03057868362121985, 4.699642643358061, 1.0], [0.03295239276250341, -0.02522935457437403, 6.129504596092772, 1.0], [0.03301446494762753, -0.025164325332713122, 6.14688674582635, 1.0], [0.033801006179503545, -0.023919745433870543, 6.219592380664039, 1.0], [0.036551678380923075, -0.019567231933685647, 6.473856697052895, 1.0], [0.03655167838092334, -0.01956723193368559, 6.473856697052838, 1.0], [0.037113730252189975, -0.018371616867341317, 6.216117245375585, 1.0], [0.037494061405033946, -0.01756256403825812, 6.041709245329628, 1.0], [0.03749406140503367, -0.017562564038257927, 6.041709245329571, 1.0], [0.0402966618714565, -0.005439827449521983, 8.267110738603606, 1.0], [0.04044989733635457, -0.00477700261977429, 8.3887871732191, 1.0], [0.038753917048119535, 0.008017506317818751, 11.946484191134573, 1.0], [0.031258061492633604, 0.020558485508749946, 11.80154885700216, 1.0], [0.024281151122266365, 0.02909133443505077, 11.310636601913188, 1.0], [0.009640905929145183, 0.03754232864314236, 10.012184583529745, 1.0], [0.0057678967206786225, 0.03831629209808174, 9.539707791668718, 1.0], [0.0008791125601760874, 0.03929324311359805, 8.943314410727282, 1.0], [-0.0028182922924072096, 0.03938451760969436, 8.459808559316798, 1.0], [-0.004783174004977797, 0.039433022870912604, 8.202862987156095, 1.0], [-0.010401688114887564, 0.03848908377371968, 7.477308033205247, 1.0], [-0.014461243422092707, 0.037807057726133464, 6.953071481269603, 