{"text": "わ", "text_ids": [44], "strokes": [[[0.0, 0.0, 0.0, 1.0], [-0.0020161078860162223, 0.016323401771426094, 52.92851102708345, 1.0], [-0.0020161078860162223, 0.016323401771426094, 26.857195514850325, 1.0], [-0.0020161078860162175, 0.016323401771426056, 3.3928532709668815, 1.0], [-0.002016107886016227, 0.016323401771426133, 3.3928532709668957, 1.0], [-0.0020161078860162183, 0.016323401771426063, 3.3928532709668815, 1.0], [-0.002016107886016227, 0.016323401771426133, 3.3928532709668957, 1.0], [-0.002328171933629263, 0.016300914414973874, 2.7439602210621814, 1.0], [-0.0026211386991508347, 0.0162798032099654, 2.1347772682226775, 1.0], [-0.0026211386991509683, 0.01627980320996536, 2.1347772682226633, 1.0], [-0.002621138699150833, 0.016279803209965388, 2.1347772682226775, 1.0], [-0.002621138699150833, 0.016279803209965388, 2.1347772682226775, 1.0], [-0.002621138699150833, 0.016279803209965388, 2.1347772682226775, 1.0], [-0.0026211386991508365, 0.016279803209965388, 2.1347772682226633, 1.0], [-0.0026211386991508295, 0.01627980320996536, 2.1347772682226775, 1.0], [-0.00290700028516383, 0.016249233007688352, 1.987118143392891, 1.0], [-0.0031386082611142632, 0.016224464717647935, 1.8674832126927896, 1.0], [-0.003138608261114395, 0.01622446471764788, 1.8674832126927896, 1.0], [-0.003138608261114388, 0.016224464717647824, 1.8674832126927896, 1.0], [-0.003138608261114395, 0.01622446471764788, 1.8674832126928038, 1.0], [-0.003138608261114395, 0.01622446471764788, 1.8674832126927896, 1.0], [-0.003138608261114402, 0.016224464717647935, 1.8674832126927896, 1.0], [-0.0031386082611142355, 0.016224464717647713, 1.8674832126928038, 1.0], [-0.003138608261114409, 0.016224464717648046, 1.8674832126927896, 1.0], [-0.0027321933673445653, 0.016269259225822064, 2.350533114521639, 1.0], [-0.002725895898959746, 0.01626995332439818, 2.358018055481466, 1.0], [-0.002725895898959871, 0.016269953324398012, 2.3580180554814376, 1.0], [-0.002725895898959746, 0.01626995332439818, 2.3580180554814376, 1.0], [-0.002725895898959746, 0.01626995332439818, 2.3580180554814376, 1.0], [-0.002725895898959746, 0.016269953324398123, 2.358018055481466, 1.0], [-0.0025843770474568567, 0.016280609974975546, 2.387874104304899, 1.0], [-0.0020161078860162357, 0.016323401771426105, 2.5077611133405355, 1.0], [-0.002016107886016222, 0.016323401771426216, 2.507761113340507, 1.0], [-0.002016107886016208, 0.016323401771425883, 2.5077611133405355, 1.0], [-0.0020161078860162357, 0.016323401771426216, 2.5077611133405355, 1.0], [-0.002016107886016194, 0.016323401771425883, 2.507761113340507, 1.0], [-0.0020161078860162357, 0.016323401771426105, 2.5077611133405355, 1.0], [-0.002016107886016222, 0.016323401771426216, 2.404395440889971, 1.0], [-0.0020161078860162357, 0.016323401771426105, 2.261902180628141, 1.0], [-0.002016107886016222, 0.016323401771426216, 2.261902180628141, 1.0], [-0.002016107886016208, 0.016323401771425883, 2.2619021806281125, 1.0], [-0.002016107886016222, 0.016323401771426105, 2.261902180628141, 1.0], [-0.0020161078860162357, 0.016323401771426216, 2.261902180628141, 1.0], [-0.002016107886016222, 0.016323401771426105, 2.261902180628141, 1.0], [-0.0017789978750842733, 0.016331136820556758, 2.408147181043688, 1.0], [-0.0013322704475295516, 0.01634571005003227, 2.6836802661782997, 1.0], [-0.0013322704475295516, 0.01634571005003216, 2.6836802661782997, 1.0], [-0.0013322704475295655, 0.01634571005003238, 2.6836802661782997, 1.0], [-0.0013322704475295377, 0.016345710050032047, 2.6836802661782997, 1.0], [-0.0013322704475295377, 0.01634571005003216, 2.6836802661782997, 1.0], [-0.0013322704475295516, 0.01634571005003227, 2.6836802661782997, 1.0], [-0.0010001504729641592, 0.016337226300585983, 2.655143796835688, 1.0], [-8.793029527988383e-05, 0.01631392433738066, 2.576763858476909, 1.0], [-8.793029527986995e-05, 0.016313924337380548, 2.576763858476909, 1.0], [-8.793029527989771e-05, 0.01631392433738066, 2.5767638584768804, 1.0], [-8.79302952798422e-05, 0.016313924337380326, 2.5767638584768804, 1.0], [-6.139655217210493e-05, 0.016312161799197922, 3.7787966442483594, 1.0], [3.168986225375592e-05, 0.016305978413798772, 7.995801444325622, 1.0], [3.168986225361714e-05, 0.016305978413798772, 7.995801444325622, 1.0], [0.005944509916155541, -0.006215191752982241, 38.92759224438316, 1.0], [0.0016463419785713446, -0.01628970703823851, 13.30720294356729, 1.0], [-0.0027769286171794028, -0.01588663871977236, 0.0, 1.0], [-0.002776928617179278, -0.01588663871977214, 0.0, 1.0], [-0.0027769286171794305, -0.01588663871977214, 0.0, 0.0]], [[0.0, 0.0, 0.0, 1.0], [0.021719376778273347, -0.04072931193544882, 27.841310484668224, 1.0], [0.03150519599689938, -0.03413970282689782, 24.370537663996526, 1.0], [0.03626695846388926, -0.029361556378550868, 12.8153618019033, 1.0], [0.03801212235386957, -0.02705133777829896, 18.413910251363603, 1.0], [0.04108112217040987, -0.01887341941243295, 41.28319595993963, 1.0], [-0.01997752805386427, 0.03924403228747089, 68.90958693399091, 1.0], [-0.02622821541684385, 0.03836018569476826, 11.368304053098655, 1.0], [-0.024505553142929994, 0.03933047007354312, 9.630461826279884, 1.0], [-0.022581682009903653, 0.04041408474103686, 7.689637705058402, 1.0], [-0.022167827222994735, 0.040609826089436196, 7.295876757850635, 1.0], [-0.020999931839772418, 0.041162206838270265, 6.184686053082089, 1.0], [-0.020999931839772557, 0.04116220683827049, 6.184686053082089, 1.0], [-0.020793114835827492, 0.04125350565993513, 6.281555874012099, 1.0], [-0.02059671594319995, 0.04134020543379879, 6.373546016006117, 1.0], [-0.020593920102255164, 0.041341375528687996, 6.37733411857667, 1.0], [-0.01949698590596835, 0.04180045639994823, 7.863577195543314, 1.0], [-0.019496985905968323, 0.04180045639994823, 7.863577195543371, 1.0], [-0.01640031443025919, 0.0429039195662243, 12.656815205247995, 1.0], [-0.01719639850572946, 0.04264289206930638, 17.74077663165076, 1.0], [0.0033287895072887097, -0.01302472377126529, 81.22755653018623, 1.0], [0.02219080919520644, -0.04015235795172156, 14.394688462946817, 1.0], [0.024499090205048257, -0.03938219653187158, 10.49923808300116, 1.0], [0.023352563174791258, -0.040019554431101056, 6.62771149326278, 1.0], [0.024012778776325905, -0.03963858307705348, 6.338580679607503, 1.0], [0.026228215416843864, -0.0383601856947684, 5.368365802852168, 1.0], [0.026228215416843975, -0.03836018569476818, 5.368365802852111, 1.0], [0.02654229020432075, -0.03812671480203861, 5.420340282818415, 1.0], [0.031222339284409775, -0.03464774966279621, 6.194815429672417, 1.0], [0.03122233928440961, -0.03464774966279627, 6.194815429672417, 1.0], [0.031222339284409754, -0.03464774966279621, 6.19481542967236, 1.0], [0.03404686922417332, -0.031943923071324154, 6.580806583703634, 1.0], [0.03405875955577083, -0.031932540860676595, 6.582431478079968, 1.0], [0.03607870711715056, -0.02933416998828342, 6.566094610836558, 1.0], [0.03894759389730151, -0.025643761391415776, 6.542891720147793, 1.0], [0.03894759389730139, -0.02564376139141583, 6.542891720147793, 1.0], [0.040205129757961394, -0.02350442239686923, 8.112243059795901, 1.0], [0.04024700486395419, -0.0234331838342538, 8.164501413408914, 1.0], [0.042101611474832934, -0.019497071439661257, 8.70650083048315, 1.0], [0.04247453054517025, -0.018545444118592797, 8.891559621823603, 1.0], [0.04447282719748663, -0.011903684797036518, 10.615829214060682, 1.0], [0.04479404246498153, -0.008146334101002378, 11.677152280207906, 1.0], [0.04529036432503991, -0.0009216241320372798, 13.51817838632087, 1.0], [0.04498832439232148, 0.0024906330592066317, 13.562575189656854, 1.0], [0.02997556532743778, 0.03160500187960902, 13.164862956159936, 1.0], [0.022285279610787856, 0.03709475522829933, 15.0507456107797, 1.0], [0.011094422318047803, 0.04235992637392713, 15.373485563698068, 1.0], [0.0017334140338988169, 0.044395295983319705, 12.492141838203565, 1.0], [-0.0025334340040904513, 0.044924646946749525, 10.544988831025648, 1.0], [-0.011556807389538126, 0.04409974288125201, 7.570894927649192, 1.0], 