{"text": "わ", "text_ids": [44], "strokes": [[[0.0, 0.0, 0.0, 1.0], [-0.00920620774970455, -0.014577735054401934, 13.335755310408977, 1.0], [-0.011690836082345491, -0.00809353272237606, 3.3590687293587074, 1.0], [-0.0046337687102764695, 0.016456653474538625, 12.858916810979455, 1.0], [0.002158301718568789, 0.017054435325898853, 4.473823840172699, 1.0], [0.0024024898411965957, 0.017075926744392497, 4.1723634633916475, 1.0], [0.002402489841196953, 0.017075926744392397, 4.17236346339164, 1.0], [0.0024024898411969565, 0.017075926744392483, 4.1723634633916475, 1.0], [0.00101835363278769, 0.01717693246864884, 2.321518179424878, 1.0], [0.000848793168660664, 0.017189305945608788, 2.094784579458299, 1.0], [0.0008487931686606675, 0.017189305945608857, 2.094784579458299, 1.0], [0.0008487931686606675, 0.01718930594560887, 2.0947845794582918, 1.0], [0.0008487931686606692, 0.017189305945608885, 2.0947845794582918, 1.0], [0.0008487931686606692, 0.017189305945608885, 2.094784579458299, 1.0], [0.0008487931686606675, 0.017189305945608857, 2.094784579458299, 1.0], [0.000848793168660664, 0.017189305945608774, 2.0947845794582918, 1.0], [-0.0006699330547244413, 0.017144710088780768, 1.4251385564283297, 1.0], [-0.0011096570615586575, 0.017131798038833246, 1.2312527672231113, 1.0], [-0.0011096570615590166, 0.0171317980388333, 1.2312527672231113, 1.0], [-0.0011096570615590114, 0.0171317980388333, 1.2312527672231255, 1.0], [-0.001109657061559013, 0.017131798038833412, 1.2312527672231113, 1.0], [-0.0011096570615586627, 0.017131798038833135, 1.2312527672231255, 1.0], [-0.0011096570615590044, 0.017131798038833468, 1.2312527672231113, 1.0], [-0.0011096570615590183, 0.017131798038833246, 1.2312527672231255, 1.0], [-0.0011096570615590183, 0.0171317980388333, 1.2312527672231113, 1.0], [-0.001109657061559008, 0.017131798038833357, 1.2312527672231113, 1.0], [-0.001109657061558661, 0.0171317980388333, 1.2312527672231255, 1.0], [-0.0011096570615590183, 0.0171317980388333, 1.2312527672231113, 1.0], [-0.0011096570615590114, 0.017131798038833357, 1.2312527672231255, 1.0], [-0.0026929351695920145, 0.01690050690783762, 1.191341640551002, 1.0], [-0.003137995575143125, 0.016835490835147404, 1.1801225994156965, 1.0], [-0.003137995575142768, 0.016835490835147182, 1.1801225994156823, 1.0], [-0.003137995575143132, 0.016835490835147182, 1.1801225994156965, 1.0], [-0.003137995575143125, 0.016835490835147404, 1.1801225994156823, 1.0], [-0.003137995575143139, 0.016835490835147127, 1.1801225994156965, 1.0], [-0.0031379955751427435, 0.01683549083514735, 1.1801225994156965, 1.0], [-0.003137995575143139, 0.016835490835147238, 1.1801225994156823, 1.0], [-0.003137995575143125, 0.016835490835147238, 1.1801225994156823, 1.0], [-0.003137995575142778, 0.016835490835147127, 1.1801225994156965, 1.0], [-0.003137995575143125, 0.01683549083514735, 1.1801225994156823, 1.0], [-0.003137995575143139, 0.016835490835147238, 1.1801225994156965, 1.0], [-0.003137995575143125, 0.016835490835147238, 1.1801225994156823, 1.0], [-0.0031379955751427574, 0.01683549083514735, 1.1801225994156823, 1.0], [-0.0027814514625374293, 0.01689899569853337, 1.3453086478619838, 1.0], [-0.002187960785008547, 0.017004703640594476, 1.620271482318259, 1.0], [-0.002187960785008561, 0.017004703640594476, 1.6202714823182447, 1.0], [-0.002187960785008186, 0.017004703640594476, 1.620271482318259, 1.0], [-0.002187960785008533, 0.017004703640594365, 1.620271482318259, 1.0], [-0.002187960785008214, 0.017004703640594365, 1.6202714823182447, 1.0], [-0.002187960785008547, 0.017004703640594476, 1.6202714823182447, 1.0], [-0.002187960785008186, 0.017004703640594254, 1.620271482318259, 1.0], [-0.002187960785008561, 0.017004703640594476, 1.620271482318259, 1.0], [-0.002187960785008533, 0.017004703640594587, 1.6202714823182447, 1.0], [-0.0021879607850082, 0.017004703640594476, 1.620271482318259, 1.0], [-0.0016617108909515316, 0.017074191847273545, 2.8980881708493484, 1.0], [-0.0015921344413298705, 0.017083379008669408, 3.0670306247265273, 1.0], [-0.001592134441330259, 0.01708337900866963, 3.0670306247265273, 1.0], [-0.0015921344413302452, 0.01708337900866952, 3.0670306247265273, 1.0], [-0.0015921344413302313, 0.01708337900866952, 3.067030624726513, 1.0], [3.463347818949414e-05, 0.01715397452412859, 5.410670944341518, 1.0], [0.0008487931686606692, 0.017189305945608968, 6.583608678297509, 1.0], [0.0008487931686606692, 0.017189305945608857, 7.970846064609788, 1.0], [-0.0023738173269908514, 0.005978461052515094, 28.921340202321346, 1.0], [-0.010700086692727429, -0.013419407595149146, 19.136527456841463, 0.0]], [[0.0, 0.0, 0.0, 1.0], [-0.00793901623562504, -0.04327260116629439, 7.306198357992559, 1.0], [-0.007939016235625374, -0.0432726011662945, 7.306198357992559, 1.0], [0.0011582592839152195, -0.043559883463960336, 11.108084026777755, 1.0], [0.02655116777719102, -0.02737608289452731, 14.203268486571062, 1.0], [0.04048804092001129, -0.015865123370404244, 13.166292377971168, 1.0], [0.04141369190225222, -0.012996089267629074, 11.400296008247174, 1.0], [0.04275002167648087, 0.0108789295114608, 16.136160460366114, 1.0], [0.009138564079036626, 0.04245717603435417, 15.647525672616183, 1.0], [-0.009429864997343468, 0.042414162517357246, 7.04756030514919, 1.0], [-0.010295194989427048, 0.0423756349876967, 6.62938612008044, 1.0], [-0.012319886237894151, 0.04170895751618081, 5.872166295031292, 1.0], [-0.015496980529991294, 0.04066282409162708, 4.683956099601303, 1.0], [-0.015496980529991655, 0.040662824091626915, 4.683956099601303, 1.0], [-0.015496980529991322, 0.04066282409162714, 4.683956099601318, 1.0], [-0.015187893263366281, 0.040784254310452406, 4.100704078299685, 1.0], [-0.015090190109487978, 0.04082263866541125, 3.916336852146486, 1.0], [-0.015090190109487533, 0.04082263866541114, 3.916336852146486, 1.0], [-0.015090190109488033, 0.04082263866541114, 3.916336852146486, 1.0], [-0.012879241886447623, 0.04158196141403825, 5.450549980495055, 1.0], [-0.01181164653866712, 0.041948613796690126, 6.191371851066037, 1.0], [-0.01181164653866712, 0.04194861379669024, 6.191371851066037, 1.0], [0.007388729751166334, 0.0408508713514657, 33.44826594096773, 1.0], [0.022519226766716027, -0.03712547758248619, 16.290576997467696, 1.0], [0.023148322931239307, -0.03672890185323241, 7.812107204781654, 1.0], [0.023176701252290655, -0.0367110124525325, 7.429646221279228, 1.0], [0.022967560024388184, -0.03684417027415099, 4.906914411798283, 1.0], [0.022863946547922842, -0.03691013978649782, 3.657093821225999, 1.0], [0.022863946547922842, -0.03691013978649815, 3.6570938212260273, 1.0], [0.022863946547922842, -0.03691013978649793, 3.6570938212260273, 1.0], [0.024457760525046612, -0.03572953362126485, 3.453788750638438, 1.0], [0.028291576570236524, -0.03288966214047229, 2.964751602718678, 1.0], [0.028291576570236524, -0.03288966214047251, 2.9647516027187066, 1.0], [0.02829157657023655, -0.0328896621404724, 2.964751602718678, 1.0], [0.02829157657023653, -0.0328896621404724, 2.9647516027187066, 1.0], [0.02829157657023653, -0.03288966214047245, 2.96475160271865, 1.0], [0.031720294018227756, -0.029284787234299836, 3.103767473704579, 1.0], [0.034418556817144536, -0.026447895597232873, 3.2131673758050283, 1.0], [0.034418556817144196, -0.026447895597232707, 3.2131673758049715, 1.0], [0.03441855681714419, -0.026447895597232762, 3.2131673758049715, 1.0], [0.034418556817144536, -0.026447895597232873, 3.2131673758050283, 1.0], [0.03874498583966693, -0.0181976666847235, 4.216135891215345, 1.0], [0.04187663913853196, -0.012225800174086698, 4.942127151811917, 1.0], [0.041876639138531624, -0.012225800174086476, 4.94212715181186, 1.0], [0.04202295872981088, -0.009090203047159295, 5.310371876260092, 1.0], [0.04291965563364164, 0.010125817246489366, 7.567102512111603, 1.0], [0.042919655633641196, 0.010125817246489421, 7.567102512111546, 1.0], [0.038945407587250847, 0.02068257658969186, 7.277636243391385, 1.0], [0.038472787256474295, 0.021937993723817995, 7.243212714191827, 1.0], [0.02813796609591057, 