{"text": "わ", "text_ids": [44], "strokes": [[[0.0, 0.0, 0.0, 1.0], [-0.00645678319043443, -0.015338627522785787, 7.965573406635685, 1.0], [-0.008777673874864233, -0.004897699826841226, 6.4647996440685445, 1.0], [0.0038044854069950312, 0.016143122648778103, 3.3585806445647144, 1.0], [0.0038044854069950416, 0.01614312264877819, 3.358580644564718, 1.0], [0.003804485406995386, 0.01614312264877814, 3.3585806445647144, 1.0], [0.0038044854069950295, 0.016143122648778103, 3.3585806445647144, 1.0], [0.0033488835778612935, 0.016222025047623656, 2.8414051815492343, 1.0], [0.002553602415089828, 0.016359754063370986, 1.9386434337183687, 1.0], [0.002553602415089844, 0.016359754063371076, 1.9386434337183687, 1.0], [0.0025536024150898413, 0.016359754063371076, 1.9386434337183687, 1.0], [0.002553602415089843, 0.01635975406337109, 1.9386434337183758, 1.0], [0.002553602415089831, 0.01635975406337098, 1.9386434337183687, 1.0], [0.002553602415089829, 0.01635975406337098, 1.9386434337183687, 1.0], [0.0025536024150898395, 0.01635975406337109, 1.9386434337183758, 1.0], [0.002553602415089843, 0.016359754063371063, 1.9386434337183687, 1.0], [0.0014021329392058975, 0.016445794856424806, 1.5936846042536956, 1.0], [0.0006190285625277056, 0.016504310451518317, 1.359081104303982, 1.0], [0.0006190285625277056, 0.01650431045151829, 1.359081104303982, 1.0], [0.0006190285625276987, 0.01650431045151826, 1.359081104303982, 1.0], [0.0006190285625277021, 0.01650431045151829, 1.359081104303982, 1.0], [0.0006190285625277091, 0.01650431045151829, 1.359081104303982, 1.0], [0.0006190285625277021, 0.016504310451518345, 1.359081104303982, 1.0], [0.0006190285625277056, 0.01650431045151829, 1.359081104303982, 1.0], [0.0006190285625276952, 0.016504310451518234, 1.359081104303982, 1.0], [0.0006190285625277056, 0.01650431045151829, 1.359081104303982, 1.0], [0.0006190285625277091, 0.016504310451518345, 1.359081104303982, 1.0], [0.0006190285625277056, 0.01650431045151829, 1.359081104303982, 1.0], [0.0005711239265255019, 0.016504296555865938, 1.3549976146591263, 1.0], [6.684113853892143e-05, 0.016504150279036067, 1.312011513215225, 1.0], [6.68411385392545e-05, 0.0165041502790359, 1.312011513215225, 1.0], [6.684113853927531e-05, 0.016504150279035956, 1.3120115132152108, 1.0], [6.684113853892837e-05, 0.016504150279036067, 1.312011513215225, 1.0], [6.684113853928919e-05, 0.016504150279036067, 1.312011513215225, 1.0], [6.684113853924062e-05, 0.01650415027903579, 1.312011513215225, 1.0], [6.684113853893531e-05, 0.016504150279036067, 1.312011513215225, 1.0], [6.684113853924756e-05, 0.016504150279035845, 1.3120115132152108, 1.0], [6.684113853927531e-05, 0.016504150279036067, 1.312011513215225, 1.0], [6.684113853893531e-05, 0.016504150279036067, 1.312011513215225, 1.0], [6.684113853924062e-05, 0.016504150279035845, 1.312011513215225, 1.0], [6.684113853894225e-05, 0.016504150279036067, 1.312011513215225, 1.0], [-0.0004178866750853688, 0.016488109913761595, 1.6530286991080771, 1.0], [-0.0004767345190450564, 0.016486162550960803, 1.6944295132947076, 1.0], [-0.0004767345190454103, 0.016486162550960803, 1.6944295132947218, 1.0], [-0.00047673451904500785, 0.016486162550961025, 1.6944295132947218, 1.0], [-0.00047673451904507724, 0.016486162550960692, 1.6944295132947076, 1.0], [-0.00047673451904537215, 0.016486162550961025, 1.6944295132947218, 1.0], [-0.00047673451904502867, 0.016486162550960803, 1.6944295132947076, 1.0], [-0.0004767345190450564, 0.016486162550960803, 1.6944295132947218, 1.0], [-0.00047673451904540684, 0.016486162550960803, 1.6944295132947218, 1.0], [-0.00047673451904502867, 0.016486162550960914, 1.6944295132947076, 1.0], [0.000556310010936225, 0.01649995975506091, 2.44560811277735, 1.0], [0.0007260687646075126, 0.016502227030192107, 2.569048234797208, 1.0], [0.0007260687646079081, 0.01650222703019233, 2.569048234797222, 1.0], [0.0007260687646075299, 0.016502227030192218, 2.569048234797208, 1.0], [0.0007260687646078595, 0.016502227030191996, 2.569048234797208, 1.0], [0.0007260687646075265, 0.016502227030192218, 2.569048234797208, 1.0], [0.001167651111238871, 0.01646780164655892, 3.006395218518634, 1.0], [0.0025536024150898395, 0.01635975406337109, 4.37905340322267, 1.0], [0.0025536024150898326, 0.01635975406337098, 4.379053403222684, 1.0], [0.0025536024150898465, 0.01635975406337109, 4.37905340322267, 1.0], [0.004118891922743478, 0.016016643361047245, 6.301394117406915, 1.0], [0.005216248993448372, 0.015776103222377325, 7.649064413987446, 1.0], [0.0023773335683674804, 0.004034439688573976, 21.854281629796475, 0.0]], [[0.0, 0.0, 0.0, 1.0], [-0.007013319779851923, -0.049212770180614984, 21.17626818047855, 1.0], [0.027560774309090652, -0.04096828075873665, 14.475949734098911, 1.0], [0.039019737678303947, -0.0332771196826408, 11.164798890173259, 1.0], [0.04307246246594973, -0.027960731521904675, 8.833127051412589, 1.0], [0.04313999050975857, -0.02787214783773287, 8.794275847267201, 1.0], [0.04313999050975893, -0.02787214783773287, 8.79427584729578, 1.0], [0.04401280029027946, -0.025864144567935038, 8.995574464261878, 1.0], [0.05057071897602067, -0.010776868442110232, 10.508046014280723, 1.0], [0.04699018125908952, 0.011984374369567938, 15.344163409533735, 1.0], [0.016394141033004878, 0.04394812297976207, 14.382135871814313, 1.0], [-0.0037376413854214863, 0.05067065442649599, 10.575041824023344, 1.0], [-0.014629113182323156, 0.049238991649116465, 7.747971465098004, 1.0], [-0.015826981560339404, 0.048783281807273315, 7.495581931754032, 1.0], [-0.02065733455213642, 0.04694565136444889, 6.477831935293295, 1.0], [-0.02065733455213678, 0.04694565136444878, 6.477831935293324, 1.0], [-0.024391914209376475, 0.0449379131775316, 5.942507234760853, 1.0], [-0.027159320243823726, 0.04345013482387011, 5.545819804685436, 1.0], [-0.027159320243823698, 0.04345013482387017, 5.545819804685436, 1.0], [-0.028282036051344293, 0.04270302736066389, 5.710210015622636, 1.0], [-0.02936503407897026, 0.04198234996068706, 5.868784672729447, 1.0], [-0.029365034078969975, 0.04198234996068673, 5.868784672729447, 1.0], [-0.03384969829703888, 0.0383492557239532, 10.172475114113212, 1.0], [-0.03827642749919685, 0.03313753330770264, 20.545183309917917, 1.0], [0.011343302492171192, -0.042735323979859796, 21.59520721632245, 1.0], [0.020432252299472875, -0.0470466504191599, 7.715256450015204, 1.0], [0.020432252299472514, -0.047046650419159675, 7.715256450015232, 1.0], [0.02545772153937651, -0.044453315519368264, 5.512359828155752, 1.0], [0.025829778795009625, -0.044261319703715274, 5.3492698494003434, 1.0], [0.02582977879500962, -0.04426131970371533, 5.3492698494003434, 1.0], [0.03407047458479656, -0.03818656903692974, 4.319424552727924, 1.0], [0.03459641565723348, -0.037798863804024974, 4.253697343085378, 1.0], [0.034596415657233495, -0.03779886380402481, 4.253697343085264, 1.0], [0.03459641565723384, -0.03779886380402475, 4.253697343085321, 1.0], [0.03925259482445187, -0.03272498825832676, 3.985555116502553, 1.0], [0.041169284470067846, -0.03063635627653888, 3.8751758955176, 1.0], [0.04116928447006851, -0.030636356276539156, 3.875175895517657, 1.0], [0.041169284470067846, -0.030636356276538906, 3.8751758955176, 1.0], [0.04364814315777554, -0.0268320342142484, 4.114306226022393, 1.0], [0.04544650535204081, -0.024072074961402873, 4.2877904782770315, 1.0], [0.04544650535204131, -0.02407207496140315, 4.2877904782770315, 1.0], [0.045446505352040756, -0.024072074961402984, 4.2877904782770315, 1.0], [0.04937628592345311, -0.01442247663970482, 5.368340003467779, 1.0], [0.05008055326831218, -0.012693144208672902, 5.561988409852347, 1.0], [0.05008055326831229, -0.012693144208673034, 5.561988409852404, 1.0], [0.05109154309116226, 0.0043682855962238545, 6.942488341086516, 1.0], [0.05135776124242075, 0.008860974046520573, 7.306007469765461, 1.0], [0.04834733661319457, 0.017264300496866336, 6.9992357390546545, 1.0], [0.04487969177963247, 0.026943915547638655, 6.645871832596185, 1.0], [0.043674662275765996, 0.028055983054442762, 6.6418885659349485, 1.0], 