{"text": "わ", "text_ids": [44], "strokes": [[[0.0, 0.0, 0.0, 1.0], [0.0006625232836182911, -0.01807782566584286, 12.70141359530168, 1.0], [-0.0023347444121961936, -0.01808408986215662, 2.156627345519677, 1.0], [0.00181481792634524, -0.01807541740585878, 13.063477062770534, 1.0], [0.014999509054652641, -0.005736797925326317, 29.287295426114767, 1.0], [0.016826850990079176, 0.0037170171041687947, 22.42219803248188, 1.0], [0.0051754733661809535, 0.017504960360225738, 6.616270280559803, 1.0], [0.0051754733661813004, 0.017504960360225797, 6.616270280559817, 1.0], [0.0019396637466731134, 0.01786041416776061, 4.789568442402384, 1.0], [-0.0009768496979312147, 0.018180793278559183, 3.143117910161237, 1.0], [-0.0009768496979308677, 0.018180793278559225, 3.143117910161223, 1.0], [-0.0009768496979312077, 0.0181807932785591, 3.143117910161223, 1.0], [-0.0009768496979312077, 0.018180793278559093, 3.143117910161209, 1.0], [-0.0011094486806122877, 0.018168360256931734, 2.9289404746136967, 1.0], [-0.002107207482271757, 0.018074806320775808, 1.317333680099722, 1.0], [-0.002107207482271757, 0.01807480632077582, 1.3173336800997077, 1.0], [-0.002107207482271757, 0.018074806320775794, 1.317333680099722, 1.0], [-0.002107207482271757, 0.01807480632077585, 1.3173336800997077, 1.0], [-0.0021072074822717536, 0.018074806320775794, 1.3173336800997077, 1.0], [-0.0021072074822717606, 0.01807480632077582, 1.317333680099722, 1.0], [-0.0021072074822717536, 0.018074806320775794, 1.3173336800997077, 1.0], [-0.0021072074822717536, 0.01807480632077582, 1.317333680099722, 1.0], [-0.0021072074822717606, 0.01807480632077585, 1.3173336800997077, 1.0], [-0.0021072074822717536, 0.018074806320775794, 1.3173336800997077, 1.0], [-0.002107207482271757, 0.018074806320775794, 1.317333680099722, 1.0], [-0.002107207482271778, 0.018074806320776016, 1.3173336800997077, 1.0], [-0.0029392667028240622, 0.017950333239481697, 1.2017402407996371, 1.0], [-0.0029636220192455053, 0.01794668977131758, 1.1983566898204856, 1.0], [-0.002963622019245853, 0.017946689771317526, 1.1983566898204856, 1.0], [-0.0029636220192455136, 0.017946689771317526, 1.1983566898204856, 1.0], [-0.0029636220192454997, 0.017946689771317526, 1.1983566898204856, 1.0], [-0.0029636220192458536, 0.017946689771317526, 1.1983566898204572, 1.0], [-0.0029636220192454997, 0.017946689771317526, 1.1983566898204856, 1.0], [-0.0029636220192458427, 0.01794668977131736, 1.1983566898204856, 1.0], [-0.0029636220192455, 0.017946689771317526, 1.1983566898204856, 1.0], [-0.0029636220192455227, 0.017946689771317692, 1.1983566898204856, 1.0], [-0.0029636220192458297, 0.01794668977131736, 1.1983566898204856, 1.0], [-0.002963622019245521, 0.017946689771317526, 1.1983566898204572, 1.0], [-0.00296362201924584, 0.017946689771317526, 1.1983566898204856, 1.0], [-0.0029636220192455105, 0.017946689771317526, 1.1983566898204856, 1.0], [-0.0017649099000372238, 0.018103393768536646, 1.7219396163404497, 1.0], [-0.0014375097349691238, 0.018146193798447507, 1.8649440406908298, 1.0], [-0.0014375097349694638, 0.018146193798447285, 1.8649440406908013, 1.0], [-0.001437509734969436, 0.018146193798447174, 1.8649440406908298, 1.0], [-0.0014375097349694638, 0.018146193798447396, 1.8649440406908298, 1.0], [-0.0014375097349691099, 0.018146193798447285, 1.8649440406908013, 1.0], [-0.0014375097349694638, 0.018146193798447396, 1.8649440406908298, 1.0], [-0.00143750973496945, 0.018146193798447285, 1.8649440406908298, 1.0], [-0.0014375097349694707, 0.018146193798447285, 1.8649440406908013, 1.0], [0.00012153432934012415, 0.01818289424977071, 2.465388298256272, 1.0], [0.0008897245008014434, 0.01820097771940432, 2.7612461176285876, 1.0], [0.0008897245008014573, 0.0182009777194041, 2.7612461176285876, 1.0], [0.0008897245008010826, 0.018200977719404432, 2.7612461176285876, 1.0], [0.0008897245008014434, 0.01820097771940432, 2.7612461176285876, 1.0], [0.0008897245008014296, 0.01820097771940432, 2.7612461176285876, 1.0], [-0.0006485174006944719, 0.018136217446819813, 3.778117989484599, 1.0], [-0.002107207482271757, 0.018074806320775738, 4.742401248358959, 1.0], [-0.002107207482271757, 0.01807480632077585, 4.742401248358959, 1.0], [-0.002107207482271764, 0.01807480632077596, 5.837756411275905, 1.0], [-0.0021072074822717918, 0.01807480632077607, 12.597003315953629, 1.0], [-0.001365105668034175, 0.0016528412698380013, 22.060797174369696, 1.0], [-0.0004673658153787827, -0.018213236675661992, 7.545114184099901, 1.0], [-0.0006843147798429178, -0.01818980844392759, 7.98089347116283, 1.0], [-0.003710491792157551, -0.017863012801048517, 14.05949017803772, 0.0]], [[-0.09686577055388144, 0.24772078651004106, 0.0, 1.0], [0.014145150374959115, -0.04382426468726816, 18.83161983336086, 1.0], [0.04262260374897736, -0.02668316275061819, 13.424096179549963, 1.0], [0.044461055710522744, -0.022302366922605177, 20.679481034853957, 1.0], [0.030507593157299222, 0.023110020984732554, 29.081750691188752, 1.0], [-0.007505378571151064, 0.04988543061627443, 16.630437845824716, 1.0], [-0.009989334170558556, 0.049468589479623126, 11.613353860659544, 1.0], [-0.0167126332847731, 0.04752352872919707, 7.795904385611308, 1.0], [-0.017169707699324497, 0.04739129639970169, 7.536380236195129, 1.0], [-0.01869592151037237, 0.046790194790391815, 7.495112892578518, 1.0], [-0.019046256713285303, 0.04665221474280956, 7.485640167921588, 1.0], [-0.020752248459310937, 0.045871772601905836, 7.632856901918359, 1.0], [-0.022192136875402307, 0.04521306507841705, 7.757110533526259, 1.0], [-0.02410311242760957, 0.044106542126690185, 8.47723348943694, 1.0], [-0.027640294920729738, 0.04205838739830359, 9.810168549542027, 1.0], [-0.030123213435721163, 0.039915794280034556, 21.28124808276283, 1.0], [0.005492415275893919, -0.0438947234971212, 36.96734606874185, 1.0], [0.01696595624637609, -0.04746641323392842, 10.481698401204, 1.0], [0.021684281873806804, -0.0454320345730338, 8.021872828243886, 1.0], [0.022192136875401933, -0.04521306507841705, 7.757110533539532, 1.0], [0.025039049985599526, -0.04362800264616473, 5.785598424355385, 1.0], [0.02619461759901115, -0.04298462269705883, 4.985357793665912, 1.0], [0.02619461759901083, -0.04298462269705905, 4.985357793665912, 1.0], [0.029076810033595673, -0.04091711232623213, 4.986976992413645, 1.0], [0.031937310985981335, -0.038865162111578866, 4.9885840050143315, 1.0], [0.03193731098598135, -0.03886516211157903, 4.988584005014275, 1.0], [0.03193731098598134, -0.038865162111578866, 4.9885840050143315, 1.0], [0.03715046972673351, -0.03379834723546418, 5.143961366277836, 1.0], [0.03777086668598029, -0.03319536606828152, 5.162452198277663, 1.0], [0.0377708666859802, -0.033195366068281495, 5.16245219827772, 1.0], [0.042857754477179766, -0.025927088990278, 5.112894081841944, 1.0], [0.044174719774012355, -0.024045374851417667, 5.100063777301898, 1.0], [0.04417471977401227, -0.024045374851417486, 5.100063777301898, 1.0], [0.0451667286486217, -0.022085390349515382, 5.469389151995983, 1.0], [0.045684322715795145, -0.02106274188748757, 5.662089668786905, 1.0], [0.04568432271579548, -0.021062741887487694, 5.662089668786905, 1.0], [0.04863068401467424, -0.010382630926467299, 6.920422607178011, 1.0], [0.050184595698671064, -0.004749937741477278, 7.584067712775891, 1.0], [0.049187595469706635, 0.004092998953184698, 8.248636186024271, 1.0], [0.04777152187803235, 0.016652924981654344, 9.192545562859607, 1.0], [0.029224215753335114, 0.036725686690048234, 9.78014793280181, 1.0], [0.02019702370392218, 0.04649533591487335, 10.066140917793348, 1.0], [0.010458246603389898, 0.04952581538814611, 8.86426352458858, 1.0], [0.009456608800641586, 0.049627483430517566, 8.704319087935517, 1.0], [-0.0033385632045822566, 0.050414631806872084, 6.57265043967692, 1.0], [-0.0033385632045822566, 0.05041463180687214, 6.57265043967692, 1.0], [-0.009126845587601684, 0.04943605889046804, 6.400487233321428, 1.0], [-0.012564979895635098, 0.04885480440180073, 6.298225424518137, 1.0], [-0.012564979895634987, 0.04885480440180057, 6.29822542451808, 1.0], 