{"text": "わ", "text_ids": [44], "strokes": [[[0.0, 0.0, 0.0, 1.0], [-0.00014273584813159244, 0.008049388841553637, 33.14411471130799, 1.0], [-0.0002917090333243241, 0.01645052359696247, 12.317320587632445, 1.0], [-0.0002917090333243241, 0.016450523596962464, 7.397384316136886, 1.0], [-0.00029170903332432466, 0.016450523596962502, 7.27176392301547, 1.0], [-0.0002917090333243242, 0.016450523596962474, 6.657645884523191, 1.0], [-0.0002917090333243236, 0.016450523596962432, 6.657645884523205, 1.0], [0.0004836653826813422, 0.01638031972196674, 5.5162490081533235, 1.0], [0.0009662760113669628, 0.016336623237341363, 4.805817695598179, 1.0], [0.0009662760113669616, 0.016336623237341433, 4.8058176955981935, 1.0], [0.0006051537529405904, 0.016369319933757176, 4.488001775479432, 1.0], [-0.0002917090333243242, 0.016450523596962474, 3.6986921580684395, 1.0], [-0.000291709033324324, 0.016450523596962446, 3.6986921580684395, 1.0], [-0.00029170903332432455, 0.016450523596962502, 3.6986921580684395, 1.0], [-0.0002917090333243251, 0.01645052359696253, 3.6986921580684538, 1.0], [-0.000695736485981439, 0.016464322665672243, 2.9781951472151604, 1.0], [-0.0008765400231685277, 0.016470497791684635, 2.6557705019633175, 1.0], [-0.0008765400231685284, 0.01647049779168469, 2.6557705019633318, 1.0], [-0.0008765400231687667, 0.016470497791684746, 2.6557705019633175, 1.0], [-0.0008765400231685277, 0.016470497791684635, 2.6557705019633175, 1.0], [-0.0008765400231685273, 0.016470497791684635, 2.6557705019633175, 1.0], [-0.0008765400231685282, 0.01647049779168469, 2.6557705019633175, 1.0], [-0.0005627125959379647, 0.01645977939568727, 2.2475133433682117, 1.0], [-0.00029170903332432444, 0.016450523596962474, 1.8949656217807842, 1.0], [-0.00029170903332432444, 0.01645052359696253, 1.8949656217808126, 1.0], [-0.0002917090333243253, 0.01645052359696253, 1.8949656217807842, 1.0], [-0.0002917090333243227, 0.01645052359696242, 1.8949656217807842, 1.0], [-0.0002917090333243253, 0.016450523596962474, 1.8949656217808126, 1.0], [-0.0002917090333243227, 0.01645052359696242, 1.8949656217807842, 1.0], [-0.0002917090333243253, 0.01645052359696253, 1.8949656217808126, 1.0], [0.00011519602636243971, 0.01642118640560375, 2.3705541747644645, 1.0], [0.00036363678264024306, 0.016403274232150156, 2.6609304602582995, 1.0], [0.00036363678264047985, 0.016403274232150267, 2.6609304602582995, 1.0], [0.0003636367826404816, 0.016403274232150156, 2.6609304602582995, 1.0], [0.00036363678264047985, 0.016403274232150267, 2.660930460258328, 1.0], [0.00036363678264024306, 0.016403274232150156, 2.6609304602582995, 1.0], [0.0006840039616216606, 0.01636018039101128, 2.644621277109991, 1.0], [0.001743586399773965, 0.01621765181673962, 2.5906802832180915, 1.0], [0.0017435863997744337, 0.016217651816739842, 2.5906802832180915, 1.0], [0.001743586399773964, 0.01621765181673962, 2.59068028321812, 1.0], [0.0017435863997741982, 0.016217651816739953, 2.5906802832180915, 1.0], [0.001743586399774196, 0.016217651816739842, 2.5906802832180915, 1.0], [0.0017484815892543403, 0.01621677150754164, 2.596904013782307, 1.0], [0.001830728804322613, 0.01620198086864355, 2.7014728988748686, 1.0], [0.0018307288043226157, 0.01620198086864344, 2.7014728988748686, 1.0], [0.0018307288043226157, 0.01620198086864333, 2.7014728988748686, 1.0], [0.0018307288043226087, 0.01620198086864344, 2.7014728988748686, 1.0], [0.0018307288043226157, 0.01620198086864344, 2.7014728988748686, 1.0], [0.001776675489317054, 0.016211167876444166, 2.80602723944466, 1.0], [0.0014257732043894793, 0.016270807919402608, 3.484771124095232, 1.0], [0.0014257732043892538, 0.016270807919402386, 3.4847711240952037, 1.0], [0.0014257732043894793, 0.01627080791940272, 3.484771124095232, 1.0], [0.0014257732043894862, 0.016270807919402497, 3.4847711240952037, 1.0], [0.0012332997289709324, 0.01629663038360951, 3.5931249872265596, 1.0], [0.00067130203143222, 0.01637202864509768, 3.9095042777592255, 1.0], [0.0006713020314319841, 0.016372028645097347, 3.909504277759197, 1.0], [0.0006713020314322235, 0.01637202864509768, 3.909504277759197, 1.0], [0.0006713020314319806, 0.01637202864509746, 3.909504277759197, 1.0], [0.0007873117137940852, 0.016358698747406586, 4.1439763754833905, 1.0], [0.000799244518681963, 0.016357327628504614, 4.16809427441089, 1.0], [0.0007992445186821989, 0.016357327628504503, 4.168094274410919, 1.0], [0.000944135259647573, 0.016330543282428556, 4.772949887342719, 1.0], [0.002928478704891154, 0.015963719693725342, 13.056717799913287, 1.0], [0.0009086167960064562, -0.008866774996117655, 37.05479490786581, 0.0]], [[0.0, 0.0, 0.0, 1.0], [0.01711407055418504, -0.03012125664903678, 35.40108074535948, 1.0], [0.03268226747002692, -0.03389923397236133, 17.35822861291173, 1.0], [0.032682267470026935, -0.03389923397236122, 14.85964169781667, 1.0], [0.03373982253271388, -0.03277001401395088, 18.5592702171146, 1.0], [0.03665849918297696, -0.022645679075529945, 59.3483148438833, 1.0], [-0.016267780947863256, 0.04350297243213461, 30.38410708775615, 1.0], [-0.019061003260552954, 0.042653517867276475, 18.678560718099334, 1.0], [-0.01705610391606124, 0.04338743888680005, 13.242885863223705, 1.0], [-0.018491030318033588, 0.0428667042837699, 10.730421080779195, 1.0], [-0.018566524640277846, 0.04283614845076528, 9.814778917140984, 1.0], [-0.016457363058704454, 0.04358382844891778, 9.109437754243032, 1.0], [-0.016457363058704218, 0.043583828448917616, 9.10943775424306, 1.0], [-0.01645736305870421, 0.04358382844891778, 9.10943775424306, 1.0], [-0.01402108149497977, 0.04417867857604291, 9.23736010174656, 1.0], [-0.010640084446531278, 0.04500419339092576, 9.414886823526217, 1.0], [-0.011034040063076428, 0.044933971941256146, 10.239859381109227, 1.0], [-0.011090858351664429, 0.04492345426696165, 10.816479946241827, 1.0], [-0.010305282556171913, 0.04506031831298285, 12.882690417644085, 1.0], [-0.008249767205561129, 0.04533359517523994, 13.132401527058505, 1.0], [-0.0074255389797827365, 0.0454331901499907, 20.646409343812536, 1.0], [-0.007895917613126219, -3.622392065805169e-05, 70.72219327060998, 1.0], [0.010647661120497115, -0.0449701402807422, 19.13563137220001, 1.0], [0.009281494918776917, -0.045167036609683575, 14.652773570687714, 1.0], [0.01325259590490567, -0.044472520114592906, 12.668219231484784, 1.0], [0.014868819228718091, -0.044052527956073506, 9.634435200431824, 1.0], [0.01569956459858958, -0.043782908594117265, 9.106930413143516, 1.0], [0.02017044104206024, -0.042201391575861114, 8.773489613777826, 1.0], [0.02046851208456176, -0.04206621203766309, 8.741360938653088, 1.0], [0.02186543298815616, -0.041432688160060516, 8.59078872100389, 1.0], [0.022992861850827932, -0.040775026081301846, 8.347498145338704, 1.0], [0.027588705319049743, -0.03809413678616863, 7.355750071405964, 1.0], [0.02767571146505327, -0.03802513790395623, 7.391403560356139, 1.0], [0.03157593756468495, -0.034932123747929866, 8.989643162199172, 1.0], [0.03196952037196596, -0.03453921061391654, 8.87800203708855, 1.0], [0.034585989814997914, -0.03192719304126454, 8.135831426396862, 1.0], [0.03466754811859696, -0.03182972793050809, 8.134844049148683, 1.0], [0.03656392874216838, -0.029563484772469478, 8.111885711384048, 1.0], [0.03662302365529829, -0.029484421655145365, 8.29144792531406, 1.0], [0.03742262170574595, -0.028414638976289916, 10.721057998130277, 1.0], [0.04013560134026578, -0.023167968079259527, 11.183279001657866, 1.0], [0.04325123093649247, -0.01668167836624626, 12.071527449808855, 1.0], [0.044926510179314205, -0.009824683721751826, 15.161865623937842, 1.0], [0.045295140774602616, -0.006508148689665566, 16.686883342538522, 1.0], [0.044554464170598496, 0.005504549481718218, 16.503176150914783, 1.0], [0.04280806424265682, 0.01209907657160407, 18.226833866773973, 1.0], [0.03881948053207951, 0.019365087870777814, 18.682613099109062, 1.0], [0.02348339921911169, 0.0368275804909184, 17.31390754730421, 1.0], [0.013345286406302281, 0.0425753098729723, 13.812131424829204, 1.0], [0.010229852698326214, 