{"text": "を", "text_ids": [45], "strokes": [[[0.0, 0.0, 0.0, 1.0], [-0.007571897647451043, -0.0005092306764475851, 5.02836605484985, 1.0], [-0.007571897647451043, -0.0005092306764475851, 5.02836605484985, 1.0], [-0.00757189764745104, -0.0005092306764475851, 5.028366054849849, 1.0], [-0.005827819967517488, -0.004791711322611921, 8.9137125556407, 1.0], [0.0034597016311182435, -0.0024519746586434098, 5.9058944031640905, 1.0], [0.007401068652668232, -0.0009939457574273704, 4.191110796133053, 1.0], [0.007401068652668225, -0.0009939457574274571, 4.191110796133067, 1.0], [0.007401068652667888, -0.0009939457574273947, 4.19111079613306, 1.0], [0.0074782444387771355, -0.0005207606032933965, 2.79655027838988, 1.0], [0.007522250480371348, -0.000250947924672517, 2.0013644922260383, 1.0], [0.0075222504803716915, -0.00025094792467249445, 2.001364492226031, 1.0], [0.007522250480371348, -0.00025094792467251874, 2.001364492226031, 1.0], [0.007522250480371348, -0.00025094792467251527, 2.0013644922260383, 1.0], [0.007522250480371688, -0.0002509479246725812, 2.001364492226031, 1.0], [0.007522250480371348, -0.000250947924672517, 2.001364492226031, 1.0], [0.007522250480371348, -0.00025094792467251527, 2.001364492226031, 1.0], [0.007533838557030534, -0.00013874322296630187, 1.7686428961400793, 1.0], [0.007540291630042453, -7.625958968549874e-05, 1.6390468039508193, 1.0], [0.007540291630042453, -7.625958968549874e-05, 1.6390468039508335, 1.0], [0.0075402916300420925, -7.625958968543282e-05, 1.6390468039508193, 1.0], [0.007540291630042453, -7.625958968549874e-05, 1.6390468039508193, 1.0], [0.007540291630042453, -7.625958968541374e-05, 1.6390468039508335, 1.0], [0.007540291630042439, -7.625958968549354e-05, 1.6390468039508193, 1.0], [0.007540291630042467, -7.625958968541374e-05, 1.6390468039508193, 1.0], [0.0075402916300420925, -7.62595896855213e-05, 1.6390468039508335, 1.0], [0.007540291630042467, -7.625958968540854e-05, 1.6390468039508193, 1.0], [0.0075468973293323915, 0.00021025349352589255, 1.556297912692017, 1.0], [0.007564718130037007, 0.0009832061108511411, 1.3330586408152953, 1.0], [0.007564718130037368, 0.0009832061108511602, 1.3330586408152811, 1.0], [0.007564718130037423, 0.0009832061108511637, 1.3330586408152811, 1.0], [0.007564718130037368, 0.0009832061108512504, 1.3330586408152953, 1.0], [0.007564718130037035, 0.0009832061108511394, 1.3330586408152811, 1.0], [0.007564718130037368, 0.0009832061108511654, 1.3330586408152811, 1.0], [0.007564718130037396, 0.0009832061108511628, 1.3330586408152811, 1.0], [0.007564718130037368, 0.0009832061108511637, 1.3330586408152953, 1.0], [0.007564718130037368, 0.0009832061108512487, 1.3330586408152811, 1.0], [0.007564718130037035, 0.0009832061108511377, 1.3330586408152811, 1.0], [0.007564718130037396, 0.0009832061108511637, 1.3330586408152953, 1.0], [0.007564718130037368, 0.0009832061108511654, 1.333058640815267, 1.0], [0.007494564152844191, 0.0015580407851234588, 1.415661755856803, 1.0], [0.007429234578488181, 0.002093344784953422, 1.492584356143766, 1.0], [0.007429234578488153, 0.0020933447849534274, 1.4925843561437517, 1.0], [0.007429234578488153, 0.002093344784953422, 1.492584356143766, 1.0], [0.007429234578488153, 0.002093344784953424, 1.4925843561437517, 1.0], [0.007429234578488153, 0.0020933447849534256, 1.4925843561437517, 1.0], [0.007429234578488153, 0.002093344784953337, 1.492584356143766, 1.0], [0.00742923457848782, 0.002093344784953398, 1.4925843561437517, 1.0], [0.007429234578488153, 0.0020933447849534274, 1.4925843561437517, 1.0], [0.007429234578488153, 0.002093344784953422, 1.492584356143766, 1.0], [0.0074292345784882086, 0.002093344784953422, 1.4925843561437517, 1.0], [0.0074223141967297845, 0.0021250551045781593, 1.6138950182539844, 1.0], [0.007375238013969165, 0.002340765863634107, 2.4391158080489816, 1.0], [0.007375238013969165, 0.0023407658636341103, 2.439115808048996, 1.0], [0.007375238013968888, 0.0023407658636339958, 2.4391158080489532, 1.0], [0.00737523801396911, 0.0023407658636341103, 2.4391158080489816, 1.0], [0.007375238013969221, 0.002340765863634107, 2.439115808048996, 1.0], [0.007375238013969165, 0.0023407658636341103, 2.4391158080489532, 1.0], [0.007487021166699859, 0.001299704340554493, 4.08950517986942, 1.0], [0.007571897647451364, 0.0005092306764476057, 5.342638933277982, 1.0], [0.007571897647451031, 0.0005092306764475849, 5.342638933277925, 1.0], [0.007571897647451087, 0.0005092306764475849, 7.407361066722075, 1.0], [0.007571897647451031, 0.0005092306764475849, 10.685277866555964, 1.0], [0.001452062838772361, -0.005952934394789097, 19.18527786655585, 0.0]], [[0.0, 0.0, 0.0, 1.0], [-0.02234850784207576, -0.007093008274554141, 11.08654364659152, 1.0], [-0.020876465018237284, -0.006112411258934525, 4.701139718474034, 1.0], [-0.009055431504545103, 0.020398671866463325, 16.230152525965558, 1.0], [-0.007922336864855356, 0.02095021092896493, 11.663261484875179, 1.0], [-0.005208266759629571, 0.022009771679455864, 7.8529684163356634, 1.0], [-0.00520826675962921, 0.022009771679455892, 7.852968416335656, 1.0], [-0.007202104571039286, 0.02127219176429497, 4.628996668132949, 1.0], [-0.007370910362329369, 0.02120974548079794, 4.356043121491922, 1.0], [-0.007370910362328953, 0.021209745480798053, 4.356043121491922, 1.0], [-0.007377503809791075, 0.021206891767610987, 4.345099838570178, 1.0], [-0.007712180076598463, 0.021062040370596544, 3.789630625213178, 1.0], [-0.0077121800765988235, 0.021062040370596516, 3.789630625213178, 1.0], [-0.0077121800765988235, 0.0210620403705966, 3.789630625213178, 1.0], [-0.007712180076598768, 0.02106204037059653, 3.7896306252131637, 1.0], [-0.008077044823459056, 0.02089426622621164, 3.5365362084810954, 1.0], [-0.008396222365282549, 0.020747500227448798, 3.315133470954521, 1.0], [-0.008396222365282882, 0.020747500227448812, 3.315133470954521, 1.0], [-0.008396222365282896, 0.020747500227448756, 3.315133470954521, 1.0], [-0.008396222365282535, 0.020747500227448812, 3.315133470954521, 1.0], [-0.00948230617893385, 0.020181486974749557, 3.896361704011383, 1.0], [-0.009932314654481814, 0.019946964778777554, 4.137188082064213, 1.0], [-0.009932314654481494, 0.019946964778777443, 4.137188082064185, 1.0], [-0.00993231465448182, 0.019946964778777443, 4.137188082064213, 1.0], [-0.01071639798266514, 0.01947183262218466, 4.450609126796493, 1.0], [-0.011243551679818525, 0.019152392501496696, 4.661327881497243, 1.0], [-0.011243551679818529, 0.01915239250149664, 4.661327881497243, 1.0], [-0.011243551679818529, 0.019152392501496474, 4.661327881497215, 1.0], [-0.008620806477612993, 0.02062844500284411, 4.686983209428718, 1.0], [-0.00848550438013065, 0.02070459155312976, 4.688306715683808, 1.0], [-0.008485504380130654, 0.02070459155312976, 4.688306715683808, 1.0], [-0.009873512914560838, 0.019931060265782896, 6.48795063418828, 1.0], [-0.011064502541695363, 0.019267326782420602, 8.032146643295931, 1.0], [-0.003760862245778901, 0.014775962732396175, 28.50523008978672, 1.0], [0.011211541447407988, -0.018945320163589685, 16.74593182494658, 1.0], [0.009983858407867755, -0.019914718611893978, 9.56756613630634, 1.0], [0.011848841852338823, -0.01874797068543249, 6.46047373327778, 1.0], [0.011848841852338827, -0.018747970685432103, 6.460473733277752, 1.0], [0.014113541479050005, -0.01680868992737139, 7.1050020422378, 1.0], [0.015964264326492617, -0.015223900861211337, 7.631713511232164, 1.0], [0.015461435084756926, -0.015712334875767398, 7.844598978164413, 1.0], [0.014406306060070394, -0.016737257180649445, 8.291314515865963, 1.0], [0.016299062281451213, -0.0139911849510444, 8.097343717844353, 1.0], [0.021354482083783502, -0.006656617629925199, 7.5792612504263275, 1.0], [0.02140130256366804, -0.006415154281101898, 7.555489097841701, 1.0], [0.02294442750633191, 0.0015430750498436896, 6.771998589321129, 1.0], [0.022944427506331244, 0.0015430750498436896, 6.771998589321072, 1.0], [0.02263328121116509, 0.004855942213512154, 6.9399664487385735, 1.0], [0.02247778567389483, 0.006511549455254173, 7.023908481634123, 