{"text": "を", "text_ids": [45], "strokes": [[[0.0, 0.0, 0.0, 1.0], [-0.005542074306603562, -0.004844362824050381, 25.56818341856659, 1.0], [0.009078888326690368, -0.003990000817304834, 12.31780396840064, 1.0], [0.010744392731800008, -0.002444761165514642, 8.502637949753023, 1.0], [0.010448697856675038, -0.003777632665627615, 4.563850425525281, 1.0], [0.0104257889321911, -0.0038808967229773915, 4.258693341173149, 1.0], [0.010425788932191288, -0.003880896722977461, 4.258693341173142, 1.0], [0.0104257889321911, -0.003880896722977388, 4.2586933411731565, 1.0], [0.01062484643227879, -0.003100215135037148, 2.608783158067837, 1.0], [0.010638397882157966, -0.0030470678413868427, 2.49646046165401, 1.0], [0.010638397882157785, -0.0030470678413868635, 2.49646046165401, 1.0], [0.010638397882157952, -0.0030470678413868427, 2.496460461653996, 1.0], [0.010638397882157785, -0.0030470678413868565, 2.4964604616540242, 1.0], [0.010638397882157966, -0.0030470678413868427, 2.496460461653996, 1.0], [0.01071099988577412, -0.0026025931389610374, 2.2876491200923965, 1.0], [0.01077611370576842, -0.0022039616367423784, 2.1003746176005933, 1.0], [0.010776113705768253, -0.0022039616367424963, 2.1003746176006075, 1.0], [0.010776113705768392, -0.0022039616367424686, 2.1003746176005933, 1.0], [0.010776113705768392, -0.0022039616367424894, 2.1003746176006075, 1.0], [0.010776113705768225, -0.0022039616367423923, 2.1003746176005933, 1.0], [0.01077611370576842, -0.0022039616367424894, 2.1003746176006075, 1.0], [0.010776113705768253, -0.0022039616367424894, 2.1003746176005933, 1.0], [0.010786007450216212, -0.0021128796169951752, 2.0404347739752637, 1.0], [0.010798942289024283, -0.0019938012185229947, 1.9620708926802592, 1.0], [0.010798942289024255, -0.0019938012185229947, 1.9620708926802735, 1.0], [0.010798942289024283, -0.0019938012185229947, 1.9620708926802735, 1.0], [0.010798942289024088, -0.0019938012185229254, 1.9620708926802592, 1.0], [0.010798942289024283, -0.0019938012185229947, 1.9620708926802735, 1.0], [0.010798942289024227, -0.0019938012185229947, 1.9620708926802592, 1.0], [0.010798942289024283, -0.0019938012185229947, 1.9620708926802735, 1.0], [0.010798942289024227, -0.0019938012185229115, 1.9620708926802592, 1.0], [0.010798942289024283, -0.0019938012185229947, 1.9620708926815666, 1.0], [0.010798942289024338, -0.0019938012185229947, 1.9620708926819503, 1.0], [0.01079894228902406, -0.0019938012185230225, 1.9620708926819361, 1.0], [0.010798942289024227, -0.0019938012185228976, 1.9620708926819503, 1.0], [0.010798942289024283, -0.0019938012185229947, 1.9620708926819503, 1.0], [0.010798942289024283, -0.001993801218522981, 1.9620708926819361, 1.0], [0.010798942289024227, -0.001993801218522953, 1.9620708926819503, 1.0], [0.01079894228902406, -0.0019938012185230225, 1.9620708926819503, 1.0], [0.010784981863400045, -0.0020899153895080347, 1.958755518716174, 1.0], [0.010665685211387554, -0.0029112441310494425, 1.9304245046821507, 1.0], [0.010665685211387776, -0.002911244131049387, 1.9304245046821507, 1.0], [0.010665685211387554, -0.0029112441310494147, 1.9304245046821507, 1.0], [0.010665685211387776, -0.002911244131049387, 1.9304245046821507, 1.0], [0.010665685211387721, -0.002911244131049387, 1.9304245046821507, 1.0], [0.010665685211387554, -0.0029112441310494425, 1.930424504682179, 1.0], [0.010665685211387776, -0.0029112441310494425, 1.9304245046821507, 1.0], [0.010665685211387554, -0.0029112441310494147, 1.9304245046821507, 1.0], [0.01072994444669928, -0.0025303931209535308, 2.8129260221017773, 1.0], [0.010744392731799945, -0.0024447611655146195, 3.011350940537511, 1.0], [0.010744392731800056, -0.0024447611655145918, 3.0113509405375396, 1.0], [0.010744392731799834, -0.0024447611655146195, 3.011350940537511, 1.0], [0.010744392731799945, -0.0024447611655146473, 3.0113509405375396, 1.0], [0.010744392731799834, -0.0024447611655146195, 3.2690079571549404, 1.0], [0.010744392731800056, -0.0024447611655146473, 4.517026410806295, 1.0], [0.010744392731799945, -0.0024447611655145918, 4.517026410806295, 1.0], [0.010744392731799723, -0.0024447611655146473, 4.517026410806295, 1.0], [0.010744392731800168, -0.0024447611655145918, 6.141505845874633, 1.0], [0.010744392731799945, -0.0024447611655146473, 8.502637949753023, 1.0], [-0.000512494899881033, -0.001657178766537648, 19.053443930729316, 1.0], [-0.010432347522511543, 0.0010749531468748352, 21.481644733702325, 1.0], [-0.009973943638302285, 0.005076292539534483, 7.4573067990883715, 1.0], [-0.01010514388732131, 0.003931065060426175, 6.039410458581187, 1.0], [-0.010663980336402035, -0.0009469352680795406, 0.0, 0.0]], [[0.0, 0.0, 0.0, 1.0], [-0.0025502191642852723, -0.017686693494965988, 12.739734650374945, 1.0], [-0.005710300917914302, 0.014045550087468994, 57.44181082815615, 1.0], [-0.007511322801716402, 0.017232219961221956, 10.653792797426107, 1.0], [-0.005947037973070446, 0.01769165025962216, 6.9182502255759175, 1.0], [-0.005947037973070279, 0.017691650259622188, 6.9182502255759175, 1.0], [-0.006588568307182352, 0.017520280628967877, 5.510815326322955, 1.0], [-0.006913962018428255, 0.017433359407712373, 4.796943447077751, 1.0], [-0.006913962018428532, 0.01743335940771229, 4.796943447077751, 1.0], [-0.007077821861576072, 0.01737687814441216, 4.625129928760771, 1.0], [-0.008284577170538099, 0.016960918608292408, 3.3597993181759307, 1.0], [-0.008284577170538043, 0.016960918608292325, 3.3597993181759165, 1.0], [-0.008284577170537988, 0.016960918608292366, 3.3597993181759165, 1.0], [-0.008284577170538099, 0.016960918608292394, 3.3597993181759307, 1.0], [-0.00832723942428426, 0.016943015346996763, 3.333050421219511, 1.0], [-0.00899887636924862, 0.01666116217081382, 2.911939348657114, 1.0], [-0.008998876369248787, 0.016661162170813884, 2.9119393486571425, 1.0], [-0.008998876369248787, 0.0166611621708138, 2.9119393486571425, 1.0], [-0.008998876369248843, 0.0166611621708138, 2.911939348657114, 1.0], [-0.008998876369248732, 0.016661162170813794, 2.9119393486571425, 1.0], [-0.008998876369248843, 0.016661162170813884, 3.451886972196178, 1.0], [-0.008998876369248787, 0.016661162170813724, 3.8674194474352532, 1.0], [-0.008998876369248593, 0.016661162170813898, 3.8674194474352532, 1.0], [-0.008998876369248787, 0.0166611621708138, 3.8674194474352532, 1.0], [-0.008783261722922459, 0.016747216820980834, 4.158122062377657, 1.0], [-0.007726138831060603, 0.0171691285147951, 5.583388825167589, 1.0], [-0.007726138831060769, 0.0171691285147951, 5.583388825167589, 1.0], [-0.008112754470360722, 0.01701482511214633, 6.375139414663408, 1.0], [-0.00899887636924876, 0.016661162170813815, 8.189829418098185, 1.0], [-0.008405715572820022, 0.01681387060864825, 9.760721871300177, 1.0], [0.005475245195496831, 0.01080669339999163, 64.86684444526463, 1.0], [0.017852850616392163, -0.0066455469129087785, 17.826903681913222, 1.0], [0.017852850616392163, -0.006645546912908834, 10.93871406789674, 1.0], [0.018379908553881164, -0.0032148892702000276, 9.954006916260823, 1.0], [0.01857266039465333, -0.001960253814292906, 9.593886894155503, 1.0], [0.018273120813270483, 0.001479156303813206, 7.749951191826142, 1.0], [0.018260723400422563, 0.0016215073980846706, 7.673633958353037, 1.0], [0.016499956802389193, 0.006558860715303733, 7.72720021345981, 1.0], [0.016248867099473874, 0.0072629395971916255, 7.7348388948705065, 1.0], [0.013969605696872833, 0.01036426622805764, 6.347583232567729, 1.0], [0.01288388389355527, 0.01184157722823459, 5.6867666550487, 1.0], [0.012883883893555381, 0.011841577228234673, 5.6867666550487, 1.0], [0.0112500870901317, 0.013290189068999425, 5.50742615805666, 1.0], [0.010509008700161915, 0.01394726890193565, 5.426078608294802, 1.0], [0.01050900870016197, 0.013947268901935705, 5.426078608294858, 1.0], [0.007764276119001823, 0.015620411788186628, 5.2481975332733555, 1.0], [0.0067960376375781895, 0.016210633705800337, 5.185447776471904, 1.0], [0.006796037637578467, 0.016210633705800448, 5.185447776471904, 1.0], [0.004185742178572871, 0.01701478842372428, 