{"text": "を", "text_ids": [45], "strokes": [[[0.0, 0.0, 0.0, 1.0], [0.0045317057423393545, -0.008110810095231794, 12.229244916300019, 1.0], [0.009580807026896013, -0.00416762394921423, 0.7839451122278405, 1.0], [0.009580807026896412, -0.004167623949214171, 0.7839451122278422, 1.0], [0.00995001536322088, -0.0007017929423114022, 1.8706384528856308, 1.0], [0.01007891218391977, 0.0005081867735194229, 2.250021318612621, 1.0], [0.010078912183919354, 0.0005081867735194576, 2.250021318612621, 1.0], [0.01007891218391977, 0.0005081867735194211, 2.250021318612621, 1.0], [0.010078912183919778, 0.0005081867735194211, 2.250021318612621, 1.0], [0.010078912183919389, 0.0005081867735193622, 2.250021318612621, 1.0], [0.01007891218391975, 0.0005081867735194211, 2.250021318612621, 1.0], [0.009956509703381633, 0.0011236089151098298, 1.7227202459855526, 1.0], [0.0098846786290228, 0.001484765269298926, 1.4132771498079535, 1.0], [0.009884678629022425, 0.0014847652692988704, 1.4132771498079535, 1.0], [0.0098846786290228, 0.001484765269298926, 1.4132771498079535, 1.0], [0.009884678629022425, 0.0014847652692988695, 1.4132771498079606, 1.0], [0.009884678629022814, 0.001484765269298926, 1.4132771498079535, 1.0], [0.009884678629022425, 0.0014847652692988704, 1.4132771498079535, 1.0], [0.009884678629022814, 0.001484765269298926, 1.4132771498079535, 1.0], [0.009884678629022425, 0.0014847652692988704, 1.4132771498079535, 1.0], [0.009884678629022814, 0.001484765269298926, 1.4132771498079535, 1.0], [0.009884678629022398, 0.0014847652692988704, 1.4132771498079535, 1.0], [0.00971892727776466, 0.001973294183353387, 1.3834063886252963, 1.0], [0.009348226884829919, 0.0030658817189925225, 1.3166008825246323, 1.0], [0.009348226884829919, 0.003065881718992425, 1.3166008825246323, 1.0], [0.009348226884829919, 0.003065881718992417, 1.3166008825246323, 1.0], [0.009348226884829919, 0.003065881718992431, 1.3166008825246394, 1.0], [0.009348226884829502, 0.003065881718992452, 1.3166008825246323, 1.0], [0.009348226884829947, 0.003065881718992424, 1.3166008825246323, 1.0], [0.009348226884829891, 0.003065881718992417, 1.3166008825246323, 1.0], [0.009348226884830002, 0.003065881718992431, 1.3166008825246323, 1.0], [0.009348226884829891, 0.0030658817189925247, 1.3166008825246323, 1.0], [0.009348226884829947, 0.0030658817189924137, 1.3166008825246323, 1.0], [0.009348226884829947, 0.0030658817189924276, 1.3166008825246323, 1.0], [0.009348226884829836, 0.0030658817189925178, 1.3166008825246323, 1.0], [0.009398478820699885, 0.0029440973248482036, 1.4241964691433893, 1.0], [0.009474825309058466, 0.0027590733915652046, 1.5876637079468665, 1.0], [0.009474825309058799, 0.002759073391565156, 1.5876637079468736, 1.0], [0.00947482530905841, 0.0027590733915651977, 1.5876637079468736, 1.0], [0.009474825309058466, 0.0027590733915651006, 1.5876637079468594, 1.0], [0.009474825309058854, 0.00275907339156526, 1.5876637079468736, 1.0], [0.00947482530905841, 0.0027590733915651908, 1.5876637079468736, 1.0], [0.009474825309058466, 0.0027590733915651075, 1.5876637079468736, 1.0], [0.00947482530905841, 0.0027590733915651977, 1.5876637079468594, 1.0], [0.009474825309058854, 0.002759073391565156, 1.5876637079468736, 1.0], [0.00947482530905841, 0.0027590733915652116, 1.5876637079468736, 1.0], [0.009757370991784087, 0.0018805877459192877, 1.9103030644095043, 1.0], [0.009884678629022814, 0.0014847652692989294, 2.055675854236199, 1.0], [0.009884678629022814, 0.0014847652692989294, 2.055675854236199, 1.0], [0.009884678629022425, 0.0014847652692988739, 2.055675854236199, 1.0], [0.009884678629022425, 0.00148476526929886, 2.055675854236199, 1.0], [0.009884678629022814, 0.0014847652692989294, 2.055675854236199, 1.0], [0.009884678629022814, 0.0014847652692989294, 2.055675854236199, 1.0], [0.00988467862902248, 0.0014847652692988739, 2.055675854236199, 1.0], [0.009884678629022314, 0.00148476526929886, 3.302921618933837, 1.0], [0.00988467862902287, 0.0014847652692989294, 3.4322445066764686, 1.0], [0.00988467862902287, 0.0014847652692989294, 3.4322445066764544, 1.0], [0.009884678629022314, 0.00148476526929886, 3.4322445066764544, 1.0], [0.009884678629022425, 0.0014847652692988739, 3.4322445066764544, 1.0], [0.00988467862902287, 0.0014847652692989294, 7.79360713773535, 1.0], [0.00988467862902287, 0.0014847652692989294, 8.008570515578398, 1.0], [-0.006529842243237383, -0.0009808394729488717, 37.30762178659813, 1.0], [-0.009884678629022314, -0.00148476526929886, 14.051423093470419, 1.0], [-0.00988467862902287, -0.0014847652692989294, 0.0, 0.0]], [[0.0, 0.0, 0.0, 1.0], [-0.011246651568348032, -0.016969338747982926, 11.394538454484582, 1.0], [-0.016212238628777298, -0.00036864325964058864, 7.832395795706603, 1.0], [-0.019580711333439416, 0.010892661587174113, 5.415968458881373, 1.0], [-0.01952680241949062, 0.010957200141430451, 5.394911951660799, 1.0], [-0.014621255155676582, 0.016830012354674767, 3.4788338151443448, 1.0], [-0.014621255155676083, 0.016830012354674836, 3.478833815144341, 1.0], [-0.014621255155676582, 0.01683001235467476, 3.478833815144341, 1.0], [-0.014621255155676083, 0.01683001235467484, 3.478833815144341, 1.0], [-0.01419066754487358, 0.017099166548597326, 3.312146703131461, 1.0], [-0.011153664562715049, 0.01899755393619254, 2.1364759602451144, 1.0], [-0.011153664562715104, 0.018997553936192638, 2.1364759602451215, 1.0], [-0.011153664562715437, 0.018997553936192586, 2.1364759602451215, 1.0], [-0.011153664562715104, 0.01899755393619263, 2.1364759602451215, 1.0], [-0.011153664562715049, 0.01899755393619254, 2.1364759602451215, 1.0], [-0.011153664562715104, 0.01899755393619265, 2.1364759602451144, 1.0], [-0.011153664562715049, 0.018997553936192638, 2.1364759602451215, 1.0], [-0.011435434597437677, 0.01884280239722258, 2.1405608761881183, 1.0], [-0.012839432264478035, 0.01807170975815403, 2.1609151074663515, 1.0], [-0.012839432264477951, 0.01807170975815403, 2.1609151074663657, 1.0], [-0.012839432264478007, 0.01807170975815392, 2.1609151074663515, 1.0], [-0.012839432264478007, 0.01807170975815403, 2.1609151074663657, 1.0], [-0.012839432264477563, 0.018071709758154003, 2.1609151074663515, 1.0], [-0.012839432264478007, 0.01807170975815392, 2.1609151074663515, 1.0], [-0.012839432264478007, 0.018071709758154142, 2.1609151074663657, 1.0], [-0.013374173358852881, 0.01769906518629505, 2.4950208876703357, 1.0], [-0.01462125515567611, 0.01683001235467474, 3.2741965319005573, 1.0], [-0.014621255155676569, 0.01683001235467485, 3.2741965319005715, 1.0], [-0.01462125515567618, 0.01683001235467496, 3.2741965319005573, 1.0], [-0.014621255155676527, 0.016830012354674684, 3.2741965319005573, 1.0], [-0.014416524960103413, 0.01698544183428996, 5.0860869471257075, 1.0], [-0.014126036754110213, 0.017205978089656015, 7.65694756054107, 1.0], [-0.007313827863978377, 0.01449493829941928, 25.44181812323731, 1.0], [0.018772050683903606, 0.008711770371105543, 20.738352432125282, 1.0], [0.018394940385585645, 0.009596501798303236, 8.121419314872583, 1.0], [0.017380024728768317, 0.011065522941568817, 4.952694269900292, 1.0], [0.017075169782003574, 0.011506779670065137, 4.000889557449909, 1.0], [0.017075169782003574, 0.011506779670065082, 4.000889557449881, 1.0], [0.017075169782003907, 0.011506779670065359, 4.000889557449909, 1.0], [0.016390868038596546, 0.01234872108220253, 3.2468076379219326, 1.0], [0.01618634905598329, 0.01260035422896727, 3.021433278621373, 1.0], [0.01618634905598365, 0.012600354228967325, 3.0214332786213447, 1.0], [0.016186349055983734, 0.012600354228967103, 3.0214332786213447, 1.0], [0.016186349055983734, 0.012600354228967325, 3.0214332786213447, 1.0], [0.016138933067863515, 0.012654206398999612, 2.989385629737683, 1.0], [0.015855762153795194, 0.01297581454885055, 2.7979952909941517, 1.0], [0.01585576215379575, 0.01297581454885055, 2.7979952909941517, 1.0], [0.015855762153795583, 0.012975814548850884, 2.79799529099418, 1.0], [0.01585576215379525, 0.01297581454885055, 2.79799529099418, 1.0], [0.01585576215379564, 0.01297581454885044, 