{"text": "を", "text_ids": [45], "strokes": [[[0.0, 0.0, 0.0, 1.0], [0.0004355260144587909, -0.012661410125503394, 12.355722248235615, 1.0], [0.008265287362402165, -0.00810867252253256, 18.262905987767333, 1.0], [0.012590811853271268, 0.0011853942852258423, 9.413883617629935, 1.0], [0.012535440342674318, 0.00175698200749487, 7.330057529213057, 1.0], [0.012439563698255447, 0.002746695168854332, 3.721879772169274, 1.0], [0.01243956369825544, 0.0027466951688544326, 3.7218797721692667, 1.0], [0.012439563698255059, 0.0027466951688542973, 3.721879772169274, 1.0], [0.01243956369825544, 0.002746695168854332, 3.7218797721692667, 1.0], [0.0125603372699825, 0.001499976594092861, 2.4613953856487925, 1.0], [0.012590811853271683, 0.0011853942852258787, 2.143339573671952, 1.0], [0.01259081185327128, 0.001185394285225841, 2.143339573671952, 1.0], [0.01259081185327128, 0.0011853942852258405, 2.143339573671952, 1.0], [0.012590811853271655, 0.001185394285225877, 2.143339573671952, 1.0], [0.012590811853271267, 0.0011853942852258405, 2.143339573671952, 1.0], [0.012590811853271267, 0.0011853942852258423, 2.143339573671952, 1.0], [0.012590811853271683, 0.001185394285225877, 2.143339573671952, 1.0], [0.012549802664252707, 0.0018282124863434244, 1.8127811508978766, 1.0], [0.012543509842407208, 0.0019268523403754038, 1.7620572689126135, 1.0], [0.012543509842407624, 0.001926852340375547, 1.7620572689125993, 1.0], [0.012543509842407208, 0.0019268523403754081, 1.7620572689126135, 1.0], [0.012543509842407208, 0.001926852340375403, 1.7620572689125993, 1.0], [0.012543509842407236, 0.0019268523403754081, 1.7620572689126135, 1.0], [0.012543509842407596, 0.0019268523403755417, 1.7620572689125993, 1.0], [0.012543509842407208, 0.0019268523403754081, 1.7620572689126135, 1.0], [0.012543509842407263, 0.0019268523403754081, 1.7620572689125993, 1.0], [0.012553876147710252, 0.0017643607162657095, 1.739970375056103, 1.0], [0.012590811853271322, 0.0011853942852258388, 1.66127357958176, 1.0], [0.012590811853271655, 0.001185394285225877, 1.6612735795817457, 1.0], [0.012590811853271267, 0.0011853942852258423, 1.66127357958176, 1.0], [0.012590811853271267, 0.0011853942852258423, 1.6612735795817457, 1.0], [0.012590811853271655, 0.001185394285225877, 1.66127357958176, 1.0], [0.012590811853271267, 0.0011853942852258353, 1.6612735795817457, 1.0], [0.012590811853271267, 0.0011853942852258423, 1.66127357958176, 1.0], [0.012590811853271655, 0.001185394285225877, 1.66127357958176, 1.0], [0.012590811853271267, 0.0011853942852258423, 1.6612735795817457, 1.0], [0.012590811853271267, 0.0011853942852258353, 1.7871900226293889, 1.0], [0.012590811853271267, 0.0011853942852258423, 1.8754221269629454, 1.0], [0.01259081185327171, 0.001185394285225884, 1.8754221269629596, 1.0], [0.012590811853271267, 0.0011853942852258423, 1.8754221269629738, 1.0], [0.012590811853271267, 0.0011853942852258353, 1.8754221269629454, 1.0], [0.012590811853271655, 0.001185394285225877, 1.8754221269629596, 1.0], [0.012590811853271267, 0.0011853942852258423, 1.8754221269629596, 1.0], [0.012590811853271267, 0.0011853942852258492, 1.8754221269629454, 1.0], [0.012590811853271267, 0.0011853942852258353, 1.8754221269629738, 1.0], [0.01258438645544857, 0.0005829129493154089, 2.232069725123978, 1.0], [0.012578534661226048, 3.4215903979332996e-05, 2.556878929448004, 1.0], [0.012578534661226048, 3.421590397924279e-05, 2.5568789294480325, 1.0], [0.012578534661225604, 3.421590397929136e-05, 2.556878929448004, 1.0], [0.012578534661226382, 3.421590397937463e-05, 2.556878929448004, 1.0], [0.012578534661225715, 3.42159039792983e-05, 2.556878929448004, 1.0], [0.012581797097083292, 0.00034012018692927, 2.7634066898491767, 1.0], [0.012590811853271378, 0.0011853942852258423, 3.3340837812674806, 1.0], [0.0125908118532716, 0.001185394285225877, 3.3340837812674806, 1.0], [0.012590811853271267, 0.0011853942852258353, 3.3340837812674806, 1.0], [0.012590811853271267, 0.0011853942852258492, 3.3340837812674806, 1.0], [0.01259081185327171, 0.001185394285225877, 3.4930522878887302, 1.0], [0.012590811853271267, 0.0011853942852258492, 4.286679147314544, 1.0], [0.012590811853271267, 0.0011853942852258353, 4.2866791473145724, 1.0], [0.01259081185327171, 0.001185394285225877, 4.286679147314544, 1.0], [0.012284322901421008, 0.0022989576881964624, 6.123325490888561, 1.0], [0.011066791323470326, 0.006722603627087875, 13.4194283596226, 1.0], [0.007555734064231379, 0.009971486767973006, 20.875096396383327, 1.0], [-0.007321970947630652, 0.004816653750427946, 29.006754031290853, 0.0]], [[0.0, 0.0, 0.0, 1.0], [-0.009447231045163929, -0.015968270519879674, 11.175073944117875, 1.0], [-0.010034800365821217, 0.0011132720264262763, 10.381305458088407, 1.0], [-0.010315506128447949, 0.014211805895070484, 9.011139976229355, 1.0], [-0.009266911778317177, 0.014969463573652364, 4.158130236669489, 1.0], [-0.009266911778317177, 0.014969463573652267, 4.158130236669493, 1.0], [-0.009266911778317177, 0.014969463573652371, 4.158130236669493, 1.0], [-0.00915922046224582, 0.01503120531346773, 4.105956352371841, 1.0], [-0.0070283905328605845, 0.016252855785298306, 3.0736198720592824, 1.0], [-0.00702839053286114, 0.016252855785298243, 3.0736198720592824, 1.0], [-0.00702839053286064, 0.016252855785298295, 3.0736198720592824, 1.0], [-0.0070283905328610286, 0.016252855785298163, 3.0736198720592824, 1.0], [-0.007028390532860751, 0.016252855785298292, 3.0736198720592824, 1.0], [-0.007263254043376743, 0.016134501479465727, 3.08695665723625, 1.0], [-0.0074825221756698035, 0.016024006121835348, 3.099407854828087, 1.0], [-0.007482522175669415, 0.01602400612183537, 3.099407854828087, 1.0], [-0.0074825221756696925, 0.01602400612183534, 3.099407854828087, 1.0], [-0.007482522175669859, 0.01602400612183534, 3.099407854828087, 1.0], [-0.007271931245305729, 0.01612906556850742, 3.77767818806322, 1.0], [-0.006889131365352408, 0.016320036487837003, 5.010598341318911, 1.0], [-0.006889131365352408, 0.016320036487836892, 5.010598341318925, 1.0], [-0.006889131365352796, 0.01632003648783692, 5.010598341318925, 1.0], [-0.008524733323345746, 0.015435470410161467, 9.399764864759248, 1.0], [-0.007105511106146323, 0.015896558537170563, 10.291134005464968, 1.0], [-0.0006213640216651273, 0.01806400640685263, 13.430767370824029, 1.0], [0.0010042542255592757, 0.017833032307671803, 18.989724884873226, 1.0], [0.007477659950262727, 0.016913265899754226, 9.572734689930627, 1.0], [0.008000876022820902, 0.01667816190638527, 8.441527470276498, 1.0], [0.008709218121110307, 0.01635987264748584, 6.910072804423493, 1.0], [0.008843329762562191, 0.016285756947353347, 6.698591967360613, 1.0], [0.009935322045948769, 0.015682276356508873, 4.976627791420611, 1.0], [0.00993532204594838, 0.015682276356508484, 4.976627791420555, 1.0], [0.00993532204594838, 0.015682276356508817, 4.976627791420611, 1.0], [0.010924100066502407, 0.01500684848317052, 4.318337918866916, 1.0], [0.01136128120794111, 0.01470821287185331, 4.027279752222938, 1.0], [0.011361281207940721, 0.01470821287185331, 4.027279752222938, 1.0], [0.011361281207940666, 0.014708212871853032, 4.027279752222938, 1.0], [0.011786879734819955, 0.014359174731763569, 3.470940231204054, 1.0], [0.012262589218830389, 0.013969040031957536, 2.8490960053346157, 1.0], [0.01226258921883, 0.01396904003195748, 2.8490960053345873, 1.0], [0.01226258921883, 0.013969040031957425, 2.8490960053346157, 1.0], [0.012262589218830389, 0.013969040031957536, 2.8490960053345873, 1.0], [0.01226258921883, 0.013969040031957258, 2.8490960053345873, 1.0], [0.011715403201462304, 0.014427091092384714, 2.875348162867141, 1.0], [0.011623640301024474, 0.01450390609225538, 2.8797506403454918, 1.0], [0.011623640301024918, 0.014503906092255603, 2.87975064034552, 1.0], [0.011623640301024363, 0.014503906092255492, 2.8797506403454918, 1.0], [0.011623640301024474, 0.01450390609225538, 2.8797506403454918, 1.0], [0.011623640301024363, 0.014503906092255603, 2.87975064034552, 1.0], [0.012947941781743189, 0.013323196634127954, 3.5235417885401716, 