{"text": "を", "text_ids": [45], "strokes": [[[0.0, 0.0, 0.0, 1.0], [-0.006227642655618012, -0.00015512361045037668, 5.169420567483754, 1.0], [-0.006227642655618012, -0.00015512361045037668, 5.169420567483754, 1.0], [-0.006090821666469523, -0.0009648135571239156, 3.950236781698985, 1.0], [-0.005758701997496493, -0.0029302573003241955, 0.9907864965293829, 1.0], [-0.00430076801357384, -0.003834920567289059, 4.048701665341985, 1.0], [0.0020414559230660725, -0.00387236216974772, 9.066555564445263, 1.0], [0.006227642655618013, 0.00015512361045037608, 3.7662921277252686, 1.0], [0.00622764265561801, 0.00015512361045037608, 3.766292127725265, 1.0], [0.0062276426556180115, 0.0001551236104503778, 3.766292127725272, 1.0], [0.0062276426556176915, 0.0001551236104503674, 3.766292127725272, 1.0], [0.006225095827848719, 0.0009100425239986776, 2.8212480575138414, 1.0], [0.006224669820419131, 0.0010363176768076517, 2.663170703462278, 1.0], [0.006224669820419125, 0.0010363176768076517, 2.663170703462285, 1.0], [0.006224669820419127, 0.0010363176768076526, 2.663170703462285, 1.0], [0.006224669820419127, 0.0010363176768076517, 2.663170703462285, 1.0], [0.006224669820419131, 0.0010363176768076517, 2.663170703462285, 1.0], [0.006214224355146257, 0.001146560349881403, 2.1529609147919473, 1.0], [0.006202601847909571, 0.001269225662736721, 1.5852583944873828, 1.0], [0.006202601847909564, 0.001269225662736721, 1.58525839448739, 1.0], [0.006202601847909578, 0.001269225662736681, 1.5852583944873828, 1.0], [0.006202601847909564, 0.0012692256627367213, 1.5852583944873686, 1.0], [0.006202601847909578, 0.001269225662736721, 1.585258394487397, 1.0], [0.006202601847909564, 0.0012692256627366812, 1.5852583944873686, 1.0], [0.006202601847909564, 0.001269225662736721, 1.5852583944873828, 1.0], [0.006202601847909578, 0.001269225662736721, 1.5852583944873828, 1.0], [0.006202601847909578, 0.0012692256627366812, 1.5852583944873828, 1.0], [0.006217446376116681, 0.001027398551765854, 1.531649031500109, 1.0], [0.006241631512730855, 0.0006334067970840442, 1.444307099878273, 1.0], [0.006241631512730522, 0.0006334067970840355, 1.4443070998782588, 1.0], [0.006241631512730536, 0.0006334067970840754, 1.444307099878273, 1.0], [0.006241631512730536, 0.0006334067970840355, 1.4443070998782588, 1.0], [0.0062416315127304944, 0.0006334067970840355, 1.4443070998782588, 1.0], [0.006241631512730855, 0.0006334067970840442, 1.444307099878273, 1.0], [0.006241631512730522, 0.0006334067970840754, 1.4443070998782588, 1.0], [0.00624163151273055, 0.0006334067970840355, 1.444307099878273, 1.0], [0.0062416315127304944, 0.0006334067970840355, 1.4443070998782588, 1.0], [0.0062416315127308275, 0.000633406797084084, 1.444307099878273, 1.0], [0.006241631512730578, 0.0006334067970840355, 1.4443070998782588, 1.0], [0.006233098454274444, 0.000341658989718557, 1.5205443947860715, 1.0], [0.00622764265561801, 0.0001551236104503778, 1.569288386552202, 1.0], [0.006227642655617677, 0.0001551236104503674, 1.5692883865521878, 1.0], [0.0062276426556180375, 0.0001551236104503778, 1.569288386552202, 1.0], [0.00622764265561801, 0.0001551236104503778, 1.5692883865521878, 1.0], [0.006227642655617982, 0.00015512361045037434, 1.569288386552202, 1.0], [0.0062276426556180375, 0.0001551236104503778, 1.5692883865521878, 1.0], [0.00622764265561801, 0.0001551236104503778, 1.569288386552202, 1.0], [0.006227642655617982, 0.00015512361045037434, 1.5692883865521878, 1.0], [0.006227642655617732, 0.00015512361045037087, 1.5692883865521878, 1.0], [0.006227642655617982, 0.00015512361045037434, 1.569288386552202, 1.0], [0.00622764265561801, 0.0001551236104503778, 2.440304080072991, 1.0], [0.006227642655618065, 0.0001551236104503778, 2.690208662679339, 1.0], [0.006227642655617982, 0.00015512361045037434, 2.690208662679325, 1.0], [0.0062276426556180375, 0.0001551236104503778, 2.690208662679325, 1.0], [0.006227642655617982, 0.0001551236104503778, 2.690208662679325, 1.0], [0.0062276426556180375, 0.00015512361045037434, 2.690208662679339, 1.0], [0.006134420560310605, -0.00040672629756245693, 3.0499350069924986, 1.0], [0.006024030576638473, -0.0010720471312897148, 3.4759089688973575, 1.0], [0.006024030576638473, -0.0010720471312896732, 3.475908968897386, 1.0], [0.006024030576638528, -0.0010720471312897148, 3.4759089688973575, 1.0], [0.006024030576638473, -0.001072047131289675, 3.4759089688973575, 1.0], [0.005810963526159507, -0.0017170990328710545, 5.594886682394531, 1.0], [0.005774750389423822, -0.0018267328437346405, 5.955030728627548, 1.0], [0.005774750389423877, -0.0018267328437347168, 5.955030728627634, 0.0]], [[0.0, 0.0, 0.0, 1.0], [-0.01955827588549458, -0.006681318225431734, 13.404364729225513, 1.0], [-0.019851097738903645, -0.005377683156477506, 3.4722246847314118, 1.0], [-0.013291475677381953, 0.01160933560882893, 12.39143164005278, 1.0], [-0.005070808496296986, 0.01897449015281323, 9.62035759441051, 1.0], [-0.004730928295189313, 0.01908836553905016, 7.448717545327973, 1.0], [-0.004477247844673932, 0.01917336007297438, 5.827844590051882, 1.0], [-0.004477247844673571, 0.019173360072974432, 5.827844590051889, 1.0], [-0.004866375518896043, 0.019042984534613755, 5.160681222608773, 1.0], [-0.005070808496296653, 0.01897449015281325, 4.810178797172313, 1.0], [-0.005070808496297, 0.018974490152813193, 4.810178797172327, 1.0], [-0.005338396232041534, 0.018863934623381318, 4.672447952884454, 1.0], [-0.007274812378302742, 0.018063892305841822, 3.675749692499096, 1.0], [-0.007274812378302423, 0.018063892305841753, 3.67574969249911, 1.0], [-0.007274812378302742, 0.018063892305841822, 3.675749692499096, 1.0], [-0.007274812378302728, 0.01806389230584174, 3.675749692499096, 1.0], [-0.007971327293567199, 0.017700584701179023, 3.399542726161414, 1.0], [-0.008677653791031983, 0.017332159298822203, 3.1194449208838364, 1.0], [-0.008677653791031997, 0.017332159298822147, 3.119444920883822, 1.0], [-0.008677653791031983, 0.01733215929882223, 3.1194449208838364, 1.0], [-0.008677653791031997, 0.017332159298822203, 3.1194449208838364, 1.0], [-0.008347995324287052, 0.017509403018324987, 3.2229980277869146, 1.0], [-0.00778034391960886, 0.017814605694717933, 3.401310046200294, 1.0], [-0.007780343919608867, 0.017814605694717767, 3.4013100462002797, 1.0], [-0.007780343919608862, 0.017814605694717933, 3.401310046200308, 1.0], [-0.007780343919608852, 0.017814605694718044, 3.401310046200294, 1.0], [-0.008373189530288353, 0.01748182148751909, 3.530668949421127, 1.0], [-0.009385618165666989, 0.01691351119779022, 3.751580862240928, 1.0], [-0.009385618165667322, 0.016913511197790054, 3.7515808622408997, 1.0], [-0.009385618165666996, 0.016913511197790054, 3.7515808622408997, 1.0], [-0.009790783173552552, 0.016599449760928586, 4.108670346660574, 1.0], [-0.013264935266802565, 0.013906479793024118, 7.170591182936988, 1.0], [-0.013264935266802898, 0.013906479793024173, 7.170591182936988, 1.0], [-0.01722171229763174, 0.008034142428312463, 16.025808616991128, 1.0], [-0.0012914760197158953, -0.015574613428231576, 21.526259269039002, 1.0], [0.007780343919608856, -0.017814605694717878, 9.070160123200793, 1.0], [0.00947128394910636, -0.01671281271207198, 8.536442191837665, 1.0], [0.011835112469063928, -0.015172574956720086, 7.790337867757273, 1.0], [0.012810020721239115, -0.014138728341535345, 7.8257847120571284, 1.0], [0.015986578233661033, -0.010770131117302462, 7.94128167220822, 1.0], [0.016643760427181832, -0.009513336586884635, 8.032898273856375, 1.0], [0.01897313762259051, -0.005058638107022395, 8.3576326088764, 1.0], [0.019186712093407145, -0.004024631042776061, 8.217763923801385, 1.0], [0.02012152482405475, 0.0005012046694199412, 7.605560475856805, 1.0], [0.020121524824054424, 0.0005012046694198857, 7.605560475856805, 1.0], [0.018942632332549947, 0.008393200219263819, 4.880420141559284, 1.0], [0.018881591685729088, 0.008801831639467905, 4.739317937683836, 1.0], [0.01888159168572906, 0.008801831639467794, 4.739317937683836, 1.0], [0.017549050210122777, 0.011209120663587924, 4.746121935132692, 