{"text": "を", "text_ids": [45], "strokes": [[[0.0, 0.0, 0.0, 1.0], [-0.010461205509958245, 0.0004519383100509021, 50.966558895594844, 1.0], [0.013224457821273648, -0.0005713145691857938, 20.855595705537866, 1.0], [0.01322445782127331, -0.0005713145691857792, 9.87779921123888, 1.0], [0.013224457821273648, -0.0005713145691857937, 5.423794127943097, 1.0], [0.013224457821273308, -0.0005713145691857793, 5.423794127943097, 1.0], [0.01316134968974264, -0.0009586677623513317, 4.978484665338883, 1.0], [0.012872071577920446, -0.00273423610210668, 2.937253568902335, 1.0], [0.012872071577920086, -0.0027342361021067485, 2.937253568902335, 1.0], [0.012872071577920446, -0.0027342361021066817, 2.937253568902335, 1.0], [0.012872071577920113, -0.0027342361021067494, 2.937253568902335, 1.0], [0.012872071577920446, -0.00273423610210668, 2.937253568902335, 1.0], [0.01254668938984381, -0.0037898645928449055, 2.6959719961327835, 1.0], [0.012427452556702606, -0.004176701373781424, 2.6075539705410193, 1.0], [0.012427452556702218, -0.00417670137378141, 2.607553970541005, 1.0], [0.012427452556702301, -0.00417670137378141, 2.6075539705410193, 1.0], [0.012427452556702578, -0.004176701373781511, 2.6075539705410193, 1.0], [0.012427452556702218, -0.0041767013737814065, 2.607553970541005, 1.0], [0.012427452556702273, -0.0041767013737814065, 2.6075539705419715, 1.0], [0.012427452556702578, -0.004176701373781427, 2.6075539705454673, 1.0], [0.012427452556702273, -0.004176701373781497, 2.6075539705454958, 1.0], [0.012427452556702245, -0.0041767013737814065, 2.6075539705454673, 1.0], [0.012427452556702578, -0.004176701373781427, 2.6075539705454673, 1.0], [0.012427452556702245, -0.0041767013737814065, 2.6075539705454958, 1.0], [0.012427452556702301, -0.004176701373781497, 2.6075539705454673, 1.0], [0.012659168215269967, -0.003465214333270225, 2.4193945275277144, 1.0], [0.012761923480925697, -0.0031497024670888996, 2.335954445522077, 1.0], [0.012761923480925252, -0.0031497024670888996, 2.335954445522077, 1.0], [0.012761923480925641, -0.0031497024670888163, 2.335954445522077, 1.0], [0.012761923480925308, -0.0031497024670888857, 2.335954445522077, 1.0], [0.012761923480925585, -0.0031497024670889134, 2.3359544455221055, 1.0], [0.012761923480925252, -0.0031497024670888857, 2.335954445522077, 1.0], [0.012547483541410331, -0.003828125286423359, 2.4284568907831385, 1.0], [0.012507647081637041, -0.003954155742375759, 2.4456410494239265, 1.0], [0.012507647081637041, -0.003954155742375759, 2.445641049423898, 1.0], [0.012507647081637097, -0.003954155742375759, 2.4456410494239265, 1.0], [0.012507647081636986, -0.003954155742375842, 2.4456410494239265, 1.0], [0.012507647081637041, -0.003954155742375759, 2.4456410494239265, 1.0], [0.012507647081637041, -0.003954155742375759, 2.4456410494239265, 1.0], [0.012896239516445696, -0.0025968822262080887, 2.6588748369741495, 1.0], [0.012943195417980113, -0.002432874911933655, 2.6846411253398514, 1.0], [0.012943195417979891, -0.0024328749119336412, 2.684641125339823, 1.0], [0.012943195417980169, -0.002432874911933669, 2.684641125339823, 1.0], [0.012943195417980169, -0.0024328749119336412, 2.6846411253398514, 1.0], [0.012943195417980058, -0.0024328749119336412, 2.684641125339823, 1.0], [0.012778997857033403, -0.0030447126932489355, 2.7748215507319287, 1.0], [0.012649919389883468, -0.0035256886742636995, 2.8457139014429913, 1.0], [0.01264991938988358, -0.003525688674263644, 2.845713901442963, 1.0], [0.012649919389883468, -0.0035256886742636995, 2.8457139014429913, 1.0], [0.012649919389883468, -0.0035256886742636995, 2.8457139014429913, 1.0], [0.01264991938988358, -0.0035256886742636717, 2.845713901442963, 1.0], [0.012394540123829123, -0.004224011354291207, 3.3853401746960117, 1.0], [0.01221410178624649, -0.0047174115642115155, 3.7666133656097145, 1.0], [0.012214101786246379, -0.00471741156421146, 3.766613365609686, 1.0], [0.012214101786246712, -0.004717411564211543, 3.766613365609743, 1.0], [0.012286242013735515, -0.004534581401189619, 4.256392371181732, 1.0], [0.01242745255670219, -0.004176701373781427, 5.215107941090935, 1.0], [0.012427452556702523, -0.004176701373781455, 5.2151079410909915, 1.0], [0.01245366495241318, -0.004096215747716098, 5.3899309676476435, 1.0], [0.012761923480925641, -0.003149702467088872, 7.44585479510161, 1.0], [0.012761923480925197, -0.003149702467088872, 7.445854795101667, 1.0], [0.010207310023081395, -0.006905530728387704, 23.67490411637442, 1.0], [-0.003683013126165924, -0.005773356134295027, 29.924928335229822, 1.0], [-0.01124142642881265, -0.005446822396724088, 13.924928335258869, 0.0]], [[0.44975859957373426, -0.32198601628709306, 0.0, 1.0], [-0.0072082698798097145, -0.015942010157889486, 43.013006489195504, 1.0], [0.0017258979192725787, 0.021724133929132916, 58.97224056117608, 1.0], [-0.0006077399598269362, 0.021539913518810738, 17.64968550379176, 1.0], [-0.004670890601136457, 0.020998507867883043, 12.955715118315524, 1.0], [-0.006984579755672848, 0.020337905579612847, 8.20219456361852, 1.0], [-0.006273191050700122, 0.02054904992063375, 7.4613505337699735, 1.0], [-0.004059847455307186, 0.021205983284398794, 5.1563625895024074, 1.0], [-0.004059847455307464, 0.02120598328439885, 5.156362589502436, 1.0], [-0.0046387362419685885, 0.02101592427141255, 5.216786636661112, 1.0], [-0.008186822155513362, 0.01985102745140707, 5.587133610904004, 1.0], [-0.008186822155513529, 0.019851027451407044, 5.587133610904004, 1.0], [-0.008113213568319455, 0.01988174676680801, 5.5464096097139475, 1.0], [-0.007432360728754361, 0.02016588933654842, 5.169727310735283, 1.0], [-0.007432360728753973, 0.020165889336548518, 5.169727310735311, 1.0], [-0.007432360728753973, 0.020165889336548497, 5.169727310735311, 1.0], [-0.009083200610593756, 0.01941543646843336, 4.624881650345742, 1.0], [-0.009472475250178136, 0.019238476683917427, 4.496404866854732, 1.0], [-0.009472475250178525, 0.019238476683917358, 4.4964048668547605, 1.0], [-0.009479346634736485, 0.019234883164197247, 4.511876278532213, 1.0], [-0.009714497996054117, 0.019111906339523227, 5.041336314786378, 1.0], [-0.009714497996053728, 0.019111906339523213, 5.041336314786349, 1.0], [-0.009714497996053728, 0.0191119063395232, 5.041336314786378, 1.0], [-0.006948742073046188, 0.020314836299471783, 5.689565399986975, 1.0], [-0.006478294546040209, 0.020519451399492503, 5.799827396546078, 1.0], [-0.00647829454603982, 0.0205194513994926, 5.799827396546107, 1.0], [-0.00694585303512385, 0.020351792365360416, 7.572856857719813, 1.0], [-0.006984579755672793, 0.02033790557961279, 7.7197125304785175, 1.0], [-0.010089145646359876, 0.01885656458780638, 15.892746288852663, 1.0], [-0.0028690021944733357, -0.0010311410908639684, 71.8350333480688, 1.0], [0.010330402541351091, -0.018752188429393135, 28.60399734423322, 1.0], [0.013351720009108281, -0.01661792700699513, 20.861434839277138, 1.0], [0.011141737098562476, -0.018226758142675575, 16.0779808633514, 1.0], [0.014164896527428916, -0.016025947903792248, 14.723389835114688, 1.0], [0.018641092891537148, -0.010614207507863599, 13.975864472375463, 1.0], [0.01917556213810645, -0.00967987891752764, 9.515091621880742, 1.0], [0.019318972753366415, -0.009421532576412442, 8.202194563618548, 1.0], [0.020701775988760607, -0.005630181303334841, 8.280691120280949, 1.0], [0.021295328085225274, -0.0040027881652756475, 8.314384848050565, 1.0], [0.021654103777854927, -0.0016281991924109729, 9.939892591888508, 1.0], [0.021676801974499726, 4.522051417794881e-05, 10.334924595929635, 1.0], [0.021187310291288064, 0.005978032014191295, 9.876750159146752, 1.0], [0.02104222837525832, 0.00649078032794502, 10.315035821405786, 1.0], [0.020842858732886937, 0.007195392251590257, 10.917322158204456, 1.0], [0.02025993094336964, 0.008800089607719122, 9.38311275938247, 1.0], [0.01976128844254843, 0.009631524767330438, 9.182200857425187, 1.0], [0.016605684772135865, 0.014696616929596923, 8.314384848050508, 1.0], [0.016605684772136087, 0.014696616929597062, 8.875395688105755, 1.0], [0.016605684772136087, 