{"text": "を", "text_ids": [45], "strokes": [[[0.0, 0.0, 0.0, 1.0], [-0.00520454377161597, -0.008935086031627527, 7.820579182806676, 1.0], [0.0028684552776375907, -0.0076358033871711615, 3.9644183345841233, 1.0], [0.0083988550643245, -0.006745731133240479, 1.322759268067312, 1.0], [0.00892868599904828, -0.00572442149581192, 1.7706857388674049, 1.0], [0.010026759003506185, -0.003607760371378596, 2.6990119903796117, 1.0], [0.010026759003505817, -0.0036077603713784642, 2.69901199037961, 1.0], [0.01002675900350617, -0.003607760371378596, 2.6990119903796135, 1.0], [0.01002675900350581, -0.0036077603713784642, 2.69901199037961, 1.0], [0.009989734291617855, -0.0037119461218108885, 2.6211805863194613, 1.0], [0.009759210198107743, -0.004360629783347662, 2.1365849486357895, 1.0], [0.009759210198107743, -0.004360629783347662, 2.1365849486357895, 1.0], [0.009759210198107715, -0.0043606297833477525, 2.136584948635786, 1.0], [0.009759210198107715, -0.004360629783347655, 2.136584948635786, 1.0], [0.009759210198107757, -0.004360629783347655, 2.136584948635793, 1.0], [0.00975921019810734, -0.004360629783347628, 2.136584948635786, 1.0], [0.00975921019810777, -0.004360629783347655, 2.136584948635786, 1.0], [0.009807840492709163, -0.00422378648387603, 2.046085647960325, 1.0], [0.01002675900350583, -0.003607760371378471, 1.6386858513019078, 1.0], [0.010026759003506164, -0.003607760371378582, 1.6386858513019078, 1.0], [0.01002675900350583, -0.003607760371378471, 1.6386858513019078, 1.0], [0.010026759003506164, -0.003607760371378596, 1.6386858513019078, 1.0], [0.01002675900350583, -0.0036077603713784573, 1.6386858513019078, 1.0], [0.010026759003506164, -0.003607760371378596, 1.6386858513019007, 1.0], [0.01002675900350583, -0.003607760371378471, 1.6386858513019078, 1.0], [0.010026759003506164, -0.00360776037137861, 1.6386858513019078, 1.0], [0.010026759003505803, -0.0036077603713784573, 1.6386858513019007, 1.0], [0.010026759003506192, -0.003607760371378596, 1.6386858513019078, 1.0], [0.009613879653153579, -0.004667276345493354, 1.6662856987872772, 1.0], [0.009515513926172725, -0.004919698896907437, 1.6728611767329582, 1.0], [0.009515513926172281, -0.004919698896907437, 1.672861176732951, 1.0], [0.009515513926172281, -0.00491969889690741, 1.6728611767329653, 1.0], [0.00951551392617267, -0.004919698896907548, 1.672861176732951, 1.0], [0.009515513926172281, -0.00491969889690741, 1.6728611767329653, 1.0], [0.009515513926172336, -0.00491969889690741, 1.672861176732951, 1.0], [0.009515513926172725, -0.004919698896907437, 1.6728611767329653, 1.0], [0.009515513926172281, -0.004919698896907437, 1.672861176732951, 1.0], [0.009515513926172559, -0.004919698896907521, 1.6728611767329653, 1.0], [0.00961832759325193, -0.004690716826457303, 1.697487560806593, 1.0], [0.009674824617911026, -0.004564889141791456, 1.7110199779237263, 1.0], [0.009674824617910638, -0.004564889141791484, 1.7110199779237405, 1.0], [0.009674824617910971, -0.004564889141791539, 1.7110199779237263, 1.0], [0.009674824617911026, -0.004564889141791456, 1.7110199779237263, 1.0], [0.009674824617910582, -0.004564889141791484, 1.7110199779237405, 1.0], [0.009674824617910971, -0.004564889141791539, 1.7110199779237263, 1.0], [0.009674824617911026, -0.004564889141791484, 1.7110199779237263, 1.0], [0.009674824617910582, -0.004564889141791484, 1.7110199779237263, 1.0], [0.009758280306097267, -0.004345346513537129, 1.9050005688219898, 1.0], [0.009958476809709238, -0.0038186997681151913, 2.370328180520289, 1.0], [0.00995847680970885, -0.0038186997681152746, 2.370328180520289, 1.0], [0.009958476809709182, -0.0038186997681152746, 2.370328180520275, 1.0], [0.009958476809709293, -0.0038186997681151913, 2.370328180520289, 1.0], [0.009958476809708794, -0.0038186997681152746, 2.370328180520289, 1.0], [0.009958476809709238, -0.0038186997681152746, 2.370328180520289, 1.0], [0.009890793810055365, -0.003981020849957773, 2.4888286352757234, 1.0], [0.009404677377866544, -0.0051468519386853595, 3.3399288904864335, 1.0], [0.00940467737786621, -0.005146851938685443, 3.339928890486462, 1.0], [0.009404677377866433, -0.005146851938685332, 3.3399288904864335, 1.0], [0.00940467737786621, -0.0051468519386853595, 3.3399288904864335, 1.0], [0.009308521570246087, -0.005324139435457453, 4.236580895513427, 1.0], [0.009114784761350192, -0.00568134213315985, 6.043174823045888, 1.0], [0.009114784761350525, -0.005681342133160017, 6.043174823045888, 1.0], [0.004087640482503874, -0.00819720024084547, 16.9248932139067, 1.0], [-0.007020244047045043, -0.0071053814272407645, 19.98426884814924, 0.0]], [[0.0, 0.0, 0.0, 1.0], [-0.01843468900230333, -0.004188866588492823, 12.814079972608516, 1.0], [-0.0187357757208943, -0.0028680253098921638, 3.097003933684089, 1.0], [-0.016150715045923303, 0.0019053745826613233, 15.47050175318815, 1.0], [0.0010538505882236593, 0.019176175340805623, 18.01202774946649, 1.0], [0.0010538505882236593, 0.01917617534080568, 9.84097914515494, 1.0], [0.0010538505882237148, 0.01917617534080568, 6.465052778856183, 1.0], [0.0010538505882236593, 0.019176175340805623, 5.145610010557249, 1.0], [0.0010538505882237148, 0.019176175340805734, 5.145610010557249, 1.0], [-0.000597400222270672, 0.019229086155928582, 4.129927889071013, 1.0], [-0.0016551433341887023, 0.01926297928099885, 3.4793115435272313, 1.0], [-0.0016551433341886468, 0.01926297928099896, 3.4793115435272313, 1.0], [-0.0016551433341886468, 0.01926297928099885, 3.4793115435272313, 1.0], [-0.0016551433341887023, 0.01926297928099882, 3.479311543527217, 1.0], [-0.0030661466775515067, 0.01913277510195198, 3.840108103268406, 1.0], [-0.0036053363335435407, 0.019083019906941848, 3.977980046552503, 1.0], [-0.0036053363335430966, 0.019083019906941903, 3.977980046552503, 1.0], [-0.003605336333543152, 0.019083019906941806, 3.977980046552503, 1.0], [-0.004248244734576245, 0.018963391151769288, 4.3845831537954325, 1.0], [-0.0050340402766693715, 0.01881717476640291, 4.881554275279427, 1.0], [-0.005034040276669427, 0.018817174766402905, 4.881554275279427, 1.0], [-0.004451688938784226, 0.01889400896996976, 5.239536132082932, 1.0], [-0.0016551433341887578, 0.019262979280998935, 6.9586230870544625, 1.0], [-0.0016551433341886468, 0.01926297928099885, 6.958623087054434, 1.0], [-0.0024234870461480873, 0.019210796566867035, 8.507452402262174, 1.0], [-0.002708625039389456, 0.019191431178489593, 9.082234333756503, 1.0], [0.006718483760884575, 0.017619597685067045, 15.350441870713126, 1.0], [0.009170690424103678, 0.016430003670917098, 11.57173140664932, 1.0], [0.011047042750421787, 0.01491276703252753, 10.973817690557269, 1.0], [0.014237195849266526, 0.012161932560653121, 10.915487195379484, 1.0], [0.014237195849266138, 0.012161932560653066, 8.999365649278133, 1.0], [0.014237195849266582, 0.012161932560653121, 8.6982788588181, 1.0], [0.013309593695750799, 0.013173030829365079, 5.640222870373236, 1.0], [0.013217623052188265, 0.013273280012838368, 5.337020278355766, 1.0], [0.013217623052188376, 0.013273280012838562, 5.337020278355794, 1.0], [0.013077838736143321, 0.01341301665012562, 5.766234268427098, 1.0], [0.013024683218899102, 0.013466154036658212, 5.929450659907474, 1.0], [0.012996577575603463, 0.013491975712143084, 5.923982365604388, 1.0], [0.011947918183376982, 0.014455417190249342, 5.719952942757118, 1.0], [0.011947918183376538, 0.014455417190249398, 5.719952942757175, 1.0], [0.011717584783770219, 0.014607067282694064, 5.722063278705832, 1.0], [0.0076863916823177725, 0.017261180005999077, 5.758997443410635, 1.0], [0.007686391682318161, 0.017261180005999077, 5.758997443410692, 1.0], [0.007355813814958478, 0.01738907763320452, 5.593840199455258, 1.0], [0.004450090669428919, 0.018513275991061062, 4.142136156936374, 1.0], [0.00445009066942853, 0.018513275991061007, 4.142136156936317, 1.0], [0.004450090669428863, 0.018513275991060896, 4.142136156936317, 1.0], [0.0042016540068342545, 0.018577831917116705, 4.61160579685469, 1.0], [0.0034123679044580357, 0.01878292682834909, 6.103116181857104, 1.0], 