{"text": "を", "text_ids": [45], "strokes": [[[0.0, 0.0, 0.0, 1.0], [0.006472679343062762, -0.010795374292699285, 4.9354252285004, 1.0], [0.0064726793430622985, -0.010795374292699354, 4.9354252285004, 1.0], [0.007531461366523089, -0.010043023056404414, 2.394135737089785, 1.0], [0.008334769919932403, -0.00947220661837294, 0.4660338805185482, 1.0], [0.00833476991993241, -0.009472206618372933, 0.46603388051855, 1.0], [0.008334769919932393, -0.009472206618372933, 0.46603388051855, 1.0], [0.008334769919932407, -0.009472206618372933, 0.4660338805185482, 1.0], [0.008334769919931942, -0.009472206618372878, 0.46603388051855, 1.0], [0.008334769919932393, -0.009472206618372933, 0.46603388051855, 1.0], [0.008334769919932414, -0.009472206618373058, 0.4660338805185482, 1.0], [0.0083347699199324, -0.009472206618372933, 0.46603388051855, 1.0], [0.01044347571416944, -0.006902249046427639, 1.3924942460335057, 1.0], [0.010474433205429137, -0.006864520009361955, 1.4060954267891752, 1.0], [0.010474433205429623, -0.006864520009361996, 1.4060954267891752, 1.0], [0.010474433205429165, -0.006864520009361941, 1.4060954267891752, 1.0], [0.010474433205429623, -0.006864520009361996, 1.4060954267891717, 1.0], [0.010474433205429151, -0.006864520009361941, 1.4060954267891717, 1.0], [0.010474433205429623, -0.006864520009361996, 1.4060954267891788, 1.0], [0.010474433205429151, -0.0068645200093619685, 1.4060954267891752, 1.0], [0.010474433205429123, -0.006864520009361941, 1.4060954267891752, 1.0], [0.010509430520703633, -0.006777905159590841, 1.4049713743522183, 1.0], [0.01168618328729551, -0.003865559932596352, 1.367176137642744, 1.0], [0.011686183287295482, -0.0038655599325962964, 1.3671761376427405, 1.0], [0.01168618328729551, -0.0038655599325961854, 1.367176137642737, 1.0], [0.011686183287295454, -0.003865559932596324, 1.367176137642744, 1.0], [0.011686183287295454, -0.0038655599325962964, 1.367176137642737, 1.0], [0.011686183287295537, -0.003865559932596324, 1.367176137642744, 1.0], [0.011686183287295482, -0.0038655599325962964, 1.367176137642737, 1.0], [0.011686183287295482, -0.003865559932596213, 1.367176137642744, 1.0], [0.011686183287295482, -0.0038655599325962964, 1.367176137642744, 1.0], [0.011686183287295482, -0.003865559932596324, 1.367176137642737, 1.0], [0.011686183287295482, -0.003865559932596324, 1.367176137642737, 1.0], [0.011686183287295426, -0.0038655599325961576, 1.367176137642744, 1.0], [0.011886927635176459, -0.0023188886429218736, 1.491078205372986, 1.0], [0.01202385671903422, -0.0012638936457564642, 1.575592647754199, 1.0], [0.01202385671903422, -0.0012638936457564642, 1.5755926477541848, 1.0], [0.01202385671903422, -0.0012638936457564642, 1.575592647754192, 1.0], [0.012023856719033721, -0.0012638936457564087, 1.575592647754199, 1.0], [0.01202385671903422, -0.0012638936457564642, 1.575592647754192, 1.0], [0.012023856719034165, -0.0012638936457564642, 1.575592647754192, 1.0], [0.012023856719034276, -0.0012638936457564642, 1.575592647754192, 1.0], [0.012023856719034165, -0.0012638936457564642, 1.575592647754192, 1.0], [0.012023856719033721, -0.0012638936457564087, 1.575592647754199, 1.0], [0.01202385671903422, -0.0012638936457564642, 1.575592647754192, 1.0], [0.011940289187170439, 0.0002327637877367894, 1.7593558910509444, 1.0], [0.011920033446870926, 0.0005955351130793873, 1.8038978375432606, 1.0], [0.01192003344687087, 0.0005955351130792208, 1.8038978375432606, 1.0], [0.011920033446871203, 0.000595535113079193, 1.8038978375432606, 1.0], [0.01192003344687087, 0.0005955351130793873, 1.8038978375432464, 1.0], [0.01192003344687087, 0.0005955351130792208, 1.8038978375432606, 1.0], [0.011920033446871314, 0.0005955351130793318, 1.8038978375432606, 1.0], [0.01192003344687076, 0.0005955351130792486, 1.8038978375432606, 1.0], [0.011920033446871314, 0.0005955351130792208, 1.8038978375432748, 1.0], [0.011900525681943663, 0.0007379020807519177, 3.992794386802146, 1.0], [0.011899174431467263, 0.0007477634581906645, 4.144413371173272, 1.0], [0.011899174431467152, 0.0007477634581905257, 4.144413371173272, 1.0], [0.011899174431467041, 0.0007477634581906645, 4.144413371173258, 1.0], [0.012003073728281022, -0.0009285753595307533, 5.942665890171412, 1.0], [0.012023856719034165, -0.0012638936457564642, 6.302370590973609, 1.0], [0.01035746526324488, -0.00274100581268516, 8.670575547229163, 1.0], [-0.0051402029103263525, -0.008514648027118432, 17.978907819458954, 1.0], [-0.010860325241197288, -0.004295058211411074, 11.274023248727218, 1.0], [-0.008771021810579982, -0.007527758677989604, 1.5222792041547564, 0.0]], [[0.0, 0.0, 0.0, 1.0], [-0.005047911612558964, -0.022701031497059876, 6.801271382051937, 1.0], [-0.005707620599124386, -0.02245362390459682, 6.060069472406479, 1.0], [-0.006672810213466829, -0.015246212326027964, 4.092191445128542, 1.0], [0.0004613185395289099, 0.023643230738343846, 6.743297457285543, 1.0], [0.0001746114799766607, 0.023646057665475895, 6.4531705885528226, 1.0], [-0.0039313909407849845, 0.023686542785255726, 2.298192238160123, 1.0], [-0.00393139094078504, 0.02368654278525567, 2.2981922381601123, 1.0], [-0.0039313909407850955, 0.02368654278525556, 2.2981922381601194, 1.0], [-0.003931390940784485, 0.02368654278525556, 2.2981922381601265, 1.0], [-0.0039313909407850955, 0.023686542785255615, 2.2981922381601123, 1.0], [-0.00393139094078504, 0.023686542785255726, 2.2981922381601194, 1.0], [-0.0039313909407849845, 0.02368654278525556, 2.2981922381601194, 1.0], [-0.004678687768069789, 0.023602740851726922, 1.8629859689063366, 1.0], [-0.005049846809453584, 0.023561119043391865, 1.646832580048283, 1.0], [-0.005049846809453584, 0.02356111904339203, 1.6468325800482901, 1.0], [-0.005049846809453584, 0.023561119043391948, 1.6468325800482901, 1.0], [-0.00504984680945314, 0.02356111904339178, 1.6468325800482901, 1.0], [-0.005049846809453584, 0.023561119043392004, 1.6468325800482972, 1.0], [-0.005049846809453584, 0.023561119043391837, 1.646832580048283, 1.0], [-0.005049846809453584, 0.023561119043392004, 1.6468325800482901, 1.0], [-0.005049846809453584, 0.023561119043391837, 1.6468325800482901, 1.0], [-0.005049846809453529, 0.023561119043391976, 1.6468325800482901, 1.0], [-0.005025295281074094, 0.023564461279243817, 1.8178211047629205, 1.0], [-0.004978745598655798, 0.02357079815632402, 2.142015240445673, 1.0], [-0.004978745598656242, 0.023570798156324187, 2.142015240445673, 1.0], [-0.004978745598655798, 0.023570798156324034, 2.1420152404456587, 1.0], [-0.004978745598655854, 0.023570798156323906, 2.142015240445673, 1.0], [-0.004978745598655798, 0.023570798156324152, 2.1420152404456587, 1.0], [-0.004978745598655798, 0.023570798156323895, 2.142015240445673, 1.0], [-0.004978745598655798, 0.023570798156324145, 2.142015240445673, 1.0], [-0.006724645574910315, 0.02325384350795584, 7.068786590312925, 1.0], [-0.006972459052797475, 0.02320885488614889, 7.7680937439690325, 1.0], [-0.009099123718013524, 0.022548977650455243, 17.52956712633511, 1.0], [0.01717473197817121, 0.012032417820356744, 26.063432568233353, 1.0], [0.020389016867741028, 0.009909081128645275, 12.014125328041615, 1.0], [0.020707994929621498, 0.009328986413722401, 4.771902054028544, 1.0], [0.020707994929621942, 0.009328986413722345, 4.771902054028544, 1.0], [0.020755279648747182, 0.00922986527868816, 4.545741218874127, 1.0], [0.02116524777024842, 0.008370464899827512, 2.5848808297297694, 1.0], [0.021165247770248363, 0.008370464899827512, 2.584880829729741, 1.0], [0.02116524777024842, 0.008370464899827484, 2.584880829729741, 1.0], [0.021165247770248363, 0.008370464899827512, 2.5848808297297694, 1.0], [0.021165247770248308, 0.008370464899827512, 2.584880829729741, 1.0], [0.02116524777024842, 0.008370464899827484, 2.584880829729741, 1.0], [0.02116524777024842, 0.008370464899827512, 2.7324726723543336, 1.0], [0.02116524777024842, 0.008370464899827512, 2.7464358816078516, 1.0], [0.02116524777024842, 0.008370464899827457, 2.746435881607823, 1.0], [0.021165247770248863, 0.008370464899827734, 2.7464358816078516, 1.0], 