{"text": "を", "text_ids": [45], "strokes": [[[0.0, 0.0, 0.0, 1.0], [-0.006245067502678901, 0.00035853852403048783, 5.169420567483754, 1.0], [-0.006245067502678901, 0.00035853852403048783, 5.169420567483754, 1.0], [-0.006124242956414913, -0.0004659515107278238, 3.950236781698985, 1.0], [-0.005830953099655763, -0.0024673210310042614, 0.9907864965293829, 1.0], [-0.004387895169770978, -0.0034963039126619613, 4.048701665341985, 1.0], [0.001968137631302446, -0.004057703209110012, 9.066555564445263, 1.0], [0.006245067502678902, -0.00035853852403048767, 3.7662921277252686, 1.0], [0.006245067502678902, -0.00035853852403048767, 3.766292127725265, 1.0], [0.0062450675026788985, -0.00035853852403048767, 3.766292127725272, 1.0], [0.006245067502678581, -0.0003585385240304686, 3.766292127725272, 1.0], [0.006257722117404116, 0.00039985418248038307, 2.8212480575138414, 1.0], [0.006259838852565102, 0.0005267103960222633, 2.663170703462278, 1.0], [0.006259838852565102, 0.0005267103960222633, 2.663170703462285, 1.0], [0.006259838852565099, 0.0005267103960222633, 2.663170703462285, 1.0], [0.006259838852565099, 0.0005267103960222633, 2.663170703462285, 1.0], [0.006259838852565102, 0.0005267103960222633, 2.663170703462285, 1.0], [0.0062515901604683136, 0.0006382923163993246, 2.1529609147919473, 1.0], [0.0062424119686804724, 0.000762447788962028, 1.5852583944873828, 1.0], [0.0062424119686804724, 0.0007624477889620297, 1.58525839448739, 1.0], [0.0062424119686804655, 0.0007624477889619889, 1.5852583944873828, 1.0], [0.0062424119686804724, 0.0007624477889620288, 1.5852583944873686, 1.0], [0.0062424119686804724, 0.0007624477889620284, 1.585258394487397, 1.0], [0.0062424119686804586, 0.0007624477889619894, 1.5852583944873686, 1.0], [0.0062424119686804724, 0.0007624477889620293, 1.5852583944873828, 1.0], [0.006242411968680486, 0.0007624477889620286, 1.5852583944873828, 1.0], [0.0062424119686804586, 0.0007624477889619892, 1.5852583944873828, 1.0], [0.0062524191524300915, 0.0005183492889736329, 1.531649031500109, 1.0], [0.006268723146921049, 0.00012065692131672868, 1.444307099878273, 1.0], [0.006268723146920729, 0.00012065692131674602, 1.4443070998782588, 1.0], [0.006268723146920729, 0.00012065692131678621, 1.444307099878273, 1.0], [0.006268723146920702, 0.00012065692131674687, 1.4443070998782588, 1.0], [0.006268723146920729, 0.00012065692131674779, 1.4443070998782588, 1.0], [0.0062687231469210625, 0.00012065692131672779, 1.444307099878273, 1.0], [0.006268723146920702, 0.00012065692131678536, 1.4443070998782588, 1.0], [0.006268723146920729, 0.0001206569213167486, 1.444307099878273, 1.0], [0.006268723146920702, 0.00012065692131674514, 1.4443070998782588, 1.0], [0.006268723146921035, 0.00012065692131677148, 1.444307099878273, 1.0], [0.006268723146920729, 0.00012065692131674514, 1.4443070998782588, 1.0], [0.006254293448089143, -0.00017164735444836522, 1.5205443947860715, 1.0], [0.0062450675026788915, -0.0003585385240304878, 1.569288386552202, 1.0], [0.006245067502678586, -0.00035853852403046853, 1.5692883865521878, 1.0], [0.0062450675026788915, -0.0003585385240304894, 1.569288386552202, 1.0], [0.006245067502678919, -0.00035853852403048767, 1.5692883865521878, 1.0], [0.0062450675026788915, -0.0003585385240304877, 1.569288386552202, 1.0], [0.0062450675026788915, -0.00035853852403048756, 1.5692883865521878, 1.0], [0.006245067502678919, -0.00035853852403048767, 1.569288386552202, 1.0], [0.006245067502678864, -0.00035853852403048767, 1.5692883865521878, 1.0], [0.006245067502678614, -0.00035853852403047053, 1.5692883865521878, 1.0], [0.0062450675026788915, -0.00035853852403048593, 1.569288386552202, 1.0], [0.0062450675026788915, -0.0003585385240304894, 2.440304080072991, 1.0], [0.0062450675026788915, -0.00035853852403048767, 2.690208662679339, 1.0], [0.0062450675026788915, -0.00035853852403048767, 2.690208662679325, 1.0], [0.006245067502678947, -0.0003585385240304894, 2.690208662679325, 1.0], [0.0062450675026788915, -0.00035853852403048593, 2.690208662679325, 1.0], [0.0062450675026788915, -0.00035853852403048767, 2.690208662679339, 1.0], [0.006140313293223454, -0.0009151181752561919, 3.0499350069924986, 1.0], [0.006016267427988831, -0.0015741981756406571, 3.4759089688973575, 1.0], [0.006016267427988886, -0.0015741981756406198, 3.475908968897386, 1.0], [0.006016267427988942, -0.0015741981756406606, 3.4759089688973575, 1.0], [0.006016267427988886, -0.0015741981756406172, 3.4759089688973575, 1.0], [0.005789717030358799, -0.0022044416605716665, 5.594886682394531, 1.0], [0.0057512122474351335, -0.002311558614812923, 5.955030728627548, 1.0], [0.0057512122474350225, -0.002311558614813001, 5.955030728627634, 0.0]], [[0.0, 0.0, 0.0, 1.0], [-0.01973777613579833, -0.005094909043453152, 13.404364729225513, 1.0], [-0.0200050095935691, -0.0037614546974841095, 3.4722246847314118, 1.0], [-0.013088134145959107, 0.012757247127091309, 12.39143164005278, 1.0], [-0.004700224897543098, 0.0194753066774271, 9.62035759441051, 1.0], [-0.00435727032249178, 0.019561604084197208, 7.448717545327973, 1.0], [-0.004101295214727851, 0.01962601491176654, 5.827844590051882, 1.0], [-0.004101295214727518, 0.019626014911766562, 5.827844590051889, 1.0], [-0.004493942729112799, 0.01952721330732348, 5.160681222608773, 1.0], [-0.004700224897542793, 0.019475306677427067, 4.810178797172313, 1.0], [-0.004700224897543112, 0.019475306677427046, 4.810178797172327, 1.0], [-0.0049706541322271924, 0.019386372940403157, 4.672447952884454, 1.0], [-0.006927632971359163, 0.01874279813739093, 3.675749692499096, 1.0], [-0.006927632971358844, 0.018742798137390826, 3.67574969249911, 1.0], [-0.006927632971359149, 0.018742798137390937, 3.675749692499096, 1.0], [-0.006927632971359163, 0.018742798137390854, 3.675749692499096, 1.0], [-0.007633065799896213, 0.01843544422330276, 3.399542726161414, 1.0], [-0.008348435834417384, 0.018123760713212256, 3.1194449208838364, 1.0], [-0.008348435834417411, 0.0181237607132122, 3.119444920883822, 1.0], [-0.008348435834417384, 0.018123760713212228, 3.1194449208838364, 1.0], [-0.008348435834417404, 0.018123760713212256, 3.1194449208838364, 1.0], [-0.008014449956184153, 0.018274544588906205, 3.2229980277869146, 1.0], [-0.00743934701769821, 0.018534185057678843, 3.401310046200294, 1.0], [-0.00743934701769822, 0.01853418505767862, 3.4013100462002797, 1.0], [-0.00743934701769821, 0.018534185057678787, 3.401310046200308, 1.0], [-0.007439347017698201, 0.018534185057678898, 3.401310046200294, 1.0], [-0.00804025762326168, 0.018248924581311554, 3.530668949421127, 1.0], [-0.009066459206634916, 0.017761772665849274, 3.751580862240928, 1.0], [-0.009066459206635248, 0.017761772665849163, 3.7515808622408997, 1.0], [-0.009066459206634929, 0.017761772665849163, 3.7515808622408997, 1.0], [-0.009478881098186755, 0.017479815605565885, 4.108670346660574, 1.0], [-0.013015258499864069, 0.015062129743941777, 7.170591182936988, 1.0], [-0.013015258499864395, 0.015062129743941777, 7.170591182936988, 1.0], [-0.01709941508468661, 0.009491191687036604, 16.025808616991128, 1.0], [-0.0016081807447273638, -0.015535279945255775, 21.526259269039002, 1.0], [0.007439347017698217, -0.018534185057678787, 9.070160123200793, 1.0], [0.00915636462149505, -0.017567281599773443, 8.536442191837665, 1.0], [0.011556647961129728, -0.016215610972801664, 7.790337867757273, 1.0], [0.012554620896016909, -0.015257811497199902, 7.8257847120571284, 1.0], [0.015806330394255986, -0.012136999756371614, 7.94128167220822, 1.0], [0.0164903388267647, -0.010929048007133901, 8.032898273856375, 1.0], [0.01891480141851111, -0.006647472386903441, 8.3576326088764, 1.0], [0.019149695619506416, -0.005626634224541682, 8.217763923801385, 1.0], [0.020177824536816005, -0.0011584386276806136, 7.605560475856805, 1.0], [0.020177824536815686, -0.0011584386276806136, 7.605560475856805, 1.0], [0.019155203547403507, 0.006865036547643533, 4.880420141559284, 1.0], [0.019102254319975143, 0.007280475714474932, 4.739317937683836, 1.0], [0.019102254319975115, 0.007280475714474821, 4.739317937683836, 