{"text": "を", "text_ids": [45], "strokes": [[[0.0, 0.0, 0.0, 1.0], [-0.011424802215539003, -0.0118413377902576, 16.415390452948262, 1.0], [0.012557758783710888, -0.005110570188284341, 6.450335913569816, 1.0], [0.01660709895791987, -0.0023601813810514988, 6.054183526801118, 1.0], [0.0161588333355329, -0.0038336715410085993, 4.192771560946962, 1.0], [0.016061495544908287, -0.004153629774506801, 3.7885787807084625, 1.0], [0.016061495544908724, -0.004153629774506975, 3.7885787807084697, 1.0], [0.01606149554490828, -0.004153629774506805, 3.7885787807084625, 1.0], [0.016017522677397936, -0.004270515208684586, 3.2351507327643603, 1.0], [0.015930007681571795, -0.004503141117870618, 2.133715778719136, 1.0], [0.015930007681572253, -0.004503141117870792, 2.1337157787191288, 1.0], [0.015930007681571767, -0.004503141117870611, 2.133715778719136, 1.0], [0.015930007681571795, -0.004503141117870729, 2.133715778719143, 1.0], [0.015930007681571767, -0.004503141117870618, 2.133715778719136, 1.0], [0.015930007681571795, -0.004503141117870722, 2.1337157787191288, 1.0], [0.015930007681571767, -0.004503141117870618, 2.133715778719136, 1.0], [0.016300091124579502, -0.003428527978020554, 1.8574289157932782, 1.0], [0.016372813268165004, -0.0032173643268707114, 1.8031379895271868, 1.0], [0.016372813268165476, -0.003217364326870767, 1.8031379895271868, 1.0], [0.016372813268164976, -0.0032173643268706698, 1.8031379895271868, 1.0], [0.01637281326816542, -0.003217364326870767, 1.8031379895271726, 1.0], [0.016372813268165087, -0.0032173643268707114, 1.803137989527201, 1.0], [0.016372813268164976, -0.0032173643268706975, 1.8031379895271726, 1.0], [0.016372813268165476, -0.003217364326870767, 1.8031379895271868, 1.0], [0.016372813268164976, -0.0032173643268706836, 1.803137989527201, 1.0], [0.016468345894031955, -0.0028678383368362925, 1.842370210276087, 1.0], [0.01660709895791984, -0.0023601813810514988, 1.8993516946919158, 1.0], [0.016607098957919897, -0.002360181381051485, 1.8993516946919158, 1.0], [0.01660709895791984, -0.0023601813810514988, 1.8993516946919158, 1.0], [0.016607098957919897, -0.0023601813810514988, 1.8993516946919158, 1.0], [0.016607098957919897, -0.0023601813810514988, 1.8993516946919158, 1.0], [0.016607098957919397, -0.0023601813810514294, 1.8993516946919158, 1.0], [0.01660709895791984, -0.0023601813810514988, 1.8993516946919158, 1.0], [0.016607098957919897, -0.002360181381051485, 1.8993516946919158, 1.0], [0.016607098957919897, -0.0023601813810515127, 2.2808671799516844, 1.0], [0.016607098957919897, -0.0023601813810515127, 2.287135999032671, 1.0], [0.016607098957919786, -0.002360181381051485, 2.287135999032671, 1.0], [0.016607098957919453, -0.0023601813810514294, 2.287135999032685, 1.0], [0.016607098957919786, -0.002360181381051485, 2.287135999032685, 1.0], [0.016607098957919897, -0.0023601813810515127, 2.287135999032685, 1.0], [0.016607098957919897, -0.002360181381051485, 2.287135999032671, 1.0], [0.015994955045947612, -0.004103852130784874, 2.26266542196646, 1.0], [0.015496044290732702, -0.005524982151978081, 2.2427213633131373, 1.0], [0.015496044290733146, -0.005524982151978164, 2.242721363313123, 1.0], [0.015496044290733035, -0.005524982151978164, 2.2427213633131373, 1.0], [0.015496044290733257, -0.005524982151978164, 2.2427213633131373, 1.0], [0.015496044290733035, -0.005524982151978136, 2.2427213633131373, 1.0], [0.015496044290733146, -0.005524982151978164, 2.2427213633131373, 1.0], [0.015496044290733146, -0.005524982151978247, 2.2427213633131373, 1.0], [0.01610628754030141, -0.00402251493920483, 3.184623409162839, 1.0], [0.01612459030547364, -0.003977452081738969, 3.2128734749732644, 1.0], [0.016124590305474196, -0.003977452081739136, 3.212873474973293, 1.0], [0.016124590305474085, -0.003977452081739025, 3.212873474973321, 1.0], [0.01612459030547364, -0.00397745208173908, 3.2128734749732644, 1.0], [0.016602715364384735, -0.002374874293503665, 4.885669022311362, 1.0], [0.016607098957919897, -0.002360181381051485, 4.9010057121793125, 1.0], [0.016607098957919897, -0.0023601813810515127, 4.901005712179369, 1.0], [0.016607098957919897, -0.0023601813810515127, 8.31366862851823, 1.0], [0.015422553591059929, -0.002191835186032276, 12.179388410372724, 1.0], [-0.01660709895792034, 0.002360181381051568, 19.481091556423593, 1.0], [-0.016607098957919342, 0.0023601813810514294, 8.576759996372516, 1.0], [-0.016841077048512565, -0.0005963656725923028, 9.844666751429145, 1.0], [-0.0170263857976799, -0.0029379269486038695, 10.848838613187581, 1.0], [-0.016610851477088073, 0.002312764550432056, 0.09709456865198263, 0.0]], [[0.0, 0.0, 0.0, 1.0], [-0.01696912081816787, -0.01814591226532175, 6.366500236914216, 1.0], [-0.016969120818167927, -0.018145912265321806, 6.366500236914216, 1.0], [-0.020485784065255697, -0.014191971565760297, 2.2015291949283426, 1.0], [-0.020639722471924915, -0.01401889177716803, 14.417850400532863, 1.0], [-0.0024597794123782935, 0.02218392086694332, 15.647255321404863, 1.0], [0.0001319346864238624, 0.023298447329437977, 6.5797052862391965, 1.0], [0.00045638413626691854, 0.02333825732854844, 5.26546007742084, 1.0], [0.00045638413626697405, 0.023338257328548245, 5.265460077420833, 1.0], [-0.00046775291795592144, 0.023244224107112854, 3.901512873408329, 1.0], [-0.0009850877436562988, 0.02319158401439181, 3.137970944396585, 1.0], [-0.0009850877436562433, 0.023191584014391725, 3.137970944396585, 1.0], [-0.0009850877436558547, 0.023191584014391725, 3.137970944396585, 1.0], [-0.0009850877436562433, 0.023191584014391753, 3.137970944396585, 1.0], [-0.0017484762681455601, 0.02307041625921255, 2.6786766883453765, 1.0], [-0.002392851607359414, 0.02296813870218789, 2.290986956907588, 1.0], [-0.002392851607359525, 0.02296813870218791, 2.290986956907574, 1.0], [-0.0023928516073590256, 0.022968138702187828, 2.290986956907588, 1.0], [-0.0023928516073594697, 0.02296813870218791, 2.290986956907574, 1.0], [-0.0023928516073594697, 0.022968138702187897, 2.290986956907588, 1.0], [-0.002392851607359081, 0.02296813870218785, 2.290986956907574, 1.0], [-0.002069521590702783, 0.02301140847352639, 2.4291574257979676, 1.0], [0.0002598386917577189, 0.023323136063279036, 3.4245763039164387, 1.0], [0.0002598386917578299, 0.023323136063279154, 3.424576303916453, 1.0], [0.0002598386917577744, 0.02332313606327903, 3.4245763039164387, 1.0], [0.0002598386917577744, 0.023323136063279154, 3.424576303916453, 1.0], [6.213881297861823e-05, 0.023305419454928172, 4.532100780730644, 1.0], [-0.0001797124218738677, 0.023283746282271145, 5.886963333002456, 1.0], [-0.0001797124218737567, 0.023283746282271145, 5.886963333002456, 1.0], [0.0031190766336166575, 0.02321723679198831, 11.673026044286814, 1.0], [0.008100786508248026, 0.02169024130742278, 30.11582921590579, 1.0], [0.022017732359560616, 0.011389478350348536, 19.756951728441862, 1.0], [0.02285759974919821, 0.009661058352454344, 11.391031348302931, 1.0], [0.023077823104269868, 0.009054733170615448, 8.325423386668177, 1.0], [0.022703529441033377, 0.009969716626578196, 6.764508119802144, 1.0], [0.022042360552592344, 0.011585983889266738, 4.007238325220584, 1.0], [0.02204236055259179, 0.011585983889266849, 4.007238325220584, 1.0], [0.02204236055259179, 0.011585983889266904, 4.0072383252205555, 1.0], [0.02171971263744432, 0.012177960710383795, 3.629271368074825, 1.0], [0.021167264720292622, 0.013191562058707806, 2.982104445792203, 1.0], [0.02116726472029329, 0.013191562058707806, 2.9821044457921744, 1.0], [0.021167264720292622, 0.013191562058708028, 2.9821044457921744, 1.0], [0.021167264720292622, 0.013191562058707806, 2.9821044457921744, 1.0], [0.021167264720292844, 0.013191562058707862, 2.982104445792203, 1.0], [0.02238847201937455, 0.01058964938168061, 3.1145033139895872, 1.0], [0.022995343106229305, 0.009296645666916459, 3.1802980771733758, 1.0], [0.02299534310622975, 0.009296645666916237, 3.1802980771733758, 1.0], [0.022995343106229527, 0.009296645666916348, 3.1802980771733473, 1.0], [0.022995343106229194, 0.009296645666916459, 