{"text": "を", "text_ids": [45], "strokes": [[[0.0, 0.0, 0.0, 1.0], [0.0077796377856900155, -0.007785879047294078, 14.47280888563355, 1.0], [-0.0018804803864378005, -0.01538250077095138, 1.072808885633549, 1.0], [-0.0018804803864378161, -0.015382500770951501, 1.0728088856335471, 1.0], [0.00912277341359889, -0.003437010232214391, 5.117643890251578, 1.0], [0.015196749763336768, 0.00315709623273501, 7.350459074116394, 1.0], [0.015367695173919761, -0.0011836369883044331, 3.1910139367926362, 1.0], [0.015391953965777104, -0.001799628627723933, 2.600748813657084, 1.0], [0.015391953965777111, -0.001799628627723926, 2.6007488136570913, 1.0], [0.015391953965776625, -0.0017996286277238704, 2.600748813657084, 1.0], [0.015391953965777097, -0.001799628627723933, 2.6007488136570913, 1.0], [0.015391953965777097, -0.001799628627723926, 2.6007488136570913, 1.0], [0.015305036036326672, -0.002382891143132962, 1.874812281582635, 1.0], [0.015271843803668667, -0.0026056275248535, 1.5975915237912304, 1.0], [0.015271843803668694, -0.0026056275248534932, 1.5975915237912375, 1.0], [0.015271843803668667, -0.0026056275248535, 1.5975915237912304, 1.0], [0.015271843803668694, -0.0026056275248534932, 1.5975915237912375, 1.0], [0.015271843803668667, -0.002605627524853618, 1.5975915237912304, 1.0], [0.015271843803668639, -0.0026056275248534932, 1.5975915237912304, 1.0], [0.015271843803669194, -0.0026056275248535626, 1.5975915237912375, 1.0], [0.015271843803668195, -0.0026056275248534377, 1.5975915237912375, 1.0], [0.015271843803668639, -0.0026056275248534932, 1.5975915237912304, 1.0], [0.015272422200189595, -0.002602315659724186, 1.591007659280237, 1.0], [0.015278843314011581, -0.002565548732189643, 1.5179163769018729, 1.0], [0.015278843314011081, -0.0025655487321897402, 1.51791637690188, 1.0], [0.015278843314011581, -0.002565548732189657, 1.51791637690188, 1.0], [0.015278843314011081, -0.0025655487321896014, 1.5179163769018658, 1.0], [0.015278843314011581, -0.0025655487321897957, 1.51791637690188, 1.0], [0.015278843314011581, -0.002565548732189657, 1.5179163769018658, 1.0], [0.015278843314011026, -0.0025655487321896014, 1.51791637690188, 1.0], [0.015278843314011581, -0.002565548732189782, 1.5179163769018658, 1.0], [0.015278843314011636, -0.002565548732189657, 1.51791637690188, 1.0], [0.015278843314011026, -0.0025655487321896153, 1.51791637690188, 1.0], [0.015278843314011581, -0.002565548732189768, 1.5179163769018658, 1.0], [0.015146036972076282, -0.0032329425711982024, 1.4343748735554698, 1.0], [0.015128451833951284, -0.003321313447704949, 1.423312985590826, 1.0], [0.015128451833951728, -0.0033213134477048795, 1.4233129855908118, 1.0], [0.015128451833951728, -0.0033213134477049905, 1.423312985590826, 1.0], [0.015128451833951728, -0.0033213134477048795, 1.423312985590826, 1.0], [0.015128451833951284, -0.00332131344770481, 1.4233129855908118, 1.0], [0.01512845183395184, -0.0033213134477050044, 1.423312985590826, 1.0], [0.015128451833951728, -0.0033213134477048656, 1.423312985590826, 1.0], [0.015128451833951284, -0.003321313447704949, 1.4233129855908118, 1.0], [0.015128451833951728, -0.0033213134477048933, 1.423312985590826, 1.0], [0.015128451833951284, -0.003321313447704921, 1.423312985590826, 1.0], [0.015195395553476265, -0.002998900240130886, 1.8074400769111065, 1.0], [0.015232775522849407, -0.002818871465061795, 2.021928590708967, 1.0], [0.015232775522848963, -0.002818871465061601, 2.021928590708953, 1.0], [0.015232775522849074, -0.002818871465061601, 2.0219285907089386, 1.0], [0.015232775522849518, -0.0028188714650616564, 2.021928590708953, 1.0], [0.015232775522848852, -0.002818871465061712, 2.021928590708967, 1.0], [0.015232775522849629, -0.0028188714650616564, 2.0219285907089386, 1.0], [0.015232775522848852, -0.002818871465061601, 2.021928590708953, 1.0], [0.015187654574795428, -0.0030234738438519315, 2.4308090085699945, 1.0], [0.015039850514003361, -0.0036936960740342473, 3.7701910194592188, 1.0], [0.015039850514003805, -0.0036936960740341918, 3.7701910194592614, 1.0], [0.015039850514003694, -0.0036936960740343028, 3.7701910194592614, 1.0], [0.015039850514003361, -0.0036936960740342473, 3.770191019459233, 1.0], [0.01529506312970963, -0.002320832772462561, 6.221446267218482, 1.0], [0.015391953965777194, -0.001799628627723926, 7.152059237557012, 1.0], [0.015391953965776639, -0.0017996286277238704, 18.488365378873482, 1.0], [-0.013188607967700272, 0.0015420132175078816, 11.582483694238135, 1.0], [-0.014774019537853511, 0.003475872767099042, 10.799123459877194, 1.0], [-0.012926005754723802, 0.008488900255896131, 12.793992507239977, 0.0]], [[0.0, 0.0, 0.0, 1.0], [-0.017563043611111384, -0.02051529229425686, 10.34542686070998, 1.0], [-0.0204154512988316, 0.010854161655630579, 2.4849574246067334, 1.0], [-0.020958495433928692, 0.01682630864640955, 0.9884736488952637, 1.0], [-0.020958495433928914, 0.016826308646409605, 0.9884736488952655, 1.0], [-0.01216087103674457, 0.02335815027417093, 1.8372405845383248, 1.0], [-0.010030922279361643, 0.024939541719221192, 2.0427312941052485, 1.0], [-0.010030922279361754, 0.02493954171922108, 2.042731294105252, 1.0], [-0.010030922279361643, 0.024939541719221137, 2.0427312941052485, 1.0], [-0.010030922279361199, 0.024939541719221137, 2.0427312941052485, 1.0], [-0.010030922279361698, 0.024939541719221164, 2.042731294105252, 1.0], [-0.010030922279361698, 0.024939541719221192, 2.0427312941052485, 1.0], [-0.009574401640486008, 0.025114366218929013, 2.008828044461218, 1.0], [-0.009042729352093493, 0.025317970029822973, 1.9693436996425753, 1.0], [-0.00904272935209316, 0.025317970029822945, 1.9693436996425717, 1.0], [-0.009042729352093604, 0.02531797002982286, 1.9693436996425788, 1.0], [-0.009042729352093604, 0.02531797002982298, 1.9693436996425717, 1.0], [-0.009042729352093049, 0.025317970029822928, 1.9693436996425788, 1.0], [-0.009042729352093604, 0.025317970029822983, 1.9693436996425717, 1.0], [-0.009042729352093104, 0.02531797002982292, 1.9693436996425788, 1.0], [-0.009042729352093493, 0.025317970029822976, 1.9693436996425788, 1.0], [-0.006795840954896992, 0.025998220455943043, 2.901100061856141, 1.0], [-0.006334518186124127, 0.0261378869433522, 3.092404812628075, 1.0], [-0.006334518186124072, 0.0261378869433522, 3.092404812628075, 1.0], [-0.006334518186124627, 0.02613788694335223, 3.092404812628075, 1.0], [-0.006334518186124127, 0.026137886943352062, 3.092404812628068, 1.0], [-0.005627752357584559, 0.0262823545961495, 4.476889506118802, 1.0], [-0.004207742368300071, 0.026572614116087495, 7.258549308249442, 1.0], [-0.00420774236830046, 0.026572614116087828, 7.258549308249428, 1.0], [0.01096585362847119, 0.023917542430383465, 31.869886702058665, 1.0], [0.015982688869824624, 0.021605248298362245, 19.664363912736803, 1.0], [0.019641803780742928, 0.018540927420745923, 6.36786591298133, 1.0], [0.019641803780743483, 0.0185409274207462, 6.36786591298133, 1.0], [0.022005217341240557, 0.01547246790832063, 4.760228104124479, 1.0], [0.022937094560957993, 0.014262596065725663, 4.126347907839943, 1.0], [0.02293709456095744, 0.014262596065725663, 4.126347907839943, 1.0], [0.02293709456095805, 0.014262596065725663, 4.126347907839971, 1.0], [0.023946656299023594, 0.012359052584285823, 3.465977137236081, 1.0], [0.024627180255062164, 0.011075914672421194, 3.020835337265993, 1.0], [0.024627180255062275, 0.011075914672420972, 3.0208353372660213, 1.0], [0.024627180255062164, 0.011075914672420917, 3.0208353372660213, 1.0], [0.024627180255062164, 0.011075914672420861, 3.0208353372660213, 1.0], [0.024627180255062164, 0.01107591467242125, 3.020835337265993, 1.0], [0.025372294778158055, 0.009219001179749109, 2.7875249798730977, 1.0], [0.02539552883510865, 0.009161099162669939, 2.780249928907182, 1.0], [0.02539552883510865, 0.00916109916267005, 2.7802499289071534, 1.0], [0.02539552883510865, 0.009161099162669939, 2.780249928907182, 1.0], [0.025395528835109205, 0.009161099162670161, 2.7802499289071534, 1.0], [0.02546370817847743, 0.008958392325191467, 3.1225733698639715, 1.0], 