{"text": "を", "text_ids": [45], "strokes": [[[0.0, 0.0, 0.0, 1.0], [-0.000282315879528607, -0.009386647441518382, 13.385717737888388, 1.0], [0.0014163293226817824, -0.007824240776338715, 4.867864910386281, 1.0], [0.00937471782974824, -0.0005041487221829274, 7.126791323904509, 1.0], [0.009327525963101243, -0.0009693635615718593, 5.546954363255214, 1.0], [0.009240571674205233, -0.0018265541839558967, 2.6359951398928594, 1.0], [0.009240571674205476, -0.001826554183955914, 2.635995139892856, 1.0], [0.00924057167420548, -0.001826554183955914, 2.635995139892863, 1.0], [0.009240571674205465, -0.0018265541839560355, 2.635995139892856, 1.0], [0.009240571674205472, -0.001826554183955914, 2.635995139892863, 1.0], [0.00924057167420525, -0.0018265541839558967, 2.635995139892856, 1.0], [0.00904720298269071, -0.0026742365019330333, 1.6168528538950895, 1.0], [0.00902634053520987, -0.002765692506007958, 1.5068981231138494, 1.0], [0.00902634053520987, -0.002765692506007965, 1.5068981231138494, 1.0], [0.00902634053521012, -0.0027656925060079787, 1.5068981231138494, 1.0], [0.009026340535209884, -0.002765692506007965, 1.5068981231138565, 1.0], [0.00902634053520987, -0.002765692506007972, 1.5068981231138494, 1.0], [0.00902634053520987, -0.002765692506007958, 1.5068981231138494, 1.0], [0.009026340535209898, -0.002765692506007965, 1.5068981231138494, 1.0], [0.00902634053521012, -0.0027656925060079787, 1.5068981231138494, 1.0], [0.00902634053520987, -0.002765692506007958, 1.5068981231138494, 1.0], [0.00902634053520987, -0.0027656925060080897, 1.5068981231138494, 1.0], [0.008791643319330411, -0.003433110327126128, 1.353226170128238, 1.0], [0.008648506201281686, -0.0038401550510755167, 1.2595047325181525, 1.0], [0.008648506201281686, -0.0038401550510755306, 1.2595047325181525, 1.0], [0.008648506201281686, -0.0038401550510755306, 1.2595047325181525, 1.0], [0.008648506201281686, -0.0038401550510755167, 1.2595047325181525, 1.0], [0.008648506201281436, -0.0038401550510756277, 1.2595047325181525, 1.0], [0.008648506201281686, -0.0038401550510755167, 1.2595047325181525, 1.0], [0.008648506201281686, -0.0038401550510755444, 1.2595047325181525, 1.0], [0.008648506201281686, -0.0038401550510755167, 1.2595047325181525, 1.0], [0.008648506201281714, -0.0038401550510755306, 1.2595047325181383, 1.0], [0.008648506201281714, -0.0038401550510755167, 1.2595047325181525, 1.0], [0.008648506201281436, -0.0038401550510756277, 1.2595047325181525, 1.0], [0.008648506201281658, -0.0038401550510755444, 1.2595047325181525, 1.0], [0.008553514963223263, -0.004056252276429445, 1.4194586326914305, 1.0], [0.008545002658410628, -0.00407561706721439, 1.4337923373792592, 1.0], [0.008545002658410461, -0.0040756170672143766, 1.433792337379245, 1.0], [0.008545002658410628, -0.00407561706721439, 1.433792337379245, 1.0], [0.008545002658410628, -0.004075617067214404, 1.4337923373792592, 1.0], [0.00854500265841035, -0.0040756170672143766, 1.4337923373792307, 1.0], [0.008545002658410628, -0.0040756170672143766, 1.4337923373792592, 1.0], [0.008545002658410461, -0.0040756170672143766, 1.433792337379245, 1.0], [0.008545002658410628, -0.004075617067214404, 1.433792337379245, 1.0], [0.008545002658410628, -0.0040756170672143766, 1.4337923373792592, 1.0], [0.008545002658410406, -0.0040756170672143766, 1.433792337379245, 1.0], [0.008553169887054402, -0.0040568198805694955, 1.4716343392533275, 1.0], [0.008678694112234986, -0.0037679211130569323, 2.0532377413028797, 1.0], [0.008678694112235041, -0.0037679211130568213, 2.0532377413028655, 1.0], [0.00867869411223493, -0.0037679211130567936, 2.0532377413028655, 1.0], [0.008678694112235041, -0.0037679211130568213, 2.0532377413028797, 1.0], [0.008678694112234708, -0.003767921113056766, 2.0532377413028513, 1.0], [0.008678694112235041, -0.0037679211130568213, 2.0532377413028797, 1.0], [0.008678694112235041, -0.0037679211130569046, 2.0532377413028797, 1.0], [0.008316646670999628, -0.00437675869398782, 2.502906595088646, 1.0], [0.007330384736081441, -0.006035307442657428, 3.7278600771350057, 1.0], [0.007330384736081719, -0.0060353074426572895, 3.7278600771349915, 1.0], [0.007330384736081441, -0.0060353074426574005, 3.7278600771349772, 1.0], [0.007330384736081552, -0.0060353074426574005, 3.7278600771350057, 1.0], [0.008374347729324827, -0.004201820055785482, 5.016673291869438, 1.0], [0.008804362109124109, -0.003446596023287507, 5.547542890503053, 1.0], [0.008804362109124164, -0.003446596023287507, 5.547542890503081, 1.0], [0.0013160053476850564, -0.008341809021541774, 16.336496882537006, 1.0], [-0.00028231587952864956, -0.009386647441518403, 2.6393003859302553, 0.0]], [[0.0, 0.0, 0.0, 1.0], [0.008156014463438332, -0.013566797294216115, 13.29648880265891, 1.0], [-0.002990249974222925, -0.0037967034012330036, 22.412607024378826, 1.0], [-0.006070814870225427, 0.020963302384122195, 12.237483170696606, 1.0], [-0.005318495588468308, 0.02115410346461033, 5.562536991553188, 1.0], [-0.005318495588468697, 0.02115410346461033, 5.562536991553181, 1.0], [-0.006963203262425333, 0.020518705734443143, 5.268253264826342, 1.0], [-0.010916833254973557, 0.01899130511306618, 4.560839426653629, 1.0], [-0.010916833254973335, 0.01899130511306607, 4.560839426653644, 1.0], [-0.010916833254973557, 0.01899130511306618, 4.560839426653629, 1.0], [-0.010219678433238621, 0.0193529915549428, 3.6281515284229755, 1.0], [-0.009685982959970363, 0.019629874695895166, 2.914147560094875, 1.0], [-0.009685982959970474, 0.019629874695895277, 2.914147560094861, 1.0], [-0.009685982959970252, 0.019629874695895166, 2.914147560094875, 1.0], [-0.009685982959970363, 0.019629874695895166, 2.914147560094875, 1.0], [-0.009685982959970474, 0.01962987469589518, 2.914147560094875, 1.0], [-0.010337555290362843, 0.019299472778525617, 2.475094190819277, 1.0], [-0.010575148132348944, 0.01917899324481348, 2.3149954068102403, 1.0], [-0.010575148132348944, 0.019178993244813453, 2.3149954068102403, 1.0], [-0.010575148132348944, 0.01917899324481334, 2.3149954068102403, 1.0], [-0.010575148132348944, 0.019178993244813338, 2.3149954068102403, 1.0], [-0.010575148132348944, 0.01917899324481346, 2.3149954068102545, 1.0], [-0.010575148132348944, 0.019178993244813463, 2.3149954068102403, 1.0], [-0.010575148132348944, 0.019178993244813338, 3.4439373432886384, 1.0], [-0.010575148132349194, 0.01917899324481347, 3.689523929603837, 1.0], [-0.010575148132348944, 0.01917899324481334, 3.6895239296038085, 1.0], [-0.010575148132348944, 0.019178993244813453, 3.6895239296038227, 1.0], [-0.010008972825775703, 0.01943447213127629, 4.108394634327524, 1.0], [-0.007925628286463482, 0.020374552945192026, 5.649705223526269, 1.0], [-0.00792562828646351, 0.020374552945192137, 5.649705223526325, 1.0], [-0.006169993700697152, 0.020639318838567455, 8.637719151277395, 1.0], [0.00691502137344685, 0.018696544683338506, 18.16076982292452, 1.0], [0.01633924549017482, 0.013777448468633768, 13.2502892272814, 1.0], [0.017703461523975283, 0.012069835982640664, 8.605374619360191, 1.0], [0.018549307749443716, 0.010429447363807742, 8.407525258168818, 1.0], [0.020334784415786622, 0.006966790069287576, 7.98988975041155, 1.0], [0.020298500091550625, 0.007063480628935276, 7.4720518004514815, 1.0], [0.020147523928462363, 0.007465802292897006, 5.317369622069549, 1.0], [0.02014752392846242, 0.007465802292897006, 5.317369622069549, 1.0], [0.020055112724276403, 0.007684472195821357, 5.223731085629112, 1.0], [0.01964734790249706, 0.008649354049489189, 4.810550655185182, 1.0], [0.01964734790249706, 0.008649354049489133, 4.810550655185182, 1.0], [0.019647347902497336, 0.0086493540494893, 4.81055065518521, 1.0], [0.017119188694329324, 0.012456477569135538, 4.154826157624257, 1.0], [0.015763001896789308, 0.014498742406439946, 3.803074217500125, 1.0], [0.01576300189678942, 0.01449874240643989, 3.8030742175000967, 1.0], [0.015763001896789364, 0.014498742406439946, 3.803074217500125, 1.0], [0.01508668395508772, 0.015087932136575388, 3.891567643776, 1.0], [0.012022108553892796, 0.01775770657589515, 