{"text": "ん", "text_ids": [46], "strokes": [[[0.0, 0.0, 0.0, 1.0], [0.007723617786771586, -0.037039831221084035, 17.56890345767784, 1.0], [0.012586721803509187, 0.016456644881502967, 17.195486012311726, 1.0], [0.0004977095621895404, 0.037657007166790685, 12.393310942659753, 1.0], [-0.011899039458421749, 0.03695743680948209, 5.185178606673219, 1.0], [-0.011899039458421298, 0.036957436809482005, 5.185178606673219, 1.0], [-0.011899039458421745, 0.036957436809482075, 5.185178606673212, 1.0], [-0.011899039458421733, 0.03695743680948202, 3.2258126709363424, 1.0], [-0.011899039458421311, 0.036957436809482075, 3.1111071640039256, 1.0], [-0.011899039458421738, 0.0369574368094821, 3.11110716400394, 1.0], [-0.011899039458421752, 0.0369574368094821, 3.1111071640039256, 1.0], [-0.01189903945842128, 0.03695743680948188, 3.1111071640039256, 1.0], [-0.016261738736327927, 0.035560919742565755, 2.731330731919357, 1.0], [-0.017339955074294033, 0.035215778484394555, 2.6374711445941585, 1.0], [-0.017339955074294464, 0.0352157784843945, 2.6374711445941443, 1.0], [-0.01733995507429409, 0.03521577848439472, 2.6374711445941585, 1.0], [-0.017339955074294477, 0.035215778484394555, 2.6374711445941443, 1.0], [-0.017339955074294033, 0.0352157784843945, 2.6374711445941443, 1.0], [-0.018093758388895875, 0.034874974967365024, 2.797101784277089, 1.0], [-0.01945581299180113, 0.03425917374964027, 3.085539952872594, 1.0], [-0.019455812991801158, 0.0342591737496406, 3.085539952872594, 1.0], [-0.019455812991801158, 0.03425917374964049, 3.085539952872594, 1.0], [-0.019455812991801158, 0.03425917374964027, 3.085539952872594, 1.0], [-0.019455812991801158, 0.0342591737496406, 3.085539952872608, 1.0], [-0.023612471365942356, 0.031752908812273106, 4.760362782511592, 1.0], [-0.024365098505339522, 0.031299110871572444, 5.063615299752428, 1.0], [-0.024365098505339078, 0.031299110871572444, 5.063615299752442, 1.0], [-0.023912829742774144, 0.03161572270334845, 5.914130897385519, 1.0], [-0.023440984702436773, 0.031946038955321776, 6.801460732405502, 1.0], [-0.0236344739843648, 0.03180796016823162, 9.071408117096155, 1.0], [-0.02028748011561826, 0.01027372725623632, 32.2767610317577, 1.0], [0.00986284477088939, -0.037371942979102846, 11.918334928484427, 1.0], [0.0143962520015819, -0.03618804139595122, 6.532636548412825, 1.0], [0.01566324479002512, -0.03585716559067986, 5.027446156056527, 1.0], [0.015663244790024677, -0.03585716559067975, 5.02744615605647, 1.0], [0.019543343231214427, -0.033733021895451576, 5.023070104109735, 1.0], [0.025360350721412184, -0.030548525426436046, 5.01650956773733, 1.0], [0.02536035072141224, -0.030548525426435824, 5.016509567737302, 1.0], [0.026083648519574676, -0.029895683049696475, 5.279336021930817, 1.0], [0.02879382065711933, -0.027449504969043526, 6.264137766074242, 1.0], [0.028793820657119412, -0.027449504969043637, 6.264137766074242, 1.0], [0.033369887479021254, -0.013273352679503359, 8.385612567316826, 1.0], [0.03800490988810626, 0.0010854375422928442, 10.534419310479848, 1.0], [0.020693548046972682, 0.027922134980314484, 9.374197969648264, 1.0], [0.017350177210822354, 0.03200916940047949, 9.122449631317522, 1.0], [0.011292303908178342, 0.03508016760251642, 8.55686579904426, 1.0], [0.011557906504161858, 0.034968992616735806, 8.696260773955657, 1.0], [0.012941243458575197, 0.03438996037623154, 9.42227107268775, 1.0], [0.016768865739945904, 0.03195683695765206, 9.604142813897852, 1.0], [0.02366771602109454, 0.027571410981313216, 9.931945773737084, 1.0], [0.02841166582246029, 0.0222720881654781, 8.805185476302483, 1.0], [0.031020506769967014, 0.01935783086199172, 8.185546035529967, 1.0], [0.03466815571547366, 0.010920563877444, 7.614667374198746, 1.0], [0.03743836921446288, 0.004512866414135175, 7.181112556416053, 1.0], [0.0373797564487771, -0.0010839262384338966, 7.187583848798511, 1.0], [0.037266126573001865, -0.011934171000131277, 7.2001294460061445, 1.0], [0.03726612657300235, -0.01193417100013161, 7.200129446006258, 1.0], [0.035571277124072376, -0.017089292356333052, 6.348337047340635, 1.0], [0.03553531639134619, -0.017198671948356226, 6.330264009168161, 1.0], [0.03416839667082949, -0.019743315555231122, 6.443426530434806, 1.0], [0.03250903173584235, -0.022832372147150726, 6.580799572118451, 1.0], [0.03250903173584235, -0.022832372147150504, 6.580799572118394, 1.0], [0.030399066332561397, -0.02561475554226844, 13.04243759007602, 1.0], [0.026278604977320874, -0.029601349494000728, 4.823531476913843, 0.0]]]}