{"text": "ん", "text_ids": [46], "strokes": [[[0.0, 0.0, 0.0, 1.0], [0.0013380246352747698, -0.03636718525238051, 17.56890345767784, 1.0], [0.014586052500330727, 0.013547811800732862, 17.195486012311726, 1.0], [0.006552993666235917, 0.03561262227312149, 12.393310942659753, 1.0], [-0.005308376413125957, 0.03696941895405457, 5.185178606673219, 1.0], [-0.0053083764131255425, 0.036969418954054416, 5.185178606673219, 1.0], [-0.005308376413125953, 0.03696941895405455, 5.185178606673212, 1.0], [-0.005308376413125957, 0.03696941895405449, 3.2258126709363424, 1.0], [-0.00530837641312554, 0.03696941895405448, 3.1111071640039256, 1.0], [-0.005308376413125952, 0.03696941895405456, 3.11110716400394, 1.0], [-0.0053083764131259484, 0.03696941895405459, 3.1111071640039256, 1.0], [-0.005308376413125551, 0.03696941895405431, 3.1111071640039256, 1.0], [-0.009668431728397396, 0.03635655775493907, 2.731330731919357, 1.0], [-0.010745994626021223, 0.036205092591814036, 2.6374711445941585, 1.0], [-0.010745994626021646, 0.03620509259181415, 2.6374711445941443, 1.0], [-0.010745994626021209, 0.03620509259181426, 2.6374711445941585, 1.0], [-0.010745994626021632, 0.0362050925918142, 2.6374711445941443, 1.0], [-0.010745994626021216, 0.036205092591814036, 2.6374711445941443, 1.0], [-0.011515410898526438, 0.036004879999342765, 2.797101784277089, 1.0], [-0.012905676708208524, 0.035643113902201984, 3.085539952872594, 1.0], [-0.01290567670820851, 0.035643113902202095, 3.085539952872594, 1.0], [-0.012905676708208552, 0.035643113902201984, 3.085539952872594, 1.0], [-0.012905676708208552, 0.03564311390220187, 3.085539952872594, 1.0], [-0.012905676708208524, 0.035643113902202095, 3.085539952872608, 1.0], [-0.01724968279866132, 0.033944790984424045, 4.760362782511592, 1.0], [-0.018036232133030544, 0.03363728341359962, 5.063615299752428, 1.0], [-0.01803623213303021, 0.033637283413599506, 5.063615299752442, 1.0], [-0.017556486823959244, 0.03386369683961732, 5.914130897385519, 1.0], [-0.01705597592546973, 0.034099910482863205, 6.801460732405502, 1.0], [-0.017261644305920587, 0.03400055722718098, 9.071408117096155, 1.0], [-0.01756731087112473, 0.01304368466586514, 32.2767610317577, 1.0], [0.003311735859488407, -0.03703054210234702, 11.918334928484427, 1.0], [0.007799235293469042, -0.036647026157048845, 6.532636548412825, 1.0], [0.00905339781002018, -0.03653984144757594, 5.027446156056527, 1.0], [0.009053397810019681, -0.036539841447575716, 5.02744615605647, 1.0], [0.013073598528879377, -0.03515865550269193, 5.023070104109735, 1.0], [0.01910064605052278, -0.03308799438196952, 5.01650956773733, 1.0], [0.019100646050522807, -0.03308799438196941, 5.016509567737302, 1.0], [0.019891544110084203, -0.032587040928297006, 5.279336021930817, 1.0], [0.02285501211746252, -0.03070998545294379, 6.264137766074242, 1.0], [0.022855012117462548, -0.0307099854529439, 6.264137766074242, 1.0], [0.029481087715379828, -0.01801853489058003, 8.385612567316826, 1.0], [0.03619253011251512, -0.005163574495598011, 10.534419310479848, 1.0], [0.02412047670736258, 0.02309463072662632, 9.374197969648264, 1.0], [0.02161198963380965, 0.027513343305503146, 9.122449631317522, 1.0], [0.016366887516068154, 0.03141128582893682, 8.55686579904426, 1.0], [0.016600645109709142, 0.03126263047411193, 8.696260773955657, 1.0], [0.01781812386386445, 0.030488389375153968, 9.42227107268775, 1.0], [0.021052629664095202, 0.02755845665710699, 9.604142813897852, 1.0], [0.02688245549563146, 0.022277588883391597, 9.931945773737084, 1.0], [0.030522495615507225, 0.016481585186295056, 8.805185476302483, 1.0], [0.032524263364517955, 0.013294188099477466, 8.185546035529967, 1.0], [0.03461858589421857, 0.004702468817294081, 7.614667374198746, 1.0], [0.0362091228756245, -0.0018225277189938272, 7.181112556416053, 1.0], [0.03524973698872563, -0.007117975233463136, 7.187583848798511, 1.0], [0.033389819650356284, -0.017384016021724458, 7.2001294460061445, 1.0], [0.0333898196503567, -0.017384016021724902, 7.200129446006258, 1.0], [0.030951099294288575, -0.02199421509118704, 6.348337047340635, 1.0], [0.030899355364481518, -0.02209203270953608, 6.330264009168161, 1.0], [0.029192985804297023, -0.0242812861718279, 6.443426530434806, 1.0], [0.027121547539268986, -0.02693891878521426, 6.580799572118451, 1.0], [0.027121547539269097, -0.02693891878521404, 6.580799572118394, 1.0], [0.024672600703207426, -0.02923244727243801, 13.04243759007602, 1.0], [0.02012383686533281, -0.03233981847564449, 4.823531476913843, 0.0]]]}