{"text": "ん", "text_ids": [46], "strokes": [[[0.0, 0.0, 0.0, 1.0], [-0.0302316570411701, 0.0008537071012614572, 18.380575002924097, 1.0], [-0.022621186468884436, 0.03208629033958773, 10.609693562352003, 1.0], [-0.017594685173199204, 0.03519068025524784, 6.156334978792341, 1.0], [-0.017065993882810923, 0.03551720238541965, 5.687927281747733, 1.0], [-0.01706599388281091, 0.035517202385419555, 5.687927281747733, 1.0], [-0.014082596462953942, 0.03692168632016507, 4.063761940444998, 1.0], [-0.013809162322613838, 0.0370504099876062, 3.9149040474557566, 1.0], [-0.013809162322613838, 0.037050409987606225, 3.9149040474557637, 1.0], [-0.01380916232261356, 0.037050409987606114, 3.9149040474557566, 1.0], [-0.01408724364852848, 0.036931064076188236, 3.8257083780890113, 1.0], [-0.014293909024090279, 0.03684236819729775, 3.759419653207786, 1.0], [-0.014293909024090279, 0.03684236819729786, 3.7594196532078, 1.0], [-0.014293909024090251, 0.03684236819729775, 3.7594196532078, 1.0], [-0.014265566310246197, 0.036854506077392546, 3.7326105887580923, 1.0], [-0.013745573266701644, 0.037077195169457566, 3.2407548301884646, 1.0], [-0.013745573266702088, 0.03707719516945762, 3.2407548301884646, 1.0], [-0.01374557326670195, 0.03707719516945751, 3.2407548301884646, 1.0], [-0.013745573266701783, 0.0370771951694574, 3.2407548301884646, 1.0], [-0.013748982950174682, 0.03707576059667361, 3.2892438569955686, 1.0], [-0.01377533468979969, 0.037064673500530776, 3.6639913135764033, 1.0], [-0.013775334689799967, 0.037064673500530665, 3.663991313576389, 1.0], [-0.013775334689799745, 0.03706467350053089, 3.6639913135764033, 1.0], [-0.013775334689800023, 0.03706467350053089, 3.663991313576389, 1.0], [-0.014332650151601178, 0.03682040428436717, 4.871696062045189, 1.0], [-0.014949079565371448, 0.036550225651183155, 6.207500971708939, 1.0], [-0.01494907956537106, 0.036550225651183044, 6.2075009717089245, 1.0], [-0.01947449339575069, 0.03404080509133778, 8.553361905512986, 1.0], [-0.021119085375968627, 0.03312607061454875, 9.623853584933784, 1.0], [-0.02179309079665337, 0.03267080537573808, 16.36570833367466, 1.0], [0.012698701000072588, -0.018018833946885526, 41.04899222969934, 1.0], [0.018450680499531913, -0.034751779957928663, 10.544478978607856, 1.0], [0.01999049000836628, -0.03385046985907558, 6.391013410453269, 1.0], [0.019990490008366057, -0.03385046985907558, 6.391013410453269, 1.0], [0.01883477189636379, -0.03452695639835124, 5.457680103955141, 1.0], [0.017978924703718424, -0.035027916882996, 4.766516158462508, 1.0], [0.017978924703718424, -0.03502791688299611, 4.766516158462508, 1.0], [0.01847580826117018, -0.034734701041491456, 4.782854944684942, 1.0], [0.020260432453097554, -0.033681576871133156, 4.841537895090482, 1.0], [0.02026043245309761, -0.03368157687113338, 4.841537895090482, 1.0], [0.0202604324530975, -0.03368157687113338, 4.841537895090482, 1.0], [0.025694936499331245, -0.02936011785602466, 7.774856810067945, 1.0], [0.02795251322227285, -0.02756491719030485, 8.993402687866478, 1.0], [0.035752310900112744, -0.0161429343955104, 15.140664609398243, 1.0], [0.03636859086535377, 0.016061101598159655, 15.112045121027677, 1.0], [0.02773772372030464, 0.03041262036601622, 11.580387932204246, 1.0], [0.024232195912219257, 0.03418861422250552, 10.047750054929566, 1.0], [0.025248523721656264, 0.03349831938287273, 6.0995245707978825, 1.0], [0.025248523721656615, 0.03349831938287284, 6.099524570797826, 1.0], [0.029479742633067334, 0.0289743531548895, 6.8011851925095925, 1.0], [0.035462722274548227, 0.022577426310056214, 7.793339298176079, 1.0], [0.03652548484146912, 0.019916973567018603, 7.980772176712776, 1.0], [0.04002591637403555, 0.011154214167609644, 8.598121694555005, 1.0], [0.04002579361607733, 0.006852730001874141, 8.758863100247936, 1.0], [0.04002543633099029, -0.005666671320689209, 9.226698407664344, 1.0], [0.03583186206263392, -0.014700542070088418, 10.131090935463249, 1.0], [0.03198598957311988, -0.022985387589841144, 10.960497575195348, 1.0], [0.02335726528039589, -0.03148108109555259, 9.543720277690113, 1.0], [0.021316524579983842, -0.03274111697407267, 8.862165847831307, 1.0], [0.013280195437214815, -0.03726968604347636, 5.9778260626146675, 1.0], [0.013280195437214981, -0.037269686043476025, 5.9778260626146675, 1.0], [0.01163455888154441, -0.037865008187821236, 8.950620894019835, 1.0], [0.010409060613107812, -0.03829664407768152, 11.010076659078777, 1.0], [0.015406946574905434, -0.036338462813687245, 0.0, 0.0]]]}