{"text": "ん", "text_ids": [46], "strokes": [[[0.0, 0.0, 0.0, 1.0], [-0.025805635729215712, 0.0045239539586945186, 56.18160793492906, 1.0], [-0.005191661014786953, 0.03516319109398968, 25.16361699382702, 1.0], [-0.00550443854393097, 0.035095324660239874, 9.037178083007447, 1.0], [-0.00471890358293451, 0.035262036137254454, 5.4645325401269105, 1.0], [-0.004398600136697059, 0.035330013074331146, 4.007779198277561, 1.0], [-0.004398600136696705, 0.0353300130743312, 4.007779198277561, 1.0], [-0.004398600136697066, 0.03533001307433109, 4.007779198277561, 1.0], [-0.004821625146365194, 0.03524143881360628, 3.6848683338060653, 1.0], [-0.005301338997310764, 0.035140994871201314, 3.3186847494610987, 1.0], [-0.005301338997311139, 0.03514099487120126, 3.318684749461113, 1.0], [-0.005301338997311153, 0.03514099487120109, 3.3186847494610987, 1.0], [-0.005301338997310778, 0.03514099487120126, 3.318684749461113, 1.0], [-0.004777939469915546, 0.035246146621575325, 3.3836048357691766, 1.0], [-0.0037890191156471076, 0.035444822204545534, 3.506265998782453, 1.0], [-0.003789019115647052, 0.035444822204545756, 3.5062659987824816, 1.0], [-0.0037890191156471076, 0.035444822204545534, 3.5062659987824816, 1.0], [-0.003789019115646705, 0.03544482220454581, 3.506265998782453, 1.0], [-0.002086124828888661, 0.035700262627045065, 3.9474359983290697, 1.0], [-0.001613717804968745, 0.03577112542265115, 4.069822812442595, 1.0], [-0.0016137178049687173, 0.03577112542265126, 4.069822812442595, 1.0], [-0.0016137178049683842, 0.03577112542265137, 4.069822812442595, 1.0], [-0.0013988490949862348, 0.035795922250109524, 4.690809784057194, 1.0], [-0.0012589999641029886, 0.03581206147656579, 5.094984446235401, 1.0], [-0.0012589999641030442, 0.03581206147656568, 5.094984446235401, 1.0], [-0.001190617234360078, 0.035819386126685226, 5.569309286647297, 1.0], [-0.0010049125526653407, 0.03583927743292725, 6.857417319766, 1.0], [-0.0010049125526656877, 0.03583927743292736, 6.857417319766, 1.0], [-0.002889957928547404, 0.03559209287754417, 9.895744576242521, 1.0], [-0.001204119799968692, 0.03568578108247178, 14.070606673674831, 1.0], [0.0011585872867584807, -0.0066810320729643324, 31.948983474130245, 1.0], [0.000468398524024749, -0.035889698327847164, 12.294298596247557, 1.0], [0.0013955727571497573, -0.03579670629163778, 7.833962079206003, 1.0], [0.0013955727571500903, -0.035796706291638114, 7.833962079205946, 1.0], [0.0023122968324002513, -0.03567958181537345, 8.613750874448783, 1.0], [0.0028905278976763954, -0.035555983612974296, 8.684836777876, 1.0], [0.008447550978129811, -0.0343014259254395, 8.803274275364231, 1.0], [0.009057377394841873, -0.03407373413595016, 9.217779575895008, 1.0], [0.012444713515579756, -0.03280899944785731, 11.52018684827192, 1.0], [0.020756553962967446, -0.027153051348431823, 10.842352423721252, 1.0], [0.02536488660927648, -0.023709027213132394, 11.633193018073428, 1.0], [0.030247402134961104, -0.016123123472509215, 20.902660945480477, 1.0], [0.030771380324312817, 0.01672978070429032, 31.983049669859213, 1.0], [0.018218805949037607, 0.030341164783264096, 19.11640451036243, 1.0], [0.011088276497402384, 0.03496598033172704, 12.640524518139557, 1.0], [0.014347301188988103, 0.0341080720411836, 9.28885810793804, 1.0], [0.016513828580475065, 0.03321950854089972, 8.412487517923296, 1.0], [0.017716182880240766, 0.03272638385234039, 7.926129509603982, 1.0], [0.02029230627684571, 0.031199676317308467, 7.914496047195769, 1.0], [0.022886057373641272, 0.02966252194469765, 7.902782980220479, 1.0], [0.026540679428032316, 0.025163816737673428, 9.335114436801348, 1.0], [0.03346337667004687, 0.01647304798902205, 12.041488302040136, 1.0], [0.03635093818137575, 0.0031374242470667557, 12.780499810575463, 1.0], [0.03372315940583315, -0.008335170427100524, 10.048737008352418, 1.0], [0.03252510497269473, -0.013565745023756404, 8.803274275360423, 1.0], [0.028917309973005068, -0.019252493643860724, 7.232048823313107, 1.0], [0.02775132149308479, -0.021090370624070154, 6.72425090890772, 1.0], [0.02724509519799856, -0.021688089011377976, 6.7788381417339, 1.0], [0.026406064420368247, -0.02267876082786424, 6.869312241659713, 1.0], [0.02640606442036786, -0.022678760827864353, 6.869312241659713, 1.0], [0.026734699504750936, -0.02230529769473044, 7.5060771486701015, 1.0], [0.02677059488347472, -0.0222645059435137, 7.575628205697626, 1.0], [0.025666811468805673, -0.023460347665273273, 10.758675843632659, 1.0], [0.020426076416853678, -0.027302364418334668, 8.8360411848779, 0.0]]]}