{"text": "ん", "text_ids": [46], "strokes": [[[0.0, 0.0, 0.0, 1.0], [-0.01625794928895324, -0.011756188051960902, 4.396825396823549, 1.0], [-0.01625794928895324, -0.011756188051960902, 4.396825396823549, 1.0], [-0.016257949288953237, -0.011756188051960902, 4.39682539682355, 1.0], [-0.016257949288953244, -0.011756188051960902, 4.396825396823548, 1.0], [-0.016257949288953244, -0.011756188051960902, 4.396825396823552, 1.0], [-0.01625794928895323, -0.011756188051960902, 4.396825396823548, 1.0], [-0.016257949288953244, -0.011756188051960895, 4.396825396823548, 1.0], [-0.016257949288953244, -0.011756188051960909, 4.396825396823548, 1.0], [-0.016257949288953244, -0.011756188051960895, 4.396825396823552, 1.0], [-0.016257949288953244, -0.011756188051960909, 4.396825396823552, 1.0], [-0.016257949288953244, -0.01175618805196084, 4.3968253968235445, 1.0], [-0.016257949288953216, -0.011756188051960964, 4.396825396823552, 1.0], [-0.016257949288953244, -0.011756188051960825, 4.396825396823552, 1.0], [-0.016257949288953244, -0.011756188051960964, 4.3968253968235445, 1.0], [-0.016257949288953244, -0.011756188051960853, 4.396825396823552, 1.0], [-0.016257949288953244, -0.011756188051960964, 4.3968253968235445, 1.0], [-0.016257949288953133, -0.011756188051960825, 4.3968253968235445, 1.0], [-0.016257949288953355, -0.011756188051960936, 4.396825396823559, 1.0], [-0.016257949288953133, -0.01175618805196088, 4.3968253968235445, 1.0], [-0.016257949288953355, -0.011756188051960909, 4.396825396823559, 1.0], [-0.016257949288953244, -0.01175618805196088, 4.3968253968235445, 1.0], [-0.016257949288953244, -0.011756188051960909, 4.3968253968235445, 1.0], [-0.016257949288953244, -0.01175618805196088, 4.396825396823559, 1.0], [-0.01625794928895319, -0.011756188051960936, 4.3968253968235445, 1.0], [-0.01625794928895319, -0.01175618805196088, 4.3968253968235445, 1.0], [-0.0162579492889533, -0.01175618805196088, 4.396825396823559, 1.0], [-0.016257949288953133, -0.011756188051960936, 4.3968253968235445, 1.0], [-0.016257949288953355, -0.01175618805196088, 4.3968253968235445, 1.0], [-0.01625794928895319, -0.01175618805196088, 4.3968253968235445, 1.0], [-0.0162579492889533, -0.011756188051960936, 4.396825396823559, 1.0], [-0.01625794928895319, -0.011756188051960936, 4.3968253968235445, 1.0], [-0.01625794928895319, -0.01175618805196088, 4.3968253968235445, 1.0], [-0.0162579492889533, -0.011756188051960825, 4.3968253968235445, 1.0], [-0.01625794928895319, -0.01175618805196088, 4.3968253968235445, 1.0], [-0.01625794928895341, -0.011756188051960992, 4.396825396823573, 1.0], [-0.01625794928895319, -0.01175618805196088, 4.3968253968235445, 1.0], [-0.01625794928895319, -0.01175618805196088, 4.3968253968235445, 1.0], [-0.01625794928895319, -0.011756188051960825, 4.3968253968235445, 1.0], [-0.016257949288953077, -0.01175618805196088, 4.3968253968235445, 1.0], [-0.01625794928895352, -0.011756188051960992, 4.396825396823573, 1.0], [-0.0162579492889533, -0.011756188051960936, 4.3968253968235445, 1.0], [-0.01625794928895319, -0.011756188051960825, 4.3968253968235445, 1.0], [-0.016257949288953077, -0.011756188051960936, 4.3968253968235445, 1.0], [-0.0162579492889533, -0.01175618805196088, 4.3968253968235445, 1.0], [-0.0162579492889533, -0.01175618805196077, 4.3968253968235445, 1.0], [-0.0162579492889533, -0.011756188051960992, 4.396825396823573, 1.0], [-0.01625794928895319, -0.011756188051960992, 4.3968253968235445, 1.0], [-0.016257949288953077, -0.01175618805196088, 4.3968253968235445, 1.0], [-0.01625794928895341, -0.01175618805196088, 4.3968253968235445, 1.0], [-0.01625794928895319, -0.01175618805196088, 4.3968253968235445, 1.0], [-0.0162579492889533, -0.011756188051960992, 4.396825396823573, 1.0], [-0.01625794928895319, -0.01175618805196077, 4.3968253968235445, 1.0], [-0.01625794928895319, -0.01175618805196088, 4.3968253968235445, 1.0], [-0.01625794928895319, -0.01175618805196088, 4.3968253968235445, 1.0], [-0.0162579492889533, -0.011756188051960992, 4.3968253968235445, 1.0], [-0.01625794928895319, -0.01175618805196088, 4.3968253968235445, 1.0], [-0.0162579492889533, -0.01175618805196088, 4.3968253968235445, 1.0], [-0.01625794928895319, -0.01175618805196088, 4.3968253968235445, 1.0], [-0.01625794928895341, -0.011756188051960992, 4.396825396823573, 1.0], [-0.01625794928895319, -0.01175618805196088, 4.3968253968235445, 1.0], [-0.0162579492889533, -0.01175618805196088, 4.3968253968235445, 1.0], [-0.016257949288953077, -0.011756188051960992, 4.3968253968235445, 1.0], [-0.01625794928895319, -0.01175618805196077, 4.3968253968235445, 0.0]], [[0.0, 0.0, 0.0, 1.0], [0.004845887178094532, -0.016372399115316794, 29.01017587103675, 1.0], [-0.003485333751610975, 0.015390966195993505, 48.81379186855132, 1.0], [-0.004174697495049395, 0.016997686298013903, 15.751479728651532, 1.0], [-0.004596536384588457, 0.016910314578227614, 10.813851458471333, 1.0], [-0.005022875816855232, 0.016819848050373315, 7.436109855434836, 1.0], [-0.00493588138847767, 0.016839753374782357, 6.696638980268901, 1.0], [-0.00473682903595507, 0.01688529883930498, 5.004652262624063, 1.0], [-0.00473682903595507, 0.01688529883930512, 5.004652262624063, 1.0], [-0.004736829035954959, 0.01688529883930512, 5.004652262624063, 1.0], [-0.0036879280677272197, 0.017075293439859696, 3.8295812059889442, 1.0], [-0.0035807441741828594, 0.01709470839099128, 3.7095043876268505, 1.0], [-0.0035807441741828594, 0.017094708390991198, 3.709504387626879, 1.0], [-0.0035807441741826374, 0.017094708390991226, 3.709504387626879, 1.0], [-0.0034435973081679006, 0.017113421987321645, 3.997736123174974, 1.0], [-0.003349873717750862, 0.017126210507312438, 4.1947082736338075, 1.0], [-0.003349873717750973, 0.017126210507312507, 4.1947082736338075, 1.0], [-0.003349873717750751, 0.017126210507312417, 4.194708273633836, 1.0], [-0.004100656619174581, 0.016995800854802894, 4.79250407045015, 1.0], [-0.004736829035954959, 0.016885298839305094, 5.299043572190186, 1.0], [-0.00473682903595507, 0.016885298839305046, 5.2990435721902145, 1.0], [-0.005002132460906306, 0.01682258785230488, 6.204712145243974, 1.0], [-0.005245166152003211, 0.016765140864404907, 7.034358337184926, 1.0], [-0.005255003025085303, 0.01676261301570354, 7.171218583004389, 1.0], [-0.005338676922219454, 0.01674111076082503, 8.335372073141087, 1.0], [-0.005447900049620258, 0.0167061448695279, 8.444200844827463, 1.0], [-0.00700128014672996, 0.016208857152986617, 9.991972383269143, 1.0], [-0.006670760700430933, 0.01632625031426292, 12.06792551421529, 1.0], [-0.005634492965906346, 0.01662440524689146, 15.936393465165054, 1.0], [-0.002523098341270291, 0.00808076254281137, 43.350257688039534, 1.0], [0.003091584327954311, -0.017149416616465657, 16.20445475959724, 1.0], [0.0051906190948296516, -0.016758459715521395, 10.30051235616395, 1.0], [0.005310893237920333, -0.016745089734537005, 9.488125747727622, 1.0], [0.004736829035955181, -0.01688529883930512, 9.008374072723313, 1.0], [0.0053699926677746035, -0.0167047781628986, 8.531011340383941, 1.0], [0.006630007785255909, -0.016345536460028565, 7.581044808760339, 1.0], [0.006855260495240545, -0.016243183779443733, 7.558477190096312, 1.0], [0.00907814746718183, -0.015233125164693544, 7.335770588610444, 1.0], [0.009078147467181719, -0.015233125164693558, 7.335770588610501, 1.0], [0.01052054954843784, -0.014275292924940305, 8.63851850898726, 1.0], [0.010939769324330051, -0.013996911869848187, 9.018180734886641, 1.0], [0.009199322944729471, -0.015164077677283809, 10.982326308082236, 1.0], [0.011187666266969098, -0.013569594191584395, 17.102303513862637, 1.0], [0.015571641922074053, -0.004645487759317966, 34.08176863271888, 1.0], [0.007485322612351575, 0.014312751114747863, 18.99484282040646, 1.0], [0.005463721133582955, 0.015895010866278984, 10.540912409997873, 1.0], [0.005470901304037268, 0.01589342175049214, 9.496294312537145, 1.0], [0.006298118793441665, 0.015528297857589728, 7.900866721399495, 1.0], [0.006298395578349769, 0.01552815917194849, 7.901036778262949, 1.0], 