{
  "text": "つ",
  "text_ids": [
    18
  ],
  "strokes": [
    [
      0.0,
      0.2680412232875824,
      1.0,
      0.0
    ],
    [
      0.0,
      0.2680412232875824,
      1.0,
      0.0
    ],
    [
      0.0,
      0.23711340129375458,
      1.0,
      0.0
    ],
    [
      0.0,
      0.23711340129375458,
      1.0,
      0.0
    ],
    [
      0.010471204295754433,
      0.2164948433637619,
      1.0,
      0.0
    ],
    [
      0.010471204295754433,
      0.2164948433637619,
      1.0,
      0.0
    ],
    [
      0.057591624557971954,
      0.20618556439876556,
      1.0,
      0.0
    ],
    [
      0.057591624557971954,
      0.20618556439876556,
      1.0,
      0.0
    ],
    [
      0.1518324613571167,
      0.17525772750377655,
      1.0,
      0.0
    ],
    [
      0.1518324613571167,
      0.17525772750377655,
      1.0,
      0.0
    ],
    [
      0.2670156955718994,
      0.12371134012937546,
      1.0,
      0.0
    ],
    [
      0.2670156955718994,
      0.12371134012937546,
      1.0,
      0.0
    ],
    [
      0.4031413495540619,
      0.06185567006468773,
      1.0,
      0.0
    ],
    [
      0.4031413495540619,
      0.06185567006468773,
      1.0,
      0.0
    ],
    [
      0.5497382283210754,
      0.020618556067347527,
      1.0,
      0.0
    ],
    [
      0.5497382283210754,
      0.020618556067347527,
      1.0,
      0.0
    ],
    [
      0.6910994648933411,
      0.0,
      1.0,
      0.0
    ],
    [
      0.6910994648933411,
      0.0,
      1.0,
      0.0
    ],
    [
      0.8062826991081238,
      0.020618556067347527,
      1.0,
      0.0
    ],
    [
      0.8062826991081238,
      0.020618556067347527,
      1.0,
      0.0
    ],
    [
      0.8062826991081238,
      0.020618556067347527,
      1.0,
      0.0
    ],
    [
      0.9057591557502747,
      0.07216494530439377,
      1.0,
      0.0
    ],
    [
      0.9057591557502747,
      0.07216494530439377,
      1.0,
      0.0
    ],
    [
      0.9057591557502747,
      0.07216494530439377,
      1.0,
      0.0
    ],
    [
      0.9685863852500916,
      0.14432989060878754,
      1.0,
      0.0
    ],
    [
      0.9685863852500916,
      0.14432989060878754,
      1.0,
      0.0
    ],
    [
      0.9685863852500916,
      0.14432989060878754,
      1.0,
      0.0
    ],
    [
      1.0,
      0.22680412232875824,
      1.0,
      0.0
    ],
    [
      1.0,
      0.22680412232875824,
      1.0,
      0.0
    ],
    [
      1.0,
      0.22680412232875824,
      1.0,
      0.0
    ],
    [
      0.9947643876075745,
      0.3298968970775604,
      1.0,
      0.0
    ],
    [
      0.9947643876075745,
      0.3298968970775604,
      1.0,
      0.0
    ],
    [
      0.9947643876075745,
      0.3298968970775604,
      1.0,
      0.0
    ],
    [
      0.9581151604652405,
      0.4639175236225128,
      1.0,
      0.0
    ],
    [
      0.9581151604652405,
      0.4639175236225128,
      1.0,
      0.0
    ],
    [
      0.8952879309654236,
      0.5876288414001465,
      1.0,
      0.0
    ],
    [
      0.8952879309654236,
      0.5876288414001465,
      1.0,
      0.0
    ],
    [
      0.8115183115005493,
      0.7319587469100952,
      1.0,
      0.0
    ],
    [
      0.8115183115005493,
      0.7319587469100952,
      1.0,
      0.0
    ],
    [
      0.7225130796432495,
      0.8453608155250549,
      1.0,
      0.0
    ],
    [
      0.7225130796432495,
      0.8453608155250549,
      1.0,
      0.0
    ],
    [
      0.7225130796432495,
      0.8453608155250549,
      1.0,
      0.0
    ],
    [
      0.6439790725708008,
      0.9278350472450256,
      1.0,
      0.0
    ],
    [
      0.6439790725708008,
      0.9278350472450256,
      1.0,
      0.0
    ],
    [
      0.6439790725708008,
      0.9278350472450256,
      1.0,
      0.0
    ],
    [
      0.6073298454284668,
      0.9793814420700073,
      1.0,
      0.0
    ],
    [
      0.6073298454284668,
      0.9793814420700073,
      1.0,
      0.0
    ],
    [
      0.6073298454284668,
      0.9793814420700073,
      1.0,
      0.0
    ],
    [
      0.5863874554634094,
      1.0,
      0.0,
      1.0
    ],
    [
      0.0,
      0.0,
      0.0,
      0.0
    ],
    [
      0.0,
      0.0,
      0.0,
      0.0
    ],
    [
      0.0,
      0.0,
      0.0,
      0.0
    ],
    [
      0.0,
      0.0,
      0.0,
      0.0
    ],
    [
      0.0,
      0.0,
      0.0,
      0.0
    ],
    [
      0.0,
      0.0,
      0.0,
      0.0
    ],
    [
      0.0,
      0.0,
      0.0,
      0.0
    ],
    [
      0.0,
      0.0,
      0.0,
      0.0
    ],
    [
      0.0,
      0.0,
      0.0,
      0.0
    ],
    [
      0.0,
      0.0,
      0.0,
      0.0
    ],
    [
      0.0,
      0.0,
      0.0,
      0.0
    ],
    [
      0.0,
      0.0,
      0.0,
      0.0
    ],
    [
      0.0,
      0.0,
      0.0,
      0.0
    ],
    [
      0.0,
      0.0,
      0.0,
      0.0
    ],
    [
      0.0,
      0.0,
      0.0,
      0.0
    ],
    [
      0.0,
      0.0,
      0.0,
      0.0
    ],
    [
      0.0,
      0.0,
      0.0,
      0.0
    ],
    [
      0.0,
      0.0,
      0.0,
      0.0
    ],
    [
      0.0,
      0.0,
      0.0,
      0.0
    ],
    [
      0.0,
      0.0,
      0.0,
      0.0
    ],
    [
      0.0,
      0.0,
      0.0,
      0.0
    ],
    [
      0.0,
      0.0,
      0.0,
      0.0
    ],
    [
      0.0,
      0.0,
      0.0,
      0.0
    ],
    [
      0.0,
      0.0,
      0.0,
      0.0
    ],
    [
      0.0,
      0.0,
      0.0,
      0.0
    ],
    [
      0.0,
      0.0,
      0.0,
      0.0
    ],
    [
      0.0,
      0.0,
      0.0,
      0.0
    ],
    [
      0.0,
      0.0,
      0.0,
      0.0
    ],
    [
      0.0,
      0.0,
      0.0,
      0.0
    ],
    [
      0.0,
      0.0,
      0.0,
      0.0
    ],
    [
      0.0,
      0.0,
      0.0,
      0.0
    ],
    [
      0.0,
      0.0,
      0.0,
      0.0
    ],
    [
      0.0,
      0.0,
      0.0,
      0.0
    ],
    [
      0.0,
      0.0,
      0.0,
      0.0
    ],
    [
      0.0,
      0.0,
      0.0,
      0.0
    ],
    [
      0.0,
      0.0,
      0.0,
      0.0
    ],
    [
      0.0,
      0.0,
      0.0,
      0.0
    ],
    [
      0.0,
      0.0,
      0.0,
      0.0
    ],
    [
      0.0,
      0.0,
      0.0,
      0.0
    ],
    [
      0.0,
      0.0,
      0.0,
      0.0
    ],
    [
      0.0,
      0.0,
      0.0,
      0.0
    ],
    [
      0.0,
      0.0,
      0.0,
      0.0
    ],
    [
      0.0,
      0.0,
      0.0,
      0.0
    ],
    [
      0.0,
      0.0,
      0.0,
      0.0
    ],
    [
      0.0,
      0.0,
      0.0,
      0.0
    ],
    [
      0.0,
      0.0,
      0.0,
      0.0
    ],
    [
      0.0,
      0.0,
      0.0,
      0.0
    ],
    [
      0.0,
      0.0,
      0.0,
      0.0
    ],
    [
      0.0,
      0.0,
      0.0,
      0.0
    ],
    [
      0.0,
      0.0,
      0.0,
      0.0
    ],
    [
      0.0,
      0.0,
      0.0,
      0.0
    ],
    [
      0.0,
      0.0,
      0.0,
      0.0
    ],
    [
      0.0,
      0.0,
      0.0,
      0.0
    ],
    [
      0.0,
      0.0,
      0.0,
      0.0
    ],
    [
      0.0,
      0.0,
      0.0,
      0.0
    ],
    [
      0.0,
      0.0,
      0.0,
      0.0
    ],
    [
      0.0,
      0.0,
      0.0,
      0.0
    ],
    [
      0.0,
      0.0,
      0.0,
      0.0
    ],
    [
      0.0,
      0.0,
      0.0,
      0.0
    ],
    [
      0.0,
      0.0,
      0.0,
      0.0
    ],
    [
      0.0,
      0.0,
      0.0,
      0.0
    ],
    [
      0.0,
      0.0,
      0.0,
      0.0
    ],
    [
      0.0,
      0.0,
      0.0,
      0.0
    ],
    [
      0.0,
      0.0,
      0.0,
      0.0
    ],
    [
      0.0,
      0.0,
      0.0,
      0.0
    ],
    [
      0.0,
      0.0,
      0.0,
      0.0
    ],
    [
      0.0,
      0.0,
      0.0,
      0.0
    ],
    [
      0.0,
      0.0,
      0.0,
      0.0
    ],
    [
      0.0,
      0.0,
